Incident Datetime,Incident Date,Incident Time,Incident Year,Incident Day of Week,Report Datetime,Row ID,Incident ID,Incident Number,CAD Number,Report Type Code,Report Type Description,Filed Online,Incident Code,Incident Category,Incident Subcategory,Incident Description,Resolution,Intersection,CNN,Police District,Analysis Neighborhood,Supervisor District,Supervisor District 2012,Latitude,Longitude,Point,Neighborhoods,ESNCAG - Boundary File,Central Market/Tenderloin Boundary Polygon - Updated,Civic Center Harm Reduction Project Boundary,HSOC Zones as of 2018-06-05,Invest In Neighborhoods (IIN) Areas,Current Supervisor Districts,Current Police Districts
2024/05/06 06:00:00 PM,2024/05/06,06:00 PM,2024,Monday,2024/05/07 05:11:00 PM,138863406372,1388634,246059990,,II,Coplogic Initial,True,6372,Larceny Theft,Larceny Theft - Other,"Theft, Other Property, $50-$200",Open or Active,18TH ST \ CASTRO ST,25813000.0,Mission,Castro/Upper Market,8.0,8.0,37.760887145996094,-122.43499755859376,POINT (-122.43499755859375 37.760887145996094),38.0,,,,5.0,,5.0,3.0
2024/05/06 05:30:00 PM,2024/05/06,05:30 PM,2024,Monday,2024/05/08 01:22:00 PM,138873106152,1388731,240289769,241291642.0,II,Initial,,6152,Larceny Theft,Larceny Theft - Other,"Theft, From Person, $50-$200 (other than Pickpocket)",Open or Active,08TH ST \ HOWARD ST,24299000.0,Southern,South of Market,6.0,6.0,37.77622222900391,-122.41160583496094,POINT (-122.41160583496094 37.776222229003906),32.0,,1.0,1.0,1.0,,10.0,1.0
2024/05/08 06:00:00 AM,2024/05/08,06:00 AM,2024,Wednesday,2024/05/08 06:17:00 AM,138866904134,1388669,240288921,241290354.0,II,Initial,,4134,Assault,Simple Assault,Battery,Open or Active,MISSION ST \ SILVER AVE,21765000.0,Ingleside,Excelsior,11.0,11.0,37.72872924804688,-122.4312973022461,POINT (-122.4312973022461 37.728729248046875),94.0,,,,,,1.0,9.0
2024/05/08 04:40:00 PM,2024/05/08,04:40 PM,2024,Wednesday,2024/05/08 04:44:00 PM,138881704134,1388817,240290233,241292294.0,II,Initial,,4134,Assault,Simple Assault,Battery,Open or Active,EDDY ST \ JONES ST,24929000.0,Tenderloin,Tenderloin,5.0,6.0,37.78393173217773,-122.41259765625,POINT (-122.41259765625 37.783931732177734),20.0,,1.0,1.0,,,10.0,5.0
2024/05/08 03:02:00 PM,2024/05/08,03:02 PM,2024,Wednesday,2024/05/08 03:21:00 PM,138877606152,1388776,240289991,241291951.0,II,Initial,,6152,Larceny Theft,Larceny Theft - Other,"Theft, From Person, $50-$200 (other than Pickpocket)",Open or Active,25TH ST \ CONNECTICUT ST,23634000.0,Bayview,Potrero Hill,10.0,10.0,37.75231170654297,-122.39651489257812,POINT (-122.39651489257812 37.75231170654297),54.0,,,,,,9.0,2.0
2024/09/04 05:13:00 PM,2024/09/04,05:13 PM,2024,Wednesday,2024/09/04 05:15:00 PM,142117406374,1421174,240556869,242482531.0,II,Initial,,6374,Larceny Theft,Larceny Theft - Other,"Theft, Other Property, >$950",Cite or Arrest Adult,CLAY ST \ DIVISADERO ST,26824000.0,Richmond,Pacific Heights,2.0,2.0,37.78987121582031,-122.44080352783205,POINT (-122.44080352783203 37.78987121582031),102.0,,,,,,6.0,4.0
2024/05/23 04:23:00 PM,2024/05/23,04:23 PM,2024,Thursday,2024/05/23 04:23:00 PM,139286204014,1392862,240313493,241400117.0,IS,Initial Supplement,,4014,Assault,Aggravated Assault,"Assault, Aggravated, W/ Force",Cite or Arrest Adult,LEAVENWORTH ST \ TURK ST,24934000.0,Tenderloin,Tenderloin,5.0,6.0,37.78279495239258,-122.41405487060548,POINT (-122.41405487060547 37.78279495239258),20.0,,1.0,1.0,1.0,,10.0,5.0
2024/05/09 05:30:00 PM,2024/05/09,05:30 PM,2024,Thursday,2024/05/09 06:35:00 PM,138914506154,1389145,240292897,241302845.0,II,Initial,,6154,Larceny Theft,Larceny Theft - Other,"Theft, From Person, >$950 (other than Pickpocket)",Open or Active,24TH ST \ NOE ST,25738000.0,Mission,Noe Valley,8.0,8.0,37.75143814086914,-122.43187713623048,POINT (-122.43187713623047 37.75143814086914),84.0,,,,,,5.0,3.0
2024/03/19 04:00:00 PM,2024/03/19,04:00 PM,2024,Tuesday,2024/03/20 12:52:00 PM,138890706372,1388907,246060317,,II,Coplogic Initial,True,6372,Larceny Theft,Larceny Theft - Other,"Theft, Other Property, $50-$200",Open or Active,05TH ST \ CYRIL MAGNIN ST \ MARKET ST,30739000.0,Tenderloin,South of Market,6.0,6.0,37.783992767333984,-122.40806579589844,POINT (-122.40806579589844 37.783992767333984),19.0,,1.0,1.0,,,10.0,5.0
2024/07/31 04:30:00 PM,2024/07/31,04:30 PM,2024,Wednesday,2024/07/31 06:18:00 PM,142146306244,1421463,246114152,,II,Coplogic Initial,True,6244,Larceny Theft,Larceny - From Vehicle,"Theft, From Locked Vehicle, >$950",Open or Active,05TH ST \ MISSION ST,24634000.0,Southern,South of Market,6.0,6.0,37.78273010253906,-122.40647888183594,POINT (-122.40647888183594 37.78273010253906),32.0,,1.0,1.0,,,10.0,1.0
2024/08/09 04:20:00 PM,2024/08/09,04:20 PM,2024,Friday,2024/09/05 09:00:00 AM,142127106241,1421271,240498089,242222195.0,IS,Initial Supplement,,6241,Larceny Theft,Larceny - From Vehicle,"Theft, From Locked Vehicle, <$50",Open or Active,WASHINGTON ST \ WEBSTER ST,26651000.0,Northern,Pacific Heights,2.0,2.0,37.79180145263672,-122.4327392578125,POINT (-122.4327392578125 37.79180145263672),102.0,,,,,,6.0,4.0
2024/05/22 03:00:00 PM,2024/05/22,03:00 PM,2024,Wednesday,2024/05/23 11:36:00 AM,139277371013,1392773,240323276,241441336.0,VI,Vehicle Initial,,71013,Larceny Theft,Theft From Vehicle,"License Plate, Stolen",Open or Active,24TH ST \ CASTRO ST,25744000.0,Mission,Noe Valley,8.0,8.0,37.75130462646485,-122.43408966064452,POINT (-122.43408966064453 37.751304626464844),84.0,,,,,,5.0,3.0
2024/09/06 04:00:00 PM,2024/09/06,04:00 PM,2024,Friday,2024/09/06 05:32:00 PM,142190971013,1421909,240562082,242502724.0,VI,Vehicle Initial,,71013,Larceny Theft,Theft From Vehicle,"License Plate, Stolen",Open or Active,GIANTS DR \ GILMAN AVE,20097000.0,Bayview,Bayview Hunters Point,10.0,10.0,37.71751022338867,-122.38684844970705,POINT (-122.38684844970703 37.71751022338867),88.0,,,,,,9.0,2.0
2024/05/13 05:30:00 PM,2024/05/13,05:30 PM,2024,Monday,2024/05/13 07:40:00 PM,139013706242,1390137,240301658,241342716.0,II,Initial,,6242,Larceny Theft,Larceny - From Vehicle,"Theft, From Locked Vehicle, $50-$200",Open or Active,18TH ST \ CASTRO ST,25813000.0,Mission,Castro/Upper Market,8.0,8.0,37.760887145996094,-122.43499755859376,POINT (-122.43499755859375 37.760887145996094),38.0,,,,5.0,,5.0,3.0
2024/05/06 04:00:00 PM,2024/05/06,04:00 PM,2024,Monday,2024/05/09 02:09:00 PM,138974106244,1389741,246061644,,II,Coplogic Initial,True,6244,Larceny Theft,Larceny - From Vehicle,"Theft, From Locked Vehicle, >$950",Open or Active,18TH ST \ CASTRO ST,25813000.0,Mission,Castro/Upper Market,8.0,8.0,37.760887145996094,-122.43499755859376,POINT (-122.43499755859375 37.760887145996094),38.0,,,,5.0,,5.0,3.0
2024/05/13 05:50:00 PM,2024/05/13,05:50 PM,2024,Monday,2024/05/13 06:13:00 PM,139012904014,1390129,240301777,241342868.0,II,Initial,,4014,Assault,Aggravated Assault,"Assault, Aggravated, W/ Force",Open or Active,18TH ST \ MISSION ST,24149000.0,Mission,Mission,9.0,9.0,37.761837005615234,-122.41935729980467,POINT (-122.41935729980469 37.761837005615234),53.0,,,,3.0,,2.0,3.0
2024/05/10 05:00:00 PM,2024/05/10,05:00 PM,2024,Friday,2024/05/13 11:43:00 AM,139000304134,1390003,240300713,241341300.0,II,Initial,,4134,Assault,Simple Assault,Battery,Open or Active,EDDY ST \ POLK ST,25176000.0,Tenderloin,Tenderloin,5.0,6.0,37.78310012817383,-122.41918182373048,POINT (-122.41918182373047 37.78310012817383),20.0,,1.0,1.0,,,10.0,4.0
2024/05/14 03:58:00 PM,2024/05/14,03:58 PM,2024,Tuesday,2024/05/14 03:58:00 PM,139040119095,1390401,240303905,241352305.0,II,Initial,,19095,Disorderly Conduct,Drug Violation,"Drugs, Under Influence  in a Public Place",Cite or Arrest Adult,07TH ST \ MISSION ST,24315000.0,Southern,South of Market,6.0,6.0,37.77921295166016,-122.4109344482422,POINT (-122.41093444824219 37.779212951660156),32.0,,1.0,1.0,1.0,,10.0,1.0
2024/04/26 04:42:00 PM,2024/04/26,04:42 PM,2024,Friday,2024/05/15 02:00:00 PM,139059804134,1390598,240263581,241172418.0,IS,Initial Supplement,,4134,Assault,Simple Assault,Battery,Cite or Arrest Adult,45TH AVE \ CABRILLO ST,27972000.0,Richmond,Outer Richmond,1.0,1.0,37.77345657348633,-122.50574493408205,POINT (-122.50574493408203 37.77345657348633),8.0,,,,,,4.0,8.0
2024/08/05 04:15:00 PM,2024/08/05,04:15 PM,2024,Monday,2024/09/05 02:32:00 PM,142205806374,1422058,246117093,,II,Coplogic Initial,True,6374,Larceny Theft,Larceny Theft - Other,"Theft, Other Property, >$950",Open or Active,12TH AVE \ BALBOA ST,27297000.0,Richmond,Inner Richmond,1.0,1.0,37.77694320678711,-122.4704360961914,POINT (-122.4704360961914 37.77694320678711),5.0,,,,,,4.0,8.0
2024/05/16 05:00:00 PM,2024/05/16,05:00 PM,2024,Thursday,2024/05/16 07:22:00 PM,139100504134,1391005,240308767,241373005.0,II,Initial,,4134,Assault,Simple Assault,Battery,Open or Active,EDDY ST \ POLK ST,25176000.0,Tenderloin,Tenderloin,5.0,6.0,37.78310012817383,-122.41918182373048,POINT (-122.41918182373047 37.78310012817383),20.0,,1.0,1.0,,,10.0,4.0
2024/04/24 04:00:00 PM,2024/04/24,04:00 PM,2024,Wednesday,2024/05/15 12:57:00 PM,139058606152,1390586,240305707,241361647.0,II,Initial,,6152,Larceny Theft,Larceny Theft - Other,"Theft, From Person, $50-$200 (other than Pickpocket)",Open or Active,GEARY ST \ STOCKTON ST,24901000.0,Central,Financial District/South Beach,3.0,3.0,37.78756713867188,-122.4065933227539,POINT (-122.4065933227539 37.787567138671875),19.0,,,,,,3.0,6.0
2024/05/16 05:56:00 PM,2024/05/16,05:56 PM,2024,Thursday,2024/05/16 08:08:00 PM,139102806363,1391028,240308842,241372913.0,II,Initial,,6363,Larceny Theft,Larceny Theft - Shoplifting,"Theft, Shoplifting, $200-$950",Cite or Arrest Adult,OFARRELL ST \ POWELL ST,24904000.0,Central,Tenderloin,3.0,3.0,37.78641128540039,-122.40803527832033,POINT (-122.40803527832031 37.78641128540039),19.0,,,,,,3.0,6.0
2024/05/16 04:20:00 PM,2024/05/16,04:20 PM,2024,Thursday,2024/05/16 04:31:00 PM,139097606244,1390976,240308416,241372383.0,II,Initial,,6244,Larceny Theft,Larceny - From Vehicle,"Theft, From Locked Vehicle, >$950",Cite or Arrest Adult,BEACH ST \ LARKIN ST,25586000.0,Central,Russian Hill,2.0,2.0,37.806434631347656,-122.42219543457033,POINT (-122.42219543457031 37.806434631347656),98.0,,,,,,6.0,6.0
2024/09/06 04:00:00 PM,2024/09/06,04:00 PM,2024,Friday,2024/09/08 05:16:00 PM,142248519057,1422485,240566272,242522132.0,II,Initial,,19057,Disorderly Conduct,Intimidation,Terrorist Threats,Open or Active,03RD ST \ MENDELL ST \ PALOU AVE,33269000.0,Bayview,Bayview Hunters Point,10.0,10.0,37.734012603759766,-122.3909683227539,POINT (-122.3909683227539 37.734012603759766),86.0,,,,,,9.0,2.0
2024/08/08 06:49:00 AM,2024/08/08,06:49 AM,2024,Thursday,2024/09/08 06:49:00 AM,142236506362,1422365,240565111,242520570.0,II,Initial,,6362,Larceny Theft,Larceny Theft - Shoplifting,"Theft, Shoplifting, $50-$200",Cite or Arrest Adult,18TH ST \ CASTRO ST,25813000.0,Mission,Castro/Upper Market,8.0,8.0,37.760887145996094,-122.43499755859376,POINT (-122.43499755859375 37.760887145996094),38.0,,,,5.0,,5.0,3.0
2024/05/16 03:00:00 PM,2024/05/16,03:00 PM,2024,Thursday,2024/05/16 07:42:00 PM,139103206363,1391032,240308858,241372242.0,II,Initial,,6363,Larceny Theft,Larceny Theft - Shoplifting,"Theft, Shoplifting, $200-$950",Cite or Arrest Adult,OFARRELL ST \ POWELL ST,24904000.0,Central,Tenderloin,3.0,3.0,37.78641128540039,-122.40803527832033,POINT (-122.40803527832031 37.78641128540039),19.0,,,,,,3.0,6.0
2024/05/17 06:00:00 PM,2024/05/17,06:00 PM,2024,Friday,2024/05/17 06:50:00 PM,139126204022,1391262,240310875,241382825.0,II,Initial,,4022,Assault,Aggravated Assault,"Assault, Att. Homicide, W/ Knife",Open or Active,03RD ST \ MENDELL ST \ PALOU AVE,33269000.0,Bayview,Bayview Hunters Point,10.0,10.0,37.734012603759766,-122.3909683227539,POINT (-122.3909683227539 37.734012603759766),86.0,,,,,,9.0,2.0
2024/05/17 06:00:00 PM,2024/05/17,06:00 PM,2024,Friday,2024/05/17 06:50:00 PM,139126204012,1391262,240310875,241382825.0,II,Initial,,4012,Assault,Aggravated Assault,"Assault, Aggravated, W/ Knife",Open or Active,03RD ST \ MENDELL ST \ PALOU AVE,33269000.0,Bayview,Bayview Hunters Point,10.0,10.0,37.734012603759766,-122.3909683227539,POINT (-122.3909683227539 37.734012603759766),86.0,,,,,,9.0,2.0
2024/05/16 04:15:00 PM,2024/05/16,04:15 PM,2024,Thursday,2024/05/17 04:18:00 PM,139165706244,1391657,240308416,,IS,Coplogic Supplement,True,6244,Larceny Theft,Larceny - From Vehicle,"Theft, From Locked Vehicle, >$950",Open or Active,BEACH ST \ LARKIN ST,25586000.0,Central,Russian Hill,2.0,2.0,37.806434631347656,-122.42219543457033,POINT (-122.42219543457031 37.806434631347656),98.0,,,,,,6.0,6.0
2024/08/30 04:30:00 PM,2024/08/30,04:30 PM,2024,Friday,2024/09/08 05:17:00 PM,142247306363,1422473,240565917,242522134.0,II,Initial,,6363,Larceny Theft,Larceny Theft - Shoplifting,"Theft, Shoplifting, $200-$950",Open or Active,GEARY ST \ STOCKTON ST,24901000.0,Central,Financial District/South Beach,3.0,3.0,37.78756713867188,-122.4065933227539,POINT (-122.4065933227539 37.787567138671875),19.0,,,,,,3.0,6.0
2024/09/09 03:30:00 PM,2024/09/09,03:30 PM,2024,Monday,2024/09/09 07:10:00 PM,142269104014,1422691,240568187,242532549.0,II,Initial,,4014,Assault,Aggravated Assault,"Assault, Aggravated, W/ Force",Open or Active,EVANS AVE \ MENDELL ST,20203000.0,Bayview,Bayview Hunters Point,10.0,10.0,37.74089813232422,-122.38470458984376,POINT (-122.38470458984375 37.74089813232422),76.0,,,,,,9.0,2.0
2024/05/24 03:00:00 PM,2024/05/24,03:00 PM,2024,Friday,2024/05/24 05:40:00 PM,139313806373,1393138,240326565,241452384.0,II,Initial,,6373,Larceny Theft,Larceny Theft - Other,"Theft, Other Property, $200-$950",Open or Active,OFARRELL ST \ POWELL ST,24904000.0,Tenderloin,Tenderloin,3.0,3.0,37.78641128540039,-122.40803527832033,POINT (-122.40803527832031 37.78641128540039),19.0,,,,,,3.0,6.0
2024/05/03 03:40:00 PM,2024/05/03,03:40 PM,2024,Friday,2024/05/21 11:56:00 AM,139220507100,1392205,240318647,241421334.0,II,Initial,,7100,Vandalism,Vandalism,"Vehicle, Tampering",Open or Active,RUTLAND ST \ VISITACION AVE,20349000.0,Ingleside,Visitacion Valley,10.0,10.0,37.7114486694336,-122.40792846679688,POINT (-122.40792846679688 37.711448669433594),75.0,,,,,,9.0,9.0
2024/05/22 03:19:00 PM,2024/05/22,03:19 PM,2024,Wednesday,2024/05/22 03:19:00 PM,139255906362,1392559,240321703,241432098.0,II,Initial,,6362,Larceny Theft,Larceny Theft - Shoplifting,"Theft, Shoplifting, $50-$200",Cite or Arrest Adult,OFARRELL ST \ POWELL ST,24904000.0,Central,Tenderloin,3.0,3.0,37.78641128540039,-122.40803527832033,POINT (-122.40803527832031 37.78641128540039),19.0,,,,,,3.0,6.0
2024/05/21 04:55:00 PM,2024/05/21,04:55 PM,2024,Tuesday,2024/05/21 04:59:00 PM,139229906363,1392299,240319429,241422363.0,II,Initial,,6363,Larceny Theft,Larceny Theft - Shoplifting,"Theft, Shoplifting, $200-$950",Cite or Arrest Adult,OFARRELL ST \ POWELL ST,24904000.0,Central,Tenderloin,3.0,3.0,37.78641128540039,-122.40803527832033,POINT (-122.40803527832031 37.78641128540039),19.0,,,,,,3.0,6.0
2024/01/02 04:17:00 PM,2024/01/02,04:17 PM,2024,Tuesday,2024/01/02 04:20:00 PM,135230404134,1352304,240003478,240022025.0,II,Initial,,4134,Assault,Simple Assault,Battery,Open or Active,OFARRELL ST \ LARKIN ST,25152000.0,Tenderloin,Tenderloin,5.0,6.0,37.78516721373892,-122.4179014113026,POINT (-122.41790141130261 37.785167213738916),20.0,,1.0,,,,10.0,5.0
2024/01/02 06:08:00 AM,2024/01/02,06:08 AM,2024,Tuesday,2024/01/02 06:09:00 AM,135219104134,1352191,240002301,240020356.0,II,Initial,,4134,Assault,Simple Assault,Battery,Open or Active,18TH ST \ CASTRO ST,25813000.0,Mission,Castro/Upper Market,8.0,8.0,37.76088893209152,-122.4350007026991,POINT (-122.4350007026991 37.76088893209152),38.0,,,,5.0,,5.0,3.0
2024/01/02 04:10:00 PM,2024/01/02,04:10 PM,2024,Tuesday,2024/01/02 04:10:00 PM,135228604014,1352286,240001234,240011764.0,IS,Initial Supplement,,4014,Assault,Aggravated Assault,"Assault, Aggravated, W/ Force",Cite or Arrest Adult,GEARY BLVD \ DIVISADERO ST,26621000.0,Northern,Japantown,5.0,5.0,37.78330848665904,-122.43948038238112,POINT (-122.43948038238113 37.78330848665904),13.0,,,,,,11.0,4.0
2024/09/11 04:15:00 PM,2024/09/11,04:15 PM,2024,Wednesday,2024/09/11 05:02:00 PM,142327006302,1423270,240572382,242552448.0,II,Initial,,6302,Larceny Theft,Larceny Theft - From Building,"Theft, From Building, $50-$200",Open or Active,FILLMORE ST \ GEARY BLVD,26590000.0,Northern,Western Addition,5.0,5.0,37.78435516357422,-122.43291473388672,POINT (-122.43291473388672 37.78435516357422),103.0,,,,,,11.0,4.0
2024/09/11 04:48:00 PM,2024/09/11,04:48 PM,2024,Wednesday,2024/09/11 05:22:00 PM,142334506363,1423345,240572564,242552531.0,II,Initial,,6363,Larceny Theft,Larceny Theft - Shoplifting,"Theft, Shoplifting, $200-$950",Cite or Arrest Adult,OFARRELL ST \ POWELL ST,24904000.0,Central,Tenderloin,3.0,3.0,37.78641128540039,-122.40803527832033,POINT (-122.40803527832031 37.78641128540039),19.0,,,,,,3.0,6.0
2024/09/10 05:30:00 PM,2024/09/10,05:30 PM,2024,Tuesday,2024/09/11 02:18:00 PM,142326406113,1423264,240572047,242551925.0,II,Initial,,6113,Larceny Theft,Larceny Theft - Pickpocket,"Theft, Pickpocket, $200-$950",Open or Active,LEAVENWORTH ST \ TURK ST,24934000.0,Tenderloin,Tenderloin,5.0,6.0,37.78279495239258,-122.41405487060548,POINT (-122.41405487060547 37.78279495239258),20.0,,1.0,1.0,1.0,,10.0,5.0
2024/09/10 07:00:00 AM,2024/09/10,07:00 AM,2024,Tuesday,2024/09/11 10:16:00 AM,142314171013,1423141,240571447,242551087.0,VI,Vehicle Initial,,71013,Larceny Theft,Theft From Vehicle,"License Plate, Stolen",Open or Active,MOSCOW ST \ PERSIA AVE,21628000.0,Ingleside,Excelsior,11.0,11.0,37.71971130371094,-122.42880249023438,POINT (-122.42880249023438 37.71971130371094),90.0,,,,,,1.0,9.0
2024/05/23 06:00:00 PM,2024/05/23,06:00 PM,2024,Thursday,2024/05/23 06:00:00 PM,139289119095,1392891,240324371,241442824.0,II,Initial,,19095,Disorderly Conduct,Drug Violation,"Drugs, Under Influence  in a Public Place",Cite or Arrest Adult,EDDY ST \ LARKIN ST,25148000.0,Tenderloin,Tenderloin,5.0,6.0,37.78330993652344,-122.4175262451172,POINT (-122.41752624511719 37.78330993652344),20.0,,1.0,1.0,,,10.0,5.0
2024/01/01 04:00:00 PM,2024/01/01,04:00 PM,2024,Monday,2024/01/03 02:34:00 PM,135258606303,1352586,240005480,240031723.0,II,Initial,,6303,Larceny Theft,Larceny Theft - From Building,"Theft, From Building, $200-$950",Open or Active,20TH AVE \ WINSTON DR,33719000.0,Taraval,Lakeshore,7.0,7.0,37.72694991292525,-122.47603947349434,POINT (-122.47603947349434 37.72694991292525),41.0,,,,,,8.0,10.0
2024/01/03 03:00:00 PM,2024/01/03,03:00 PM,2024,Wednesday,2024/01/03 05:09:00 PM,135265006244,1352650,240005979,240032207.0,II,Initial,,6244,Larceny Theft,Larceny - From Vehicle,"Theft, From Locked Vehicle, >$950",Open or Active,20TH AVE \ WINSTON DR,33719000.0,Taraval,Lakeshore,7.0,7.0,37.72694991292525,-122.47603947349434,POINT (-122.47603947349434 37.72694991292525),41.0,,,,,,8.0,10.0
2024/05/23 04:23:00 PM,2024/05/23,04:23 PM,2024,Thursday,2024/05/23 04:23:00 PM,139286204136,1392862,240313493,241400117.0,IS,Initial Supplement,,4136,Assault,Simple Assault,Battery with Serious Injuries,Cite or Arrest Adult,LEAVENWORTH ST \ TURK ST,24934000.0,Tenderloin,Tenderloin,5.0,6.0,37.78279495239258,-122.41405487060548,POINT (-122.41405487060547 37.78279495239258),20.0,,1.0,1.0,1.0,,10.0,5.0
2024/05/23 03:07:00 PM,2024/05/23,03:07 PM,2024,Thursday,2024/05/23 03:22:00 PM,139291019024,1392910,240323947,241442159.0,II,Initial,,19024,Disorderly Conduct,Disorderly Conduct,"Disturbing The Peace, Fighting",Cite or Arrest Adult,GEARY ST \ LARKIN ST,25170000.0,Northern,Tenderloin,3.0,6.0,37.78610229492188,-122.4180908203125,POINT (-122.4180908203125 37.786102294921875),20.0,,,,,,10.0,6.0
2024/01/04 03:15:00 PM,2024/01/04,03:15 PM,2024,Thursday,2024/01/04 06:37:00 PM,135309719028,1353097,240008791,240042572.0,II,Initial,,19028,Disorderly Conduct,Disorderly Conduct,"Disturbing The Peace, Swearing",Open or Active,EDDY ST \ LAGUNA ST,25964000.0,Northern,Western Addition,5.0,5.0,37.78205693816477,-122.4273963984862,POINT (-122.4273963984862 37.782056938164764),97.0,,,,,,11.0,4.0
2024/05/23 03:00:00 PM,2024/05/23,03:00 PM,2024,Thursday,2024/05/23 06:48:00 PM,139290804134,1392908,240324713,241442978.0,II,Initial,,4134,Assault,Simple Assault,Battery,Open or Active,HYDE ST \ NORTH POINT ST,25574000.0,Tenderloin,Russian Hill,2.0,2.0,37.80572128295898,-122.42037200927734,POINT (-122.42037200927734 37.805721282958984),98.0,,,,,,6.0,6.0
2024/05/24 05:42:00 PM,2024/05/24,05:42 PM,2024,Friday,2024/05/24 05:42:00 PM,139314406154,1393144,240326612,241452109.0,II,Initial,,6154,Larceny Theft,Larceny Theft - Other,"Theft, From Person, >$950 (other than Pickpocket)",Open or Active,05TH ST \ CYRIL MAGNIN ST \ MARKET ST,30739000.0,Tenderloin,South of Market,6.0,6.0,37.783992767333984,-122.40806579589844,POINT (-122.40806579589844 37.783992767333984),19.0,,1.0,1.0,,,10.0,5.0
2024/05/23 04:15:00 PM,2024/05/23,04:15 PM,2024,Thursday,2024/05/23 05:17:00 PM,139309506363,1393095,246067432,,II,Coplogic Initial,True,6363,Larceny Theft,Larceny Theft - Shoplifting,"Theft, Shoplifting, $200-$950",Open or Active,SUTTER ST \ VAN NESS AVE,25219000.0,Northern,Nob Hill,3.0,2.0,37.78754806518555,-122.42176055908205,POINT (-122.42176055908203 37.78754806518555),100.0,,,,,,6.0,4.0
2024/09/30 05:00:00 PM,2024/09/30,05:00 PM,2024,Monday,2024/09/30 07:00:00 PM,142836906303,1428369,240615330,242742928.0,II,Initial,,6303,Larceny Theft,Larceny Theft - From Building,"Theft, From Building, $200-$950",Open or Active,FILLMORE ST \ GEARY BLVD,26590000.0,Northern,Western Addition,5.0,5.0,37.78435516357422,-122.43291473388672,POINT (-122.43291473388672 37.78435516357422),103.0,,,,,,11.0,4.0
2024/01/04 03:11:00 PM,2024/01/04,03:11 PM,2024,Thursday,2024/01/05 01:15:00 PM,135348206363,1353482,240011590,240051592.0,II,Initial,,6363,Larceny Theft,Larceny Theft - Shoplifting,"Theft, Shoplifting, $200-$950",Open or Active,CHESTNUT ST \ PIERCE ST,26964000.0,Northern,Marina,2.0,2.0,37.80040342900427,-122.43950417286403,POINT (-122.43950417286405 37.80040342900427),17.0,,,,,,6.0,4.0
2024/01/04 03:09:00 PM,2024/01/04,03:09 PM,2024,Thursday,2024/01/05 10:59:00 AM,135338106363,1353381,240010166,240051134.0,II,Initial,,6363,Larceny Theft,Larceny Theft - Shoplifting,"Theft, Shoplifting, $200-$950",Open or Active,STOCKTON ST \ GEARY ST,24901000.0,Central,Financial District/South Beach,3.0,3.0,37.7875680237141,-122.40658988465438,POINT (-122.40658988465438 37.7875680237141),19.0,,,,,,3.0,6.0
2024/06/27 03:00:00 PM,2024/06/27,03:00 PM,2024,Thursday,2024/07/03 10:24:00 AM,140368206132,1403682,240413968,240413968.0,II,Initial,,6132,Larceny Theft,Larceny Theft - Purse Snatch,"Theft, Purse Snatch, $50-$200",Open or Active,GEARY ST \ LEAVENWORTH ST,25154000.0,Central,Tenderloin,5.0,6.0,37.78651809692383,-122.41481018066406,POINT (-122.41481018066406 37.78651809692383),20.0,,1.0,,,,10.0,6.0
2024/05/24 05:06:00 PM,2024/05/24,05:06 PM,2024,Friday,2024/05/24 05:06:00 PM,139320004014,1393200,240326537,241452245.0,II,Initial,,4014,Assault,Aggravated Assault,"Assault, Aggravated, W/ Force",Open or Active,05TH ST \ CYRIL MAGNIN ST \ MARKET ST,30739000.0,Tenderloin,South of Market,6.0,6.0,37.783992767333984,-122.40806579589844,POINT (-122.40806579589844 37.783992767333984),19.0,,1.0,1.0,,,10.0,5.0
2024/09/11 03:16:00 PM,2024/09/11,03:16 PM,2024,Wednesday,2024/09/11 03:17:00 PM,142333704134,1423337,240572188,242552084.0,II,Initial,,4134,Assault,Simple Assault,Battery,Open or Active,GOUGH ST \ LOMBARD ST,26715000.0,Northern,Marina,2.0,2.0,37.80088806152344,-122.42782592773438,POINT (-122.42782592773438 37.80088806152344),17.0,,,,,,6.0,4.0
2024/01/02 05:30:00 PM,2024/01/02,05:30 PM,2024,Tuesday,2024/01/02 07:03:00 PM,135393506244,1353935,246001662,,II,Coplogic Initial,True,6244,Larceny Theft,Larceny - From Vehicle,"Theft, From Locked Vehicle, >$950",Open or Active,NORTH POINT ST \ LARKIN ST,25589000.0,Central,Russian Hill,2.0,2.0,37.80549664761133,-122.4220068226566,POINT (-122.42200682265661 37.80549664761133),98.0,,,,,,6.0,6.0
2024/09/11 06:00:00 PM,2024/09/11,06:00 PM,2024,Wednesday,2024/09/11 10:47:00 PM,142353406374,1423534,240158870,,IS,Coplogic Supplement,True,6374,Larceny Theft,Larceny Theft - Other,"Theft, Other Property, >$950",Open or Active,46TH AVE \ IRVING ST,27949000.0,Taraval,Sunset/Parkside,4.0,4.0,37.76228332519531,-122.5060577392578,POINT (-122.50605773925781 37.76228332519531),39.0,,,,,,7.0,10.0
2024/01/04 03:11:00 PM,2024/01/04,03:11 PM,2024,Thursday,2024/01/06 12:02:00 PM,135431206372,1354312,246002507,,II,Coplogic Initial,True,6372,Larceny Theft,Larceny Theft - Other,"Theft, Other Property, $50-$200",Open or Active,CHESTNUT ST \ PIERCE ST,26964000.0,Northern,Marina,2.0,2.0,37.80040342900427,-122.43950417286403,POINT (-122.43950417286405 37.80040342900427),17.0,,,,,,6.0,4.0
2024/01/05 03:55:00 PM,2024/01/05,03:55 PM,2024,Friday,2024/01/06 12:39:00 PM,135426806372,1354268,246002240,,II,Coplogic Initial,True,6372,Larceny Theft,Larceny Theft - Other,"Theft, Other Property, $50-$200",Open or Active,20TH AVE \ WINSTON DR,33719000.0,Taraval,Lakeshore,7.0,7.0,37.72694991292525,-122.47603947349434,POINT (-122.47603947349434 37.72694991292525),41.0,,,,,,8.0,10.0
2024/01/02 04:30:00 PM,2024/01/02,04:30 PM,2024,Tuesday,2024/01/09 11:07:00 AM,135468504134,1354685,240018546,240091166.0,II,Initial,,4134,Assault,Simple Assault,Battery,Open or Active,MCALLISTER ST \ DIVISADERO ST,26067000.0,Northern,Western Addition,5.0,5.0,37.7777941886761,-122.43836550237133,POINT (-122.43836550237133 37.7777941886761),97.0,,,,,,11.0,4.0
2024/01/09 07:14:00 AM,2024/01/09,07:14 AM,2024,Tuesday,2024/01/09 07:18:00 AM,135465219057,1354652,240018154,240090529.0,II,Initial,,19057,Disorderly Conduct,Intimidation,Terrorist Threats,Cite or Arrest Adult,GEARY ST \ LEAVENWORTH ST,25154000.0,Tenderloin,Tenderloin,5.0,6.0,37.78651981906591,-122.41480664938403,POINT (-122.41480664938405 37.78651981906591),20.0,,1.0,,,,10.0,6.0
2024/05/22 04:00:00 PM,2024/05/22,04:00 PM,2024,Wednesday,2024/05/25 10:29:00 AM,139375306224,1393753,246068480,,II,Coplogic Initial,True,6224,Larceny Theft,Larceny - From Vehicle,"Theft, From Unlocked Vehicle, >$950",Open or Active,GEARY ST \ POWELL ST,24903000.0,Central,Financial District/South Beach,3.0,3.0,37.78736114501953,-122.4082260131836,POINT (-122.4082260131836 37.78736114501953),19.0,,,,,,3.0,6.0
2024/05/27 08:00:00 AM,2024/05/27,08:00 AM,2024,Monday,2024/05/27 08:18:00 AM,139380504144,1393805,240331520,241480585.0,II,Initial,,4144,Assault,Simple Assault,"Battery, Sexual",Open or Active,FRIDA KAHLO WAY \ GENEVA AVE \ OCEAN AVE,22192000.0,Ingleside,West of Twin Peaks,11.0,7.0,37.72307968139648,-122.45233154296876,POINT (-122.45233154296875 37.723079681396484),64.0,,,,,,8.0,10.0
2024/09/12 05:55:00 PM,2024/09/12,05:55 PM,2024,Thursday,2024/09/13 01:57:00 PM,142377504134,1423775,240576657,242571794.0,II,Initial,,4134,Assault,Simple Assault,Battery,Open or Active,CORTLAND AVE \ MISSION ST,21326000.0,Ingleside,Bernal Heights,9.0,9.0,37.74102783203125,-122.42284393310548,POINT (-122.42284393310547 37.74102783203125),83.0,,,,,,2.0,9.0
2024/01/11 05:08:00 PM,2024/01/11,05:08 PM,2024,Thursday,2024/01/11 05:22:00 PM,135537906364,1355379,240024725,240112462.0,II,Initial,,6364,Larceny Theft,Larceny Theft - Shoplifting,"Theft, Shoplifting, >$950",Cite or Arrest Adult,POWELL ST \ OFARRELL ST,24904000.0,Central,Tenderloin,3.0,3.0,37.78640961281089,-122.40803623744476,POINT (-122.40803623744476 37.78640961281089),19.0,,1.0,,,,3.0,6.0
2024/05/28 03:21:00 PM,2024/05/28,03:21 PM,2024,Tuesday,2024/05/28 03:21:00 PM,139420604134,1394206,240334596,241491900.0,II,Initial,,4134,Assault,Simple Assault,Battery,Open or Active,EDDY ST \ VAN NESS AVE,25186000.0,Northern,Tenderloin,5.0,6.0,37.78289413452149,-122.42081451416016,POINT (-122.42081451416016 37.782894134521484),20.0,,1.0,1.0,,,10.0,4.0
2024/09/09 04:45:00 PM,2024/09/09,04:45 PM,2024,Monday,2024/09/12 12:08:00 AM,142370606244,1423706,240568096,,IS,Coplogic Supplement,True,6244,Larceny Theft,Larceny - From Vehicle,"Theft, From Locked Vehicle, >$950",Open or Active,GEARY ST \ STOCKTON ST,24901000.0,Central,Financial District/South Beach,3.0,3.0,37.78756713867188,-122.4065933227539,POINT (-122.4065933227539 37.787567138671875),19.0,,,,,,3.0,6.0
2024/05/24 03:30:00 PM,2024/05/24,03:30 PM,2024,Friday,2024/05/29 01:10:00 PM,139439606234,1394396,240336768,241501542.0,II,Initial,,6234,Larceny Theft,Larceny - Auto Parts,"Theft, Vehicle Strip, >$950",Open or Active,EVANS AVE \ SELBY ST,33107000.0,Bayview,Bayview Hunters Point,10.0,10.0,37.74616241455078,-122.39405059814452,POINT (-122.39405059814453 37.74616241455078),85.0,,,,,,9.0,2.0
2024/05/30 05:03:00 PM,2024/05/30,05:03 PM,2024,Thursday,2024/05/30 05:03:00 PM,139476204134,1394762,240339621,241512383.0,II,Initial,,4134,Assault,Simple Assault,Battery,Cite or Arrest Adult,OFARRELL ST \ POWELL ST,24904000.0,Central,Tenderloin,3.0,3.0,37.78641128540039,-122.40803527832033,POINT (-122.40803527832031 37.78641128540039),19.0,,,,,,3.0,6.0
2024/05/28 04:17:00 PM,2024/05/28,04:17 PM,2024,Tuesday,2024/05/29 05:40:00 PM,139452106364,1394521,240337465,241492282.0,II,Initial,,6364,Larceny Theft,Larceny Theft - Shoplifting,"Theft, Shoplifting, >$950",Open or Active,18TH ST \ CASTRO ST,25813000.0,Mission,Castro/Upper Market,8.0,8.0,37.760887145996094,-122.43499755859376,POINT (-122.43499755859375 37.760887145996094),38.0,,,,5.0,,5.0,3.0
2024/05/29 04:22:00 PM,2024/05/29,04:22 PM,2024,Wednesday,2024/05/29 11:12:00 PM,139497706363,1394977,246070231,,II,Coplogic Initial,True,6363,Larceny Theft,Larceny Theft - Shoplifting,"Theft, Shoplifting, $200-$950",Open or Active,42ND AVE \ GEARY BLVD \ POINT LOBOS AVE,27917000.0,Richmond,Outer Richmond,1.0,1.0,37.77960968017578,-122.5029754638672,POINT (-122.50297546386719 37.77960968017578),6.0,,,,,,4.0,8.0
2024/05/31 06:00:00 AM,2024/05/31,06:00 AM,2024,Friday,2024/05/31 11:28:00 AM,139497306243,1394973,240341444,241521203.0,II,Initial,,6243,Larceny Theft,Larceny - From Vehicle,"Theft, From Locked Vehicle, $200-$950",Open or Active,SACRAMENTO ST \ VAN NESS AVE,26536000.0,Northern,Nob Hill,3.0,3.0,37.791290283203125,-122.42251586914062,POINT (-122.42251586914062 37.791290283203125),102.0,,,,,,3.0,4.0
2024/05/29 04:30:00 PM,2024/05/29,04:30 PM,2024,Wednesday,2024/05/31 05:16:00 PM,139501706243,1395017,240341949,241522368.0,II,Initial,,6243,Larceny Theft,Larceny - From Vehicle,"Theft, From Locked Vehicle, $200-$950",Open or Active,FILLMORE ST \ JACKSON ST,26653000.0,Northern,Pacific Heights,2.0,2.0,37.79247283935547,-122.43455505371094,POINT (-122.43455505371094 37.79247283935547),102.0,,,,,,6.0,4.0
2024/05/30 03:36:00 PM,2024/05/30,03:36 PM,2024,Thursday,2024/05/30 06:53:00 PM,139483006364,1394830,240339825,241512083.0,II,Initial,,6364,Larceny Theft,Larceny Theft - Shoplifting,"Theft, Shoplifting, >$950",Cite or Arrest Adult,OFARRELL ST \ POWELL ST,24904000.0,Central,Tenderloin,3.0,3.0,37.78641128540039,-122.40803527832033,POINT (-122.40803527832031 37.78641128540039),19.0,,,,,,3.0,6.0
2024/05/30 03:00:00 PM,2024/05/30,03:00 PM,2024,Thursday,2024/05/31 12:45:00 PM,139494171013,1394941,240341256,241521479.0,VI,Vehicle Initial,,71013,Larceny Theft,Theft From Vehicle,"License Plate, Stolen",Open or Active,23RD AVE \ BALBOA ST,27533000.0,Richmond,Outer Richmond,1.0,1.0,37.77640151977539,-122.48231506347656,POINT (-122.48231506347656 37.77640151977539),8.0,,,,,,4.0,8.0
2024/05/31 05:55:00 PM,2024/05/31,05:55 PM,2024,Friday,2024/06/01 05:47:00 PM,139529304134,1395293,240343882,241532258.0,II,Initial,,4134,Assault,Simple Assault,Battery,Open or Active,18TH ST \ MISSION ST,24149000.0,Mission,Mission,9.0,9.0,37.761837005615234,-122.41935729980467,POINT (-122.41935729980469 37.761837005615234),53.0,,,,3.0,,2.0,3.0
2024/05/28 06:00:00 PM,2024/05/28,06:00 PM,2024,Tuesday,2024/05/28 11:44:00 PM,139512506224,1395125,246070372,,II,Coplogic Initial,True,6224,Larceny Theft,Larceny - From Vehicle,"Theft, From Unlocked Vehicle, >$950",Open or Active,BLANKEN AVE \ TUNNEL AVE,20289000.0,Bayview,Bayview Hunters Point,10.0,10.0,37.71201705932617,-122.40078735351562,POINT (-122.40078735351562 37.71201705932617),89.0,,,,,,9.0,2.0
2024/05/21 05:09:00 PM,2024/05/21,05:09 PM,2024,Tuesday,2024/05/31 11:32:00 AM,139541806374,1395418,246071518,,II,Coplogic Initial,True,6374,Larceny Theft,Larceny Theft - Other,"Theft, Other Property, >$950",Open or Active,STANYAN BLVD \ STANYAN ST \ TURK BLVD,26486000.0,Park,Lone Mountain/USF,1.0,1.0,37.7775993347168,-122.45521545410156,POINT (-122.45521545410156 37.7775993347168),12.0,,,,,,4.0,7.0
2024/06/02 06:30:00 AM,2024/06/02,06:30 AM,2024,Sunday,2024/06/02 06:53:00 AM,139548504013,1395485,240344824,241540545.0,II,Initial,,4013,Assault,Aggravated Assault,"Assault, Aggravated, W/ Other Weapon",Open or Active,ARGUELLO BLVD \ GEARY BLVD,27230000.0,Richmond,Lone Mountain/USF,2.0,1.0,37.78125762939453,-122.4588623046875,POINT (-122.4588623046875 37.78125762939453),,,,,,,4.0,8.0
2024/07/03 04:33:00 PM,2024/07/03,04:33 PM,2024,Wednesday,2024/07/03 04:40:00 PM,140385404134,1403854,240415061,241852287.0,II,Initial,,4134,Assault,Simple Assault,Battery,Cite or Arrest Adult,NORTH POINT ST \ POLK ST,26704000.0,Central,Russian Hill,2.0,2.0,37.8052864074707,-122.42365264892578,POINT (-122.42365264892578 37.8052864074707),98.0,,,,,,6.0,6.0
2024/09/16 05:15:00 PM,2024/09/16,05:15 PM,2024,Monday,2024/09/16 06:34:00 PM,142455706114,1424557,240583317,242602595.0,II,Initial,,6114,Larceny Theft,Larceny Theft - Pickpocket,"Theft, Pickpocket, >$950",Open or Active,06TH AVE \ GEARY BLVD,27284000.0,Richmond,Inner Richmond,1.0,1.0,37.7810173034668,-122.46427917480467,POINT (-122.46427917480469 37.7810173034668),5.0,,,,,,4.0,8.0
2024/09/13 03:15:00 PM,2024/09/13,03:15 PM,2024,Friday,2024/09/15 04:33:00 PM,142449306244,1424493,246120795,,II,Coplogic Initial,True,6244,Larceny Theft,Larceny - From Vehicle,"Theft, From Locked Vehicle, >$950",Open or Active,18TH ST \ CASTRO ST,25813000.0,Mission,Castro/Upper Market,8.0,8.0,37.760887145996094,-122.43499755859376,POINT (-122.43499755859375 37.760887145996094),38.0,,,,5.0,,5.0,3.0
2024/09/13 05:00:00 PM,2024/09/13,05:00 PM,2024,Friday,2024/09/16 09:27:00 AM,142440606111,1424406,240582115,242600851.0,II,Initial,,6111,Larceny Theft,Larceny Theft - Pickpocket,"Theft, Pickpocket, <$50",Open or Active,GEARY ST \ POWELL ST,24903000.0,Central,Financial District/South Beach,3.0,3.0,37.78736114501953,-122.4082260131836,POINT (-122.4082260131836 37.78736114501953),19.0,,,,,,3.0,6.0
2024/01/09 06:00:00 PM,2024/01/09,06:00 PM,2024,Tuesday,2024/01/15 09:36:00 PM,135715206372,1357152,246006822,,II,Coplogic Initial,True,6372,Larceny Theft,Larceny Theft - Other,"Theft, Other Property, $50-$200",Open or Active,HYDE ST \ TURK ST,24933000.0,Tenderloin,Tenderloin,5.0,6.0,37.78258514404297,-122.41569519042967,POINT (-122.41569519042969 37.78258514404297),20.0,,1.0,1.0,1.0,,10.0,5.0
2024/01/22 03:55:00 PM,2024/01/22,03:55 PM,2024,Monday,2024/01/22 04:20:00 PM,135827819057,1358278,240047993,240222160.0,II,Initial,,19057,Disorderly Conduct,Intimidation,Terrorist Threats,Cite or Arrest Adult,30TH ST \ MISSION ST,21329000.0,Ingleside,Bernal Heights,9.0,9.0,37.742374420166016,-122.42196655273438,POINT (-122.42196655273438 37.742374420166016),83.0,,,,,,2.0,9.0
2024/01/23 03:45:00 PM,2024/01/23,03:45 PM,2024,Tuesday,2024/01/23 03:57:00 PM,135855404134,1358554,240050322,240232121.0,II,Initial,,4134,Assault,Simple Assault,Battery,Open or Active,LEAVENWORTH ST \ TURK ST,24934000.0,Tenderloin,Tenderloin,5.0,6.0,37.78279495239258,-122.41405487060548,POINT (-122.41405487060547 37.78279495239258),20.0,,1.0,1.0,1.0,,10.0,5.0
2024/01/22 04:20:00 PM,2024/01/22,04:20 PM,2024,Monday,2024/01/22 06:00:00 PM,135829306363,1358293,240048242,240222216.0,II,Initial,,6363,Larceny Theft,Larceny Theft - Shoplifting,"Theft, Shoplifting, $200-$950",Cite or Arrest Adult,POWELL ST \ OFARRELL ST,24904000.0,Central,Tenderloin,3.0,3.0,37.78641128540039,-122.40803527832033,POINT (-122.40803527832031 37.78641128540039),19.0,,,,,,3.0,6.0
2024/01/24 04:35:00 PM,2024/01/24,04:35 PM,2024,Wednesday,2024/01/24 04:46:00 PM,135889504134,1358895,240052817,240242379.0,II,Initial,,4134,Assault,Simple Assault,Battery,Open or Active,OFARRELL ST \ LARKIN ST,25152000.0,Tenderloin,Tenderloin,5.0,6.0,37.7851676940918,-122.41790008544922,POINT (-122.41790008544922 37.7851676940918),20.0,,1.0,,,,10.0,5.0
2024/01/12 04:53:00 PM,2024/01/12,04:53 PM,2024,Friday,2024/01/20 11:18:00 AM,135798206363,1357982,246007955,,II,Coplogic Initial,True,6363,Larceny Theft,Larceny Theft - Shoplifting,"Theft, Shoplifting, $200-$950",Open or Active,CHESTNUT ST \ PIERCE ST,26964000.0,Northern,Marina,2.0,2.0,37.8004035949707,-122.43950653076172,POINT (-122.43950653076172 37.8004035949707),17.0,,,,,,6.0,4.0
2024/01/22 03:05:00 PM,2024/01/22,03:05 PM,2024,Monday,2024/01/22 03:07:00 PM,135826806360,1358268,240047824,240221958.0,II,Initial,,6360,Larceny Theft,Larceny Theft - Shoplifting,"Theft, Shoplifting, Att.",Cite or Arrest Adult,POWELL ST \ OFARRELL ST,24904000.0,Central,Tenderloin,3.0,3.0,37.78641128540039,-122.40803527832033,POINT (-122.40803527832031 37.78641128540039),19.0,,,,,,3.0,6.0
2024/01/22 04:02:00 PM,2024/01/22,04:02 PM,2024,Monday,2024/01/22 04:02:00 PM,135826412080,1358264,240039445,240222167.0,IS,Initial Supplement,,12080,Weapons Carrying Etc,Weapons Offense,"Firearm, Possession By Prohibited Person",Open or Active,SUNNYDALE AVE \ HAHN ST,20409000.0,Ingleside,Visitacion Valley,10.0,10.0,37.7119140625,-122.41600036621094,POINT (-122.41600036621094 37.7119140625),75.0,,,,,,9.0,9.0
2024/01/17 05:21:00 PM,2024/01/17,05:21 PM,2024,Wednesday,2024/01/18 10:54:00 AM,135733306364,1357333,240039592,240181237.0,II,Initial,,6364,Larceny Theft,Larceny Theft - Shoplifting,"Theft, Shoplifting, >$950",Open or Active,20TH AVE \ WINSTON DR,33719000.0,Taraval,Lakeshore,7.0,7.0,37.72695159912109,-122.47603607177734,POINT (-122.47603607177734 37.726951599121094),41.0,,,,,,8.0,10.0
2024/01/17 05:30:00 PM,2024/01/17,05:30 PM,2024,Wednesday,2024/01/23 06:53:00 PM,135857306374,1358573,240050742,240232676.0,II,Initial,,6374,Larceny Theft,Larceny Theft - Other,"Theft, Other Property, >$950",Open or Active,STOCKTON ST \ GEARY ST,24901000.0,Central,Financial District/South Beach,3.0,3.0,37.78756713867188,-122.4065933227539,POINT (-122.4065933227539 37.787567138671875),19.0,,,,,,3.0,6.0
2024/01/24 05:34:00 PM,2024/01/24,05:34 PM,2024,Wednesday,2024/01/24 07:51:00 PM,135889104134,1358891,240053285,240242630.0,II,Initial,,4134,Assault,Simple Assault,Battery,Open or Active,TURK ST \ JONES ST,24923000.0,Tenderloin,Tenderloin,5.0,6.0,37.78300476074219,-122.41241455078124,POINT (-122.41241455078125 37.78300476074219),20.0,,1.0,1.0,1.0,,10.0,5.0
2024/01/16 04:00:00 PM,2024/01/16,04:00 PM,2024,Tuesday,2024/01/16 05:58:00 PM,135679506112,1356795,240035631,240162657.0,II,Initial,,6112,Larceny Theft,Larceny Theft - Pickpocket,"Theft, Pickpocket, $50-$200",Open or Active,20TH AVE \ WINSTON DR,33719000.0,Taraval,Lakeshore,7.0,7.0,37.72695159912109,-122.47603607177734,POINT (-122.47603607177734 37.726951599121094),41.0,,,,,,8.0,10.0
2024/01/16 05:10:00 PM,2024/01/16,05:10 PM,2024,Tuesday,2024/01/16 07:23:00 PM,135676706374,1356767,240035512,240162782.0,II,Initial,,6374,Larceny Theft,Larceny Theft - Other,"Theft, Other Property, >$950",Open or Active,20TH AVE \ WINSTON DR,33719000.0,Taraval,Lakeshore,7.0,7.0,37.72695159912109,-122.47603607177734,POINT (-122.47603607177734 37.726951599121094),41.0,,,,,,8.0,10.0
2024/01/22 03:05:00 PM,2024/01/22,03:05 PM,2024,Monday,2024/01/22 03:07:00 PM,135826804154,1358268,240047824,240221958.0,II,Initial,,4154,Assault,Simple Assault,"Battery, Of A Police Officer",Cite or Arrest Adult,POWELL ST \ OFARRELL ST,24904000.0,Central,Tenderloin,3.0,3.0,37.78641128540039,-122.40803527832033,POINT (-122.40803527832031 37.78641128540039),19.0,,,,,,3.0,6.0
2024/01/23 06:00:00 PM,2024/01/23,06:00 PM,2024,Tuesday,2024/01/23 11:00:00 PM,135862706153,1358627,240051160,240233198.0,II,Initial,,6153,Larceny Theft,Larceny Theft - Other,"Theft, From Person, $200-$950 (other than Pickpocket)",Open or Active,20TH AVE \ WINSTON DR,33719000.0,Taraval,Lakeshore,7.0,7.0,37.72695159912109,-122.47603607177734,POINT (-122.47603607177734 37.726951599121094),41.0,,,,,,8.0,10.0
2024/01/19 03:30:00 PM,2024/01/19,03:30 PM,2024,Friday,2024/01/19 04:48:00 PM,135762006362,1357620,240041832,240192283.0,II,Initial,,6362,Larceny Theft,Larceny Theft - Shoplifting,"Theft, Shoplifting, $50-$200",Cite or Arrest Adult,20TH AVE \ WINSTON DR,33719000.0,Taraval,Lakeshore,7.0,7.0,37.72695159912109,-122.47603607177734,POINT (-122.47603607177734 37.726951599121094),41.0,,,,,,8.0,10.0
2024/01/19 05:00:00 PM,2024/01/19,05:00 PM,2024,Friday,2024/01/21 06:50:00 PM,135805206364,1358052,240045890,240212323.0,II,Initial,,6364,Larceny Theft,Larceny Theft - Shoplifting,"Theft, Shoplifting, >$950",Open or Active,STOCKTON ST \ GEARY ST,24901000.0,Central,Financial District/South Beach,3.0,3.0,37.78756713867188,-122.4065933227539,POINT (-122.4065933227539 37.787567138671875),19.0,,,,,,3.0,6.0
2024/01/18 03:45:00 PM,2024/01/18,03:45 PM,2024,Thursday,2024/01/19 09:15:00 AM,135746906113,1357469,240040890,240190853.0,II,Initial,,6113,Larceny Theft,Larceny Theft - Pickpocket,"Theft, Pickpocket, $200-$950",Open or Active,03RD ST \ KEARNY ST \ MARKET ST,30738000.0,Central,Financial District/South Beach,6.0,3.0,37.78764343261719,-122.40342712402344,POINT (-122.40342712402344 37.78764343261719),32.0,,,,,,3.0,6.0
2024/01/22 04:02:00 PM,2024/01/22,04:02 PM,2024,Monday,2024/01/22 04:02:00 PM,135826404134,1358264,240039445,240222167.0,IS,Initial Supplement,,4134,Assault,Simple Assault,Battery,Open or Active,SUNNYDALE AVE \ HAHN ST,20409000.0,Ingleside,Visitacion Valley,10.0,10.0,37.7119140625,-122.41600036621094,POINT (-122.41600036621094 37.7119140625),75.0,,,,,,9.0,9.0
2024/01/18 04:04:00 PM,2024/01/18,04:04 PM,2024,Thursday,2024/01/18 04:04:00 PM,135734519095,1357345,240039467,240182282.0,II,Initial,,19095,Disorderly Conduct,Drug Violation,"Drugs, Under Influence  in a Public Place",Cite or Arrest Adult,MISSION ST \ 07TH ST,24315000.0,Southern,South of Market,6.0,6.0,37.77921295166016,-122.4109344482422,POINT (-122.41093444824219 37.779212951660156),32.0,,1.0,1.0,1.0,,10.0,1.0
2024/01/23 04:48:00 PM,2024/01/23,04:48 PM,2024,Tuesday,2024/01/23 04:48:00 PM,135856106362,1358561,240050526,240232287.0,II,Initial,,6362,Larceny Theft,Larceny Theft - Shoplifting,"Theft, Shoplifting, $50-$200",Open or Active,GEARY BLVD \ 42ND AVE \ POINT LOBOS AVE,27917000.0,Richmond,Outer Richmond,1.0,1.0,37.77960968017578,-122.5029754638672,POINT (-122.50297546386719 37.77960968017578),6.0,,,,,,4.0,8.0
2024/01/18 05:00:00 PM,2024/01/18,05:00 PM,2024,Thursday,2024/01/23 11:17:00 AM,135869406244,1358694,246009337,,II,Coplogic Initial,True,6244,Larceny Theft,Larceny - From Vehicle,"Theft, From Locked Vehicle, >$950",Open or Active,30TH AVE \ BALBOA ST,27833000.0,Richmond,Outer Richmond,1.0,1.0,37.77605819702149,-122.48981475830078,POINT (-122.48981475830078 37.776058197021484),8.0,,,,,,4.0,8.0
2024/01/24 05:34:00 PM,2024/01/24,05:34 PM,2024,Wednesday,2024/01/24 07:51:00 PM,135889119057,1358891,240053285,240242630.0,II,Initial,,19057,Disorderly Conduct,Intimidation,Terrorist Threats,Open or Active,TURK ST \ JONES ST,24923000.0,Tenderloin,Tenderloin,5.0,6.0,37.78300476074219,-122.41241455078124,POINT (-122.41241455078125 37.78300476074219),20.0,,1.0,1.0,1.0,,10.0,5.0
2024/01/15 03:00:00 PM,2024/01/15,03:00 PM,2024,Monday,2024/01/15 06:53:00 PM,135658806244,1356588,246006399,,II,Coplogic Initial,True,6244,Larceny Theft,Larceny - From Vehicle,"Theft, From Locked Vehicle, >$950",Open or Active,20TH AVE \ WINSTON DR,33719000.0,Taraval,Lakeshore,7.0,7.0,37.72695159912109,-122.47603607177734,POINT (-122.47603607177734 37.726951599121094),41.0,,,,,,8.0,10.0
2024/09/16 04:40:00 PM,2024/09/16,04:40 PM,2024,Monday,2024/09/17 10:31:00 AM,142470404134,1424704,240584600,242611137.0,II,Initial,,4134,Assault,Simple Assault,Battery,Open or Active,OFARRELL ST \ VAN NESS AVE,25192000.0,Northern,Tenderloin,5.0,5.0,37.78475189208984,-122.42119598388672,POINT (-122.42119598388672 37.784751892089844),20.0,,,,,,11.0,4.0
2024/01/25 04:31:00 PM,2024/01/25,04:31 PM,2024,Thursday,2024/01/25 04:31:00 PM,135921419095,1359214,240055219,240252389.0,II,Initial,,19095,Disorderly Conduct,Drug Violation,"Drugs, Under Influence  in a Public Place",Cite or Arrest Adult,EDDY ST \ LARKIN ST,25148000.0,Tenderloin,Tenderloin,5.0,6.0,37.78330993652344,-122.4175262451172,POINT (-122.41752624511719 37.78330993652344),20.0,,1.0,1.0,,,10.0,5.0
2024/01/25 03:12:00 PM,2024/01/25,03:12 PM,2024,Thursday,2024/01/25 03:24:00 PM,135915306364,1359153,240055021,240252128.0,II,Initial,,6364,Larceny Theft,Larceny Theft - Shoplifting,"Theft, Shoplifting, >$950",Cite or Arrest Adult,CHESTNUT ST \ PIERCE ST,26964000.0,Northern,Marina,2.0,2.0,37.8004035949707,-122.43950653076172,POINT (-122.43950653076172 37.8004035949707),17.0,,,,,,6.0,4.0
2024/06/04 03:00:00 PM,2024/06/04,03:00 PM,2024,Tuesday,2024/06/04 03:50:00 PM,139610806304,1396108,240350649,241562221.0,II,Initial,,6304,Larceny Theft,Larceny Theft - From Building,"Theft, From Building, >$950",Open or Active,08TH ST \ BRANNAN ST,23872000.0,Southern,South of Market,6.0,6.0,37.771297454833984,-122.40542602539062,POINT (-122.40542602539062 37.771297454833984),33.0,,,,,,10.0,1.0
2024/06/03 03:30:00 PM,2024/06/03,03:30 PM,2024,Monday,2024/06/03 03:41:00 PM,139582504022,1395825,240348020,241552090.0,II,Initial,,4022,Assault,Aggravated Assault,"Assault, Att. Homicide, W/ Knife",Open or Active,GEARY ST \ LARKIN ST,25170000.0,Central,Tenderloin,3.0,6.0,37.78610229492188,-122.4180908203125,POINT (-122.4180908203125 37.786102294921875),20.0,,,,,,10.0,6.0
2024/06/03 04:45:00 PM,2024/06/03,04:45 PM,2024,Monday,2024/06/03 04:55:00 PM,139586606152,1395866,240348224,241552334.0,II,Initial,,6152,Larceny Theft,Larceny Theft - Other,"Theft, From Person, $50-$200 (other than Pickpocket)",Open or Active,LARKIN ST \ OFARRELL ST,25152000.0,Tenderloin,Tenderloin,5.0,6.0,37.7851676940918,-122.41790008544922,POINT (-122.41790008544922 37.7851676940918),20.0,,1.0,,,,10.0,5.0
2024/01/25 04:30:00 PM,2024/01/25,04:30 PM,2024,Thursday,2024/01/26 08:51:00 AM,135936106221,1359361,240056461,240260809.0,II,Initial,,6221,Larceny Theft,Larceny - From Vehicle,"Theft, From Unlocked Vehicle, <$50",Open or Active,NEWHALL ST \ PALOU AVE,20664000.0,Bayview,Bayview Hunters Point,10.0,10.0,37.73503875732422,-122.3927764892578,POINT (-122.39277648925781 37.73503875732422),87.0,,,,,,9.0,2.0
2024/01/25 03:40:00 PM,2024/01/25,03:40 PM,2024,Thursday,2024/01/26 11:23:00 AM,135945204134,1359452,240056831,240261351.0,II,Initial,,4134,Assault,Simple Assault,Battery,Open or Active,CHESTNUT ST \ PIERCE ST,26964000.0,Northern,Marina,2.0,2.0,37.8004035949707,-122.43950653076172,POINT (-122.43950653076172 37.8004035949707),17.0,,,,,,6.0,4.0
2024/06/04 08:00:00 AM,2024/06/04,08:00 AM,2024,Tuesday,2024/06/04 07:05:00 PM,139617004144,1396170,240351045,241562900.0,II,Initial,,4144,Assault,Simple Assault,"Battery, Sexual",Open or Active,DIVISADERO ST \ PINE ST,26643000.0,Richmond,Pacific Heights,2.0,2.0,37.78711318969727,-122.44024658203124,POINT (-122.44024658203125 37.787113189697266),103.0,,,,,,6.0,4.0
2024/09/17 03:04:00 PM,2024/09/17,03:04 PM,2024,Tuesday,2024/09/17 03:11:00 PM,142480204013,1424802,240585391,242612100.0,II,Initial,,4013,Assault,Aggravated Assault,"Assault, Aggravated, W/ Other Weapon",Open or Active,SAWYER ST \ SUNNYDALE AVE,20407000.0,Ingleside,Visitacion Valley,10.0,10.0,37.71165466308594,-122.41507720947266,POINT (-122.41507720947266 37.71165466308594),75.0,,,,,,9.0,9.0
2024/09/17 03:20:00 PM,2024/09/17,03:20 PM,2024,Tuesday,2024/09/17 05:43:00 PM,142486906111,1424869,240585727,242612285.0,II,Initial,,6111,Larceny Theft,Larceny Theft - Pickpocket,"Theft, Pickpocket, <$50",Open or Active,SUTTER ST \ VAN NESS AVE,25219000.0,Northern,Nob Hill,3.0,2.0,37.78754806518555,-122.42176055908205,POINT (-122.42176055908203 37.78754806518555),100.0,,,,,,6.0,4.0
2024/08/17 08:00:00 AM,2024/08/17,08:00 AM,2024,Saturday,2024/09/17 12:54:00 PM,142478006381,1424780,240585090,242611605.0,II,Initial,,6381,Larceny Theft,Larceny Theft - Other,Embezzlement from Dependent or Elder Adult by Caretaker,Open or Active,EDDY ST \ LARKIN ST,25148000.0,Tenderloin,Tenderloin,5.0,6.0,37.78330993652344,-122.4175262451172,POINT (-122.41752624511719 37.78330993652344),20.0,,1.0,1.0,,,10.0,5.0
2024/06/04 04:21:00 PM,2024/06/04,04:21 PM,2024,Tuesday,2024/06/04 04:24:00 PM,139616906364,1396169,240351114,241562361.0,II,Initial,,6364,Larceny Theft,Larceny Theft - Shoplifting,"Theft, Shoplifting, >$950",Open or Active,18TH ST \ CASTRO ST,25813000.0,Mission,Castro/Upper Market,8.0,8.0,37.760887145996094,-122.43499755859376,POINT (-122.43499755859375 37.760887145996094),38.0,,,,5.0,,5.0,3.0
2024/01/26 03:00:00 PM,2024/01/26,03:00 PM,2024,Friday,2024/01/28 11:05:00 AM,135992206112,1359922,240061545,240280949.0,II,Initial,,6112,Larceny Theft,Larceny Theft - Pickpocket,"Theft, Pickpocket, $50-$200",Open or Active,GEARY BLVD \ FILLMORE ST,26590000.0,Northern,Western Addition,5.0,5.0,37.78435516357422,-122.43291473388672,POINT (-122.43291473388672 37.78435516357422),103.0,,,,,,11.0,4.0
2024/09/17 03:04:00 PM,2024/09/17,03:04 PM,2024,Tuesday,2024/09/17 03:11:00 PM,142480219057,1424802,240585391,242612100.0,II,Initial,,19057,Disorderly Conduct,Intimidation,Terrorist Threats,Open or Active,SAWYER ST \ SUNNYDALE AVE,20407000.0,Ingleside,Visitacion Valley,10.0,10.0,37.71165466308594,-122.41507720947266,POINT (-122.41507720947266 37.71165466308594),75.0,,,,,,9.0,9.0
2024/09/17 05:07:00 PM,2024/09/17,05:07 PM,2024,Tuesday,2024/09/17 08:34:00 PM,142488606361,1424886,240586117,242612874.0,II,Initial,,6361,Larceny Theft,Larceny Theft - Shoplifting,"Theft, Shoplifting, <$50",Open or Active,42ND AVE \ GEARY BLVD \ POINT LOBOS AVE,27917000.0,Richmond,Outer Richmond,1.0,1.0,37.77960968017578,-122.5029754638672,POINT (-122.50297546386719 37.77960968017578),6.0,,,,,,4.0,8.0
2024/09/18 04:38:00 PM,2024/09/18,04:38 PM,2024,Wednesday,2024/09/18 04:38:00 PM,142506412080,1425064,240588204,242622346.0,II,Initial,,12080,Weapons Carrying Etc,Weapons Offense,"Firearm, Possession By Prohibited Person",Cite or Arrest Adult,JONES ST \ TURK ST,24923000.0,Tenderloin,Tenderloin,5.0,6.0,37.78300476074219,-122.41241455078124,POINT (-122.41241455078125 37.78300476074219),20.0,,1.0,1.0,1.0,,10.0,5.0
2024/01/30 08:00:00 AM,2024/01/30,08:00 AM,2024,Tuesday,2024/01/30 11:25:00 AM,136045071013,1360450,240066147,240301275.0,VI,Vehicle Initial,,71013,Larceny Theft,Theft From Vehicle,"License Plate, Stolen",Open or Active,FRIDA KAHLO WAY \ GENEVA AVE \ OCEAN AVE,22192000.0,Ingleside,West of Twin Peaks,11.0,7.0,37.72307968139648,-122.45233154296876,POINT (-122.45233154296875 37.723079681396484),64.0,,,,,,8.0,10.0
2024/01/29 03:00:00 PM,2024/01/29,03:00 PM,2024,Monday,2024/01/29 05:29:00 PM,136031306362,1360313,240064771,240292477.0,II,Initial,,6362,Larceny Theft,Larceny Theft - Shoplifting,"Theft, Shoplifting, $50-$200",Cite or Arrest Adult,POWELL ST \ OFARRELL ST,24904000.0,Central,Tenderloin,3.0,3.0,37.78641128540039,-122.40803527832033,POINT (-122.40803527832031 37.78641128540039),19.0,,,,,,3.0,6.0
2024/01/31 03:30:00 PM,2024/01/31,03:30 PM,2024,Wednesday,2024/02/01 05:19:00 PM,136113506243,1361135,240071732,240322411.0,II,Initial,,6243,Larceny Theft,Larceny - From Vehicle,"Theft, From Locked Vehicle, $200-$950",Open or Active,31ST AVE \ QUINTARA ST,23397000.0,Taraval,Sunset/Parkside,4.0,4.0,37.748077392578125,-122.48893737792967,POINT (-122.48893737792969 37.748077392578125),40.0,,,,,,7.0,10.0
2024/01/29 04:52:00 PM,2024/01/29,04:52 PM,2024,Monday,2024/01/29 04:52:00 PM,136027219057,1360272,240061971,240292435.0,IS,Initial Supplement,,19057,Disorderly Conduct,Intimidation,Terrorist Threats,Cite or Arrest Adult,NEWHALL ST \ OAKDALE AVE,20667000.0,Bayview,Bayview Hunters Point,10.0,10.0,37.73566055297852,-122.3922119140625,POINT (-122.3922119140625 37.735660552978516),86.0,,,,,,9.0,2.0
2024/01/29 04:52:00 PM,2024/01/29,04:52 PM,2024,Monday,2024/01/29 04:52:00 PM,136027212100,1360272,240061971,240292435.0,IS,Initial Supplement,,12100,Weapons Carrying Etc,Weapons Offense,"Firearm, Possession of Loaded",Cite or Arrest Adult,NEWHALL ST \ OAKDALE AVE,20667000.0,Bayview,Bayview Hunters Point,10.0,10.0,37.73566055297852,-122.3922119140625,POINT (-122.3922119140625 37.735660552978516),86.0,,,,,,9.0,2.0
2024/01/19 06:00:00 PM,2024/01/19,06:00 PM,2024,Friday,2024/01/29 01:00:00 PM,136022806241,1360228,240063905,240291693.0,II,Initial,,6241,Larceny Theft,Larceny - From Vehicle,"Theft, From Locked Vehicle, <$50",Open or Active,GILMAN AVE \ INGALLS ST,20443000.0,Bayview,Bayview Hunters Point,10.0,10.0,37.7203483581543,-122.3918685913086,POINT (-122.3918685913086 37.7203483581543),88.0,,,,,,9.0,2.0
2024/01/30 03:07:00 PM,2024/01/30,03:07 PM,2024,Tuesday,2024/01/30 03:07:00 PM,136053712173,1360537,240064618,240302046.0,IS,Initial Supplement,,12173,Weapons Carrying Etc,Weapons Offense,"Ammunition, Poss. By Prohibited Person",Cite or Arrest Adult,EDDY ST \ HYDE ST,25138000.0,Tenderloin,Tenderloin,5.0,6.0,37.78351593017578,-122.41588592529295,POINT (-122.41588592529297 37.78351593017578),20.0,,1.0,1.0,,,10.0,5.0
2024/01/30 03:07:00 PM,2024/01/30,03:07 PM,2024,Tuesday,2024/01/30 03:07:00 PM,136053704083,1360537,240064618,240302046.0,IS,Initial Supplement,,4083,Assault,Aggravated Assault,"Firearm, Discharging in Grossly Negligent Manner",Cite or Arrest Adult,EDDY ST \ HYDE ST,25138000.0,Tenderloin,Tenderloin,5.0,6.0,37.78351593017578,-122.41588592529295,POINT (-122.41588592529297 37.78351593017578),20.0,,1.0,1.0,,,10.0,5.0
2024/01/29 04:35:00 PM,2024/01/29,04:35 PM,2024,Monday,2024/01/31 07:42:00 AM,136096306244,1360963,246011940,,II,Coplogic Initial,True,6244,Larceny Theft,Larceny - From Vehicle,"Theft, From Locked Vehicle, >$950",Open or Active,POLK ST \ EDDY ST,25176000.0,Northern,Tenderloin,5.0,6.0,37.78310012817383,-122.41918182373048,POINT (-122.41918182373047 37.78310012817383),20.0,,1.0,1.0,,,10.0,4.0
2024/01/31 07:00:00 AM,2024/01/31,07:00 AM,2024,Wednesday,2024/02/01 11:03:00 AM,136103171013,1361031,240070671,240321136.0,VI,Vehicle Initial,,71013,Larceny Theft,Theft From Vehicle,"License Plate, Stolen",Open or Active,LEAVENWORTH ST \ TURK ST,24934000.0,Tenderloin,Tenderloin,5.0,6.0,37.78279495239258,-122.41405487060548,POINT (-122.41405487060547 37.78279495239258),20.0,,1.0,1.0,1.0,,10.0,5.0
2024/01/30 03:07:00 PM,2024/01/30,03:07 PM,2024,Tuesday,2024/01/30 03:07:00 PM,136053712080,1360537,240064618,240302046.0,IS,Initial Supplement,,12080,Weapons Carrying Etc,Weapons Offense,"Firearm, Possession By Prohibited Person",Cite or Arrest Adult,EDDY ST \ HYDE ST,25138000.0,Tenderloin,Tenderloin,5.0,6.0,37.78351593017578,-122.41588592529295,POINT (-122.41588592529297 37.78351593017578),20.0,,1.0,1.0,,,10.0,5.0
2024/01/23 04:44:00 PM,2024/01/23,04:44 PM,2024,Tuesday,2024/01/29 12:02:00 PM,136051406363,1360514,246011310,,II,Coplogic Initial,True,6363,Larceny Theft,Larceny Theft - Shoplifting,"Theft, Shoplifting, $200-$950",Open or Active,GEARY BLVD \ 42ND AVE \ POINT LOBOS AVE,27917000.0,Richmond,Outer Richmond,1.0,1.0,37.77960968017578,-122.5029754638672,POINT (-122.50297546386719 37.77960968017578),6.0,,,,,,4.0,8.0
2024/01/31 06:00:00 PM,2024/01/31,06:00 PM,2024,Wednesday,2024/01/31 07:30:00 PM,136085106113,1360851,240069561,240312727.0,II,Initial,,6113,Larceny Theft,Larceny Theft - Pickpocket,"Theft, Pickpocket, $200-$950",Unfounded,EDDY ST \ JONES ST,24929000.0,Tenderloin,Tenderloin,5.0,6.0,37.78393173217773,-122.41259765625,POINT (-122.41259765625 37.783931732177734),20.0,,1.0,1.0,,,10.0,5.0
2024/01/31 06:00:00 PM,2024/01/31,06:00 PM,2024,Wednesday,2024/02/01 05:35:00 PM,136112706224,1361127,240071782,240327490.0,II,Initial,,6224,Larceny Theft,Larceny - From Vehicle,"Theft, From Unlocked Vehicle, >$950",Open or Active,28TH AVE \ GEARY BLVD,27558000.0,Richmond,Outer Richmond,1.0,1.0,37.77994537353516,-122.48794555664062,POINT (-122.48794555664062 37.779945373535156),8.0,,,,,,4.0,8.0
2024/02/02 03:18:00 PM,2024/02/02,03:18 PM,2024,Friday,2024/02/02 05:39:00 PM,136142106364,1361421,240074009,240332203.0,II,Initial,,6364,Larceny Theft,Larceny Theft - Shoplifting,"Theft, Shoplifting, >$950",Cite or Arrest Adult,STOCKTON ST \ GEARY ST,24901000.0,Central,Financial District/South Beach,3.0,3.0,37.78756713867188,-122.4065933227539,POINT (-122.4065933227539 37.787567138671875),19.0,,,,,,3.0,6.0
2024/02/02 05:06:00 PM,2024/02/02,05:06 PM,2024,Friday,2024/02/02 05:07:00 PM,136140619090,1361406,240009517,240332442.0,IS,Initial Supplement,,19090,Disorderly Conduct,Drunkenness,"Alcohol, Under Influence Of In Public Place",Cite or Arrest Adult,18TH ST \ MISSION ST,24149000.0,Mission,Mission,9.0,9.0,37.761837005615234,-122.41935729980467,POINT (-122.41935729980469 37.761837005615234),53.0,,,,3.0,,2.0,3.0
2024/01/26 03:00:00 PM,2024/01/26,03:00 PM,2024,Friday,2024/02/02 03:33:00 AM,136123106372,1361231,240072508,240330251.0,II,Initial,,6372,Larceny Theft,Larceny Theft - Other,"Theft, Other Property, $50-$200",Open or Active,TURK ST \ JONES ST,24923000.0,Tenderloin,Tenderloin,5.0,6.0,37.78300476074219,-122.41241455078124,POINT (-122.41241455078125 37.78300476074219),20.0,,1.0,1.0,1.0,,10.0,5.0
2024/02/01 05:55:00 PM,2024/02/01,05:55 PM,2024,Thursday,2024/02/01 06:17:00 PM,136143804134,1361438,240071873,240322574.0,II,Initial,,4134,Assault,Simple Assault,Battery,Open or Active,BAY SHORE BLVD \ LELAND AVE,20313000.0,Ingleside,Bayview Hunters Point,10.0,10.0,37.71118927001953,-122.40364837646484,POINT (-122.40364837646484 37.71118927001953),89.0,,,,,,9.0,9.0
2024/09/19 03:28:00 PM,2024/09/19,03:28 PM,2024,Thursday,2024/09/19 03:42:00 PM,142538304013,1425383,240590099,242632108.0,II,Initial,,4013,Assault,Aggravated Assault,"Assault, Aggravated, W/ Other Weapon",Open or Active,GEARY ST \ LARKIN ST,25170000.0,Northern,Tenderloin,3.0,6.0,37.78610229492188,-122.4180908203125,POINT (-122.4180908203125 37.786102294921875),20.0,,,,,,10.0,6.0
2024/09/19 03:05:00 PM,2024/09/19,03:05 PM,2024,Thursday,2024/09/19 04:10:00 PM,142534806362,1425348,240590209,242632030.0,II,Initial,,6362,Larceny Theft,Larceny Theft - Shoplifting,"Theft, Shoplifting, $50-$200",Cite or Arrest Adult,OFARRELL ST \ POWELL ST,24904000.0,Central,Tenderloin,3.0,3.0,37.78641128540039,-122.40803527832033,POINT (-122.40803527832031 37.78641128540039),19.0,,,,,,3.0,6.0
2024/09/19 04:30:00 PM,2024/09/19,04:30 PM,2024,Thursday,2024/09/19 05:04:00 PM,142533804170,1425338,240590378,242632414.0,II,Initial,,4170,Assault,Simple Assault,False Imprisonment,Open or Active,EDDY ST \ GOUGH ST,26490000.0,Northern,Western Addition,2.0,5.0,37.78247833251953,-122.42411041259766,POINT (-122.42411041259766 37.78247833251953),100.0,,,1.0,,,11.0,4.0
2024/01/30 03:26:00 PM,2024/01/30,03:26 PM,2024,Tuesday,2024/02/02 05:50:00 PM,136143706304,1361437,240074015,240331197.0,II,Initial,,6304,Larceny Theft,Larceny Theft - From Building,"Theft, From Building, >$950",Open or Active,FRONT ST \ FREMONT ST \ MARKET ST,30730000.0,Central,Financial District/South Beach,6.0,6.0,37.79171752929688,-122.39826202392578,POINT (-122.39826202392578 37.791717529296875),108.0,,,,,,10.0,6.0
2024/06/07 03:40:00 PM,2024/06/07,03:40 PM,2024,Friday,2024/06/07 05:40:00 PM,139699106364,1396991,240357877,241592047.0,II,Initial,,6364,Larceny Theft,Larceny Theft - Shoplifting,"Theft, Shoplifting, >$950",Cite or Arrest Adult,OFARRELL ST \ POWELL ST,24904000.0,Central,Tenderloin,3.0,3.0,37.78641128540039,-122.40803527832033,POINT (-122.40803527832031 37.78641128540039),19.0,,,,,,3.0,6.0
2024/06/10 06:00:00 PM,2024/06/10,06:00 PM,2024,Monday,2024/06/10 06:11:00 PM,139760104134,1397601,240363799,241622439.0,II,Initial,,4134,Assault,Simple Assault,Battery,Open or Active,18TH ST \ MISSION ST,24149000.0,Mission,Mission,9.0,9.0,37.761837005615234,-122.41935729980467,POINT (-122.41935729980469 37.761837005615234),53.0,,,,3.0,,2.0,3.0
2024/02/05 05:50:00 PM,2024/02/05,05:50 PM,2024,Monday,2024/02/05 06:10:00 PM,136210504134,1362105,240079338,240362669.0,II,Initial,,4134,Assault,Simple Assault,Battery,Open or Active,25TH ST \ RHODE ISLAND ST,23694000.0,Bayview,Potrero Hill,10.0,10.0,37.75201797485352,-122.4013671875,POINT (-122.4013671875 37.752017974853516),54.0,,,,,,9.0,2.0
2024/02/05 03:31:00 PM,2024/02/05,03:31 PM,2024,Monday,2024/02/05 04:45:00 PM,136207206362,1362072,240079059,240362195.0,II,Initial,,6362,Larceny Theft,Larceny Theft - Shoplifting,"Theft, Shoplifting, $50-$200",Cite or Arrest Adult,POWELL ST \ OFARRELL ST,24904000.0,Central,Tenderloin,3.0,3.0,37.78641128540039,-122.40803527832033,POINT (-122.40803527832031 37.78641128540039),19.0,,,,,,3.0,6.0
2024/01/10 04:30:00 PM,2024/01/10,04:30 PM,2024,Wednesday,2024/01/10 08:09:00 PM,136191206372,1361912,246013134,,II,Coplogic Initial,True,6372,Larceny Theft,Larceny Theft - Other,"Theft, Other Property, $50-$200",Open or Active,STOCKTON ST \ GEARY ST,24901000.0,Central,Financial District/South Beach,3.0,3.0,37.78756713867188,-122.4065933227539,POINT (-122.4065933227539 37.787567138671875),19.0,,,,,,3.0,6.0
2024/01/11 05:30:00 PM,2024/01/11,05:30 PM,2024,Thursday,2024/01/11 07:26:00 PM,136188806374,1361888,246013253,,II,Coplogic Initial,True,6374,Larceny Theft,Larceny Theft - Other,"Theft, Other Property, >$950",Open or Active,POWELL ST \ OFARRELL ST,24904000.0,Central,Tenderloin,3.0,3.0,37.78641128540039,-122.40803527832033,POINT (-122.40803527832031 37.78641128540039),19.0,,,,,,3.0,6.0
2024/05/31 05:30:00 PM,2024/05/31,05:30 PM,2024,Friday,2024/06/06 11:18:00 AM,139657904134,1396579,240354362,241581141.0,II,Initial,,4134,Assault,Simple Assault,Battery,Open or Active,HYDE ST \ TURK ST,24933000.0,Tenderloin,Tenderloin,5.0,6.0,37.78258514404297,-122.41569519042967,POINT (-122.41569519042969 37.78258514404297),20.0,,1.0,1.0,1.0,,10.0,5.0
2024/05/20 04:05:00 PM,2024/05/20,04:05 PM,2024,Monday,2024/06/07 01:18:00 PM,139744606372,1397446,246074562,,II,Coplogic Initial,True,6372,Larceny Theft,Larceny Theft - Other,"Theft, Other Property, $50-$200",Open or Active,OFARRELL ST \ SHANNON ST,24944000.0,Tenderloin,Tenderloin,5.0,6.0,37.785892486572266,-122.41214752197266,POINT (-122.41214752197266 37.785892486572266),20.0,,1.0,,,,10.0,5.0
2024/02/02 05:38:00 PM,2024/02/02,05:38 PM,2024,Friday,2024/02/04 05:32:00 PM,136216706374,1362167,246013861,,II,Coplogic Initial,True,6374,Larceny Theft,Larceny Theft - Other,"Theft, Other Property, >$950",Open or Active,08TH ST \ GROVE ST \ HYDE ST \ MARKET ST,24429000.0,Tenderloin,Tenderloin,6.0,6.0,37.77872085571289,-122.41474151611328,POINT (-122.41474151611328 37.77872085571289),21.0,,1.0,1.0,1.0,,10.0,5.0
2024/02/05 04:00:00 PM,2024/02/05,04:00 PM,2024,Monday,2024/02/06 09:01:00 AM,136228771013,1362287,240080852,240370767.0,VI,Vehicle Initial,,71013,Larceny Theft,Theft From Vehicle,"License Plate, Stolen",Open or Active,EDDY ST \ SCOTT ST,26075000.0,Northern,Western Addition,5.0,5.0,37.780799865722656,-122.43726348876952,POINT (-122.43726348876953 37.780799865722656),97.0,,,,,,11.0,4.0
2024/02/07 04:40:00 PM,2024/02/07,04:40 PM,2024,Wednesday,2024/02/07 07:25:00 PM,136262706363,1362627,240083953,240382668.0,II,Initial,,6363,Larceny Theft,Larceny Theft - Shoplifting,"Theft, Shoplifting, $200-$950",Cite or Arrest Adult,POWELL ST \ OFARRELL ST,24904000.0,Central,Tenderloin,3.0,3.0,37.78641128540039,-122.40803527832033,POINT (-122.40803527832031 37.78641128540039),19.0,,,,,,3.0,6.0
2024/01/31 05:00:00 PM,2024/01/31,05:00 PM,2024,Wednesday,2024/02/06 12:07:00 PM,136279506244,1362795,246014314,,II,Coplogic Initial,True,6244,Larceny Theft,Larceny - From Vehicle,"Theft, From Locked Vehicle, >$950",Open or Active,CHESTNUT ST \ PIERCE ST,26964000.0,Northern,Marina,2.0,2.0,37.8004035949707,-122.43950653076172,POINT (-122.43950653076172 37.8004035949707),17.0,,,,,,6.0,4.0
2024/02/06 05:30:00 PM,2024/02/06,05:30 PM,2024,Tuesday,2024/02/08 07:36:00 PM,136298971013,1362989,240086220,240392953.0,VI,Vehicle Initial,,71013,Larceny Theft,Theft From Vehicle,"License Plate, Stolen",Open or Active,GARFIELD ST \ BRIGHT ST,22614000.0,Taraval,Oceanview/Merced/Ingleside,11.0,11.0,37.71989059448242,-122.46356201171876,POINT (-122.46356201171875 37.71989059448242),64.0,,,,,,1.0,10.0
2024/02/08 05:15:00 PM,2024/02/08,05:15 PM,2024,Thursday,2024/02/08 06:58:00 PM,136301606303,1363016,240086195,240392754.0,II,Initial,,6303,Larceny Theft,Larceny Theft - From Building,"Theft, From Building, $200-$950",Open or Active,GEARY ST \ LEAVENWORTH ST,25154000.0,Central,Tenderloin,5.0,6.0,37.78651809692383,-122.41481018066406,POINT (-122.41481018066406 37.78651809692383),20.0,,1.0,,,,10.0,6.0
2024/01/15 04:00:00 PM,2024/01/15,04:00 PM,2024,Monday,2024/01/16 06:08:00 PM,136274806244,1362748,246014831,,II,Coplogic Initial,True,6244,Larceny Theft,Larceny - From Vehicle,"Theft, From Locked Vehicle, >$950",Open or Active,POLK ST \ NORTH POINT ST,26704000.0,Central,Russian Hill,2.0,2.0,37.8052864074707,-122.42365264892578,POINT (-122.42365264892578 37.8052864074707),98.0,,,,,,6.0,6.0
2024/03/19 03:45:00 PM,2024/03/19,03:45 PM,2024,Tuesday,2024/03/22 01:34:00 PM,137568804134,1375688,240183393,240821772.0,II,Initial,,4134,Assault,Simple Assault,Battery,Open or Active,MANSELL ST \ GOETTINGEN ST,20589000.0,Bayview,Portola,9.0,9.0,37.72076797485352,-122.40401458740234,POINT (-122.40401458740234 37.720767974853516),91.0,,,,,,2.0,2.0
2024/06/10 04:44:00 PM,2024/06/10,04:44 PM,2024,Monday,2024/06/10 04:54:00 PM,139788104134,1397881,240363670,241622180.0,II,Initial,,4134,Assault,Simple Assault,Battery,Open or Active,24TH ST \ SOUTH VAN NESS AVE,24063000.0,Mission,Mission,9.0,9.0,37.75237274169922,-122.41626739501952,POINT (-122.41626739501953 37.75237274169922),53.0,,,,3.0,,2.0,3.0
2024/09/18 04:00:00 PM,2024/09/18,04:00 PM,2024,Wednesday,2024/09/18 06:56:00 PM,142542406372,1425424,246121464,,II,Coplogic Initial,True,6372,Larceny Theft,Larceny Theft - Other,"Theft, Other Property, $50-$200",Open or Active,03RD ST \ KEARNY ST \ MARKET ST,30738000.0,Tenderloin,Financial District/South Beach,6.0,3.0,37.78764343261719,-122.40342712402344,POINT (-122.40342712402344 37.78764343261719),32.0,,,,,,3.0,6.0
2024/02/09 03:10:00 PM,2024/02/09,03:10 PM,2024,Friday,2024/02/09 03:32:00 PM,136325306114,1363253,240088248,240402168.0,II,Initial,,6114,Larceny Theft,Larceny Theft - Pickpocket,"Theft, Pickpocket, >$950",Open or Active,STOCKTON ST \ WASHINGTON ST,25026000.0,Central,Chinatown,3.0,3.0,37.79494094848633,-122.4080810546875,POINT (-122.4080810546875 37.79494094848633),104.0,,,,,,3.0,6.0
2024/02/09 03:37:00 PM,2024/02/09,03:37 PM,2024,Friday,2024/02/09 03:56:00 PM,136323906361,1363239,240088408,240402297.0,II,Initial,,6361,Larceny Theft,Larceny Theft - Shoplifting,"Theft, Shoplifting, <$50",Cite or Arrest Adult,FILLMORE ST \ EDDY ST,26044000.0,Northern,Western Addition,5.0,5.0,37.78142929077149,-122.4323272705078,POINT (-122.43232727050781 37.781429290771484),97.0,,,,,,11.0,4.0
2024/02/08 03:45:00 PM,2024/02/08,03:45 PM,2024,Thursday,2024/02/08 03:59:00 PM,136302806154,1363028,240085749,240392248.0,II,Initial,,6154,Larceny Theft,Larceny Theft - Other,"Theft, From Person, >$950 (other than Pickpocket)",Open or Active,VAN NESS AVE \ CLAY ST,26535000.0,Northern,Nob Hill,3.0,3.0,37.79217529296875,-122.42269134521484,POINT (-122.42269134521484 37.79217529296875),105.0,,,,,,3.0,4.0
2024/09/19 03:42:00 PM,2024/09/19,03:42 PM,2024,Thursday,2024/09/19 03:59:00 PM,142560904134,1425609,240590146,242632152.0,II,Initial,,4134,Assault,Simple Assault,Battery,Open or Active,FILLMORE ST \ GEARY BLVD,26590000.0,Northern,Western Addition,5.0,5.0,37.78435516357422,-122.43291473388672,POINT (-122.43291473388672 37.78435516357422),103.0,,,,,,11.0,4.0
2024/02/09 04:05:00 PM,2024/02/09,04:05 PM,2024,Friday,2024/02/10 05:36:00 PM,136346506112,1363465,240090760,240412346.0,II,Initial,,6112,Larceny Theft,Larceny Theft - Pickpocket,"Theft, Pickpocket, $50-$200",Open or Active,GEARY BLVD \ FILLMORE ST,26590000.0,Northern,Western Addition,5.0,5.0,37.78435516357422,-122.43291473388672,POINT (-122.43291473388672 37.78435516357422),103.0,,,,,,11.0,4.0
2024/06/12 03:00:00 PM,2024/06/12,03:00 PM,2024,Wednesday,2024/06/12 06:17:00 PM,139814506112,1398145,240368818,241642912.0,II,Initial,,6112,Larceny Theft,Larceny Theft - Pickpocket,"Theft, Pickpocket, $50-$200",Open or Active,MARKET ST \ SOUTH VAN NESS AVE \ VAN NESS AVE,30748000.0,Southern,Mission,6.0,6.0,37.775146484375,-122.41925811767578,POINT (-122.41925811767578 37.775146484375),32.0,,1.0,1.0,1.0,,10.0,1.0
2024/06/04 04:21:00 PM,2024/06/04,04:21 PM,2024,Tuesday,2024/06/04 04:24:00 PM,139787606364,1397876,240351114,241562361.0,IS,Initial Supplement,,6364,Larceny Theft,Larceny Theft - Shoplifting,"Theft, Shoplifting, >$950",Open or Active,18TH ST \ CASTRO ST,25813000.0,Mission,Castro/Upper Market,8.0,8.0,37.760887145996094,-122.43499755859376,POINT (-122.43499755859375 37.760887145996094),38.0,,,,5.0,,5.0,3.0
2024/06/11 04:45:00 PM,2024/06/11,04:45 PM,2024,Tuesday,2024/06/12 01:53:00 PM,139807206112,1398072,240368040,241642036.0,II,Initial,,6112,Larceny Theft,Larceny Theft - Pickpocket,"Theft, Pickpocket, $50-$200",Open or Active,GEARY BLVD \ GEARY ST \ VAN NESS AVE,25197000.0,Northern,Western Addition,3.0,5.0,37.78568649291992,-122.42139434814452,POINT (-122.42139434814453 37.78568649291992),100.0,,,,,,11.0,4.0
2024/02/08 04:20:00 PM,2024/02/08,04:20 PM,2024,Thursday,2024/02/12 01:19:00 PM,136389504134,1363895,240094524,240431540.0,II,Initial,,4134,Assault,Simple Assault,Battery,Open or Active,16TH ST \ MISSION ST,24170000.0,Mission,Mission,9.0,9.0,37.76505279541016,-122.41967010498048,POINT (-122.41967010498047 37.765052795410156),53.0,,,,3.0,,2.0,3.0
2024/02/11 07:40:00 AM,2024/02/11,07:40 AM,2024,Sunday,2024/02/12 04:44:00 PM,136395706303,1363957,240095099,240432187.0,II,Initial,,6303,Larceny Theft,Larceny Theft - From Building,"Theft, From Building, $200-$950",Cite or Arrest Adult,GEARY BLVD \ ARGUELLO BLVD,27230000.0,Richmond,Lone Mountain/USF,2.0,1.0,37.78125762939453,-122.4588623046875,POINT (-122.4588623046875 37.78125762939453),,,,,,,4.0,8.0
2024/03/21 05:17:00 PM,2024/03/21,05:17 PM,2024,Thursday,2024/03/22 12:51:00 PM,137584406374,1375844,246038477,,II,Coplogic Initial,True,6374,Larceny Theft,Larceny Theft - Other,"Theft, Other Property, >$950",Open or Active,GEARY BLVD \ DIVISADERO ST,26621000.0,Northern,Japantown,5.0,5.0,37.78330993652344,-122.43948364257812,POINT (-122.43948364257812 37.78330993652344),103.0,,,,,,11.0,4.0
2024/06/12 04:45:00 PM,2024/06/12,04:45 PM,2024,Wednesday,2024/06/13 09:44:00 AM,139835006113,1398350,240370023,241650956.0,II,Initial,,6113,Larceny Theft,Larceny Theft - Pickpocket,"Theft, Pickpocket, $200-$950",Open or Active,GEARY ST \ POWELL ST,24903000.0,Central,Financial District/South Beach,3.0,3.0,37.78736114501953,-122.4082260131836,POINT (-122.4082260131836 37.78736114501953),19.0,,,,,,3.0,6.0
2024/01/11 05:40:00 PM,2024/01/11,05:40 PM,2024,Thursday,2024/02/11 06:48:00 PM,136408506374,1364085,246016928,,II,Coplogic Initial,True,6374,Larceny Theft,Larceny Theft - Other,"Theft, Other Property, >$950",Open or Active,GEARY BLVD \ DIVISADERO ST,26621000.0,Northern,Japantown,5.0,5.0,37.78330993652344,-122.43948364257812,POINT (-122.43948364257812 37.78330993652344),103.0,,,,,,11.0,4.0
2024/02/13 04:00:00 PM,2024/02/13,04:00 PM,2024,Tuesday,2024/02/13 08:08:00 PM,136432906151,1364329,240097904,240442640.0,II,Initial,,6151,Larceny Theft,Larceny Theft - Other,"Theft, From Person, <$50 (other than Pickpocket)",Open or Active,EDDY ST \ VAN NESS AVE,25186000.0,Northern,Tenderloin,5.0,6.0,37.78289413452149,-122.42081451416016,POINT (-122.42081451416016 37.782894134521484),20.0,,1.0,1.0,,,10.0,4.0
2024/06/13 05:52:00 PM,2024/06/13,05:52 PM,2024,Thursday,2024/06/13 05:52:00 PM,139849704134,1398497,240371225,241652538.0,II,Initial,,4134,Assault,Simple Assault,Battery,Open or Active,07TH ST \ HOWARD ST,24265000.0,Southern,South of Market,6.0,6.0,37.777976989746094,-122.40938568115234,POINT (-122.40938568115234 37.777976989746094),32.0,,,1.0,1.0,,10.0,1.0
2024/02/14 05:15:00 PM,2024/02/14,05:15 PM,2024,Wednesday,2024/02/14 07:59:00 PM,136473206241,1364732,240100353,240452762.0,II,Initial,,6241,Larceny Theft,Larceny - From Vehicle,"Theft, From Locked Vehicle, <$50",Open or Active,VAN NESS AVE \ SACRAMENTO ST,26536000.0,Northern,Nob Hill,3.0,3.0,37.791290283203125,-122.42251586914062,POINT (-122.42251586914062 37.791290283203125),102.0,,,,,,3.0,4.0
2024/02/15 04:30:00 PM,2024/02/15,04:30 PM,2024,Thursday,2024/02/15 06:23:00 PM,136497806372,1364978,240102531,240462662.0,II,Initial,,6372,Larceny Theft,Larceny Theft - Other,"Theft, Other Property, $50-$200",Open or Active,03RD AVE \ GEARY BLVD,27245000.0,Richmond,Inner Richmond,1.0,1.0,37.781158447265625,-122.4610595703125,POINT (-122.4610595703125 37.781158447265625),5.0,,,,,,4.0,8.0
2024/02/08 04:00:00 PM,2024/02/08,04:00 PM,2024,Thursday,2024/02/14 12:05:00 PM,136480306372,1364803,246018805,,II,Coplogic Initial,True,6372,Larceny Theft,Larceny Theft - Other,"Theft, Other Property, $50-$200",Open or Active,46TH AVE \ WAWONA ST,23455000.0,Taraval,Sunset/Parkside,4.0,4.0,37.73618316650391,-122.50422668457033,POINT (-122.50422668457031 37.736183166503906),40.0,,,,,,7.0,10.0
2024/02/14 05:50:00 PM,2024/02/14,05:50 PM,2024,Wednesday,2024/02/15 07:11:00 PM,136500006364,1365000,240102650,240461906.0,II,Initial,,6364,Larceny Theft,Larceny Theft - Shoplifting,"Theft, Shoplifting, >$950",Open or Active,20TH AVE \ WINSTON DR,33719000.0,Taraval,Lakeshore,7.0,7.0,37.72695159912109,-122.47603607177734,POINT (-122.47603607177734 37.726951599121094),41.0,,,,,,8.0,10.0
2024/01/15 03:00:00 PM,2024/01/15,03:00 PM,2024,Monday,2024/03/23 05:54:00 PM,137595071013,1375950,240186212,240832327.0,VI,Vehicle Initial,,71013,Larceny Theft,Theft From Vehicle,"License Plate, Stolen",Open or Active,ULLOA ST \ 14TH AVE,22954000.0,Taraval,West of Twin Peaks,7.0,7.0,37.74142456054688,-122.47010803222656,POINT (-122.47010803222656 37.741424560546875),46.0,,,,,,8.0,10.0
2024/02/15 04:30:00 PM,2024/02/15,04:30 PM,2024,Thursday,2024/02/15 10:52:00 PM,136537006374,1365370,240102882,,IS,Coplogic Supplement,True,6374,Larceny Theft,Larceny Theft - Other,"Theft, Other Property, >$950",Open or Active,EDDY ST \ DIVISADERO ST,26076000.0,Northern,Western Addition,5.0,5.0,37.78059005737305,-122.43892669677734,POINT (-122.43892669677734 37.78059005737305),97.0,,,,,,11.0,4.0
2024/01/31 04:17:00 PM,2024/01/31,04:17 PM,2024,Wednesday,2024/02/16 05:13:00 PM,136544906363,1365449,246019411,,II,Coplogic Initial,True,6363,Larceny Theft,Larceny Theft - Shoplifting,"Theft, Shoplifting, $200-$950",Open or Active,STOCKTON ST \ GEARY ST,24901000.0,Out of SF,Financial District/South Beach,3.0,3.0,37.78756713867188,-122.4065933227539,POINT (-122.4065933227539 37.787567138671875),19.0,,,,,,3.0,6.0
2024/09/22 07:07:00 AM,2024/09/22,07:07 AM,2024,Sunday,2024/09/22 07:07:00 AM,142601319057,1426013,240595851,242660578.0,II,Initial,,19057,Disorderly Conduct,Intimidation,Terrorist Threats,Cite or Arrest Adult,EVANS AVE \ SELBY ST,33107000.0,Bayview,Bayview Hunters Point,10.0,10.0,37.74616241455078,-122.39405059814452,POINT (-122.39405059814453 37.74616241455078),85.0,,,,,,9.0,2.0
2024/09/17 04:30:00 PM,2024/09/17,04:30 PM,2024,Tuesday,2024/09/19 10:56:00 AM,142609306372,1426093,246122707,,II,Coplogic Initial,True,6372,Larceny Theft,Larceny Theft - Other,"Theft, Other Property, $50-$200",Open or Active,34TH AVE \ BALBOA ST,27847000.0,Richmond,Outer Richmond,1.0,1.0,37.77586364746094,-122.49410247802734,POINT (-122.49410247802734 37.77586364746094),8.0,,,,,,4.0,8.0
2024/09/22 07:07:00 AM,2024/09/22,07:07 AM,2024,Sunday,2024/09/22 07:07:00 AM,142601304013,1426013,240595851,242660578.0,II,Initial,,4013,Assault,Aggravated Assault,"Assault, Aggravated, W/ Other Weapon",Cite or Arrest Adult,EVANS AVE \ SELBY ST,33107000.0,Bayview,Bayview Hunters Point,10.0,10.0,37.74616241455078,-122.39405059814452,POINT (-122.39405059814453 37.74616241455078),85.0,,,,,,9.0,2.0
2024/02/15 05:00:00 PM,2024/02/15,05:00 PM,2024,Thursday,2024/02/16 09:14:00 AM,136558906224,1365589,246019518,,II,Coplogic Initial,True,6224,Larceny Theft,Larceny - From Vehicle,"Theft, From Unlocked Vehicle, >$950",Open or Active,FILLMORE ST \ EDDY ST,26044000.0,Northern,Western Addition,5.0,5.0,37.78142929077149,-122.4323272705078,POINT (-122.43232727050781 37.781429290771484),97.0,,,,,,11.0,4.0
2024/02/19 06:00:00 PM,2024/02/19,06:00 PM,2024,Monday,2024/02/20 12:49:00 AM,136608004138,1366080,240111623,240510069.0,II,Initial,,4138,Assault,Simple Assault,"Battery, former Spouse or Dating Relationship",Cite or Arrest Adult,EDDY ST \ JONES ST,24929000.0,Southern,Tenderloin,5.0,6.0,37.78393173217773,-122.41259765625,POINT (-122.41259765625 37.783931732177734),20.0,,1.0,1.0,,,10.0,5.0
2024/02/16 03:13:00 PM,2024/02/16,03:13 PM,2024,Friday,2024/02/20 06:44:00 PM,136661106360,1366611,246021955,,II,Coplogic Initial,True,6360,Larceny Theft,Larceny Theft - Shoplifting,"Theft, Shoplifting, Att.",Open or Active,20TH AVE \ WINSTON DR,33719000.0,Taraval,Lakeshore,7.0,7.0,37.72695159912109,-122.47603607177734,POINT (-122.47603607177734 37.726951599121094),41.0,,,,,,8.0,10.0
2024/06/18 07:17:00 AM,2024/06/18,07:17 AM,2024,Tuesday,2024/06/18 11:23:00 AM,139961906302,1399619,240379859,241700765.0,II,Initial,,6302,Larceny Theft,Larceny Theft - From Building,"Theft, From Building, $50-$200",Open or Active,EDDY ST \ HYDE ST,25138000.0,Tenderloin,Tenderloin,5.0,6.0,37.78351593017578,-122.41588592529295,POINT (-122.41588592529297 37.78351593017578),20.0,,1.0,1.0,,,10.0,5.0
2024/02/22 05:44:00 PM,2024/02/22,05:44 PM,2024,Thursday,2024/02/22 05:44:00 PM,136706404144,1367064,240118055,240532806.0,II,Initial,,4144,Assault,Simple Assault,"Battery, Sexual",Cite or Arrest Adult,08TH ST \ HOWARD ST,24299000.0,Southern,South of Market,6.0,6.0,37.77622222900391,-122.41160583496094,POINT (-122.41160583496094 37.776222229003906),32.0,,1.0,1.0,1.0,,10.0,1.0
2024/02/22 04:00:00 PM,2024/02/22,04:00 PM,2024,Thursday,2024/02/22 08:04:00 PM,136703926145,1367039,240118221,240533181.0,II,Initial,,26145,Larceny Theft,Larceny Theft - Other,"Theft, Lost Property, Grand",Open or Active,GEARY BLVD \ 06TH AVE,27284000.0,Richmond,Inner Richmond,1.0,1.0,37.7810173034668,-122.46427917480467,POINT (-122.46427917480469 37.7810173034668),5.0,,,,,,4.0,8.0
2024/02/19 05:34:00 PM,2024/02/19,05:34 PM,2024,Monday,2024/02/19 08:40:00 PM,136683406374,1366834,246022646,,II,Coplogic Initial,True,6374,Larceny Theft,Larceny Theft - Other,"Theft, Other Property, >$950",Open or Active,CORTLAND AVE \ MISSION ST,21326000.0,Ingleside,Bernal Heights,9.0,9.0,37.74102783203125,-122.42284393310548,POINT (-122.42284393310547 37.74102783203125),83.0,,,,,,2.0,9.0
2024/02/22 05:44:00 PM,2024/02/22,05:44 PM,2024,Thursday,2024/02/22 05:44:00 PM,136706404134,1367064,240118055,240532806.0,II,Initial,,4134,Assault,Simple Assault,Battery,Cite or Arrest Adult,08TH ST \ HOWARD ST,24299000.0,Southern,South of Market,6.0,6.0,37.77622222900391,-122.41160583496094,POINT (-122.41160583496094 37.776222229003906),32.0,,1.0,1.0,1.0,,10.0,1.0
2024/09/23 04:55:00 PM,2024/09/23,04:55 PM,2024,Monday,2024/09/23 07:19:00 PM,142652506303,1426525,240599643,242672913.0,II,Initial,,6303,Larceny Theft,Larceny Theft - From Building,"Theft, From Building, $200-$950",Cite or Arrest Adult,OFARRELL ST \ POWELL ST,24904000.0,Central,Tenderloin,3.0,3.0,37.78641128540039,-122.40803527832033,POINT (-122.40803527832031 37.78641128540039),19.0,,,,,,3.0,6.0
2024/06/18 07:28:00 AM,2024/06/18,07:28 AM,2024,Tuesday,2024/06/19 09:17:00 AM,139995606303,1399956,240382573,241710795.0,II,Initial,,6303,Larceny Theft,Larceny Theft - From Building,"Theft, From Building, $200-$950",Open or Active,EDDY ST \ HYDE ST,25138000.0,Tenderloin,Tenderloin,5.0,6.0,37.78351593017578,-122.41588592529295,POINT (-122.41588592529297 37.78351593017578),20.0,,1.0,1.0,,,10.0,5.0
2024/06/13 05:55:00 PM,2024/06/13,05:55 PM,2024,Thursday,2024/06/19 10:00:00 AM,139990106364,1399901,240382266,241710955.0,II,Initial,,6364,Larceny Theft,Larceny Theft - Shoplifting,"Theft, Shoplifting, >$950",Open or Active,GEARY ST \ STOCKTON ST,24901000.0,Central,Financial District/South Beach,3.0,3.0,37.78756713867188,-122.4065933227539,POINT (-122.4065933227539 37.787567138671875),19.0,,,,,,3.0,6.0
2024/06/18 05:18:00 PM,2024/06/18,05:18 PM,2024,Tuesday,2024/06/19 11:18:00 AM,139989306364,1399893,240382410,241710828.0,II,Initial,,6364,Larceny Theft,Larceny Theft - Shoplifting,"Theft, Shoplifting, >$950",Open or Active,OFARRELL ST \ POWELL ST,24904000.0,Central,Tenderloin,3.0,3.0,37.78641128540039,-122.40803527832033,POINT (-122.40803527832031 37.78641128540039),19.0,,,,,,3.0,6.0
2024/05/01 03:00:00 PM,2024/05/01,03:00 PM,2024,Wednesday,2024/09/23 10:33:00 AM,142630304013,1426303,240598190,242671079.0,II,Initial,,4013,Assault,Aggravated Assault,"Assault, Aggravated, W/ Other Weapon",Open or Active,JONES ST \ TURK ST,24923000.0,Tenderloin,Tenderloin,5.0,6.0,37.78300476074219,-122.41241455078124,POINT (-122.41241455078125 37.78300476074219),20.0,,1.0,1.0,1.0,,10.0,5.0
2024/02/26 03:30:00 PM,2024/02/26,03:30 PM,2024,Monday,2024/02/26 06:43:00 PM,136814206361,1368142,240127341,240572076.0,II,Initial,,6361,Larceny Theft,Larceny Theft - Shoplifting,"Theft, Shoplifting, <$50",Open or Active,VAN NESS AVE \ SUTTER ST,25219000.0,Northern,Nob Hill,3.0,2.0,37.78754806518555,-122.42176055908205,POINT (-122.42176055908203 37.78754806518555),100.0,,,,,,6.0,4.0
2024/02/26 05:50:00 PM,2024/02/26,05:50 PM,2024,Monday,2024/02/26 06:55:00 PM,136813304014,1368133,240127426,240572737.0,II,Initial,,4014,Assault,Aggravated Assault,"Assault, Aggravated, W/ Force",Open or Active,OFARRELL ST \ LARKIN ST,25152000.0,Tenderloin,Tenderloin,5.0,6.0,37.7851676940918,-122.41790008544922,POINT (-122.41790008544922 37.7851676940918),20.0,,1.0,,,,10.0,5.0
2024/06/19 05:00:00 PM,2024/06/19,05:00 PM,2024,Wednesday,2024/06/21 02:43:00 PM,140047906373,1400479,240387498,241731703.0,II,Initial,,6373,Larceny Theft,Larceny Theft - Other,"Theft, Other Property, $200-$950",Open or Active,25TH AVE \ CALIFORNIA ST,27653000.0,Richmond,Outer Richmond,1.0,1.0,37.78388214111328,-122.4850082397461,POINT (-122.4850082397461 37.78388214111328),8.0,,,,,,4.0,8.0
2024/02/23 04:30:00 PM,2024/02/23,04:30 PM,2024,Friday,2024/02/24 05:46:00 AM,136822706244,1368227,246024868,,II,Coplogic Initial,True,6244,Larceny Theft,Larceny - From Vehicle,"Theft, From Locked Vehicle, >$950",Open or Active,CHESTNUT ST \ PIERCE ST,26964000.0,Northern,Marina,2.0,2.0,37.8004035949707,-122.43950653076172,POINT (-122.43950653076172 37.8004035949707),17.0,,,,,,6.0,4.0
2024/02/27 06:56:00 AM,2024/02/27,06:56 AM,2024,Tuesday,2024/02/27 06:56:00 AM,136825604013,1368256,240125470,240570254.0,IS,Initial Supplement,,4013,Assault,Aggravated Assault,"Assault, Aggravated, W/ Other Weapon",Open or Active,HYDE ST \ TURK ST,24933000.0,Tenderloin,Tenderloin,5.0,6.0,37.78258514404297,-122.41569519042967,POINT (-122.41569519042969 37.78258514404297),20.0,,1.0,1.0,1.0,,10.0,5.0
2024/02/22 06:00:00 PM,2024/02/22,06:00 PM,2024,Thursday,2024/02/26 02:17:00 PM,136820006372,1368200,246025208,,II,Coplogic Initial,True,6372,Larceny Theft,Larceny Theft - Other,"Theft, Other Property, $50-$200",Open or Active,OAK ST \ DIVISADERO ST,26031000.0,Northern,Hayes Valley,5.0,5.0,37.77313232421875,-122.43742370605467,POINT (-122.43742370605469 37.77313232421875),112.0,,,,,,11.0,4.0
2024/06/20 05:30:00 PM,2024/06/20,05:30 PM,2024,Thursday,2024/06/20 05:30:00 PM,140040712080,1400407,240385652,241722404.0,IS,Initial Supplement,,12080,Weapons Carrying Etc,Weapons Offense,"Firearm, Possession By Prohibited Person",Cite or Arrest Adult,25TH ST \ CONNECTICUT ST,23634000.0,Bayview,Potrero Hill,10.0,10.0,37.75231170654297,-122.39651489257812,POINT (-122.39651489257812 37.75231170654297),54.0,,,,,,9.0,2.0
2024/06/21 03:18:00 PM,2024/06/21,03:18 PM,2024,Friday,2024/06/21 03:27:00 PM,140050804134,1400508,240387620,241731834.0,II,Initial,,4134,Assault,Simple Assault,Battery,Open or Active,EDDY ST \ LARKIN ST,25148000.0,Tenderloin,Tenderloin,5.0,6.0,37.78330993652344,-122.4175262451172,POINT (-122.41752624511719 37.78330993652344),20.0,,1.0,1.0,,,10.0,5.0
2024/06/19 04:10:00 PM,2024/06/19,04:10 PM,2024,Wednesday,2024/06/19 04:47:00 PM,140036506374,1400365,246079089,,II,Coplogic Initial,True,6374,Larceny Theft,Larceny Theft - Other,"Theft, Other Property, >$950",Open or Active,LARKIN ST \ MCALLISTER ST,24439000.0,Northern,Tenderloin,5.0,6.0,37.78047180175781,-122.4169464111328,POINT (-122.41694641113281 37.78047180175781),21.0,,1.0,1.0,1.0,,10.0,5.0
2024/02/27 05:30:00 PM,2024/02/27,05:30 PM,2024,Tuesday,2024/02/28 07:37:00 AM,136859506303,1368595,240130968,240590559.0,II,Initial,,6303,Larceny Theft,Larceny Theft - From Building,"Theft, From Building, $200-$950",Open or Active,STOCKTON ST \ WASHINGTON ST,25026000.0,Central,Chinatown,3.0,3.0,37.79494094848633,-122.4080810546875,POINT (-122.4080810546875 37.79494094848633),104.0,,,,,,3.0,6.0
2024/02/26 05:30:00 PM,2024/02/26,05:30 PM,2024,Monday,2024/02/27 02:31:00 PM,136853506372,1368535,246025565,,II,Coplogic Initial,True,6372,Larceny Theft,Larceny Theft - Other,"Theft, Other Property, $50-$200",Open or Active,MOUNT LN \ 15TH AVE,32874000.0,Taraval,Inner Sunset,7.0,7.0,37.75421905517578,-122.47211456298828,POINT (-122.47211456298828 37.75421905517578),44.0,,,,,,8.0,10.0
2024/02/28 05:45:00 PM,2024/02/28,05:45 PM,2024,Wednesday,2024/02/28 06:25:00 PM,136876904013,1368769,240132550,240592665.0,II,Initial,,4013,Assault,Aggravated Assault,"Assault, Aggravated, W/ Other Weapon",Open or Active,EDDY ST \ LARKIN ST,25148000.0,Tenderloin,Tenderloin,5.0,6.0,37.78330993652344,-122.4175262451172,POINT (-122.41752624511719 37.78330993652344),20.0,,1.0,1.0,,,10.0,5.0
2024/02/27 04:47:00 PM,2024/02/27,04:47 PM,2024,Tuesday,2024/02/27 06:03:00 PM,136868906363,1368689,246025571,,II,Coplogic Initial,True,6363,Larceny Theft,Larceny Theft - Shoplifting,"Theft, Shoplifting, $200-$950",Open or Active,CHESTNUT ST \ PIERCE ST,26964000.0,Northern,Marina,2.0,2.0,37.8004035949707,-122.43950653076172,POINT (-122.43950653076172 37.8004035949707),17.0,,,,,,6.0,4.0
2024/02/29 05:00:00 PM,2024/02/29,05:00 PM,2024,Thursday,2024/02/29 05:44:00 PM,136906406152,1369064,240135106,240602579.0,II,Initial,,6152,Larceny Theft,Larceny Theft - Other,"Theft, From Person, $50-$200 (other than Pickpocket)",Open or Active,GEARY ST \ KEARNY ST,24645000.0,Central,Financial District/South Beach,3.0,3.0,37.7879638671875,-122.40348815917967,POINT (-122.40348815917969 37.7879638671875),19.0,,,,,,3.0,6.0
2024/09/19 04:40:00 PM,2024/09/19,04:40 PM,2024,Thursday,2024/09/25 10:54:00 AM,142695206154,1426952,240603426,242691251.0,II,Initial,,6154,Larceny Theft,Larceny Theft - Other,"Theft, From Person, >$950 (other than Pickpocket)",Open or Active,24TH ST \ CHURCH ST,25639000.0,Mission,Noe Valley,8.0,8.0,37.75170516967773,-122.42743682861328,POINT (-122.42743682861328 37.751705169677734),84.0,,,,,,5.0,3.0
2024/03/02 06:40:00 AM,2024/03/02,06:40 AM,2024,Saturday,2024/03/02 06:42:00 AM,136943404154,1369434,240138031,240620515.0,II,Initial,,4154,Assault,Simple Assault,"Battery, Of A Police Officer",Open or Active,EDDY ST \ JONES ST,24929000.0,Tenderloin,Tenderloin,5.0,6.0,37.78393173217773,-122.41259765625,POINT (-122.41259765625 37.783931732177734),20.0,,1.0,1.0,,,10.0,5.0
2024/06/24 04:00:00 PM,2024/06/24,04:00 PM,2024,Monday,2024/06/24 05:25:00 PM,140126206244,1401262,240393984,241762374.0,II,Initial,,6244,Larceny Theft,Larceny - From Vehicle,"Theft, From Locked Vehicle, >$950",Open or Active,FILLMORE ST \ LOMBARD ST,26751000.0,Northern,Marina,2.0,2.0,37.799842834472656,-122.43604278564452,POINT (-122.43604278564453 37.799842834472656),17.0,,,,,,6.0,4.0
2024/03/05 05:00:00 PM,2024/03/05,05:00 PM,2024,Tuesday,2024/03/05 06:03:00 PM,137023706372,1370237,240145309,240652425.0,II,Initial,,6372,Larceny Theft,Larceny Theft - Other,"Theft, Other Property, $50-$200",Open or Active,EDDY ST \ LAGUNA ST,25964000.0,Northern,Western Addition,5.0,5.0,37.78205871582031,-122.42739868164062,POINT (-122.42739868164062 37.78205871582031),97.0,,,,,,11.0,4.0
2024/06/25 04:30:00 PM,2024/06/25,04:30 PM,2024,Tuesday,2024/06/25 04:30:00 PM,140154204134,1401542,240396574,241772212.0,II,Initial,,4134,Assault,Simple Assault,Battery,Open or Active,24TH ST \ NOE ST,25738000.0,Mission,Noe Valley,8.0,8.0,37.75143814086914,-122.43187713623048,POINT (-122.43187713623047 37.75143814086914),84.0,,,,,,5.0,3.0
2024/06/25 04:20:00 PM,2024/06/25,04:20 PM,2024,Tuesday,2024/06/25 08:01:00 PM,140157519057,1401575,240396916,241772937.0,II,Initial,,19057,Disorderly Conduct,Intimidation,Terrorist Threats,Open or Active,CATHERINE CT \ MISSION ST,54175000.0,Mission,Mission,9.0,9.0,37.75820159912109,-122.41901397705078,POINT (-122.41901397705078 37.758201599121094),53.0,,,,3.0,,2.0,3.0
2024/06/24 05:20:00 PM,2024/06/24,05:20 PM,2024,Monday,2024/06/24 05:45:00 PM,140127604134,1401276,240394039,241762382.0,II,Initial,,4134,Assault,Simple Assault,Battery,Open or Active,24TH ST \ BRYANT ST,23958000.0,Mission,Mission,9.0,9.0,37.7527961730957,-122.40912628173828,POINT (-122.40912628173828 37.7527961730957),53.0,,,,3.0,,2.0,3.0
2024/01/05 06:00:00 PM,2024/01/05,06:00 PM,2024,Friday,2024/03/05 12:32:00 AM,137034306372,1370343,246027828,,II,Coplogic Initial,True,6372,Larceny Theft,Larceny Theft - Other,"Theft, Other Property, $50-$200",Open or Active,EDDY ST \ PIERCE ST,26068000.0,Northern,Western Addition,5.0,5.0,37.781009674072266,-122.43561553955078,POINT (-122.43561553955078 37.781009674072266),97.0,,,,,,11.0,4.0
2024/03/24 07:20:00 AM,2024/03/24,07:20 AM,2024,Sunday,2024/03/24 07:27:00 AM,137619106362,1376191,240187351,240840630.0,II,Initial,,6362,Larceny Theft,Larceny Theft - Shoplifting,"Theft, Shoplifting, $50-$200",Open or Active,03RD ST \ KEARNY ST \ MARKET ST,30738000.0,Tenderloin,Financial District/South Beach,6.0,3.0,37.78764343261719,-122.40342712402344,POINT (-122.40342712402344 37.78764343261719),32.0,,,,,,3.0,6.0
2024/06/25 04:50:00 PM,2024/06/25,04:50 PM,2024,Tuesday,2024/06/25 05:00:00 PM,140157106314,1401571,240396499,241772314.0,II,Initial,,6314,Larceny Theft,Larceny Theft - Bicycle,"Theft, Bicycle, >$950",Open or Active,EDDY ST \ HYDE ST,25138000.0,Tenderloin,Tenderloin,5.0,6.0,37.78351593017578,-122.41588592529295,POINT (-122.41588592529297 37.78351593017578),20.0,,1.0,1.0,,,10.0,5.0
2024/03/07 03:36:00 PM,2024/03/07,03:36 PM,2024,Thursday,2024/03/07 03:36:00 PM,137083104134,1370831,240149787,240672365.0,II,Initial,,4134,Assault,Simple Assault,Battery,Open or Active,08TH ST \ GROVE ST \ HYDE ST \ MARKET ST,24429000.0,Tenderloin,Tenderloin,6.0,6.0,37.77872085571289,-122.41474151611328,POINT (-122.41474151611328 37.77872085571289),21.0,,1.0,1.0,1.0,,10.0,5.0
2024/03/07 03:36:00 PM,2024/03/07,03:36 PM,2024,Thursday,2024/03/07 03:36:00 PM,137083104033,1370831,240149787,240672365.0,II,Initial,,4033,Assault,Aggravated Assault,"Assault, W/ Caustic Chemical to Injure or Disfigure",Open or Active,08TH ST \ GROVE ST \ HYDE ST \ MARKET ST,24429000.0,Tenderloin,Tenderloin,6.0,6.0,37.77872085571289,-122.41474151611328,POINT (-122.41474151611328 37.77872085571289),21.0,,1.0,1.0,1.0,,10.0,5.0
2024/06/25 05:45:00 PM,2024/06/25,05:45 PM,2024,Tuesday,2024/06/26 01:08:00 PM,140172604104,1401726,240398241,241781437.0,II,Initial,,4104,Assault,Simple Assault,"Assault, Non-Aggravated",Open or Active,EDDY ST \ PIERCE ST,26068000.0,Northern,Western Addition,5.0,5.0,37.781009674072266,-122.43561553955078,POINT (-122.43561553955078 37.781009674072266),97.0,,,,,,11.0,4.0
2024/06/26 05:15:00 PM,2024/06/26,05:15 PM,2024,Wednesday,2024/06/26 05:45:00 PM,140181819057,1401818,240398821,241782209.0,II,Initial,,19057,Disorderly Conduct,Intimidation,Terrorist Threats,Open or Active,25TH ST \ DAKOTA ST \ TEXAS ST,23627000.0,Bayview,Bayview Hunters Point,10.0,10.0,37.75242614746094,-122.39458465576172,POINT (-122.39458465576172 37.75242614746094),54.0,,,,,,9.0,2.0
2024/09/20 04:20:00 PM,2024/09/20,04:20 PM,2024,Friday,2024/09/27 12:51:00 PM,142759506364,1427595,240608404,242711769.0,II,Initial,,6364,Larceny Theft,Larceny Theft - Shoplifting,"Theft, Shoplifting, >$950",Open or Active,GEARY ST \ STOCKTON ST,24901000.0,Central,Financial District/South Beach,3.0,3.0,37.78756713867188,-122.4065933227539,POINT (-122.4065933227539 37.787567138671875),19.0,,,,,,3.0,6.0
2024/06/25 04:20:00 PM,2024/06/25,04:20 PM,2024,Tuesday,2024/06/26 04:56:00 PM,140194006374,1401940,240396574,,IS,Coplogic Supplement,True,6374,Larceny Theft,Larceny Theft - Other,"Theft, Other Property, >$950",Open or Active,24TH ST \ NOE ST,25738000.0,Mission,Noe Valley,8.0,8.0,37.75143814086914,-122.43187713623048,POINT (-122.43187713623047 37.75143814086914),84.0,,,,,,5.0,3.0
2024/02/28 03:00:00 PM,2024/02/28,03:00 PM,2024,Wednesday,2024/03/09 11:27:00 AM,137153206243,1371532,240153954,240691204.0,II,Initial,,6243,Larceny Theft,Larceny - From Vehicle,"Theft, From Locked Vehicle, $200-$950",Open or Active,GEARY ST \ LARKIN ST,25170000.0,Central,Tenderloin,3.0,6.0,37.78610229492188,-122.4180908203125,POINT (-122.4180908203125 37.786102294921875),20.0,,,,,,10.0,6.0
2024/03/10 06:00:00 AM,2024/03/10,06:00 AM,2024,Sunday,2024/03/10 10:55:00 AM,137172604134,1371726,240155405,240701025.0,II,Initial,,4134,Assault,Simple Assault,Battery,Open or Active,24TH ST \ HARRISON ST,23978000.0,Mission,Mission,9.0,9.0,37.752628326416016,-122.41190338134766,POINT (-122.41190338134766 37.752628326416016),53.0,,,,3.0,,2.0,3.0
2024/03/07 03:45:00 PM,2024/03/07,03:45 PM,2024,Thursday,2024/03/10 05:40:00 PM,137179606113,1371796,240156287,240702334.0,II,Initial,,6113,Larceny Theft,Larceny Theft - Pickpocket,"Theft, Pickpocket, $200-$950",Open or Active,DIVISADERO ST \ CALIFORNIA ST,26818000.0,Northern,Pacific Heights,2.0,2.0,37.78806686401367,-122.44043731689452,POINT (-122.44043731689453 37.78806686401367),103.0,,,,,,6.0,4.0
2024/03/06 04:24:00 PM,2024/03/06,04:24 PM,2024,Wednesday,2024/03/09 02:09:00 PM,137174906363,1371749,246031534,,II,Coplogic Initial,True,6363,Larceny Theft,Larceny Theft - Shoplifting,"Theft, Shoplifting, $200-$950",Open or Active,CHESTNUT ST \ PIERCE ST,26964000.0,Northern,Marina,2.0,2.0,37.8004035949707,-122.43950653076172,POINT (-122.43950653076172 37.8004035949707),17.0,,,,,,6.0,4.0
2024/03/08 05:35:00 PM,2024/03/08,05:35 PM,2024,Friday,2024/03/08 05:35:00 PM,137117207100,1371172,240152360,240682683.0,II,Initial,,7100,Vandalism,Vandalism,"Vehicle, Tampering",Open or Active,20TH AVE \ WINSTON DR,33719000.0,Taraval,Lakeshore,7.0,7.0,37.72695159912109,-122.47603607177734,POINT (-122.47603607177734 37.726951599121094),41.0,,,,,,8.0,10.0
2024/06/27 06:40:00 AM,2024/06/27,06:40 AM,2024,Thursday,2024/06/27 06:53:00 AM,140195619057,1401956,240399829,241790465.0,II,Initial,,19057,Disorderly Conduct,Intimidation,Terrorist Threats,Open or Active,25TH ST \ DAKOTA ST \ TEXAS ST,23627000.0,Bayview,Bayview Hunters Point,10.0,10.0,37.75242614746094,-122.39458465576172,POINT (-122.39458465576172 37.75242614746094),54.0,,,,,,9.0,2.0
2024/07/25 08:00:00 AM,2024/07/25,08:00 AM,2024,Thursday,2024/09/24 11:43:00 PM,142762106372,1427621,246125591,,II,Coplogic Initial,True,6372,Larceny Theft,Larceny Theft - Other,"Theft, Other Property, $50-$200",Open or Active,DIVISADERO ST \ HAIGHT ST,26026000.0,Park,Haight Ashbury,5.0,5.0,37.77126693725586,-122.43704223632812,POINT (-122.43704223632812 37.77126693725586),,,,,,,11.0,4.0
2024/07/25 08:00:00 AM,2024/07/25,08:00 AM,2024,Thursday,2024/09/24 11:27:00 PM,142762006372,1427620,246125585,,II,Coplogic Initial,True,6372,Larceny Theft,Larceny Theft - Other,"Theft, Other Property, $50-$200",Open or Active,DIVISADERO ST \ HAIGHT ST,26026000.0,Park,Haight Ashbury,5.0,5.0,37.77126693725586,-122.43704223632812,POINT (-122.43704223632812 37.77126693725586),,,,,,,11.0,4.0
2024/09/18 04:56:00 PM,2024/09/18,04:56 PM,2024,Wednesday,2024/09/26 04:02:00 PM,142739006303,1427390,240606618,242701182.0,II,Initial,,6303,Larceny Theft,Larceny Theft - From Building,"Theft, From Building, $200-$950",Open or Active,FREMONT ST \ FRONT ST \ MARKET ST,30730000.0,Central,Financial District/South Beach,6.0,6.0,37.79171752929688,-122.39826202392578,POINT (-122.39826202392578 37.791717529296875),108.0,,,,,,10.0,6.0
2024/07/01 08:00:00 AM,2024/07/01,08:00 AM,2024,Monday,2024/09/27 04:17:00 PM,142765104134,1427651,240608987,242712271.0,II,Initial,,4134,Assault,Simple Assault,Battery,Open or Active,CASTRO ST \ DUBOCE AVE,26005000.0,Park,Haight Ashbury,8.0,8.0,37.76905822753906,-122.435791015625,POINT (-122.435791015625 37.76905822753906),28.0,,,,5.0,,5.0,7.0
2024/03/06 03:00:00 PM,2024/03/06,03:00 PM,2024,Wednesday,2024/03/11 03:32:00 AM,137242406153,1372424,240156970,240710071.0,II,Initial,,6153,Larceny Theft,Larceny Theft - Other,"Theft, From Person, $200-$950 (other than Pickpocket)",Open or Active,OCEAN AVE \ LEE AVE,22223000.0,Ingleside,West of Twin Peaks,11.0,7.0,37.72345733642578,-122.45411682128906,POINT (-122.45411682128906 37.72345733642578),71.0,,,,,,8.0,10.0
2024/03/12 03:35:00 PM,2024/03/12,03:35 PM,2024,Tuesday,2024/03/12 03:35:00 PM,137262119095,1372621,240160595,240722170.0,II,Initial,,19095,Disorderly Conduct,Drug Violation,"Drugs, Under Influence  in a Public Place",Cite or Arrest Adult,EDDY ST \ HYDE ST,25138000.0,Tenderloin,Tenderloin,5.0,6.0,37.78351593017578,-122.41588592529295,POINT (-122.41588592529297 37.78351593017578),20.0,,1.0,1.0,,,10.0,5.0
2024/06/07 07:00:00 AM,2024/06/07,07:00 AM,2024,Friday,2024/06/25 05:34:00 PM,140220606374,1402206,246081658,,II,Coplogic Initial,True,6374,Larceny Theft,Larceny Theft - Other,"Theft, Other Property, >$950",Open or Active,GEARY BLVD \ PARK PRESIDIO BLVD,27483000.0,Richmond,Outer Richmond,1.0,1.0,37.78065490722656,-122.4723129272461,POINT (-122.4723129272461 37.78065490722656),5.0,,,,,,4.0,8.0
2024/06/28 05:00:00 PM,2024/06/28,05:00 PM,2024,Friday,2024/06/28 06:01:00 PM,140237506361,1402375,240403298,241802512.0,II,Initial,,6361,Larceny Theft,Larceny Theft - Shoplifting,"Theft, Shoplifting, <$50",Open or Active,03RD AVE \ GEARY BLVD,27245000.0,Richmond,Inner Richmond,1.0,1.0,37.781158447265625,-122.4610595703125,POINT (-122.4610595703125 37.781158447265625),5.0,,,,,,4.0,8.0
2024/03/13 04:00:00 PM,2024/03/13,04:00 PM,2024,Wednesday,2024/03/14 09:30:00 AM,137315471013,1373154,240164622,240741026.0,VI,Vehicle Initial,,71013,Larceny Theft,Theft From Vehicle,"License Plate, Stolen",Open or Active,WILDE AVE \ DELTA ST,20838000.0,Ingleside,Visitacion Valley,10.0,10.0,37.71781921386719,-122.4072723388672,POINT (-122.40727233886719 37.71781921386719),75.0,,,,,,9.0,9.0
2024/03/14 04:20:00 PM,2024/03/14,04:20 PM,2024,Thursday,2024/03/14 04:27:00 PM,137328104134,1373281,240165501,240742401.0,II,Initial,,4134,Assault,Simple Assault,Battery,Open or Active,HYDE ST \ TURK ST,24933000.0,Tenderloin,Tenderloin,5.0,6.0,37.78258514404297,-122.41569519042967,POINT (-122.41569519042969 37.78258514404297),20.0,,1.0,1.0,1.0,,10.0,5.0
2024/03/14 04:00:00 PM,2024/03/14,04:00 PM,2024,Thursday,2024/03/14 04:00:00 PM,137330206364,1373302,240143660,,IS,Initial Supplement,,6364,Larceny Theft,Larceny Theft - Shoplifting,"Theft, Shoplifting, >$950",Cite or Arrest Adult,POWELL ST \ OFARRELL ST,24904000.0,Southern,Tenderloin,3.0,3.0,37.78641128540039,-122.40803527832033,POINT (-122.40803527832031 37.78641128540039),19.0,,,,,,3.0,6.0
2024/07/04 03:33:00 PM,2024/07/04,03:33 PM,2024,Thursday,2024/07/04 03:35:00 PM,140404906361,1404049,240416990,241861831.0,II,Initial,,6361,Larceny Theft,Larceny Theft - Shoplifting,"Theft, Shoplifting, <$50",Open or Active,GEARY ST \ POWELL ST,24903000.0,Central,Financial District/South Beach,3.0,3.0,37.78736114501953,-122.4082260131836,POINT (-122.4082260131836 37.78736114501953),19.0,,,,,,3.0,6.0
2024/03/14 05:00:00 PM,2024/03/14,05:00 PM,2024,Thursday,2024/03/15 08:32:00 AM,137363607100,1373636,240166872,240750685.0,II,Initial,,7100,Vandalism,Vandalism,"Vehicle, Tampering",Open or Active,JACKSON ST \ DIVISADERO ST,26855000.0,Northern,Pacific Heights,2.0,2.0,37.791629791259766,-122.44115447998048,POINT (-122.44115447998047 37.791629791259766),102.0,,,,,,6.0,4.0
2024/03/15 05:00:00 PM,2024/03/15,05:00 PM,2024,Friday,2024/03/15 05:08:00 PM,137373604134,1373736,240168094,240752463.0,II,Initial,,4134,Assault,Simple Assault,Battery,Cite or Arrest Adult,08TH ST \ GROVE ST \ HYDE ST \ MARKET ST,24429000.0,Tenderloin,Tenderloin,6.0,6.0,37.77872085571289,-122.41474151611328,POINT (-122.41474151611328 37.77872085571289),21.0,,1.0,1.0,1.0,,10.0,5.0
2024/03/15 03:00:00 PM,2024/03/15,03:00 PM,2024,Friday,2024/03/15 03:55:00 PM,137368906304,1373689,240167858,240752199.0,II,Initial,,6304,Larceny Theft,Larceny Theft - From Building,"Theft, From Building, >$950",Open or Active,POWELL ST \ OFARRELL ST,24904000.0,Central,Tenderloin,3.0,3.0,37.78641128540039,-122.40803527832033,POINT (-122.40803527832031 37.78641128540039),19.0,,,,,,3.0,6.0
2024/01/21 06:47:00 AM,2024/01/21,06:47 AM,2024,Sunday,2024/01/21 10:25:00 PM,137353406244,1373534,240044795,,IS,Coplogic Supplement,True,6244,Larceny Theft,Larceny - From Vehicle,"Theft, From Locked Vehicle, >$950",Open or Active,GEARY ST \ POWELL ST,24903000.0,Central,Financial District/South Beach,3.0,3.0,37.78736114501953,-122.4082260131836,POINT (-122.4082260131836 37.78736114501953),19.0,,,,,,3.0,6.0
2024/03/18 05:03:00 PM,2024/03/18,05:03 PM,2024,Monday,2024/03/18 05:11:00 PM,137443004014,1374430,240174320,240782442.0,II,Initial,,4014,Assault,Aggravated Assault,"Assault, Aggravated, W/ Force",Open or Active,30TH AVE \ QUINTARA ST,23292000.0,Taraval,Sunset/Parkside,4.0,4.0,37.74812698364258,-122.48786926269533,POINT (-122.48786926269531 37.74812698364258),39.0,,,,,,7.0,10.0
2024/03/17 07:20:00 AM,2024/03/17,07:20 AM,2024,Sunday,2024/03/18 01:48:00 PM,137436706301,1374367,240173714,240781670.0,II,Initial,,6301,Larceny Theft,Larceny Theft - From Building,"Theft, From Building, <$50",Open or Active,LELAND AVE \ ALPHA ST,20314000.0,Ingleside,Visitacion Valley,10.0,10.0,37.71193313598633,-122.40563201904295,POINT (-122.40563201904297 37.71193313598633),75.0,,,,,,9.0,9.0
2024/06/27 03:48:00 PM,2024/06/27,03:48 PM,2024,Thursday,2024/07/01 01:38:00 PM,140310719055,1403107,240409547,241831640.0,II,Initial,,19055,Disorderly Conduct,Intimidation,"Phone Calls, Threatening",Open or Active,GEARY ST \ LEAVENWORTH ST,25154000.0,Central,Tenderloin,5.0,6.0,37.78651809692383,-122.41481018066406,POINT (-122.41481018066406 37.78651809692383),20.0,,1.0,,,,10.0,6.0
2024/03/19 05:11:00 PM,2024/03/19,05:11 PM,2024,Tuesday,2024/03/19 06:18:00 PM,137475119090,1374751,240176843,240792622.0,II,Initial,,19090,Disorderly Conduct,Drunkenness,"Alcohol, Under Influence Of In Public Place",Cite or Arrest Adult,23RD ST \ RHODE ISLAND ST,23710000.0,Bayview,Potrero Hill,10.0,10.0,37.75457000732422,-122.4015884399414,POINT (-122.4015884399414 37.75457000732422),54.0,,,,,,9.0,2.0
2024/03/19 06:00:00 AM,2024/03/19,06:00 AM,2024,Tuesday,2024/03/19 06:00:00 AM,137453904014,1374539,240172506,240773115.0,IS,Initial Supplement,,4014,Assault,Aggravated Assault,"Assault, Aggravated, W/ Force",Open or Active,EDDY ST \ JONES ST,24929000.0,Tenderloin,Tenderloin,5.0,6.0,37.78393173217773,-122.41259765625,POINT (-122.41259765625 37.783931732177734),20.0,,1.0,1.0,,,10.0,5.0
2024/03/19 05:11:00 PM,2024/03/19,05:11 PM,2024,Tuesday,2024/03/19 06:18:00 PM,137475106303,1374751,240176843,240792622.0,II,Initial,,6303,Larceny Theft,Larceny Theft - From Building,"Theft, From Building, $200-$950",Cite or Arrest Adult,23RD ST \ RHODE ISLAND ST,23710000.0,Bayview,Potrero Hill,10.0,10.0,37.75457000732422,-122.4015884399414,POINT (-122.4015884399414 37.75457000732422),54.0,,,,,,9.0,2.0
2024/03/18 05:57:00 PM,2024/03/18,05:57 PM,2024,Monday,2024/03/18 05:57:00 PM,137451604134,1374516,240174461,240782617.0,II,Initial,,4134,Assault,Simple Assault,Battery,Cite or Arrest Adult,20TH AVE \ WINSTON DR,33719000.0,Taraval,Lakeshore,7.0,7.0,37.72695159912109,-122.47603607177734,POINT (-122.47603607177734 37.726951599121094),41.0,,,,,,8.0,10.0
2024/03/18 03:23:00 PM,2024/03/18,03:23 PM,2024,Monday,2024/03/18 03:23:00 PM,137451004134,1374510,240174154,240782031.0,II,Initial,,4134,Assault,Simple Assault,Battery,Open or Active,TURK ST \ JONES ST,24923000.0,Tenderloin,Tenderloin,5.0,6.0,37.78300476074219,-122.41241455078124,POINT (-122.41241455078125 37.78300476074219),20.0,,1.0,1.0,1.0,,10.0,5.0
2024/03/15 06:00:00 PM,2024/03/15,06:00 PM,2024,Friday,2024/03/18 05:32:00 PM,137449706304,1374497,240174358,240782206.0,IS,Initial Supplement,,6304,Larceny Theft,Larceny Theft - From Building,"Theft, From Building, >$950",Open or Active,SUTTER ST \ POLK ST,25208000.0,Northern,Nob Hill,3.0,3.0,37.78775787353516,-122.42011260986328,POINT (-122.42011260986328 37.787757873535156),50.0,,,,,,3.0,4.0
2024/03/18 03:30:00 PM,2024/03/18,03:30 PM,2024,Monday,2024/03/19 12:09:00 PM,137464706243,1374647,240175920,240791382.0,II,Initial,,6243,Larceny Theft,Larceny - From Vehicle,"Theft, From Locked Vehicle, $200-$950",Open or Active,TARAVAL ST \ 30TH AVE,23283000.0,Taraval,Sunset/Parkside,4.0,4.0,37.74253082275391,-122.48748016357422,POINT (-122.48748016357422 37.742530822753906),40.0,,,,,,7.0,10.0
2024/03/19 07:26:00 AM,2024/03/19,07:26 AM,2024,Tuesday,2024/03/19 03:18:00 PM,137472206154,1374722,240171611,240792463.0,IS,Initial Supplement,,6154,Larceny Theft,Larceny Theft - Other,"Theft, From Person, >$950 (other than Pickpocket)",Open or Active,OFARRELL ST \ LARKIN ST,25152000.0,Tenderloin,Tenderloin,5.0,6.0,37.7851676940918,-122.41790008544922,POINT (-122.41790008544922 37.7851676940918),20.0,,1.0,,,,10.0,5.0
2024/07/02 05:09:00 PM,2024/07/02,05:09 PM,2024,Tuesday,2024/07/02 05:29:00 PM,140350504134,1403505,240412700,241842424.0,II,Initial,,4134,Assault,Simple Assault,Battery,Open or Active,MCALLISTER ST \ VAN NESS AVE,24466000.0,Northern,Hayes Valley,5.0,5.0,37.78007507324219,-122.42024993896484,POINT (-122.42024993896484 37.78007507324219),21.0,,,1.0,1.0,,11.0,4.0
2024/07/02 05:25:00 PM,2024/07/02,05:25 PM,2024,Tuesday,2024/07/02 05:26:00 PM,140350904013,1403509,240412829,241842493.0,II,Initial,,4013,Assault,Aggravated Assault,"Assault, Aggravated, W/ Other Weapon",Open or Active,19TH ST \ CASTRO ST,25811000.0,Mission,Castro/Upper Market,8.0,8.0,37.7592887878418,-122.43485260009766,POINT (-122.43485260009766 37.7592887878418),115.0,,,,5.0,,5.0,3.0
2024/03/18 03:00:00 PM,2024/03/18,03:00 PM,2024,Monday,2024/03/18 06:50:00 PM,137484606374,1374846,246036158,,II,Coplogic Initial,True,6374,Larceny Theft,Larceny Theft - Other,"Theft, Other Property, >$950",Open or Active,WEBSTER ST \ CHESTNUT ST,26752000.0,Northern,Marina,2.0,2.0,37.801025390625,-122.43460083007812,POINT (-122.43460083007812 37.801025390625),17.0,,,,,,6.0,4.0
2024/03/20 03:00:00 PM,2024/03/20,03:00 PM,2024,Wednesday,2024/03/20 04:06:00 PM,137500606153,1375006,240178899,240802183.0,II,Initial,,6153,Larceny Theft,Larceny Theft - Other,"Theft, From Person, $200-$950 (other than Pickpocket)",Open or Active,20TH AVE \ WINSTON DR,33719000.0,Taraval,Lakeshore,7.0,7.0,37.72695159912109,-122.47603607177734,POINT (-122.47603607177734 37.726951599121094),41.0,,,,,,8.0,10.0
2024/03/19 04:30:00 PM,2024/03/19,04:30 PM,2024,Tuesday,2024/03/20 09:41:00 AM,137490606112,1374906,240177794,240800910.0,II,Initial,,6112,Larceny Theft,Larceny Theft - Pickpocket,"Theft, Pickpocket, $50-$200",Open or Active,03RD ST \ KEARNY ST \ MARKET ST,30738000.0,Central,Financial District/South Beach,6.0,3.0,37.78764343261719,-122.40342712402344,POINT (-122.40342712402344 37.78764343261719),32.0,,,,,,3.0,6.0
2024/03/20 03:25:00 PM,2024/03/20,03:25 PM,2024,Wednesday,2024/03/20 03:30:00 PM,137500204134,1375002,240178811,240802079.0,II,Initial,,4134,Assault,Simple Assault,Battery,Open or Active,16TH ST \ MISSION ST,24170000.0,Mission,Mission,9.0,9.0,37.76505279541016,-122.41967010498048,POINT (-122.41967010498047 37.765052795410156),53.0,,,,3.0,,2.0,3.0
2024/09/30 04:08:00 PM,2024/09/30,04:08 PM,2024,Monday,2024/09/30 04:08:00 PM,142833704134,1428337,240615095,242742384.0,II,Initial,,4134,Assault,Simple Assault,Battery,Open or Active,MANSELL ST \ SOMERSET ST,20596000.0,Bayview,Portola,9.0,9.0,37.72050857543945,-122.4050064086914,POINT (-122.4050064086914 37.72050857543945),91.0,,,,,,2.0,2.0
2024/03/20 04:35:00 PM,2024/03/20,04:35 PM,2024,Wednesday,2024/03/20 06:24:00 PM,137523206372,1375232,246036879,,II,Coplogic Initial,True,6372,Larceny Theft,Larceny Theft - Other,"Theft, Other Property, $50-$200",Open or Active,EDDY ST \ VAN NESS AVE,25186000.0,Northern,Tenderloin,5.0,6.0,37.78289413452149,-122.42081451416016,POINT (-122.42081451416016 37.782894134521484),20.0,,1.0,1.0,,,10.0,4.0
2024/03/18 05:20:00 PM,2024/03/18,05:20 PM,2024,Monday,2024/03/20 08:42:00 PM,137521206372,1375212,246036910,,II,Coplogic Initial,True,6372,Larceny Theft,Larceny Theft - Other,"Theft, Other Property, $50-$200",Open or Active,20TH AVE \ WINSTON DR,33719000.0,Taraval,Lakeshore,7.0,7.0,37.72695159912109,-122.47603607177734,POINT (-122.47603607177734 37.726951599121094),41.0,,,,,,8.0,10.0
2024/02/23 04:30:00 PM,2024/02/23,04:30 PM,2024,Friday,2024/03/21 03:13:00 PM,137535306372,1375353,240181193,240812096.0,II,Initial,,6372,Larceny Theft,Larceny Theft - Other,"Theft, Other Property, $50-$200",Open or Active,18TH ST \ MISSION ST,24149000.0,Mission,Mission,9.0,9.0,37.761837005615234,-122.41935729980467,POINT (-122.41935729980469 37.761837005615234),53.0,,,,3.0,,2.0,3.0
2024/07/02 08:00:00 AM,2024/07/02,08:00 AM,2024,Tuesday,2024/07/03 02:24:00 PM,140374006371,1403740,240414637,241851833.0,II,Initial,,6371,Larceny Theft,Larceny Theft - Other,"Theft, Other Property, <$50",Open or Active,EDDY ST \ FILLMORE ST,26044000.0,Northern,Western Addition,5.0,5.0,37.78142929077149,-122.4323272705078,POINT (-122.43232727050781 37.781429290771484),97.0,,,,,,11.0,4.0
2024/07/03 04:44:00 PM,2024/07/03,04:44 PM,2024,Wednesday,2024/07/03 04:54:00 PM,140381819057,1403818,240415102,241852351.0,II,Initial,,19057,Disorderly Conduct,Intimidation,Terrorist Threats,Open or Active,ARELIOUS WALKER DR \ INNES AVE,20056000.0,Bayview,Bayview Hunters Point,10.0,10.0,37.73093795776367,-122.37389373779295,POINT (-122.37389373779297 37.73093795776367),78.0,,,,,,9.0,2.0
2024/03/22 04:30:00 PM,2024/03/22,04:30 PM,2024,Friday,2024/03/22 04:44:00 PM,137572806363,1375728,240183804,240822419.0,II,Initial,,6363,Larceny Theft,Larceny Theft - Shoplifting,"Theft, Shoplifting, $200-$950",Cite or Arrest Adult,VAN NESS AVE \ SUTTER ST,25219000.0,Northern,Nob Hill,3.0,2.0,37.78754806518555,-122.42176055908205,POINT (-122.42176055908203 37.78754806518555),100.0,,,,,,6.0,4.0
2024/03/22 03:48:00 PM,2024/03/22,03:48 PM,2024,Friday,2024/03/22 03:54:00 PM,137571604013,1375716,240183672,240822238.0,II,Initial,,4013,Assault,Aggravated Assault,"Assault, Aggravated, W/ Other Weapon",Open or Active,FRONT ST \ FREMONT ST \ MARKET ST,30730000.0,Central,Financial District/South Beach,6.0,6.0,37.79171752929688,-122.39826202392578,POINT (-122.39826202392578 37.791717529296875),108.0,,,,,,10.0,6.0
2024/03/21 03:40:00 PM,2024/03/21,03:40 PM,2024,Thursday,2024/03/21 08:27:00 PM,137559706374,1375597,246038079,,II,Coplogic Initial,True,6374,Larceny Theft,Larceny Theft - Other,"Theft, Other Property, >$950",Open or Active,GEARY BLVD \ DIVISADERO ST,26621000.0,Northern,Japantown,5.0,5.0,37.78330993652344,-122.43948364257812,POINT (-122.43948364257812 37.78330993652344),103.0,,,,,,11.0,4.0
2024/03/08 04:31:00 PM,2024/03/08,04:31 PM,2024,Friday,2024/03/20 07:01:00 PM,137557406372,1375574,246037300,,II,Coplogic Initial,True,6372,Larceny Theft,Larceny Theft - Other,"Theft, Other Property, $50-$200",Open or Active,08TH ST \ GROVE ST \ HYDE ST \ MARKET ST,24429000.0,Tenderloin,Tenderloin,6.0,6.0,37.77872085571289,-122.41474151611328,POINT (-122.41474151611328 37.77872085571289),21.0,,1.0,1.0,1.0,,10.0,5.0
2024/03/22 04:20:00 PM,2024/03/22,04:20 PM,2024,Friday,2024/03/22 04:45:00 PM,137576006364,1375760,240183810,240822424.0,II,Initial,,6364,Larceny Theft,Larceny Theft - Shoplifting,"Theft, Shoplifting, >$950",Cite or Arrest Adult,VAN NESS AVE \ SUTTER ST,25219000.0,Northern,Nob Hill,3.0,2.0,37.78754806518555,-122.42176055908205,POINT (-122.42176055908203 37.78754806518555),100.0,,,,,,6.0,4.0
2024/07/05 05:15:00 PM,2024/07/05,05:15 PM,2024,Friday,2024/07/05 06:48:00 PM,140442406304,1404424,240419712,241872735.0,II,Initial,,6304,Larceny Theft,Larceny Theft - From Building,"Theft, From Building, >$950",Open or Active,FILLMORE ST \ GEARY BLVD,26590000.0,Northern,Western Addition,5.0,5.0,37.78435516357422,-122.43291473388672,POINT (-122.43291473388672 37.78435516357422),103.0,,,,,,11.0,4.0
2024/03/26 03:21:00 PM,2024/03/26,03:21 PM,2024,Tuesday,2024/03/26 03:21:00 PM,137690806303,1376908,240192441,240862228.0,II,Initial,,6303,Larceny Theft,Larceny Theft - From Building,"Theft, From Building, $200-$950",Cite or Arrest Adult,POWELL ST \ OFARRELL ST,24904000.0,Central,Tenderloin,3.0,3.0,37.78641128540039,-122.40803527832033,POINT (-122.40803527832031 37.78641128540039),19.0,,,,,,3.0,6.0
2024/03/26 04:03:00 PM,2024/03/26,04:03 PM,2024,Tuesday,2024/03/26 04:03:00 PM,137682806363,1376828,240192576,240862277.0,II,Initial,,6363,Larceny Theft,Larceny Theft - Shoplifting,"Theft, Shoplifting, $200-$950",Cite or Arrest Adult,POWELL ST \ OFARRELL ST,24904000.0,Central,Tenderloin,3.0,3.0,37.78641128540039,-122.40803527832033,POINT (-122.40803527832031 37.78641128540039),19.0,,,,,,3.0,6.0
2024/07/04 04:45:00 PM,2024/07/04,04:45 PM,2024,Thursday,2024/07/04 07:28:00 PM,140409806363,1404098,240417318,241862106.0,II,Initial,,6363,Larceny Theft,Larceny Theft - Shoplifting,"Theft, Shoplifting, $200-$950",Cite or Arrest Adult,OFARRELL ST \ POWELL ST,24904000.0,Central,Tenderloin,3.0,3.0,37.78641128540039,-122.40803527832033,POINT (-122.40803527832031 37.78641128540039),19.0,,,,,,3.0,6.0
2024/03/27 06:00:00 PM,2024/03/27,06:00 PM,2024,Wednesday,2024/03/27 07:16:00 PM,137721706362,1377217,240195990,240872622.0,II,Initial,,6362,Larceny Theft,Larceny Theft - Shoplifting,"Theft, Shoplifting, $50-$200",Cite or Arrest Adult,POWELL ST \ OFARRELL ST,24904000.0,Central,Tenderloin,3.0,3.0,37.78641128540039,-122.40803527832033,POINT (-122.40803527832031 37.78641128540039),19.0,,,,,,3.0,6.0
2024/03/26 04:40:00 PM,2024/03/26,04:40 PM,2024,Tuesday,2024/03/26 04:41:00 PM,137716906362,1377169,240192764,240862492.0,IS,Initial Supplement,,6362,Larceny Theft,Larceny Theft - Shoplifting,"Theft, Shoplifting, $50-$200",Cite or Arrest Adult,POWELL ST \ OFARRELL ST,24904000.0,Central,Tenderloin,3.0,3.0,37.78641128540039,-122.40803527832033,POINT (-122.40803527832031 37.78641128540039),19.0,,,,,,3.0,6.0
2024/03/27 08:00:00 AM,2024/03/27,08:00 AM,2024,Wednesday,2024/03/27 11:11:00 AM,137703106151,1377031,240194293,240871207.0,II,Initial,,6151,Larceny Theft,Larceny Theft - Other,"Theft, From Person, <$50 (other than Pickpocket)",Open or Active,EDDY ST \ LARKIN ST,25148000.0,Tenderloin,Tenderloin,5.0,6.0,37.78330993652344,-122.4175262451172,POINT (-122.41752624511719 37.78330993652344),20.0,,1.0,1.0,,,10.0,5.0
2024/03/26 04:40:00 PM,2024/03/26,04:40 PM,2024,Tuesday,2024/03/26 04:41:00 PM,137692706362,1376927,240192764,240862492.0,II,Initial,,6362,Larceny Theft,Larceny Theft - Shoplifting,"Theft, Shoplifting, $50-$200",Cite or Arrest Adult,POWELL ST \ OFARRELL ST,24904000.0,Central,Tenderloin,3.0,3.0,37.78641128540039,-122.40803527832033,POINT (-122.40803527832031 37.78641128540039),19.0,,,,,,3.0,6.0
2024/03/27 05:03:00 PM,2024/03/27,05:03 PM,2024,Wednesday,2024/03/27 05:03:00 PM,137715719095,1377157,240195495,240872354.0,II,Initial,,19095,Disorderly Conduct,Drug Violation,"Drugs, Under Influence  in a Public Place",Cite or Arrest Adult,TURK ST \ JONES ST,24923000.0,Tenderloin,Tenderloin,5.0,6.0,37.78300476074219,-122.41241455078124,POINT (-122.41241455078125 37.78300476074219),20.0,,1.0,1.0,1.0,,10.0,5.0
2024/07/06 07:15:00 AM,2024/07/06,07:15 AM,2024,Saturday,2024/07/06 08:28:00 AM,140454104013,1404541,240420769,241880623.0,II,Initial,,4013,Assault,Aggravated Assault,"Assault, Aggravated, W/ Other Weapon",Open or Active,OFARRELL ST \ POWELL ST,24904000.0,Tenderloin,Tenderloin,3.0,3.0,37.78641128540039,-122.40803527832033,POINT (-122.40803527832031 37.78641128540039),19.0,,,,,,3.0,6.0
2024/07/05 05:00:00 PM,2024/07/05,05:00 PM,2024,Friday,2024/07/06 09:19:00 AM,140457919057,1404579,240420844,241880743.0,II,Initial,,19057,Disorderly Conduct,Intimidation,Terrorist Threats,Open or Active,LARKIN ST \ OFARRELL ST,25152000.0,Tenderloin,Tenderloin,5.0,6.0,37.7851676940918,-122.41790008544922,POINT (-122.41790008544922 37.7851676940918),20.0,,1.0,,,,10.0,5.0
2024/10/01 03:04:00 PM,2024/10/01,03:04 PM,2024,Tuesday,2024/10/01 05:06:00 PM,142861606363,1428616,240617784,242752376.0,II,Initial,,6363,Larceny Theft,Larceny Theft - Shoplifting,"Theft, Shoplifting, $200-$950",Cite or Arrest Adult,OFARRELL ST \ POWELL ST,24904000.0,Central,Tenderloin,3.0,3.0,37.78641128540039,-122.40803527832033,POINT (-122.40803527832031 37.78641128540039),19.0,,,,,,3.0,6.0
2024/03/26 05:01:00 PM,2024/03/26,05:01 PM,2024,Tuesday,2024/03/29 12:25:00 PM,137767306363,1377673,240199760,240891527.0,II,Initial,,6363,Larceny Theft,Larceny Theft - Shoplifting,"Theft, Shoplifting, $200-$950",Open or Active,FRONT ST \ FREMONT ST \ MARKET ST,30730000.0,Central,Financial District/South Beach,6.0,6.0,37.79171752929688,-122.39826202392578,POINT (-122.39826202392578 37.791717529296875),108.0,,,,,,10.0,6.0
2024/03/28 04:51:00 PM,2024/03/28,04:51 PM,2024,Thursday,2024/03/28 05:04:00 PM,137747305014,1377473,240198160,240882395.0,II,Initial,,5014,Larceny Theft,Theft From Vehicle,"Burglary, Vehicle (Arrest made)",Cite or Arrest Adult,POLK ST \ NORTH POINT ST,26704000.0,Central,Russian Hill,2.0,2.0,37.8052864074707,-122.42365264892578,POINT (-122.42365264892578 37.8052864074707),98.0,,,,,,6.0,6.0
2024/03/26 04:25:00 PM,2024/03/26,04:25 PM,2024,Tuesday,2024/03/27 11:27:00 AM,137768906363,1377689,246041191,,II,Coplogic Initial,True,6363,Larceny Theft,Larceny Theft - Shoplifting,"Theft, Shoplifting, $200-$950",Open or Active,CHESTNUT ST \ PIERCE ST,26964000.0,Northern,Marina,2.0,2.0,37.8004035949707,-122.43950653076172,POINT (-122.43950653076172 37.8004035949707),17.0,,,,,,6.0,4.0
2024/03/27 05:00:00 PM,2024/03/27,05:00 PM,2024,Wednesday,2024/03/27 05:56:00 PM,137768806363,1377688,246041204,,II,Coplogic Initial,True,6363,Larceny Theft,Larceny Theft - Shoplifting,"Theft, Shoplifting, $200-$950",Open or Active,CHESTNUT ST \ PIERCE ST,26964000.0,Northern,Marina,2.0,2.0,37.8004035949707,-122.43950653076172,POINT (-122.43950653076172 37.8004035949707),17.0,,,,,,6.0,4.0
2024/03/29 03:01:00 PM,2024/03/29,03:01 PM,2024,Friday,2024/03/29 03:20:00 PM,137780206363,1377802,240200323,240892066.0,II,Initial,,6363,Larceny Theft,Larceny Theft - Shoplifting,"Theft, Shoplifting, $200-$950",Cite or Arrest Adult,POWELL ST \ OFARRELL ST,24904000.0,Central,Tenderloin,3.0,3.0,37.78641128540039,-122.40803527832033,POINT (-122.40803527832031 37.78641128540039),19.0,,,,,,3.0,6.0
2024/03/28 04:50:00 PM,2024/03/28,04:50 PM,2024,Thursday,2024/03/28 04:50:00 PM,137746319095,1377463,240198110,240882332.0,II,Initial,,19095,Disorderly Conduct,Drug Violation,"Drugs, Under Influence  in a Public Place",Cite or Arrest Adult,08TH ST \ GROVE ST \ HYDE ST \ MARKET ST,24429000.0,Tenderloin,Tenderloin,6.0,6.0,37.77872085571289,-122.41474151611328,POINT (-122.41474151611328 37.77872085571289),21.0,,1.0,1.0,1.0,,10.0,5.0
2024/03/28 06:00:00 PM,2024/03/28,06:00 PM,2024,Thursday,2024/03/28 10:06:00 PM,137811106374,1378111,246041793,,II,Coplogic Initial,True,6374,Larceny Theft,Larceny Theft - Other,"Theft, Other Property, >$950",Open or Active,VAN NESS AVE \ CLAY ST,26535000.0,Northern,Nob Hill,3.0,3.0,37.79217529296875,-122.42269134521484,POINT (-122.42269134521484 37.79217529296875),105.0,,,,,,3.0,4.0
2024/07/08 03:25:00 PM,2024/07/08,03:25 PM,2024,Monday,2024/07/08 03:38:00 PM,140513404138,1405134,240425725,241902020.0,II,Initial,,4138,Assault,Simple Assault,"Battery, former Spouse or Dating Relationship",Open or Active,GILMAN AVE \ HAWES ST,20438000.0,Bayview,Bayview Hunters Point,10.0,10.0,37.71929931640625,-122.39002227783205,POINT (-122.39002227783203 37.71929931640625),88.0,,,,,,9.0,2.0
2024/07/08 03:30:00 PM,2024/07/08,03:30 PM,2024,Monday,2024/07/08 03:50:00 PM,140509506363,1405095,240425753,241902096.0,II,Initial,,6363,Larceny Theft,Larceny Theft - Shoplifting,"Theft, Shoplifting, $200-$950",Open or Active,GEARY ST \ STOCKTON ST,24901000.0,Central,Financial District/South Beach,3.0,3.0,37.78756713867188,-122.4065933227539,POINT (-122.4065933227539 37.787567138671875),19.0,,,,,,3.0,6.0
2024/02/28 03:55:00 PM,2024/02/28,03:55 PM,2024,Wednesday,2024/02/28 04:53:00 PM,137834006372,1378340,246042246,,II,Coplogic Initial,True,6372,Larceny Theft,Larceny Theft - Other,"Theft, Other Property, $50-$200",Open or Active,NORTH POINT ST \ LARKIN ST,25589000.0,Central,Russian Hill,2.0,2.0,37.80549621582031,-122.42200469970705,POINT (-122.42200469970703 37.80549621582031),98.0,,,,,,6.0,6.0
2024/03/28 05:00:00 PM,2024/03/28,05:00 PM,2024,Thursday,2024/04/02 01:40:00 PM,137879271013,1378792,240208026,240931643.0,VI,Vehicle Initial,,71013,Larceny Theft,Theft From Vehicle,"License Plate, Stolen",Open or Active,23RD ST \ CASTRO ST,25745000.0,Mission,Noe Valley,8.0,8.0,37.752891540527344,-122.43424224853516,POINT (-122.43424224853516 37.752891540527344),84.0,,,,,,5.0,3.0
2024/10/02 03:40:00 PM,2024/10/02,03:40 PM,2024,Wednesday,2024/10/02 03:53:00 PM,142893406224,1428934,240620351,242762328.0,II,Initial,,6224,Larceny Theft,Larceny - From Vehicle,"Theft, From Unlocked Vehicle, >$950",Open or Active,EVANS AVE \ SELBY ST,33107000.0,Bayview,Bayview Hunters Point,10.0,10.0,37.74616241455078,-122.39405059814452,POINT (-122.39405059814453 37.74616241455078),85.0,,,,,,9.0,2.0
2024/04/03 03:58:00 PM,2024/04/03,03:58 PM,2024,Wednesday,2024/04/03 03:58:00 PM,137925804013,1379258,240210645,240942062.0,II,Initial,,4013,Assault,Aggravated Assault,"Assault, Aggravated, W/ Other Weapon",Cite or Arrest Adult,19TH ST \ CASTRO ST,25811000.0,Mission,Castro/Upper Market,8.0,8.0,37.7592887878418,-122.43485260009766,POINT (-122.43485260009766 37.7592887878418),115.0,,,,5.0,,5.0,3.0
2024/04/02 06:00:00 PM,2024/04/02,06:00 PM,2024,Tuesday,2024/04/02 06:42:00 PM,137890306362,1378903,240208979,240932600.0,II,Initial,,6362,Larceny Theft,Larceny Theft - Shoplifting,"Theft, Shoplifting, $50-$200",Open or Active,20TH AVE \ WINSTON DR,33719000.0,Taraval,Lakeshore,7.0,7.0,37.72695159912109,-122.47603607177734,POINT (-122.47603607177734 37.726951599121094),41.0,,,,,,8.0,10.0
2024/04/02 04:00:00 PM,2024/04/02,04:00 PM,2024,Tuesday,2024/04/04 10:41:00 AM,137950604134,1379506,240212055,240951067.0,II,Initial,,4134,Assault,Simple Assault,Battery,Open or Active,17TH ST \ DE HARO ST,23753000.0,Mission,Mission Bay,10.0,10.0,37.76483917236328,-122.40159606933594,POINT (-122.40159606933594 37.76483917236328),54.0,,,,,,9.0,1.0
2024/04/01 03:30:00 PM,2024/04/01,03:30 PM,2024,Monday,2024/04/04 02:00:00 PM,137952406303,1379524,240212447,240951666.0,II,Initial,,6303,Larceny Theft,Larceny Theft - From Building,"Theft, From Building, $200-$950",Open or Active,20TH AVE \ WINSTON DR,33719000.0,Taraval,Lakeshore,7.0,7.0,37.72695159912109,-122.47603607177734,POINT (-122.47603607177734 37.726951599121094),41.0,,,,,,8.0,10.0
2024/04/04 03:52:00 PM,2024/04/04,03:52 PM,2024,Thursday,2024/04/04 05:16:00 PM,137960406363,1379604,240213100,240952318.0,II,Initial,,6363,Larceny Theft,Larceny Theft - Shoplifting,"Theft, Shoplifting, $200-$950",Cite or Arrest Adult,POWELL ST \ OFARRELL ST,24904000.0,Central,Tenderloin,3.0,3.0,37.78641128540039,-122.40803527832033,POINT (-122.40803527832031 37.78641128540039),19.0,,,,,,3.0,6.0
2024/07/09 05:00:00 PM,2024/07/09,05:00 PM,2024,Tuesday,2024/07/10 04:03:00 PM,140566006304,1405660,240430439,241921229.0,II,Initial,,6304,Larceny Theft,Larceny Theft - From Building,"Theft, From Building, >$950",Open or Active,GEARY ST \ TAYLOR ST,24941000.0,Central,Tenderloin,3.0,3.0,37.78694152832031,-122.41151428222656,POINT (-122.41151428222656 37.78694152832031),50.0,,,,,,3.0,6.0
2024/04/05 04:23:00 PM,2024/04/05,04:23 PM,2024,Friday,2024/04/05 04:23:00 PM,137982019095,1379820,240215071,240962462.0,II,Initial,,19095,Disorderly Conduct,Drug Violation,"Drugs, Under Influence  in a Public Place",Cite or Arrest Adult,EDDY ST \ LARKIN ST,25148000.0,Tenderloin,Tenderloin,5.0,6.0,37.78330993652344,-122.4175262451172,POINT (-122.41752624511719 37.78330993652344),20.0,,1.0,1.0,,,10.0,5.0
2024/04/05 06:34:00 AM,2024/04/05,06:34 AM,2024,Friday,2024/04/05 06:34:00 AM,137978307100,1379783,240213912,240960502.0,II,Initial,,7100,Vandalism,Vandalism,"Vehicle, Tampering",Open or Active,POLK ST \ EDDY ST,25176000.0,Tenderloin,Tenderloin,5.0,6.0,37.78310012817383,-122.41918182373048,POINT (-122.41918182373047 37.78310012817383),20.0,,1.0,1.0,,,10.0,4.0
2024/04/05 05:48:00 PM,2024/04/05,05:48 PM,2024,Friday,2024/04/05 05:50:00 PM,137984404134,1379844,240215338,240962752.0,II,Initial,,4134,Assault,Simple Assault,Battery,Cite or Arrest Adult,03RD AVE \ GEARY BLVD,27245000.0,Richmond,Inner Richmond,1.0,1.0,37.781158447265625,-122.4610595703125,POINT (-122.4610595703125 37.781158447265625),5.0,,,,,,4.0,8.0
2024/04/05 06:00:00 AM,2024/04/05,06:00 AM,2024,Friday,2024/04/05 07:07:00 AM,137999206224,1379992,246047058,,II,Coplogic Initial,True,6224,Larceny Theft,Larceny - From Vehicle,"Theft, From Unlocked Vehicle, >$950",Open or Active,35TH AVE \ QUINTARA ST,23414000.0,Taraval,Sunset/Parkside,4.0,4.0,37.74788665771485,-122.49322509765624,POINT (-122.49322509765625 37.747886657714844),40.0,,,,,,7.0,10.0
2024/07/11 03:38:00 PM,2024/07/11,03:38 PM,2024,Thursday,2024/07/11 03:42:00 PM,140595706361,1405957,240432720,241932085.0,II,Initial,,6361,Larceny Theft,Larceny Theft - Shoplifting,"Theft, Shoplifting, <$50",Cite or Arrest Adult,42ND AVE \ GEARY BLVD \ POINT LOBOS AVE,27917000.0,Richmond,Outer Richmond,1.0,1.0,37.77960968017578,-122.5029754638672,POINT (-122.50297546386719 37.77960968017578),6.0,,,,,,4.0,8.0
2024/07/08 07:00:00 AM,2024/07/08,07:00 AM,2024,Monday,2024/07/11 10:07:00 AM,140583404134,1405834,240431910,241931001.0,II,Initial,,4134,Assault,Simple Assault,Battery,Open or Active,GARFIELD ST \ VERNON ST,22717000.0,Taraval,Oceanview/Merced/Ingleside,11.0,11.0,37.71966552734375,-122.46805572509766,POINT (-122.46805572509766 37.71966552734375),64.0,,,,,,1.0,10.0
2024/10/04 04:40:00 PM,2024/10/04,04:40 PM,2024,Friday,2024/10/04 04:48:00 PM,142949804134,1429498,240625301,242782583.0,II,Initial,,4134,Assault,Simple Assault,Battery,Open or Active,EDDY ST \ POLK ST,25176000.0,Tenderloin,Tenderloin,5.0,6.0,37.78310012817383,-122.41918182373048,POINT (-122.41918182373047 37.78310012817383),20.0,,1.0,1.0,,,10.0,4.0
2024/09/17 04:45:00 PM,2024/09/17,04:45 PM,2024,Tuesday,2024/09/18 06:59:00 PM,142931806372,1429318,246127804,,II,Coplogic Initial,True,6372,Larceny Theft,Larceny Theft - Other,"Theft, Other Property, $50-$200",Open or Active,GEARY ST \ LEAVENWORTH ST,25154000.0,Central,Tenderloin,5.0,6.0,37.78651809692383,-122.41481018066406,POINT (-122.41481018066406 37.78651809692383),20.0,,1.0,,,,10.0,6.0
2024/07/11 05:45:00 PM,2024/07/11,05:45 PM,2024,Thursday,2024/07/11 06:08:00 PM,140602506363,1406025,240433182,241932561.0,II,Initial,,6363,Larceny Theft,Larceny Theft - Shoplifting,"Theft, Shoplifting, $200-$950",Open or Active,OFARRELL ST \ POWELL ST,24904000.0,Central,Tenderloin,3.0,3.0,37.78641128540039,-122.40803527832033,POINT (-122.40803527832031 37.78641128540039),19.0,,,,,,3.0,6.0
2024/07/06 07:30:00 AM,2024/07/06,07:30 AM,2024,Saturday,2024/07/09 03:37:00 PM,140607306374,1406073,246087941,,II,Coplogic Initial,True,6374,Larceny Theft,Larceny Theft - Other,"Theft, Other Property, >$950",Open or Active,FILLMORE ST \ LOMBARD ST,26751000.0,Northern,Marina,2.0,2.0,37.799842834472656,-122.43604278564452,POINT (-122.43604278564453 37.799842834472656),17.0,,,,,,6.0,4.0
2024/04/08 04:00:00 PM,2024/04/08,04:00 PM,2024,Monday,2024/04/09 04:44:00 PM,138083306244,1380833,240223557,241002348.0,II,Initial,,6244,Larceny Theft,Larceny - From Vehicle,"Theft, From Locked Vehicle, >$950",Open or Active,23RD ST \ PENNSYLVANIA AVE,23621000.0,Bayview,Potrero Hill,10.0,10.0,37.75509643554688,-122.39288330078124,POINT (-122.39288330078125 37.755096435546875),54.0,,,,,,9.0,2.0
2024/04/09 05:55:00 PM,2024/04/09,05:55 PM,2024,Tuesday,2024/04/09 06:05:00 PM,138088904134,1380889,240223808,241002580.0,II,Initial,,4134,Assault,Simple Assault,Battery,Open or Active,ALAMEDA ST \ RHODE ISLAND ST,23861000.0,Southern,Mission Bay,6.0,10.0,37.768646240234375,-122.40292358398438,POINT (-122.40292358398438 37.768646240234375),33.0,,,,,,9.0,1.0
2024/10/04 05:56:00 PM,2024/10/04,05:56 PM,2024,Friday,2024/10/04 05:56:00 PM,142950912173,1429509,240625511,242782882.0,II,Initial,,12173,Weapons Carrying Etc,Weapons Offense,"Ammunition, Poss. By Prohibited Person",Cite or Arrest Adult,EDDY ST \ VAN NESS AVE,25186000.0,Northern,Tenderloin,5.0,6.0,37.78289413452149,-122.42081451416016,POINT (-122.42081451416016 37.782894134521484),20.0,,1.0,1.0,,,10.0,4.0
2024/04/09 05:53:00 PM,2024/04/09,05:53 PM,2024,Tuesday,2024/04/10 12:20:00 PM,138103327090,1381033,240225014,241011438.0,II,Initial,,27090,Larceny Theft,Larceny Theft - Other,"Theft, Lost Property, Petty",Open or Active,20TH AVE \ WINSTON DR,33719000.0,Taraval,Lakeshore,7.0,7.0,37.72695159912109,-122.47603607177734,POINT (-122.47603607177734 37.726951599121094),41.0,,,,,,8.0,10.0
2024/04/10 04:37:00 PM,2024/04/10,04:37 PM,2024,Wednesday,2024/04/10 04:50:00 PM,138109904134,1381099,240225995,241012341.0,II,Initial,,4134,Assault,Simple Assault,Battery,Open or Active,PERSIA AVE \ MISSION ST,21744000.0,Ingleside,Excelsior,11.0,11.0,37.72312927246094,-122.43597412109376,POINT (-122.43597412109375 37.72312927246094),90.0,,,,,,1.0,9.0
2024/04/09 04:00:00 PM,2024/04/09,04:00 PM,2024,Tuesday,2024/04/10 12:36:00 PM,138135804134,1381358,240225202,241011496.0,II,Initial,,4134,Assault,Simple Assault,Battery,Open or Active,20TH AVE \ GEARY BLVD,27505000.0,Richmond,Outer Richmond,1.0,1.0,37.78033447265625,-122.47938537597656,POINT (-122.47938537597656 37.78033447265625),8.0,,,,,,4.0,8.0
2024/04/11 05:41:00 PM,2024/04/11,05:41 PM,2024,Thursday,2024/04/11 05:41:00 PM,138146804134,1381468,240228159,241022447.0,II,Initial,,4134,Assault,Simple Assault,Battery,Open or Active,LEAVENWORTH ST \ TURK ST,24934000.0,Tenderloin,Tenderloin,5.0,6.0,37.78279495239258,-122.41405487060548,POINT (-122.41405487060547 37.78279495239258),20.0,,1.0,1.0,1.0,,10.0,5.0
2024/04/08 05:50:00 PM,2024/04/08,05:50 PM,2024,Monday,2024/04/11 07:43:00 PM,138145906224,1381459,240228450,241022796.0,II,Initial,,6224,Larceny Theft,Larceny - From Vehicle,"Theft, From Unlocked Vehicle, >$950",Open or Active,CASTRO ST \ 16TH ST,25807000.0,Park,Castro/Upper Market,8.0,8.0,37.764102935791016,-122.43531799316406,POINT (-122.43531799316406 37.764102935791016),113.0,,,,5.0,,5.0,7.0
2024/04/12 05:00:00 PM,2024/04/12,05:00 PM,2024,Friday,2024/04/12 06:10:00 PM,138179404134,1381794,240230580,241032505.0,II,Initial,,4134,Assault,Simple Assault,Battery,Open or Active,FRIDA KAHLO WAY \ GENEVA AVE \ OCEAN AVE,22192000.0,Ingleside,West of Twin Peaks,11.0,7.0,37.72307968139648,-122.45233154296876,POINT (-122.45233154296875 37.723079681396484),64.0,,,,,,8.0,10.0
2024/09/11 06:00:00 PM,2024/09/11,06:00 PM,2024,Wednesday,2024/09/23 02:25:00 PM,142984806372,1429848,246119798,,IS,Coplogic Supplement,True,6372,Larceny Theft,Larceny Theft - Other,"Theft, Other Property, $50-$200",Open or Active,46TH AVE \ IRVING ST,27949000.0,Taraval,Sunset/Parkside,4.0,4.0,37.76228332519531,-122.5060577392578,POINT (-122.50605773925781 37.76228332519531),39.0,,,,,,7.0,10.0
2024/04/05 05:50:00 PM,2024/04/05,05:50 PM,2024,Friday,2024/04/13 07:34:00 AM,138192606373,1381926,240231259,241040552.0,II,Initial,,6373,Larceny Theft,Larceny Theft - Other,"Theft, Other Property, $200-$950",Open or Active,EDDY ST \ BUCHANAN ST,26509000.0,Northern,Western Addition,5.0,5.0,37.7818489074707,-122.42903900146484,POINT (-122.42903900146484 37.7818489074707),97.0,,,,,,11.0,4.0
2024/09/30 04:00:00 PM,2024/09/30,04:00 PM,2024,Monday,2024/09/30 08:36:00 PM,142993406244,1429934,246128705,,II,Coplogic Initial,True,6244,Larceny Theft,Larceny - From Vehicle,"Theft, From Locked Vehicle, >$950",Open or Active,25TH ST \ CONNECTICUT ST,23634000.0,Bayview,Potrero Hill,10.0,10.0,37.75231170654297,-122.39651489257812,POINT (-122.39651489257812 37.75231170654297),54.0,,,,,,9.0,2.0
2024/07/15 05:00:00 PM,2024/07/15,05:00 PM,2024,Monday,2024/07/15 07:28:00 PM,140707106316,1407071,240441919,241972470.0,II,Initial,,6316,Larceny Theft,Larceny Theft - Bicycle,"Theft, Bicycle, <$50, no serial number",Open or Active,OFARRELL ST \ POWELL ST,24904000.0,Central,Tenderloin,3.0,3.0,37.78641128540039,-122.40803527832033,POINT (-122.40803527832031 37.78641128540039),19.0,,,,,,3.0,6.0
2024/04/15 04:05:00 PM,2024/04/15,04:05 PM,2024,Monday,2024/04/15 08:18:00 PM,138254106363,1382541,240236914,241062145.0,II,Initial,,6363,Larceny Theft,Larceny Theft - Shoplifting,"Theft, Shoplifting, $200-$950",Cite or Arrest Adult,POWELL ST \ OFARRELL ST,24904000.0,Central,Tenderloin,3.0,3.0,37.78641128540039,-122.40803527832033,POINT (-122.40803527832031 37.78641128540039),19.0,,,,,,3.0,6.0
2024/04/15 06:00:00 PM,2024/04/15,06:00 PM,2024,Monday,2024/04/15 07:18:00 PM,138250606244,1382506,240236754,241062785.0,II,Initial,,6244,Larceny Theft,Larceny - From Vehicle,"Theft, From Locked Vehicle, >$950",Open or Active,20TH AVE \ WINSTON DR,33719000.0,Taraval,Lakeshore,7.0,7.0,37.72695159912109,-122.47603607177734,POINT (-122.47603607177734 37.726951599121094),41.0,,,,,,8.0,10.0
2024/07/16 05:32:00 PM,2024/07/16,05:32 PM,2024,Tuesday,2024/07/16 06:50:00 PM,140737806362,1407378,240444496,241982533.0,II,Initial,,6362,Larceny Theft,Larceny Theft - Shoplifting,"Theft, Shoplifting, $50-$200",Cite or Arrest Adult,OFARRELL ST \ POWELL ST,24904000.0,Central,Tenderloin,3.0,3.0,37.78641128540039,-122.40803527832033,POINT (-122.40803527832031 37.78641128540039),19.0,,,,,,3.0,6.0
2024/04/16 07:30:00 AM,2024/04/16,07:30 AM,2024,Tuesday,2024/04/16 12:27:00 PM,138271006373,1382710,240238108,241071486.0,II,Initial,,6373,Larceny Theft,Larceny Theft - Other,"Theft, Other Property, $200-$950",Open or Active,VAN NESS AVE \ SUTTER ST,25219000.0,Central,Nob Hill,3.0,2.0,37.78754806518555,-122.42176055908205,POINT (-122.42176055908203 37.78754806518555),100.0,,,,,,6.0,4.0
2024/04/12 06:28:00 AM,2024/04/12,06:28 AM,2024,Friday,2024/04/16 10:26:00 AM,138265506303,1382655,240237683,241071067.0,II,Initial,,6303,Larceny Theft,Larceny Theft - From Building,"Theft, From Building, $200-$950",Open or Active,TURK ST \ JONES ST,24923000.0,Tenderloin,Tenderloin,5.0,6.0,37.78300476074219,-122.41241455078124,POINT (-122.41241455078125 37.78300476074219),20.0,,1.0,1.0,1.0,,10.0,5.0
2024/04/16 03:53:00 PM,2024/04/16,03:53 PM,2024,Tuesday,2024/04/16 03:53:00 PM,138276919400,1382769,240238653,241072250.0,II,Initial,,19400,Disorderly Conduct,Other,Gang Related (secondary only),Cite or Arrest Adult,16TH ST \ MISSION ST,24170000.0,Mission,Mission,9.0,9.0,37.76505279541016,-122.41967010498048,POINT (-122.41967010498047 37.765052795410156),53.0,,,,3.0,,2.0,3.0
2024/04/16 04:29:00 PM,2024/04/16,04:29 PM,2024,Tuesday,2024/04/16 04:29:00 PM,138275812100,1382758,240238603,241072401.0,II,Initial,,12100,Weapons Carrying Etc,Weapons Offense,"Firearm, Possession of Loaded",Cite or Arrest Adult,OFARRELL ST \ LARKIN ST,25152000.0,Tenderloin,Tenderloin,5.0,6.0,37.7851676940918,-122.41790008544922,POINT (-122.41790008544922 37.7851676940918),20.0,,1.0,,,,10.0,5.0
2024/04/16 04:29:00 PM,2024/04/16,04:29 PM,2024,Tuesday,2024/04/16 04:29:00 PM,138275812080,1382758,240238603,241072401.0,II,Initial,,12080,Weapons Carrying Etc,Weapons Offense,"Firearm, Possession By Prohibited Person",Cite or Arrest Adult,OFARRELL ST \ LARKIN ST,25152000.0,Tenderloin,Tenderloin,5.0,6.0,37.7851676940918,-122.41790008544922,POINT (-122.41790008544922 37.7851676940918),20.0,,1.0,,,,10.0,5.0
2024/07/16 04:19:00 PM,2024/07/16,04:19 PM,2024,Tuesday,2024/07/16 04:19:00 PM,140731519095,1407315,240444032,241982285.0,II,Initial,,19095,Disorderly Conduct,Drug Violation,"Drugs, Under Influence  in a Public Place",Cite or Arrest Adult,GEARY ST \ LEAVENWORTH ST,25154000.0,Central,Tenderloin,5.0,6.0,37.78651809692383,-122.41481018066406,POINT (-122.41481018066406 37.78651809692383),20.0,,1.0,,,,10.0,6.0
2024/07/16 03:05:00 PM,2024/07/16,03:05 PM,2024,Tuesday,2024/07/16 03:09:00 PM,140732404014,1407324,240443993,241982057.0,II,Initial,,4014,Assault,Aggravated Assault,"Assault, Aggravated, W/ Force",Open or Active,EDDY ST \ FILLMORE ST,26044000.0,Northern,Western Addition,5.0,5.0,37.78142929077149,-122.4323272705078,POINT (-122.43232727050781 37.781429290771484),97.0,,,,,,11.0,4.0
2024/07/16 04:35:00 PM,2024/07/16,04:35 PM,2024,Tuesday,2024/07/16 05:33:00 PM,140732806303,1407328,240444264,241982514.0,II,Initial,,6303,Larceny Theft,Larceny Theft - From Building,"Theft, From Building, $200-$950",Open or Active,FILLMORE ST \ GEARY BLVD,26590000.0,Northern,Western Addition,5.0,5.0,37.78435516357422,-122.43291473388672,POINT (-122.43291473388672 37.78435516357422),103.0,,,,,,11.0,4.0
2024/07/16 04:36:00 PM,2024/07/16,04:36 PM,2024,Tuesday,2024/07/16 04:56:00 PM,140734606363,1407346,240444236,241982408.0,II,Initial,,6363,Larceny Theft,Larceny Theft - Shoplifting,"Theft, Shoplifting, $200-$950",Cite or Arrest Adult,GEARY ST \ STOCKTON ST,24901000.0,Central,Financial District/South Beach,3.0,3.0,37.78756713867188,-122.4065933227539,POINT (-122.4065933227539 37.787567138671875),19.0,,,,,,3.0,6.0
2024/04/16 04:03:00 PM,2024/04/16,04:03 PM,2024,Tuesday,2024/04/16 04:22:00 PM,138278404014,1382784,240238954,241072368.0,II,Initial,,4014,Assault,Aggravated Assault,"Assault, Aggravated, W/ Force",Open or Active,24TH AVE \ QUINTARA ST,23269000.0,Taraval,Sunset/Parkside,4.0,4.0,37.74840927124024,-122.48143768310548,POINT (-122.48143768310547 37.748409271240234),39.0,,,,,,7.0,10.0
2024/04/17 03:10:00 PM,2024/04/17,03:10 PM,2024,Wednesday,2024/04/17 03:12:00 PM,138310719024,1383107,240241220,241082041.0,II,Initial,,19024,Disorderly Conduct,Disorderly Conduct,"Disturbing The Peace, Fighting",Open or Active,24TH AVE \ QUINTARA ST,23269000.0,Taraval,Sunset/Parkside,4.0,4.0,37.74840927124024,-122.48143768310548,POINT (-122.48143768310547 37.748409271240234),39.0,,,,,,7.0,10.0
2024/04/17 03:10:00 PM,2024/04/17,03:10 PM,2024,Wednesday,2024/04/17 03:12:00 PM,138310704014,1383107,240241220,241082041.0,II,Initial,,4014,Assault,Aggravated Assault,"Assault, Aggravated, W/ Force",Open or Active,24TH AVE \ QUINTARA ST,23269000.0,Taraval,Sunset/Parkside,4.0,4.0,37.74840927124024,-122.48143768310548,POINT (-122.48143768310547 37.748409271240234),39.0,,,,,,7.0,10.0
2024/07/15 04:30:00 PM,2024/07/15,04:30 PM,2024,Monday,2024/07/16 11:58:00 PM,140741004134,1407410,240444941,241983429.0,II,Initial,,4134,Assault,Simple Assault,Battery,Open or Active,03RD ST \ MENDELL ST \ PALOU AVE,33269000.0,Bayview,Bayview Hunters Point,10.0,10.0,37.734012603759766,-122.3909683227539,POINT (-122.3909683227539 37.734012603759766),86.0,,,,,,9.0,2.0
2024/04/17 04:45:00 PM,2024/04/17,04:45 PM,2024,Wednesday,2024/04/18 08:24:00 AM,138333206373,1383332,240242591,241090658.0,II,Initial,,6373,Larceny Theft,Larceny Theft - Other,"Theft, Other Property, $200-$950",Open or Active,30TH ST \ CHURCH ST,21904000.0,Ingleside,Glen Park,8.0,8.0,37.74209976196289,-122.42652130126952,POINT (-122.42652130126953 37.74209976196289),84.0,,,,,,5.0,9.0
2024/04/15 03:35:00 PM,2024/04/15,03:35 PM,2024,Monday,2024/04/16 05:58:00 PM,138334006363,1383340,240238960,241072704.0,II,Initial,,6363,Larceny Theft,Larceny Theft - Shoplifting,"Theft, Shoplifting, $200-$950",Open or Active,20TH AVE \ WINSTON DR,33719000.0,Taraval,Lakeshore,7.0,7.0,37.72695159912109,-122.47603607177734,POINT (-122.47603607177734 37.726951599121094),41.0,,,,,,8.0,10.0
2024/07/17 04:45:00 PM,2024/07/17,04:45 PM,2024,Wednesday,2024/07/17 04:45:00 PM,140761404014,1407614,240443993,241992212.0,IS,Initial Supplement,,4014,Assault,Aggravated Assault,"Assault, Aggravated, W/ Force",Cite or Arrest Adult,EDDY ST \ FILLMORE ST,26044000.0,Northern,Western Addition,5.0,5.0,37.78142929077149,-122.4323272705078,POINT (-122.43232727050781 37.781429290771484),97.0,,,,,,11.0,4.0
2024/09/19 05:00:00 PM,2024/09/19,05:00 PM,2024,Thursday,2024/10/07 09:21:00 AM,143011706244,1430117,240630316,242810954.0,II,Initial,,6244,Larceny Theft,Larceny - From Vehicle,"Theft, From Locked Vehicle, >$950",Open or Active,EDDY ST \ FILLMORE ST,26044000.0,Northern,Western Addition,5.0,5.0,37.78142929077149,-122.4323272705078,POINT (-122.43232727050781 37.781429290771484),97.0,,,,,,11.0,4.0
2024/12/30 05:15:00 PM,2024/12/30,05:15 PM,2024,Monday,2024/12/30 07:42:00 PM,145091406362,1450914,240799859,243652266.0,II,Initial,,6362,Larceny Theft,Larceny Theft - Shoplifting,"Theft, Shoplifting, $50-$200",Cite or Arrest Adult,OFARRELL ST \ POWELL ST,24904000.0,Central,Tenderloin,3.0,3.0,37.78641128540039,-122.40803527832033,POINT (-122.40803527832031 37.78641128540039),19.0,,,,,,3.0,6.0
2024/04/15 04:00:00 PM,2024/04/15,04:00 PM,2024,Monday,2024/04/17 08:11:00 PM,138366806224,1383668,246052609,,II,Coplogic Initial,True,6224,Larceny Theft,Larceny - From Vehicle,"Theft, From Unlocked Vehicle, >$950",Open or Active,CASTRO ST \ DUBOCE AVE,26005000.0,Mission,Haight Ashbury,8.0,8.0,37.76905822753906,-122.435791015625,POINT (-122.435791015625 37.76905822753906),28.0,,,,5.0,,5.0,7.0
2024/04/19 06:00:00 AM,2024/04/19,06:00 AM,2024,Friday,2024/04/19 06:06:00 AM,138357804136,1383578,240244973,241100427.0,II,Initial,,4136,Assault,Simple Assault,Battery with Serious Injuries,Cite or Arrest Adult,FRIDA KAHLO WAY \ GENEVA AVE \ OCEAN AVE,22192000.0,Taraval,West of Twin Peaks,11.0,7.0,37.72307968139648,-122.45233154296876,POINT (-122.45233154296875 37.723079681396484),64.0,,,,,,8.0,10.0
2024/04/18 03:02:00 PM,2024/04/18,03:02 PM,2024,Thursday,2024/04/18 03:53:00 PM,138350704138,1383507,240243743,241092017.0,II,Initial,,4138,Assault,Simple Assault,"Battery, former Spouse or Dating Relationship",Open or Active,FOLSOM ST \ CORTLAND AVE,21079000.0,Ingleside,Bernal Heights,9.0,9.0,37.73898315429688,-122.41331481933594,POINT (-122.41331481933594 37.738983154296875),83.0,,,,,,2.0,9.0
2024/04/19 03:00:00 PM,2024/04/19,03:00 PM,2024,Friday,2024/04/19 10:25:00 PM,138378871013,1383788,240247115,241103384.0,VI,Vehicle Initial,,71013,Larceny Theft,Theft From Vehicle,"License Plate, Stolen",Open or Active,GEARY BLVD \ PARK PRESIDIO BLVD,27483000.0,Richmond,Outer Richmond,1.0,1.0,37.78065490722656,-122.4723129272461,POINT (-122.4723129272461 37.78065490722656),5.0,,,,,,4.0,8.0
2024/04/19 05:30:00 PM,2024/04/19,05:30 PM,2024,Friday,2024/04/19 06:05:00 PM,138377004134,1383770,240246872,241102636.0,II,Initial,,4134,Assault,Simple Assault,Battery,Open or Active,20TH AVE \ WINSTON DR,33719000.0,Taraval,Lakeshore,7.0,7.0,37.72695159912109,-122.47603607177734,POINT (-122.47603607177734 37.726951599121094),41.0,,,,,,8.0,10.0
2024/04/04 06:00:00 AM,2024/04/04,06:00 AM,2024,Thursday,2024/04/15 09:26:00 AM,138384906372,1383849,246053293,,II,Coplogic Initial,True,6372,Larceny Theft,Larceny Theft - Other,"Theft, Other Property, $50-$200",Open or Active,BLANKEN AVE \ TUNNEL AVE,20289000.0,Bayview,Bayview Hunters Point,10.0,10.0,37.71201705932617,-122.40078735351562,POINT (-122.40078735351562 37.71201705932617),89.0,,,,,,9.0,2.0
2024/04/19 05:56:00 PM,2024/04/19,05:56 PM,2024,Friday,2024/04/19 06:20:00 PM,138379306362,1383793,240246753,241102285.0,II,Initial,,6362,Larceny Theft,Larceny Theft - Shoplifting,"Theft, Shoplifting, $50-$200",Cite or Arrest Adult,POWELL ST \ OFARRELL ST,24904000.0,Central,Tenderloin,3.0,3.0,37.78641128540039,-122.40803527832033,POINT (-122.40803527832031 37.78641128540039),19.0,,,,,,3.0,6.0
2024/10/07 05:25:00 PM,2024/10/07,05:25 PM,2024,Monday,2024/10/07 05:25:00 PM,143033504134,1430335,240631853,242812713.0,II,Initial,,4134,Assault,Simple Assault,Battery,Cite or Arrest Adult,MISSION ST \ SYCAMORE ST,24163000.0,Mission,Mission,9.0,9.0,37.76271438598633,-122.41944122314452,POINT (-122.41944122314453 37.76271438598633),53.0,,,,3.0,,2.0,3.0
2024/09/30 03:30:00 PM,2024/09/30,03:30 PM,2024,Monday,2024/10/07 02:25:00 PM,143042704134,1430427,240631251,242812082.0,II,Initial,,4134,Assault,Simple Assault,Battery,Open or Active,33RD AVE \ GEARY BLVD,27854000.0,Richmond,Outer Richmond,1.0,1.0,37.77968978881836,-122.49329376220705,POINT (-122.49329376220703 37.77968978881836),8.0,,,,,,4.0,8.0
2024/04/22 07:45:00 AM,2024/04/22,07:45 AM,2024,Monday,2024/04/22 08:40:00 AM,138426406361,1384264,240251592,241130613.0,II,Initial,,6361,Larceny Theft,Larceny Theft - Shoplifting,"Theft, Shoplifting, <$50",Open or Active,FRONT ST \ FREMONT ST \ MARKET ST,30730000.0,Central,Financial District/South Beach,6.0,6.0,37.79171752929688,-122.39826202392578,POINT (-122.39826202392578 37.791717529296875),108.0,,,,,,10.0,6.0
2024/04/05 05:00:00 PM,2024/04/05,05:00 PM,2024,Friday,2024/04/22 12:51:00 PM,138432506373,1384325,240252261,241131646.0,II,Initial,,6373,Larceny Theft,Larceny Theft - Other,"Theft, Other Property, $200-$950",Open or Active,25TH ST \ DAKOTA ST \ TEXAS ST,23627000.0,Bayview,Bayview Hunters Point,10.0,10.0,37.75242614746094,-122.39458465576172,POINT (-122.39458465576172 37.75242614746094),54.0,,,,,,9.0,2.0
2024/04/16 05:00:00 PM,2024/04/16,05:00 PM,2024,Tuesday,2024/04/22 12:58:00 PM,138430506154,1384305,240252302,241131668.0,II,Initial,,6154,Larceny Theft,Larceny Theft - Other,"Theft, From Person, >$950 (other than Pickpocket)",Open or Active,03RD ST \ KEARNY ST \ MARKET ST,30738000.0,Central,Financial District/South Beach,6.0,3.0,37.78764343261719,-122.40342712402344,POINT (-122.40342712402344 37.78764343261719),32.0,,,,,,3.0,6.0
2024/04/22 04:37:00 PM,2024/04/22,04:37 PM,2024,Monday,2024/04/22 05:09:00 PM,138443306362,1384433,240253338,241132508.0,II,Initial,,6362,Larceny Theft,Larceny Theft - Shoplifting,"Theft, Shoplifting, $50-$200",Open or Active,POWELL ST \ OFARRELL ST,24904000.0,Central,Tenderloin,3.0,3.0,37.78641128540039,-122.40803527832033,POINT (-122.40803527832031 37.78641128540039),19.0,,,,,,3.0,6.0
2024/07/16 05:31:00 PM,2024/07/16,05:31 PM,2024,Tuesday,2024/07/17 11:41:00 AM,140806706244,1408067,246091425,,II,Coplogic Initial,True,6244,Larceny Theft,Larceny - From Vehicle,"Theft, From Locked Vehicle, >$950",Open or Active,43RD AVE \ CLEMENT ST \ VETERANS DR,27920000.0,Richmond,Outer Richmond,1.0,1.0,37.7811279296875,-122.50415802001952,POINT (-122.50415802001953 37.7811279296875),6.0,,,,,,4.0,8.0
2024/07/15 03:30:00 PM,2024/07/15,03:30 PM,2024,Monday,2024/07/19 05:35:00 PM,140825071013,1408250,240451708,242012291.0,VI,Vehicle Initial,,71013,Larceny Theft,Theft From Vehicle,"License Plate, Stolen",Open or Active,CHESTNUT ST \ GOUGH ST,26716000.0,Northern,Marina,2.0,2.0,37.80186462402344,-122.4280242919922,POINT (-122.42802429199219 37.80186462402344),17.0,,,,,,6.0,4.0
2024/07/18 06:00:00 PM,2024/07/18,06:00 PM,2024,Thursday,2024/07/19 09:53:00 AM,140814506234,1408145,240450738,242010986.0,II,Initial,,6234,Larceny Theft,Larceny - Auto Parts,"Theft, Vehicle Strip, >$950",Open or Active,HOLLOWAY AVE \ PLYMOUTH AVE,22583000.0,Taraval,Oceanview/Merced/Ingleside,11.0,7.0,37.72184753417969,-122.45613861083984,POINT (-122.45613861083984 37.72184753417969),64.0,,,,,,8.0,10.0
2024/04/23 04:45:00 PM,2024/04/23,04:45 PM,2024,Tuesday,2024/04/23 04:45:00 PM,138473506361,1384735,240255710,241142400.0,II,Initial,,6361,Larceny Theft,Larceny Theft - Shoplifting,"Theft, Shoplifting, <$50",Open or Active,20TH AVE \ WINSTON DR,33719000.0,Taraval,Lakeshore,7.0,7.0,37.72695159912109,-122.47603607177734,POINT (-122.47603607177734 37.726951599121094),41.0,,,,,,8.0,10.0
2024/04/16 04:00:00 PM,2024/04/16,04:00 PM,2024,Tuesday,2024/04/23 05:50:00 PM,138474671013,1384746,240255873,241141780.0,VI,Vehicle Initial,,71013,Larceny Theft,Theft From Vehicle,"License Plate, Stolen",Open or Active,FILLMORE ST \ CHESTNUT ST,26763000.0,Northern,Marina,2.0,2.0,37.80081558227539,-122.43627166748048,POINT (-122.43627166748047 37.80081558227539),17.0,,,,,,6.0,4.0
2024/04/23 04:11:00 PM,2024/04/23,04:11 PM,2024,Tuesday,2024/04/23 09:05:00 PM,138478406363,1384784,240256285,241142430.0,II,Initial,,6363,Larceny Theft,Larceny Theft - Shoplifting,"Theft, Shoplifting, $200-$950",Cite or Arrest Adult,OFARRELL ST \ POWELL ST,24904000.0,Central,Tenderloin,3.0,3.0,37.78641128540039,-122.40803527832033,POINT (-122.40803527832031 37.78641128540039),19.0,,,,,,3.0,6.0
2024/04/24 03:50:00 PM,2024/04/24,03:50 PM,2024,Wednesday,2024/04/24 03:51:00 PM,138502319095,1385023,240257982,241152260.0,II,Initial,,19095,Disorderly Conduct,Drug Violation,"Drugs, Under Influence  in a Public Place",Cite or Arrest Adult,EDDY ST \ JONES ST,24929000.0,Tenderloin,Tenderloin,5.0,6.0,37.78393173217773,-122.41259765625,POINT (-122.41259765625 37.783931732177734),20.0,,1.0,1.0,,,10.0,5.0
2024/04/23 04:00:00 PM,2024/04/23,04:00 PM,2024,Tuesday,2024/04/23 06:28:00 PM,138473812120,1384738,240256100,241142742.0,II,Initial,,12120,Weapons Carrying Etc,Weapons Offense,"Weapon, Prohibited, Possession, Sale, Mfg., Import",Cite or Arrest Adult,GEARY ST \ JONES ST,24960000.0,Central,Tenderloin,5.0,6.0,37.78672790527344,-122.41316223144533,POINT (-122.41316223144531 37.78672790527344),20.0,,1.0,,,,10.0,6.0
2024/04/22 04:00:00 PM,2024/04/22,04:00 PM,2024,Monday,2024/04/24 12:48:00 PM,138493519050,1384935,240257277,241151633.0,II,Initial,,19050,Disorderly Conduct,Disorderly Conduct,"Phone Calls, Threatening or Annoying",Open or Active,46TH AVE \ NORIEGA ST,27924000.0,Taraval,Sunset/Parkside,4.0,4.0,37.75296401977539,-122.50540924072266,POINT (-122.50540924072266 37.75296401977539),39.0,,,,,,7.0,10.0
2024/04/23 04:00:00 PM,2024/04/23,04:00 PM,2024,Tuesday,2024/04/23 06:28:00 PM,138473804138,1384738,240256100,241142742.0,II,Initial,,4138,Assault,Simple Assault,"Battery, former Spouse or Dating Relationship",Cite or Arrest Adult,GEARY ST \ JONES ST,24960000.0,Central,Tenderloin,5.0,6.0,37.78672790527344,-122.41316223144533,POINT (-122.41316223144531 37.78672790527344),20.0,,1.0,,,,10.0,6.0
2024/04/23 04:00:00 PM,2024/04/23,04:00 PM,2024,Tuesday,2024/04/23 06:28:00 PM,138473804013,1384738,240256100,241142742.0,II,Initial,,4013,Assault,Aggravated Assault,"Assault, Aggravated, W/ Other Weapon",Cite or Arrest Adult,GEARY ST \ JONES ST,24960000.0,Central,Tenderloin,5.0,6.0,37.78672790527344,-122.41316223144533,POINT (-122.41316223144531 37.78672790527344),20.0,,1.0,,,,10.0,6.0
2024/04/25 04:47:00 PM,2024/04/25,04:47 PM,2024,Thursday,2024/04/25 04:47:00 PM,138537819095,1385378,240261046,241162418.0,II,Initial,,19095,Disorderly Conduct,Drug Violation,"Drugs, Under Influence  in a Public Place",Cite or Arrest Adult,EDDY ST \ HYDE ST,25138000.0,Tenderloin,Tenderloin,5.0,6.0,37.78351593017578,-122.41588592529295,POINT (-122.41588592529297 37.78351593017578),20.0,,1.0,1.0,,,10.0,5.0
2024/04/24 03:52:00 PM,2024/04/24,03:52 PM,2024,Wednesday,2024/04/24 03:52:00 PM,138505619095,1385056,240257954,241152262.0,II,Initial,,19095,Disorderly Conduct,Drug Violation,"Drugs, Under Influence  in a Public Place",Cite or Arrest Adult,EDDY ST \ JONES ST,24929000.0,Tenderloin,Tenderloin,5.0,6.0,37.78393173217773,-122.41259765625,POINT (-122.41259765625 37.783931732177734),20.0,,1.0,1.0,,,10.0,5.0
2024/04/25 07:00:00 AM,2024/04/25,07:00 AM,2024,Thursday,2024/04/25 08:30:00 AM,138526606153,1385266,240259665,241160689.0,II,Initial,,6153,Larceny Theft,Larceny Theft - Other,"Theft, From Person, $200-$950 (other than Pickpocket)",Open or Active,BEVERLY ST \ GARFIELD ST,22728000.0,Taraval,Oceanview/Merced/Ingleside,11.0,11.0,37.71963882446289,-122.47164916992188,POINT (-122.47164916992188 37.71963882446289),64.0,,,,,,1.0,10.0
2024/10/09 03:30:00 PM,2024/10/09,03:30 PM,2024,Wednesday,2024/10/09 04:01:00 PM,143090004013,1430900,240636530,242832456.0,II,Initial,,4013,Assault,Aggravated Assault,"Assault, Aggravated, W/ Other Weapon",Open or Active,LARKIN ST \ OFARRELL ST,25152000.0,Tenderloin,Tenderloin,5.0,6.0,37.7851676940918,-122.41790008544922,POINT (-122.41790008544922 37.7851676940918),20.0,,1.0,,,,10.0,5.0
2024/10/09 03:00:00 PM,2024/10/09,03:00 PM,2024,Wednesday,2024/10/09 03:15:00 PM,143086419057,1430864,240636198,242832298.0,II,Initial,,19057,Disorderly Conduct,Intimidation,Terrorist Threats,Open or Active,HYDE ST \ MCALLISTER ST,24333000.0,Tenderloin,Tenderloin,5.0,6.0,37.78071975708008,-122.41531372070312,POINT (-122.41531372070312 37.78071975708008),21.0,,1.0,1.0,1.0,,10.0,5.0
2024/10/09 04:08:00 PM,2024/10/09,04:08 PM,2024,Wednesday,2024/10/09 04:08:00 PM,143085404012,1430854,240622595,242832482.0,IS,Initial Supplement,,4012,Assault,Aggravated Assault,"Assault, Aggravated, W/ Knife",Cite or Arrest Adult,LEAVENWORTH ST \ TURK ST,24934000.0,Tenderloin,Tenderloin,5.0,6.0,37.78279495239258,-122.41405487060548,POINT (-122.41405487060547 37.78279495239258),20.0,,1.0,1.0,1.0,,10.0,5.0
2024/04/25 07:57:00 AM,2024/04/25,07:57 AM,2024,Thursday,2024/04/25 01:23:00 PM,138549506374,1385495,240259665,,IS,Coplogic Supplement,True,6374,Larceny Theft,Larceny Theft - Other,"Theft, Other Property, >$950",Open or Active,BEVERLY ST \ GARFIELD ST,22728000.0,Taraval,Oceanview/Merced/Ingleside,11.0,11.0,37.71963882446289,-122.47164916992188,POINT (-122.47164916992188 37.71963882446289),64.0,,,,,,1.0,10.0
2024/04/26 04:42:00 PM,2024/04/26,04:42 PM,2024,Friday,2024/04/26 04:47:00 PM,138567904134,1385679,240263581,241172418.0,II,Initial,,4134,Assault,Simple Assault,Battery,Open or Active,45TH AVE \ CABRILLO ST,27972000.0,Richmond,Outer Richmond,1.0,1.0,37.77345657348633,-122.50574493408205,POINT (-122.50574493408203 37.77345657348633),8.0,,,,,,4.0,8.0
2024/10/09 03:00:00 PM,2024/10/09,03:00 PM,2024,Wednesday,2024/10/09 03:15:00 PM,143086404013,1430864,240636198,242832298.0,II,Initial,,4013,Assault,Aggravated Assault,"Assault, Aggravated, W/ Other Weapon",Open or Active,HYDE ST \ MCALLISTER ST,24333000.0,Tenderloin,Tenderloin,5.0,6.0,37.78071975708008,-122.41531372070312,POINT (-122.41531372070312 37.78071975708008),21.0,,1.0,1.0,1.0,,10.0,5.0
2024/10/08 05:00:00 PM,2024/10/08,05:00 PM,2024,Tuesday,2024/10/08 05:00:00 PM,143064912080,1430649,240633398,242821687.0,IS,Initial Supplement,,12080,Weapons Carrying Etc,Weapons Offense,"Firearm, Possession By Prohibited Person",Cite or Arrest Adult,LEAVENWORTH ST \ TURK ST,24934000.0,Tenderloin,Tenderloin,5.0,6.0,37.78279495239258,-122.41405487060548,POINT (-122.41405487060547 37.78279495239258),20.0,,1.0,1.0,1.0,,10.0,5.0
2024/10/08 05:00:00 PM,2024/10/08,05:00 PM,2024,Tuesday,2024/10/09 09:03:00 AM,143072706112,1430727,240635093,242830944.0,II,Initial,,6112,Larceny Theft,Larceny Theft - Pickpocket,"Theft, Pickpocket, $50-$200",Open or Active,MARKET ST \ SOUTH VAN NESS AVE \ VAN NESS AVE,30748000.0,Tenderloin,Mission,6.0,6.0,37.775146484375,-122.41925811767578,POINT (-122.41925811767578 37.775146484375),32.0,,1.0,1.0,1.0,,10.0,1.0
2024/04/26 04:30:00 PM,2024/04/26,04:30 PM,2024,Friday,2024/04/26 04:55:00 PM,138565806362,1385658,240263666,241172453.0,II,Initial,,6362,Larceny Theft,Larceny Theft - Shoplifting,"Theft, Shoplifting, $50-$200",Cite or Arrest Adult,OFARRELL ST \ POWELL ST,24904000.0,Central,Tenderloin,3.0,3.0,37.78641128540039,-122.40803527832033,POINT (-122.40803527832031 37.78641128540039),19.0,,,,,,3.0,6.0
2024/07/23 07:50:00 AM,2024/07/23,07:50 AM,2024,Tuesday,2024/07/23 08:58:00 AM,140915326145,1409153,240458801,242050814.0,II,Initial,,26145,Larceny Theft,Larceny Theft - Other,"Theft, Lost Property, Grand",Open or Active,STOCKTON ST \ WASHINGTON ST,25026000.0,Central,Chinatown,3.0,3.0,37.79494094848633,-122.4080810546875,POINT (-122.4080810546875 37.79494094848633),104.0,,,,,,3.0,6.0
2024/07/17 08:00:00 AM,2024/07/17,08:00 AM,2024,Wednesday,2024/07/23 11:30:00 AM,140908371013,1409083,240459138,242051336.0,VI,Vehicle Initial,,71013,Larceny Theft,Theft From Vehicle,"License Plate, Stolen",Open or Active,LELAND AVE \ RUTLAND ST,20356000.0,Ingleside,Visitacion Valley,10.0,10.0,37.712547302246094,-122.4073486328125,POINT (-122.4073486328125 37.712547302246094),75.0,,,,,,9.0,9.0
2024/04/29 04:04:00 PM,2024/04/29,04:04 PM,2024,Monday,2024/04/29 04:04:00 PM,138636304073,1386363,240269799,241202076.0,II,Initial,,4073,Assault,Aggravated Assault,"Assault, Aggravated, On Police Off., W/ Other Weapon",Open or Active,GEARY BLVD \ GEARY ST \ VAN NESS AVE,25197000.0,Tenderloin,Western Addition,3.0,5.0,37.78568649291992,-122.42139434814452,POINT (-122.42139434814453 37.78568649291992),100.0,,,,,,11.0,4.0
2024/04/12 03:00:00 PM,2024/04/12,03:00 PM,2024,Friday,2024/04/30 02:47:00 PM,138658271013,1386582,240271766,241211855.0,VI,Vehicle Initial,,71013,Larceny Theft,Theft From Vehicle,"License Plate, Stolen",Open or Active,EDDY ST \ JONES ST,24929000.0,Tenderloin,Tenderloin,5.0,6.0,37.78393173217773,-122.41259765625,POINT (-122.41259765625 37.783931732177734),20.0,,1.0,1.0,,,10.0,5.0
2024/04/30 05:55:00 PM,2024/04/30,05:55 PM,2024,Tuesday,2024/04/30 05:55:00 PM,138667004154,1386670,240259449,241212556.0,IS,Initial Supplement,,4154,Assault,Simple Assault,"Battery, Of A Police Officer",Open or Active,EDDY ST \ FILLMORE ST,26044000.0,Northern,Western Addition,5.0,5.0,37.78142929077149,-122.4323272705078,POINT (-122.43232727050781 37.781429290771484),97.0,,,,,,11.0,4.0
2024/04/25 05:00:00 PM,2024/04/25,05:00 PM,2024,Thursday,2024/04/26 02:18:00 PM,138644406244,1386444,246056827,,II,Coplogic Initial,True,6244,Larceny Theft,Larceny - From Vehicle,"Theft, From Locked Vehicle, >$950",Open or Active,EDDY ST \ GOUGH ST,26490000.0,Northern,Western Addition,2.0,5.0,37.78247833251953,-122.42411041259766,POINT (-122.42411041259766 37.78247833251953),100.0,,,1.0,,,11.0,4.0
2024/03/14 04:00:00 PM,2024/03/14,04:00 PM,2024,Thursday,2024/03/14 04:00:00 PM,138603706364,1386037,240143676,,IS,Initial Supplement,,6364,Larceny Theft,Larceny Theft - Shoplifting,"Theft, Shoplifting, >$950",Cite or Arrest Adult,OFARRELL ST \ POWELL ST,24904000.0,Central,Tenderloin,3.0,3.0,37.78641128540039,-122.40803527832033,POINT (-122.40803527832031 37.78641128540039),19.0,,,,,,3.0,6.0
2024/05/01 05:33:00 PM,2024/05/01,05:33 PM,2024,Wednesday,2024/05/01 05:33:00 PM,138692419095,1386924,240274776,241222459.0,II,Initial,,19095,Disorderly Conduct,Drug Violation,"Drugs, Under Influence  in a Public Place",Cite or Arrest Adult,EDDY ST \ HYDE ST,25138000.0,Tenderloin,Tenderloin,5.0,6.0,37.78351593017578,-122.41588592529295,POINT (-122.41588592529297 37.78351593017578),20.0,,1.0,1.0,,,10.0,5.0
2024/04/30 06:00:00 PM,2024/04/30,06:00 PM,2024,Tuesday,2024/04/30 06:00:00 PM,138664012100,1386640,240272366,241212568.0,II,Initial,,12100,Weapons Carrying Etc,Weapons Offense,"Firearm, Possession of Loaded",Cite or Arrest Adult,MCALLISTER ST \ VAN NESS AVE,24466000.0,Northern,Hayes Valley,5.0,5.0,37.78007507324219,-122.42024993896484,POINT (-122.42024993896484 37.78007507324219),21.0,,,1.0,1.0,,11.0,4.0
2024/04/30 06:00:00 PM,2024/04/30,06:00 PM,2024,Tuesday,2024/04/30 06:00:00 PM,138664012080,1386640,240272366,241212568.0,II,Initial,,12080,Weapons Carrying Etc,Weapons Offense,"Firearm, Possession By Prohibited Person",Cite or Arrest Adult,MCALLISTER ST \ VAN NESS AVE,24466000.0,Northern,Hayes Valley,5.0,5.0,37.78007507324219,-122.42024993896484,POINT (-122.42024993896484 37.78007507324219),21.0,,,1.0,1.0,,11.0,4.0
2024/04/30 06:00:00 PM,2024/04/30,06:00 PM,2024,Tuesday,2024/04/30 06:00:00 PM,138664012168,1386640,240272366,241212568.0,II,Initial,,12168,Weapons Carrying Etc,Weapons Offense,"Firearm, Loaded, in Vehicle, Possession or Use",Cite or Arrest Adult,MCALLISTER ST \ VAN NESS AVE,24466000.0,Northern,Hayes Valley,5.0,5.0,37.78007507324219,-122.42024993896484,POINT (-122.42024993896484 37.78007507324219),21.0,,,1.0,1.0,,11.0,4.0
2024/04/30 05:00:00 PM,2024/04/30,05:00 PM,2024,Tuesday,2024/05/01 08:27:00 AM,138677706243,1386777,240273239,241220554.0,II,Initial,,6243,Larceny Theft,Larceny - From Vehicle,"Theft, From Locked Vehicle, $200-$950",Open or Active,BRUSSELS ST \ WILDE AVE,20303000.0,Ingleside,Visitacion Valley,10.0,10.0,37.71631622314453,-122.40110778808594,POINT (-122.40110778808594 37.71631622314453),91.0,,,,,,9.0,9.0
2024/05/02 03:40:00 PM,2024/05/02,03:40 PM,2024,Thursday,2024/05/02 08:28:00 PM,138723106373,1387231,240277601,241233179.0,II,Initial,,6373,Larceny Theft,Larceny Theft - Other,"Theft, Other Property, $200-$950",Open or Active,30TH AVE \ GEARY BLVD,27840000.0,Richmond,Outer Richmond,1.0,1.0,37.77983856201172,-122.49009704589844,POINT (-122.49009704589844 37.77983856201172),8.0,,,,,,4.0,8.0
2024/05/01 06:00:00 PM,2024/05/01,06:00 PM,2024,Wednesday,2024/05/02 12:54:00 PM,138714026145,1387140,240276534,241231551.0,II,Initial,,26145,Larceny Theft,Larceny Theft - Other,"Theft, Lost Property, Grand",Open or Active,OFARRELL ST \ POWELL ST,24904000.0,Central,Tenderloin,3.0,3.0,37.78641128540039,-122.40803527832033,POINT (-122.40803527832031 37.78641128540039),19.0,,,,,,3.0,6.0
2024/07/22 06:00:00 PM,2024/07/22,06:00 PM,2024,Monday,2024/07/23 12:02:00 PM,140928506224,1409285,246092699,,II,Coplogic Initial,True,6224,Larceny Theft,Larceny - From Vehicle,"Theft, From Unlocked Vehicle, >$950",Open or Active,CASTRO ST \ ELIZABETH ST,25742000.0,Mission,Noe Valley,8.0,8.0,37.75209045410156,-122.43416595458984,POINT (-122.43416595458984 37.75209045410156),84.0,,,,,,5.0,3.0
2024/04/25 05:00:00 PM,2024/04/25,05:00 PM,2024,Thursday,2024/05/02 07:32:00 PM,138724304136,1387243,240277548,241230933.0,II,Initial,,4136,Assault,Simple Assault,Battery with Serious Injuries,Open or Active,LEAVENWORTH ST \ TURK ST,24934000.0,Tenderloin,Tenderloin,5.0,6.0,37.78279495239258,-122.41405487060548,POINT (-122.41405487060547 37.78279495239258),20.0,,1.0,1.0,1.0,,10.0,5.0
2024/05/03 08:00:00 AM,2024/05/03,08:00 AM,2024,Friday,2024/05/03 08:00:00 AM,138741719095,1387417,240278176,241240606.0,II,Initial,,19095,Disorderly Conduct,Drug Violation,"Drugs, Under Influence  in a Public Place",Cite or Arrest Adult,HYDE ST \ TURK ST,24933000.0,Tenderloin,Tenderloin,5.0,6.0,37.78258514404297,-122.41569519042967,POINT (-122.41569519042969 37.78258514404297),20.0,,1.0,1.0,1.0,,10.0,5.0
2024/05/02 03:20:00 PM,2024/05/02,03:20 PM,2024,Thursday,2024/05/02 08:42:00 PM,138723406362,1387234,240277617,241232210.0,II,Initial,,6362,Larceny Theft,Larceny Theft - Shoplifting,"Theft, Shoplifting, $50-$200",Cite or Arrest Adult,OFARRELL ST \ POWELL ST,24904000.0,Central,Tenderloin,3.0,3.0,37.78641128540039,-122.40803527832033,POINT (-122.40803527832031 37.78641128540039),19.0,,,,,,3.0,6.0
2024/07/25 03:07:00 PM,2024/07/25,03:07 PM,2024,Thursday,2024/07/25 03:09:00 PM,140972204134,1409722,240464319,242071952.0,II,Initial,,4134,Assault,Simple Assault,Battery,Open or Active,42ND AVE \ GEARY BLVD \ POINT LOBOS AVE,27917000.0,Richmond,Outer Richmond,1.0,1.0,37.77960968017578,-122.5029754638672,POINT (-122.50297546386719 37.77960968017578),6.0,,,,,,4.0,8.0
2024/10/11 03:20:00 PM,2024/10/11,03:20 PM,2024,Friday,2024/10/11 07:40:00 PM,143144506373,1431445,240641636,242852963.0,II,Initial,,6373,Larceny Theft,Larceny Theft - Other,"Theft, Other Property, $200-$950",Open or Active,LARKIN ST \ NORTH POINT ST,25589000.0,Central,Russian Hill,2.0,2.0,37.80549621582031,-122.42200469970705,POINT (-122.42200469970703 37.80549621582031),98.0,,,,,,6.0,6.0
2024/05/05 06:42:00 AM,2024/05/05,06:42 AM,2024,Sunday,2024/05/05 06:45:00 AM,138787004134,1387870,240282321,241260547.0,II,Initial,,4134,Assault,Simple Assault,Battery,Cite or Arrest Adult,07TH ST \ MISSION ST,24315000.0,Southern,South of Market,6.0,6.0,37.77921295166016,-122.4109344482422,POINT (-122.41093444824219 37.779212951660156),32.0,,1.0,1.0,1.0,,10.0,1.0
2024/05/05 06:42:00 AM,2024/05/05,06:42 AM,2024,Sunday,2024/05/05 06:45:00 AM,138787004014,1387870,240282321,241260547.0,II,Initial,,4014,Assault,Aggravated Assault,"Assault, Aggravated, W/ Force",Cite or Arrest Adult,07TH ST \ MISSION ST,24315000.0,Southern,South of Market,6.0,6.0,37.77921295166016,-122.4109344482422,POINT (-122.41093444824219 37.779212951660156),32.0,,1.0,1.0,1.0,,10.0,1.0
2024/07/26 04:25:00 PM,2024/07/26,04:25 PM,2024,Friday,2024/07/26 04:43:00 PM,141004204134,1410042,240466848,242082198.0,II,Initial,,4134,Assault,Simple Assault,Battery,Open or Active,DIVISADERO ST \ HAIGHT ST,26026000.0,Northern,Haight Ashbury,5.0,5.0,37.77126693725586,-122.43704223632812,POINT (-122.43704223632812 37.77126693725586),,,,,,,11.0,4.0
2024/05/06 03:05:00 PM,2024/05/06,03:05 PM,2024,Monday,2024/05/06 05:00:00 PM,138826206363,1388262,240285438,241272043.0,II,Initial,,6363,Larceny Theft,Larceny Theft - Shoplifting,"Theft, Shoplifting, $200-$950",Cite or Arrest Adult,OFARRELL ST \ POWELL ST,24904000.0,Central,Tenderloin,3.0,3.0,37.78641128540039,-122.40803527832033,POINT (-122.40803527832031 37.78641128540039),19.0,,,,,,3.0,6.0
2024/05/06 07:06:00 AM,2024/05/06,07:06 AM,2024,Monday,2024/05/06 07:08:00 AM,138813804134,1388138,240284220,241270471.0,II,Initial,,4134,Assault,Simple Assault,Battery,Open or Active,18TH ST \ CASTRO ST,25813000.0,Mission,Castro/Upper Market,8.0,8.0,37.760887145996094,-122.43499755859376,POINT (-122.43499755859375 37.760887145996094),38.0,,,,5.0,,5.0,3.0
2024/03/31 08:00:00 AM,2024/03/31,08:00 AM,2024,Sunday,2024/05/07 07:30:00 PM,138853604144,1388536,240288244,241282868.0,II,Initial,,4144,Assault,Simple Assault,"Battery, Sexual",Open or Active,08TH ST \ BRANNAN ST,23872000.0,Southern,South of Market,6.0,6.0,37.771297454833984,-122.40542602539062,POINT (-122.40542602539062 37.771297454833984),33.0,,,,,,10.0,1.0
2024/07/25 03:48:00 PM,2024/07/25,03:48 PM,2024,Thursday,2024/07/26 03:42:00 PM,141042806372,1410428,246093960,,II,Coplogic Initial,True,6372,Larceny Theft,Larceny Theft - Other,"Theft, Other Property, $50-$200",Open or Active,28TH ST \ NOE ST,22006000.0,Ingleside,Noe Valley,8.0,8.0,37.74503326416016,-122.43125915527344,POINT (-122.43125915527344 37.745033264160156),84.0,,,,,,5.0,9.0
2024/07/28 07:00:00 AM,2024/07/28,07:00 AM,2024,Sunday,2024/07/28 08:09:00 AM,141039304134,1410393,240470065,242101078.0,II,Initial,,4134,Assault,Simple Assault,Battery,Open or Active,MARKET ST \ SOUTH VAN NESS AVE \ VAN NESS AVE,30748000.0,Northern,Mission,6.0,6.0,37.775146484375,-122.41925811767578,POINT (-122.41925811767578 37.775146484375),32.0,,1.0,1.0,1.0,,10.0,1.0
2024/10/11 08:00:00 AM,2024/10/11,08:00 AM,2024,Friday,2024/10/12 09:13:00 AM,143153106244,1431531,240642361,242860785.0,II,Initial,,6244,Larceny Theft,Larceny - From Vehicle,"Theft, From Locked Vehicle, >$950",Open or Active,CASTRO ST \ ELIZABETH ST,25742000.0,Mission,Noe Valley,8.0,8.0,37.75209045410156,-122.43416595458984,POINT (-122.43416595458984 37.75209045410156),84.0,,,,,,5.0,3.0
2024/09/02 03:00:00 PM,2024/09/02,03:00 PM,2024,Monday,2024/10/13 09:45:00 PM,143188906246,1431889,240645939,242873359.0,VI,Vehicle Initial,,6246,Larceny Theft,Larceny Theft - Other,"License Plate or Tab, Theft of",Open or Active,25TH AVE \ GEARY BLVD,27553000.0,Richmond,Outer Richmond,1.0,1.0,37.78009414672852,-122.48473358154295,POINT (-122.48473358154297 37.780094146728516),8.0,,,,,,4.0,8.0
2024/07/29 03:30:00 PM,2024/07/29,03:30 PM,2024,Monday,2024/07/29 08:58:00 PM,141078206364,1410782,240473520,242112674.0,II,Initial,,6364,Larceny Theft,Larceny Theft - Shoplifting,"Theft, Shoplifting, >$950",Cite or Arrest Adult,OFARRELL ST \ POWELL ST,24904000.0,Central,Tenderloin,3.0,3.0,37.78641128540039,-122.40803527832033,POINT (-122.40803527832031 37.78641128540039),19.0,,,,,,3.0,6.0
2024/07/30 03:10:00 PM,2024/07/30,03:10 PM,2024,Tuesday,2024/07/30 03:10:00 PM,141097806361,1410978,240432134,242121730.0,IS,Initial Supplement,,6361,Larceny Theft,Larceny Theft - Shoplifting,"Theft, Shoplifting, <$50",Cite or Arrest Adult,BEACH ST \ LARKIN ST,25586000.0,Central,Russian Hill,2.0,2.0,37.806434631347656,-122.42219543457033,POINT (-122.42219543457031 37.806434631347656),98.0,,,,,,6.0,6.0
2024/07/30 07:30:00 AM,2024/07/30,07:30 AM,2024,Tuesday,2024/07/30 10:09:00 AM,141087406244,1410874,240474590,242120867.0,II,Initial,,6244,Larceny Theft,Larceny - From Vehicle,"Theft, From Locked Vehicle, >$950",Open or Active,FILLMORE ST \ LOMBARD ST,26751000.0,Northern,Marina,2.0,2.0,37.799842834472656,-122.43604278564452,POINT (-122.43604278564453 37.799842834472656),17.0,,,,,,6.0,4.0
2024/07/30 03:10:00 PM,2024/07/30,03:10 PM,2024,Tuesday,2024/07/30 03:10:00 PM,141097804014,1410978,240432134,242121730.0,IS,Initial Supplement,,4014,Assault,Aggravated Assault,"Assault, Aggravated, W/ Force",Cite or Arrest Adult,BEACH ST \ LARKIN ST,25586000.0,Central,Russian Hill,2.0,2.0,37.806434631347656,-122.42219543457033,POINT (-122.42219543457031 37.806434631347656),98.0,,,,,,6.0,6.0
2024/07/30 03:09:00 PM,2024/07/30,03:09 PM,2024,Tuesday,2024/07/30 03:09:00 PM,141097619090,1410976,240475394,242121730.0,II,Initial,,19090,Disorderly Conduct,Drunkenness,"Alcohol, Under Influence Of In Public Place",Cite or Arrest Adult,BEACH ST \ LARKIN ST,25586000.0,Central,Russian Hill,2.0,2.0,37.806434631347656,-122.42219543457033,POINT (-122.42219543457031 37.806434631347656),98.0,,,,,,6.0,6.0
2024/10/04 03:15:00 PM,2024/10/04,03:15 PM,2024,Friday,2024/10/06 10:39:00 PM,143206406363,1432064,246132706,,II,Coplogic Initial,True,6363,Larceny Theft,Larceny Theft - Shoplifting,"Theft, Shoplifting, $200-$950",Open or Active,42ND AVE \ GEARY BLVD \ POINT LOBOS AVE,27917000.0,Richmond,Outer Richmond,1.0,1.0,37.77960968017578,-122.5029754638672,POINT (-122.50297546386719 37.77960968017578),6.0,,,,,,4.0,8.0
2024/10/14 05:26:00 PM,2024/10/14,05:26 PM,2024,Monday,2024/10/14 05:37:00 PM,143211306224,1432113,240647521,242882330.0,II,Initial,,6224,Larceny Theft,Larceny - From Vehicle,"Theft, From Unlocked Vehicle, >$950",Open or Active,EVANS AVE \ SELBY ST,33107000.0,Bayview,Bayview Hunters Point,10.0,10.0,37.74616241455078,-122.39405059814452,POINT (-122.39405059814453 37.74616241455078),85.0,,,,,,9.0,2.0
2024/07/31 03:00:00 PM,2024/07/31,03:00 PM,2024,Wednesday,2024/07/31 03:37:00 PM,141135519057,1411355,240478229,242131921.0,II,Initial,,19057,Disorderly Conduct,Intimidation,Terrorist Threats,Open or Active,GEARY ST \ LARKIN ST,25170000.0,Northern,Tenderloin,3.0,6.0,37.78610229492188,-122.4180908203125,POINT (-122.4180908203125 37.786102294921875),20.0,,,,,,10.0,6.0
2024/07/29 05:40:00 PM,2024/07/29,05:40 PM,2024,Monday,2024/07/30 11:19:00 PM,141106806303,1411068,240476461,242122729.0,II,Initial,,6303,Larceny Theft,Larceny Theft - From Building,"Theft, From Building, $200-$950",Open or Active,LARKIN ST \ OFARRELL ST,25152000.0,Tenderloin,Tenderloin,5.0,6.0,37.7851676940918,-122.41790008544922,POINT (-122.41790008544922 37.7851676940918),20.0,,1.0,,,,10.0,5.0
2024/08/01 06:30:00 AM,2024/08/01,06:30 AM,2024,Thursday,2024/08/01 06:30:00 AM,141143212167,1411432,240479534,242140427.0,II,Initial,,12167,Weapons Carrying Etc,Weapons Offense,"Weapon, Deadly, Carrying with Intent to Commit Assault",Cite or Arrest Adult,LARKIN ST \ TURK ST,25147000.0,Tenderloin,Tenderloin,5.0,6.0,37.78237915039063,-122.4173355102539,POINT (-122.4173355102539 37.782379150390625),20.0,,1.0,1.0,1.0,,10.0,5.0
2024/07/30 03:00:00 PM,2024/07/30,03:00 PM,2024,Tuesday,2024/08/01 08:09:00 PM,141162606234,1411626,240481222,242142107.0,II,Initial,,6234,Larceny Theft,Larceny - Auto Parts,"Theft, Vehicle Strip, >$950",Open or Active,BRUSSELS ST \ WILDE AVE,20303000.0,Ingleside,Visitacion Valley,10.0,10.0,37.71631622314453,-122.40110778808594,POINT (-122.40110778808594 37.71631622314453),91.0,,,,,,9.0,9.0
2024/08/01 06:30:00 AM,2024/08/01,06:30 AM,2024,Thursday,2024/08/01 06:30:00 AM,141143204012,1411432,240479534,242140427.0,II,Initial,,4012,Assault,Aggravated Assault,"Assault, Aggravated, W/ Knife",Cite or Arrest Adult,LARKIN ST \ TURK ST,25147000.0,Tenderloin,Tenderloin,5.0,6.0,37.78237915039063,-122.4173355102539,POINT (-122.4173355102539 37.782379150390625),20.0,,1.0,1.0,1.0,,10.0,5.0
2024/07/26 04:15:00 PM,2024/07/26,04:15 PM,2024,Friday,2024/07/27 03:15:00 PM,141142406374,1411424,240466779,,IS,Coplogic Supplement,True,6374,Larceny Theft,Larceny Theft - Other,"Theft, Other Property, >$950",Open or Active,BLANKEN AVE \ TUNNEL AVE,20289000.0,Bayview,Bayview Hunters Point,10.0,10.0,37.71201705932617,-122.40078735351562,POINT (-122.40078735351562 37.71201705932617),89.0,,,,,,9.0,2.0
2024/10/15 05:29:00 PM,2024/10/15,05:29 PM,2024,Tuesday,2024/10/15 06:46:00 PM,143246504134,1432465,240650182,242892864.0,II,Initial,,4134,Assault,Simple Assault,Battery,Open or Active,LARKIN ST \ OFARRELL ST,25152000.0,Tenderloin,Tenderloin,5.0,6.0,37.7851676940918,-122.41790008544922,POINT (-122.41790008544922 37.7851676940918),20.0,,1.0,,,,10.0,5.0
2024/10/15 06:50:00 AM,2024/10/15,06:50 AM,2024,Tuesday,2024/10/15 06:57:00 AM,143225306224,1432253,240648353,242890433.0,II,Initial,,6224,Larceny Theft,Larceny - From Vehicle,"Theft, From Unlocked Vehicle, >$950",Open or Active,EVANS AVE \ SELBY ST,33107000.0,Bayview,Bayview Hunters Point,10.0,10.0,37.74616241455078,-122.39405059814452,POINT (-122.39405059814453 37.74616241455078),85.0,,,,,,9.0,2.0
2024/02/05 06:00:00 PM,2024/02/05,06:00 PM,2024,Monday,2024/07/30 05:16:00 PM,141169006372,1411690,246095524,,II,Coplogic Initial,True,6372,Larceny Theft,Larceny Theft - Other,"Theft, Other Property, $50-$200",Open or Active,46TH AVE \ IRVING ST,27949000.0,Taraval,Sunset/Parkside,4.0,4.0,37.76228332519531,-122.5060577392578,POINT (-122.50605773925781 37.76228332519531),39.0,,,,,,7.0,10.0
2024/12/27 04:40:00 PM,2024/12/27,04:40 PM,2024,Friday,2024/12/28 03:17:00 PM,145070206374,1450702,246164981,,II,Coplogic Initial,True,6374,Larceny Theft,Larceny Theft - Other,"Theft, Other Property, >$950",Open or Active,FILLMORE ST \ GEARY BLVD,26590000.0,Northern,Western Addition,5.0,5.0,37.78435516357422,-122.43291473388672,POINT (-122.43291473388672 37.78435516357422),103.0,,,,,,11.0,4.0
2024/08/02 05:31:00 PM,2024/08/02,05:31 PM,2024,Friday,2024/08/02 08:24:00 PM,141195106364,1411951,240483353,242152455.0,II,Initial,,6364,Larceny Theft,Larceny Theft - Shoplifting,"Theft, Shoplifting, >$950",Cite or Arrest Adult,OFARRELL ST \ POWELL ST,24904000.0,Central,Tenderloin,3.0,3.0,37.78641128540039,-122.40803527832033,POINT (-122.40803527832031 37.78641128540039),19.0,,,,,,3.0,6.0
2024/08/02 04:13:00 PM,2024/08/02,04:13 PM,2024,Friday,2024/08/02 04:21:00 PM,141195904134,1411959,240482822,242152162.0,II,Initial,,4134,Assault,Simple Assault,Battery,Open or Active,GEARY ST \ KEARNY ST,24645000.0,Central,Financial District/South Beach,3.0,3.0,37.7879638671875,-122.40348815917967,POINT (-122.40348815917969 37.7879638671875),19.0,,,,,,3.0,6.0
2024/07/30 03:45:00 PM,2024/07/30,03:45 PM,2024,Tuesday,2024/07/30 03:48:00 PM,141205306363,1412053,246096083,,II,Coplogic Initial,True,6363,Larceny Theft,Larceny Theft - Shoplifting,"Theft, Shoplifting, $200-$950",Open or Active,42ND AVE \ GEARY BLVD \ POINT LOBOS AVE,27917000.0,Richmond,Outer Richmond,1.0,1.0,37.77960968017578,-122.5029754638672,POINT (-122.50297546386719 37.77960968017578),6.0,,,,,,4.0,8.0
2024/07/30 03:35:00 PM,2024/07/30,03:35 PM,2024,Tuesday,2024/08/04 08:58:00 PM,141235606303,1412356,240487355,242172746.0,II,Initial,,6303,Larceny Theft,Larceny Theft - From Building,"Theft, From Building, $200-$950",Open or Active,LARKIN ST \ OFARRELL ST,25152000.0,Tenderloin,Tenderloin,5.0,6.0,37.7851676940918,-122.41790008544922,POINT (-122.41790008544922 37.7851676940918),20.0,,1.0,,,,10.0,5.0
2024/10/16 04:12:00 PM,2024/10/16,04:12 PM,2024,Wednesday,2024/10/16 04:12:00 PM,143275204134,1432752,240652150,242902188.0,II,Initial,,4134,Assault,Simple Assault,Battery,Open or Active,FILLMORE ST \ GEARY BLVD,26590000.0,Northern,Western Addition,5.0,5.0,37.78435516357422,-122.43291473388672,POINT (-122.43291473388672 37.78435516357422),103.0,,,,,,11.0,4.0
2024/10/16 05:07:00 PM,2024/10/16,05:07 PM,2024,Wednesday,2024/10/16 05:09:00 PM,143275006364,1432750,240652467,242902392.0,II,Initial,,6364,Larceny Theft,Larceny Theft - Shoplifting,"Theft, Shoplifting, >$950",Open or Active,DIVISADERO ST \ LOMBARD ST,26974000.0,Northern,Marina,2.0,2.0,37.79899978637695,-122.4426498413086,POINT (-122.4426498413086 37.79899978637695),14.0,,,,,,6.0,4.0
2024/12/30 07:00:00 AM,2024/12/30,07:00 AM,2024,Monday,2024/12/30 05:30:00 PM,145086171013,1450861,240799586,243652209.0,VI,Vehicle Initial,,71013,Larceny Theft,Theft From Vehicle,"License Plate, Stolen",Open or Active,DIVISADERO ST \ GEARY BLVD,26621000.0,Northern,Japantown,5.0,5.0,37.78330993652344,-122.43948364257812,POINT (-122.43948364257812 37.78330993652344),103.0,,,,,,11.0,4.0
2024/08/05 05:00:00 PM,2024/08/05,05:00 PM,2024,Monday,2024/08/05 08:03:00 PM,141262206243,1412622,240489486,242182788.0,II,Initial,,6243,Larceny Theft,Larceny - From Vehicle,"Theft, From Locked Vehicle, $200-$950",Open or Active,BRODERICK ST \ NORTH POINT ST,27011000.0,Northern,Marina,2.0,2.0,37.80256271362305,-122.44508361816406,POINT (-122.44508361816406 37.80256271362305),17.0,,,,,,6.0,4.0
2024/08/06 07:50:00 AM,2024/08/06,07:50 AM,2024,Tuesday,2024/08/06 09:04:00 AM,141276306303,1412763,240490239,242190791.0,II,Initial,,6303,Larceny Theft,Larceny Theft - From Building,"Theft, From Building, $200-$950",Open or Active,BUSH ST \ DIVISADERO ST,26810000.0,Northern,Pacific Heights,2.0,2.0,37.78617858886719,-122.4400634765625,POINT (-122.4400634765625 37.78617858886719),103.0,,,,,,6.0,4.0
2024/08/06 05:42:00 PM,2024/08/06,05:42 PM,2024,Tuesday,2024/08/06 05:42:00 PM,141290006243,1412900,240491685,242192575.0,II,Initial,,6243,Larceny Theft,Larceny - From Vehicle,"Theft, From Locked Vehicle, $200-$950",Open or Active,GEARY ST \ LEAVENWORTH ST,25154000.0,Central,Tenderloin,5.0,6.0,37.78651809692383,-122.41481018066406,POINT (-122.41481018066406 37.78651809692383),20.0,,1.0,,,,10.0,6.0
2024/08/05 06:00:00 PM,2024/08/05,06:00 PM,2024,Monday,2024/08/06 06:54:00 AM,141271606243,1412716,240490007,242190455.0,II,Initial,,6243,Larceny Theft,Larceny - From Vehicle,"Theft, From Locked Vehicle, $200-$950",Open or Active,EDDY ST \ LARKIN ST,25148000.0,Tenderloin,Tenderloin,5.0,6.0,37.78330993652344,-122.4175262451172,POINT (-122.41752624511719 37.78330993652344),20.0,,1.0,1.0,,,10.0,5.0
2024/08/06 07:50:00 AM,2024/08/06,07:50 AM,2024,Tuesday,2024/08/06 09:04:00 AM,141276304134,1412763,240490239,242190791.0,II,Initial,,4134,Assault,Simple Assault,Battery,Open or Active,BUSH ST \ DIVISADERO ST,26810000.0,Northern,Pacific Heights,2.0,2.0,37.78617858886719,-122.4400634765625,POINT (-122.4400634765625 37.78617858886719),103.0,,,,,,6.0,4.0
2024/08/07 03:00:00 PM,2024/08/07,03:00 PM,2024,Wednesday,2024/08/07 03:43:00 PM,141313219010,1413132,240493380,242202073.0,II,Initial,,19010,Disorderly Conduct,Disorderly Conduct,"Public Nuisance, Committing",Cite or Arrest Adult,GEARY ST \ JONES ST,24960000.0,Central,Tenderloin,5.0,6.0,37.78672790527344,-122.41316223144533,POINT (-122.41316223144531 37.78672790527344),20.0,,1.0,,,,10.0,6.0
2024/12/23 06:00:00 PM,2024/12/23,06:00 PM,2024,Monday,2024/12/29 08:09:00 PM,145069606244,1450696,246165020,,II,Coplogic Initial,True,6244,Larceny Theft,Larceny - From Vehicle,"Theft, From Locked Vehicle, >$950",Open or Active,BLANKEN AVE \ NUEVA AVE,20271000.0,Bayview,Bayview Hunters Point,10.0,10.0,37.71120071411133,-122.39734649658205,POINT (-122.39734649658203 37.71120071411133),89.0,,,,,,9.0,2.0
2024/12/30 05:14:00 PM,2024/12/30,05:14 PM,2024,Monday,2024/12/30 07:51:00 PM,145089806363,1450898,240799837,243652627.0,II,Initial,,6363,Larceny Theft,Larceny Theft - Shoplifting,"Theft, Shoplifting, $200-$950",Cite or Arrest Adult,OFARRELL ST \ POWELL ST,24904000.0,Central,Tenderloin,3.0,3.0,37.78641128540039,-122.40803527832033,POINT (-122.40803527832031 37.78641128540039),19.0,,,,,,3.0,6.0
2024/10/17 05:00:00 PM,2024/10/17,05:00 PM,2024,Thursday,2024/10/17 05:21:00 PM,143302206153,1433022,240654554,242912567.0,II,Initial,,6153,Larceny Theft,Larceny Theft - Other,"Theft, From Person, $200-$950 (other than Pickpocket)",Open or Active,EDDY ST \ HYDE ST,25138000.0,Tenderloin,Tenderloin,5.0,6.0,37.78351593017578,-122.41588592529295,POINT (-122.41588592529297 37.78351593017578),20.0,,1.0,1.0,,,10.0,5.0
2024/10/17 04:22:00 PM,2024/10/17,04:22 PM,2024,Thursday,2024/10/17 10:51:00 PM,143323306363,1433233,246134815,,II,Coplogic Initial,True,6363,Larceny Theft,Larceny Theft - Shoplifting,"Theft, Shoplifting, $200-$950",Open or Active,42ND AVE \ GEARY BLVD \ POINT LOBOS AVE,27917000.0,Richmond,Outer Richmond,1.0,1.0,37.77960968017578,-122.5029754638672,POINT (-122.50297546386719 37.77960968017578),6.0,,,,,,4.0,8.0
2024/10/17 05:00:00 PM,2024/10/17,05:00 PM,2024,Thursday,2024/10/17 05:21:00 PM,143302219057,1433022,240654554,242912567.0,II,Initial,,19057,Disorderly Conduct,Intimidation,Terrorist Threats,Open or Active,EDDY ST \ HYDE ST,25138000.0,Tenderloin,Tenderloin,5.0,6.0,37.78351593017578,-122.41588592529295,POINT (-122.41588592529297 37.78351593017578),20.0,,1.0,1.0,,,10.0,5.0
2024/08/06 07:30:00 AM,2024/08/06,07:30 AM,2024,Tuesday,2024/08/08 09:02:00 AM,141331604011,1413316,240494714,242210821.0,II,Initial,,4011,Assault,Aggravated Assault,"Assault, Aggravated, W/ Gun",Open or Active,OFARRELL ST \ POWELL ST,24904000.0,Central,Tenderloin,3.0,3.0,37.78641128540039,-122.40803527832033,POINT (-122.40803527832031 37.78641128540039),19.0,,,,,,3.0,6.0
2024/08/08 03:15:00 PM,2024/08/08,03:15 PM,2024,Thursday,2024/08/08 08:02:00 PM,141355706364,1413557,240496259,242211993.0,II,Initial,,6364,Larceny Theft,Larceny Theft - Shoplifting,"Theft, Shoplifting, >$950",Open or Active,OFARRELL ST \ POWELL ST,24904000.0,Central,Tenderloin,3.0,3.0,37.78641128540039,-122.40803527832033,POINT (-122.40803527832031 37.78641128540039),19.0,,,,,,3.0,6.0
2024/08/05 06:30:00 AM,2024/08/05,06:30 AM,2024,Monday,2024/08/08 02:38:00 PM,141345104134,1413451,240495477,242211863.0,II,Initial,,4134,Assault,Simple Assault,Battery,Open or Active,LEAVENWORTH ST \ TURK ST,24934000.0,Tenderloin,Tenderloin,5.0,6.0,37.78279495239258,-122.41405487060548,POINT (-122.41405487060547 37.78279495239258),20.0,,1.0,1.0,1.0,,10.0,5.0
2024/10/15 05:00:00 PM,2024/10/15,05:00 PM,2024,Tuesday,2024/10/18 11:33:00 AM,143319504134,1433195,240655875,242921310.0,II,Initial,,4134,Assault,Simple Assault,Battery,Open or Active,05TH ST \ MISSION ST,24634000.0,Southern,South of Market,6.0,6.0,37.78273010253906,-122.40647888183594,POINT (-122.40647888183594 37.78273010253906),32.0,,1.0,1.0,,,10.0,1.0
2024/08/09 04:20:00 PM,2024/08/09,04:20 PM,2024,Friday,2024/08/09 07:11:00 PM,141379606111,1413796,240498487,242222777.0,II,Initial,,6111,Larceny Theft,Larceny Theft - Pickpocket,"Theft, Pickpocket, <$50",Open or Active,05TH ST \ CYRIL MAGNIN ST \ MARKET ST,30739000.0,Tenderloin,South of Market,6.0,6.0,37.783992767333984,-122.40806579589844,POINT (-122.40806579589844 37.783992767333984),19.0,,1.0,1.0,,,10.0,5.0
2024/08/09 03:00:00 PM,2024/08/09,03:00 PM,2024,Friday,2024/08/09 03:15:00 PM,141381204134,1413812,240498017,242221919.0,II,Initial,,4134,Assault,Simple Assault,Battery,Open or Active,OFARRELL ST \ VAN NESS AVE,25192000.0,Northern,Tenderloin,5.0,5.0,37.78475189208984,-122.42119598388672,POINT (-122.42119598388672 37.784751892089844),20.0,,,,,,11.0,4.0
2024/08/08 03:04:00 PM,2024/08/08,03:04 PM,2024,Thursday,2024/08/08 03:35:00 PM,141360306372,1413603,246099162,,II,Coplogic Initial,True,6372,Larceny Theft,Larceny Theft - Other,"Theft, Other Property, $50-$200",Open or Active,DIVISADERO ST \ GEARY BLVD,26621000.0,Northern,Japantown,5.0,5.0,37.78330993652344,-122.43948364257812,POINT (-122.43948364257812 37.78330993652344),103.0,,,,,,11.0,4.0
2024/08/02 05:00:00 PM,2024/08/02,05:00 PM,2024,Friday,2024/08/05 01:37:00 PM,141361606244,1413616,246099071,,II,Coplogic Initial,True,6244,Larceny Theft,Larceny - From Vehicle,"Theft, From Locked Vehicle, >$950",Open or Active,22ND ST \ MINNESOTA ST,23643000.0,Bayview,Potrero Hill,10.0,10.0,37.75782775878906,-122.39021301269533,POINT (-122.39021301269531 37.75782775878906),55.0,,,,,,9.0,2.0
2024/08/11 06:55:00 AM,2024/08/11,06:55 AM,2024,Sunday,2024/08/11 06:59:00 AM,141409904014,1414099,240501228,242240653.0,II,Initial,,4014,Assault,Aggravated Assault,"Assault, Aggravated, W/ Force",Open or Active,05TH ST \ CYRIL MAGNIN ST \ MARKET ST,30739000.0,Tenderloin,South of Market,6.0,6.0,37.783992767333984,-122.40806579589844,POINT (-122.40806579589844 37.783992767333984),19.0,,1.0,1.0,,,10.0,5.0
2024/07/04 03:55:00 PM,2024/07/04,03:55 PM,2024,Thursday,2024/08/11 08:55:00 AM,141411306364,1414113,240501375,242240838.0,II,Initial,,6364,Larceny Theft,Larceny Theft - Shoplifting,"Theft, Shoplifting, >$950",Open or Active,GEARY ST \ STOCKTON ST,24901000.0,Central,Financial District/South Beach,3.0,3.0,37.78756713867188,-122.4065933227539,POINT (-122.4065933227539 37.787567138671875),19.0,,,,,,3.0,6.0
2024/10/18 04:20:00 PM,2024/10/18,04:20 PM,2024,Friday,2024/10/20 12:57:00 PM,143363004170,1433630,240660006,242941127.0,II,Initial,,4170,Assault,Simple Assault,False Imprisonment,Open or Active,EDDY ST \ LARKIN ST,25148000.0,Tenderloin,Tenderloin,5.0,6.0,37.78330993652344,-122.4175262451172,POINT (-122.41752624511719 37.78330993652344),20.0,,1.0,1.0,,,10.0,5.0
2024/08/12 04:55:00 PM,2024/08/12,04:55 PM,2024,Monday,2024/08/12 04:56:00 PM,141449204138,1414492,240504589,242252284.0,II,Initial,,4138,Assault,Simple Assault,"Battery, former Spouse or Dating Relationship",Open or Active,EDDY ST \ PIERCE ST,26068000.0,Northern,Western Addition,5.0,5.0,37.781009674072266,-122.43561553955078,POINT (-122.43561553955078 37.781009674072266),97.0,,,,,,11.0,4.0
2024/08/13 03:44:00 PM,2024/08/13,03:44 PM,2024,Tuesday,2024/08/13 03:44:00 PM,141471412080,1414714,240480519,242262199.0,IS,Initial Supplement,,12080,Weapons Carrying Etc,Weapons Offense,"Firearm, Possession By Prohibited Person",Cite or Arrest Adult,25TH ST \ CONNECTICUT ST,23634000.0,Bayview,Potrero Hill,10.0,10.0,37.75231170654297,-122.39651489257812,POINT (-122.39651489257812 37.75231170654297),54.0,,,,,,9.0,2.0
2024/08/09 03:00:00 PM,2024/08/09,03:00 PM,2024,Friday,2024/08/10 11:30:00 AM,141458306244,1414583,246100195,,II,Coplogic Initial,True,6244,Larceny Theft,Larceny - From Vehicle,"Theft, From Locked Vehicle, >$950",Open or Active,PARKER AVE \ TURK BLVD,26481000.0,Park,Lone Mountain/USF,1.0,1.0,37.777828216552734,-122.45338439941406,POINT (-122.45338439941406 37.777828216552734),12.0,,,,,,4.0,7.0
2024/08/13 04:00:00 PM,2024/08/13,04:00 PM,2024,Tuesday,2024/08/13 04:50:00 PM,141472504134,1414725,240507050,242262424.0,II,Initial,,4134,Assault,Simple Assault,Battery,Open or Active,EDDY ST \ JONES ST,24929000.0,Tenderloin,Tenderloin,5.0,6.0,37.78393173217773,-122.41259765625,POINT (-122.41259765625 37.783931732177734),20.0,,1.0,1.0,,,10.0,5.0
2024/08/14 06:00:00 PM,2024/08/14,06:00 PM,2024,Wednesday,2024/08/15 09:36:00 AM,141513406243,1415134,240510677,242280972.0,II,Initial,,6243,Larceny Theft,Larceny - From Vehicle,"Theft, From Locked Vehicle, $200-$950",Open or Active,46TH AVE \ IRVING ST,27949000.0,Taraval,Sunset/Parkside,4.0,4.0,37.76228332519531,-122.5060577392578,POINT (-122.50605773925781 37.76228332519531),39.0,,,,,,7.0,10.0
2024/07/16 05:21:00 PM,2024/07/16,05:21 PM,2024,Tuesday,2024/09/30 05:20:00 PM,143411906372,1434119,240608357,,IS,Coplogic Supplement,True,6372,Larceny Theft,Larceny Theft - Other,"Theft, Other Property, $50-$200",Open or Active,OFARRELL ST \ POWELL ST,24904000.0,Central,Tenderloin,3.0,3.0,37.78641128540039,-122.40803527832033,POINT (-122.40803527832031 37.78641128540039),19.0,,,,,,3.0,6.0
2024/07/05 03:56:00 PM,2024/07/05,03:56 PM,2024,Friday,2024/09/30 05:33:00 PM,143412006372,1434120,240608357,,IS,Coplogic Supplement,True,6372,Larceny Theft,Larceny Theft - Other,"Theft, Other Property, $50-$200",Open or Active,OFARRELL ST \ POWELL ST,24904000.0,Central,Tenderloin,3.0,3.0,37.78641128540039,-122.40803527832033,POINT (-122.40803527832031 37.78641128540039),19.0,,,,,,3.0,6.0
2024/10/22 03:45:00 PM,2024/10/22,03:45 PM,2024,Tuesday,2024/10/22 03:50:00 PM,143431604134,1434316,240664901,242962286.0,II,Initial,,4134,Assault,Simple Assault,Battery,Open or Active,MCALLISTER ST \ VAN NESS AVE,24466000.0,Northern,Hayes Valley,5.0,5.0,37.78007507324219,-122.42024993896484,POINT (-122.42024993896484 37.78007507324219),21.0,,,1.0,1.0,,11.0,4.0
2024/07/31 04:40:00 PM,2024/07/31,04:40 PM,2024,Wednesday,2024/09/30 05:05:00 PM,143412206372,1434122,240608357,,IS,Coplogic Supplement,True,6372,Larceny Theft,Larceny Theft - Other,"Theft, Other Property, $50-$200",Open or Active,OFARRELL ST \ POWELL ST,24904000.0,Central,Tenderloin,3.0,3.0,37.78641128540039,-122.40803527832033,POINT (-122.40803527832031 37.78641128540039),19.0,,,,,,3.0,6.0
2024/10/21 04:24:00 PM,2024/10/21,04:24 PM,2024,Monday,2024/10/21 10:50:00 PM,143424306363,1434243,246136429,,II,Coplogic Initial,True,6363,Larceny Theft,Larceny Theft - Shoplifting,"Theft, Shoplifting, $200-$950",Open or Active,42ND AVE \ GEARY BLVD \ POINT LOBOS AVE,27917000.0,Richmond,Outer Richmond,1.0,1.0,37.77960968017578,-122.5029754638672,POINT (-122.50297546386719 37.77960968017578),6.0,,,,,,4.0,8.0
2024/09/20 04:00:00 PM,2024/09/20,04:00 PM,2024,Friday,2024/09/27 10:23:00 AM,143427306372,1434273,246135863,,II,Coplogic Initial,True,6372,Larceny Theft,Larceny Theft - Other,"Theft, Other Property, $50-$200",Open or Active,GEARY ST \ KEARNY ST,24645000.0,Central,Financial District/South Beach,3.0,3.0,37.7879638671875,-122.40348815917967,POINT (-122.40348815917969 37.7879638671875),19.0,,,,,,3.0,6.0
2024/09/20 05:45:00 PM,2024/09/20,05:45 PM,2024,Friday,2024/09/30 01:42:00 PM,143410806372,1434108,240608357,,IS,Coplogic Supplement,True,6372,Larceny Theft,Larceny Theft - Other,"Theft, Other Property, $50-$200",Open or Active,OFARRELL ST \ POWELL ST,24904000.0,Central,Tenderloin,3.0,3.0,37.78641128540039,-122.40803527832033,POINT (-122.40803527832031 37.78641128540039),19.0,,,,,,3.0,6.0
2024/08/18 08:00:00 AM,2024/08/18,08:00 AM,2024,Sunday,2024/08/18 08:00:00 AM,141592406363,1415924,240515605,242301527.0,IS,Initial Supplement,,6363,Larceny Theft,Larceny Theft - Shoplifting,"Theft, Shoplifting, $200-$950",Cite or Arrest Adult,OFARRELL ST \ POWELL ST,24904000.0,Central,Tenderloin,3.0,3.0,37.78641128540039,-122.40803527832033,POINT (-122.40803527832031 37.78641128540039),19.0,,,,,,3.0,6.0
2024/10/23 06:00:00 PM,2024/10/23,06:00 PM,2024,Wednesday,2024/10/23 08:20:00 PM,143476406363,1434764,240668066,242973055.0,II,Initial,,6363,Larceny Theft,Larceny Theft - Shoplifting,"Theft, Shoplifting, $200-$950",Cite or Arrest Adult,OFARRELL ST \ POWELL ST,24904000.0,Central,Tenderloin,3.0,3.0,37.78641128540039,-122.40803527832033,POINT (-122.40803527832031 37.78641128540039),19.0,,,,,,3.0,6.0
2024/10/23 04:48:00 PM,2024/10/23,04:48 PM,2024,Wednesday,2024/10/23 04:48:00 PM,143470919095,1434709,240667563,242972428.0,II,Initial,,19095,Disorderly Conduct,Drug Violation,"Drugs, Under Influence  in a Public Place",Cite or Arrest Adult,EDDY ST \ JONES ST,24929000.0,Tenderloin,Tenderloin,5.0,6.0,37.78393173217773,-122.41259765625,POINT (-122.41259765625 37.783931732177734),20.0,,1.0,1.0,,,10.0,5.0
2024/10/21 05:00:00 PM,2024/10/21,05:00 PM,2024,Monday,2024/10/23 12:07:00 PM,143457606303,1434576,240666822,242971447.0,II,Initial,,6303,Larceny Theft,Larceny Theft - From Building,"Theft, From Building, $200-$950",Open or Active,CARD ALY \ STOCKTON ST,25351000.0,Central,Chinatown,3.0,3.0,37.79903411865234,-122.4089126586914,POINT (-122.4089126586914 37.799034118652344),106.0,,,,,,3.0,6.0
2024/08/15 05:00:00 PM,2024/08/15,05:00 PM,2024,Thursday,2024/08/16 09:46:00 AM,141637106244,1416371,246103161,,II,Coplogic Initial,True,6244,Larceny Theft,Larceny - From Vehicle,"Theft, From Locked Vehicle, >$950",Open or Active,CLIPPER ST \ DOUGLASS ST,22316000.0,Mission,Noe Valley,8.0,8.0,37.74866485595703,-122.43824768066406,POINT (-122.43824768066406 37.74866485595703),51.0,,,,,,5.0,3.0
2024/08/19 04:10:00 PM,2024/08/19,04:10 PM,2024,Monday,2024/08/19 04:28:00 PM,141646904134,1416469,240519908,242322297.0,II,Initial,,4134,Assault,Simple Assault,Battery,Open or Active,GEARY ST \ JONES ST,24960000.0,Central,Tenderloin,5.0,6.0,37.78672790527344,-122.41316223144533,POINT (-122.41316223144531 37.78672790527344),20.0,,1.0,,,,10.0,6.0
2024/07/03 04:49:00 PM,2024/07/03,04:49 PM,2024,Wednesday,2024/08/19 10:30:00 AM,141627619057,1416276,240415102,241852351.0,IS,Initial Supplement,,19057,Disorderly Conduct,Intimidation,Terrorist Threats,Cite or Arrest Adult,ARELIOUS WALKER DR \ INNES AVE,20056000.0,Bayview,Bayview Hunters Point,10.0,10.0,37.73093795776367,-122.37389373779295,POINT (-122.37389373779297 37.73093795776367),78.0,,,,,,9.0,2.0
2024/12/30 03:22:00 PM,2024/12/30,03:22 PM,2024,Monday,2024/12/30 06:00:00 PM,145090706364,1450907,240799699,243651889.0,II,Initial,,6364,Larceny Theft,Larceny Theft - Shoplifting,"Theft, Shoplifting, >$950",Cite or Arrest Adult,GEARY ST \ STOCKTON ST,24901000.0,Central,Financial District/South Beach,3.0,3.0,37.78756713867188,-122.4065933227539,POINT (-122.4065933227539 37.787567138671875),19.0,,,,,,3.0,6.0
2024/08/20 04:00:00 PM,2024/08/20,04:00 PM,2024,Tuesday,2024/08/20 04:16:00 PM,141685804014,1416858,240522064,242332570.0,II,Initial,,4014,Assault,Aggravated Assault,"Assault, Aggravated, W/ Force",Open or Active,RAYMOND AVE \ SAWYER ST,20395000.0,Ingleside,Visitacion Valley,10.0,10.0,37.71498489379883,-122.41360473632812,POINT (-122.41360473632812 37.71498489379883),75.0,,,,,,9.0,9.0
2024/08/20 04:00:00 PM,2024/08/20,04:00 PM,2024,Tuesday,2024/08/20 04:16:00 PM,141685819057,1416858,240522064,242332570.0,II,Initial,,19057,Disorderly Conduct,Intimidation,Terrorist Threats,Open or Active,RAYMOND AVE \ SAWYER ST,20395000.0,Ingleside,Visitacion Valley,10.0,10.0,37.71498489379883,-122.41360473632812,POINT (-122.41360473632812 37.71498489379883),75.0,,,,,,9.0,9.0
2024/10/23 05:00:00 PM,2024/10/23,05:00 PM,2024,Wednesday,2024/10/24 01:29:00 AM,143480506153,1434805,240668533,242980147.0,II,Initial,,6153,Larceny Theft,Larceny Theft - Other,"Theft, From Person, $200-$950 (other than Pickpocket)",Open or Active,EDDY ST \ JONES ST,24929000.0,Tenderloin,Tenderloin,5.0,6.0,37.78393173217773,-122.41259765625,POINT (-122.41259765625 37.783931732177734),20.0,,1.0,1.0,,,10.0,5.0
2024/10/22 05:53:00 PM,2024/10/22,05:53 PM,2024,Tuesday,2024/10/22 11:12:00 PM,143493006363,1434930,246138124,,II,Coplogic Initial,True,6363,Larceny Theft,Larceny Theft - Shoplifting,"Theft, Shoplifting, $200-$950",Open or Active,42ND AVE \ GEARY BLVD \ POINT LOBOS AVE,27917000.0,Richmond,Outer Richmond,1.0,1.0,37.77960968017578,-122.5029754638672,POINT (-122.50297546386719 37.77960968017578),6.0,,,,,,4.0,8.0
2024/10/22 05:56:00 PM,2024/10/22,05:56 PM,2024,Tuesday,2024/10/22 11:24:00 PM,143492806363,1434928,246138130,,II,Coplogic Initial,True,6363,Larceny Theft,Larceny Theft - Shoplifting,"Theft, Shoplifting, $200-$950",Open or Active,42ND AVE \ GEARY BLVD \ POINT LOBOS AVE,27917000.0,Richmond,Outer Richmond,1.0,1.0,37.77960968017578,-122.5029754638672,POINT (-122.50297546386719 37.77960968017578),6.0,,,,,,4.0,8.0
2024/10/25 04:00:00 PM,2024/10/25,04:00 PM,2024,Friday,2024/10/25 09:20:00 PM,143527871013,1435278,240672506,242993497.0,VI,Vehicle Initial,,71013,Larceny Theft,Theft From Vehicle,"License Plate, Stolen",Open or Active,ARLETA AVE \ RUTLAND ST,20358000.0,Ingleside,Visitacion Valley,10.0,10.0,37.71390151977539,-122.40676879882812,POINT (-122.40676879882812 37.71390151977539),75.0,,,,,,9.0,9.0
2024/08/22 04:18:00 PM,2024/08/22,04:18 PM,2024,Thursday,2024/08/22 04:20:00 PM,141751204134,1417512,240526878,242352293.0,II,Initial,,4134,Assault,Simple Assault,Battery,Open or Active,NEWHALL ST \ PALOU AVE,20664000.0,Bayview,Bayview Hunters Point,10.0,10.0,37.73503875732422,-122.3927764892578,POINT (-122.39277648925781 37.73503875732422),87.0,,,,,,9.0,2.0
2024/08/23 04:50:00 PM,2024/08/23,04:50 PM,2024,Friday,2024/08/23 07:28:00 PM,141790306363,1417903,240529634,242362834.0,II,Initial,,6363,Larceny Theft,Larceny Theft - Shoplifting,"Theft, Shoplifting, $200-$950",Cite or Arrest Adult,OFARRELL ST \ POWELL ST,24904000.0,Central,Tenderloin,3.0,3.0,37.78641128540039,-122.40803527832033,POINT (-122.40803527832031 37.78641128540039),19.0,,,,,,3.0,6.0
2024/08/22 04:18:00 PM,2024/08/22,04:18 PM,2024,Thursday,2024/08/22 04:20:00 PM,141770104134,1417701,240526878,242352293.0,IS,Initial Supplement,,4134,Assault,Simple Assault,Battery,Open or Active,NEWHALL ST \ PALOU AVE,20664000.0,Bayview,Bayview Hunters Point,10.0,10.0,37.73503875732422,-122.3927764892578,POINT (-122.39277648925781 37.73503875732422),87.0,,,,,,9.0,2.0
2024/08/07 03:40:00 PM,2024/08/07,03:40 PM,2024,Wednesday,2024/08/17 05:39:00 PM,141767306374,1417673,246107771,,II,Coplogic Initial,True,6374,Larceny Theft,Larceny Theft - Other,"Theft, Other Property, >$950",Open or Active,DIVISADERO ST \ GEARY BLVD,26621000.0,Richmond,Japantown,5.0,5.0,37.78330993652344,-122.43948364257812,POINT (-122.43948364257812 37.78330993652344),103.0,,,,,,11.0,4.0
2024/08/21 04:26:00 PM,2024/08/21,04:26 PM,2024,Wednesday,2024/08/22 01:30:00 PM,141769906242,1417699,240526533,242351694.0,II,Initial,,6242,Larceny Theft,Larceny - From Vehicle,"Theft, From Locked Vehicle, $50-$200",Open or Active,46TH AVE \ IRVING ST,27949000.0,Taraval,Sunset/Parkside,4.0,4.0,37.76228332519531,-122.5060577392578,POINT (-122.50605773925781 37.76228332519531),39.0,,,,,,7.0,10.0
2024/08/23 07:10:00 AM,2024/08/23,07:10 AM,2024,Friday,2024/08/23 08:40:00 AM,141770704013,1417707,240528062,242360612.0,II,Initial,,4013,Assault,Aggravated Assault,"Assault, Aggravated, W/ Other Weapon",Open or Active,HYDE ST \ TURK ST,24933000.0,Tenderloin,Tenderloin,5.0,6.0,37.78258514404297,-122.41569519042967,POINT (-122.41569519042969 37.78258514404297),20.0,,1.0,1.0,1.0,,10.0,5.0
2024/08/16 03:00:00 PM,2024/08/16,03:00 PM,2024,Friday,2024/08/18 12:25:00 PM,141779206372,1417792,246107884,,II,Coplogic Initial,True,6372,Larceny Theft,Larceny Theft - Other,"Theft, Other Property, $50-$200",Open or Active,11TH AVE \ LAWTON ST,27128000.0,Taraval,Inner Sunset,7.0,7.0,37.75835037231445,-122.4680633544922,POINT (-122.46806335449219 37.75835037231445),44.0,,,,,,8.0,10.0
2024/08/24 06:30:00 AM,2024/08/24,06:30 AM,2024,Saturday,2024/08/24 06:51:00 AM,141797404134,1417974,240530415,242370530.0,II,Initial,,4134,Assault,Simple Assault,Battery,Cite or Arrest Adult,LEE AVE \ OCEAN AVE,22223000.0,Taraval,West of Twin Peaks,11.0,7.0,37.72345733642578,-122.45411682128906,POINT (-122.45411682128906 37.72345733642578),71.0,,,,,,8.0,10.0
2024/10/25 03:30:00 PM,2024/10/25,03:30 PM,2024,Friday,2024/10/25 06:07:00 PM,143560406304,1435604,240672164,242992997.0,II,Initial,,6304,Larceny Theft,Larceny Theft - From Building,"Theft, From Building, >$950",Open or Active,GEARY ST \ STOCKTON ST,24901000.0,Central,Financial District/South Beach,3.0,3.0,37.78756713867188,-122.4065933227539,POINT (-122.4065933227539 37.787567138671875),19.0,,,,,,3.0,6.0
2024/08/23 08:00:00 AM,2024/08/23,08:00 AM,2024,Friday,2024/08/25 08:42:00 AM,141820819055,1418208,240532574,242380814.0,II,Initial,,19055,Disorderly Conduct,Intimidation,"Phone Calls, Threatening",Open or Active,EDDY ST \ JONES ST,24929000.0,Out of SF,Tenderloin,5.0,6.0,37.78393173217773,-122.41259765625,POINT (-122.41259765625 37.783931732177734),20.0,,1.0,1.0,,,10.0,5.0
2024/08/26 05:30:00 PM,2024/08/26,05:30 PM,2024,Monday,2024/08/26 06:26:00 PM,141860004134,1418600,240536043,242392782.0,II,Initial,,4134,Assault,Simple Assault,Battery,Open or Active,JONES ST \ TURK ST,24923000.0,Tenderloin,Tenderloin,5.0,6.0,37.78300476074219,-122.41241455078124,POINT (-122.41241455078125 37.78300476074219),20.0,,1.0,1.0,1.0,,10.0,5.0
2024/08/08 05:00:00 PM,2024/08/08,05:00 PM,2024,Thursday,2024/08/26 05:41:00 PM,141859406303,1418594,240535926,242392611.0,II,Initial,,6303,Larceny Theft,Larceny Theft - From Building,"Theft, From Building, $200-$950",Open or Active,EDDY ST \ GOUGH ST,26490000.0,Northern,Western Addition,2.0,5.0,37.78247833251953,-122.42411041259766,POINT (-122.42411041259766 37.78247833251953),100.0,,,1.0,,,11.0,4.0
2024/08/26 04:48:00 PM,2024/08/26,04:48 PM,2024,Monday,2024/08/26 04:56:00 PM,141857706302,1418577,240535813,242392411.0,II,Initial,,6302,Larceny Theft,Larceny Theft - From Building,"Theft, From Building, $50-$200",Open or Active,EDDY ST \ POLK ST,25176000.0,Tenderloin,Tenderloin,5.0,6.0,37.78310012817383,-122.41918182373048,POINT (-122.41918182373047 37.78310012817383),20.0,,1.0,1.0,,,10.0,4.0
2024/10/24 07:30:00 AM,2024/10/24,07:30 AM,2024,Thursday,2024/10/25 02:03:00 AM,143571906374,1435719,246139019,,II,Coplogic Initial,True,6374,Larceny Theft,Larceny Theft - Other,"Theft, Other Property, >$950",Open or Active,DIVISADERO ST \ HAYES ST,26053000.0,Northern,Hayes Valley,5.0,5.0,37.77499008178711,-122.43779754638672,POINT (-122.43779754638672 37.77499008178711),23.0,,,,,,11.0,4.0
2024/10/28 06:00:00 PM,2024/10/28,06:00 PM,2024,Monday,2024/10/28 07:04:00 PM,143594106363,1435941,240678275,243022736.0,II,Initial,,6363,Larceny Theft,Larceny Theft - Shoplifting,"Theft, Shoplifting, $200-$950",Cite or Arrest Adult,OFARRELL ST \ POWELL ST,24904000.0,Central,Tenderloin,3.0,3.0,37.78641128540039,-122.40803527832033,POINT (-122.40803527832031 37.78641128540039),19.0,,,,,,3.0,6.0
2024/08/27 07:00:00 AM,2024/08/27,07:00 AM,2024,Tuesday,2024/08/27 07:24:00 AM,141872604013,1418726,240536833,242400531.0,II,Initial,,4013,Assault,Aggravated Assault,"Assault, Aggravated, W/ Other Weapon",Open or Active,JONES ST \ TURK ST,24923000.0,Tenderloin,Tenderloin,5.0,6.0,37.78300476074219,-122.41241455078124,POINT (-122.41241455078125 37.78300476074219),20.0,,1.0,1.0,1.0,,10.0,5.0
2024/10/28 05:00:00 PM,2024/10/28,05:00 PM,2024,Monday,2024/10/28 05:00:00 PM,143591019057,1435910,240675259,243011118.0,IS,Initial Supplement,,19057,Disorderly Conduct,Intimidation,Terrorist Threats,Open or Active,EDDY ST \ POLK ST,25176000.0,Tenderloin,Tenderloin,5.0,6.0,37.78310012817383,-122.41918182373048,POINT (-122.41918182373047 37.78310012817383),20.0,,1.0,1.0,,,10.0,4.0
2024/08/20 05:00:00 PM,2024/08/20,05:00 PM,2024,Tuesday,2024/08/28 11:34:00 AM,141906406301,1419064,240539730,242411518.0,II,Initial,,6301,Larceny Theft,Larceny Theft - From Building,"Theft, From Building, <$50",Open or Active,EDDY ST \ GOUGH ST,26490000.0,Northern,Western Addition,2.0,5.0,37.78247833251953,-122.42411041259766,POINT (-122.42411041259766 37.78247833251953),100.0,,,1.0,,,11.0,4.0
2024/09/15 07:50:00 AM,2024/09/15,07:50 AM,2024,Sunday,2024/09/16 12:30:00 AM,143601006224,1436010,246139661,,II,Coplogic Initial,True,6224,Larceny Theft,Larceny - From Vehicle,"Theft, From Unlocked Vehicle, >$950",Open or Active,GEARY ST \ POWELL ST,24903000.0,Central,Financial District/South Beach,3.0,3.0,37.78736114501953,-122.4082260131836,POINT (-122.4082260131836 37.78736114501953),19.0,,,,,,3.0,6.0
2024/08/29 03:40:00 PM,2024/08/29,03:40 PM,2024,Thursday,2024/08/29 03:45:00 PM,141948204014,1419482,240543026,242422156.0,II,Initial,,4014,Assault,Aggravated Assault,"Assault, Aggravated, W/ Force",Cite or Arrest Adult,LEAVENWORTH ST \ TURK ST,24934000.0,Tenderloin,Tenderloin,5.0,6.0,37.78279495239258,-122.41405487060548,POINT (-122.41405487060547 37.78279495239258),20.0,,1.0,1.0,1.0,,10.0,5.0
2024/07/15 07:34:00 AM,2024/07/15,07:34 AM,2024,Monday,2024/08/28 02:34:00 PM,141942306363,1419423,246110360,,II,Coplogic Initial,True,6363,Larceny Theft,Larceny Theft - Shoplifting,"Theft, Shoplifting, $200-$950",Open or Active,DIVISADERO ST \ LOMBARD ST,26974000.0,Northern,Marina,2.0,2.0,37.79899978637695,-122.4426498413086,POINT (-122.4426498413086 37.79899978637695),14.0,,,,,,6.0,4.0
2024/08/30 06:30:00 AM,2024/08/30,06:30 AM,2024,Friday,2024/08/30 08:22:00 AM,141962671013,1419626,240544369,242430716.0,VI,Vehicle Initial,,71013,Larceny Theft,Theft From Vehicle,"License Plate, Stolen",Open or Active,BEACH ST \ LARKIN ST,25586000.0,Central,Russian Hill,2.0,2.0,37.806434631347656,-122.42219543457033,POINT (-122.42219543457031 37.806434631347656),98.0,,,,,,6.0,6.0
2024/10/30 03:56:00 PM,2024/10/30,03:56 PM,2024,Wednesday,2024/10/30 03:56:00 PM,143649219057,1436492,240682066,243042181.0,II,Initial,,19057,Disorderly Conduct,Intimidation,Terrorist Threats,Cite or Arrest Adult,EDDY ST \ LARKIN ST,25148000.0,Tenderloin,Tenderloin,5.0,6.0,37.78330993652344,-122.4175262451172,POINT (-122.41752624511719 37.78330993652344),20.0,,1.0,1.0,,,10.0,5.0
2024/05/23 03:00:00 PM,2024/05/23,03:00 PM,2024,Thursday,2024/10/30 09:45:00 AM,143638504134,1436385,240324713,241442978.0,IS,Initial Supplement,,4134,Assault,Simple Assault,Battery,Open or Active,HYDE ST \ NORTH POINT ST,25574000.0,Tenderloin,Russian Hill,2.0,2.0,37.80572128295898,-122.42037200927734,POINT (-122.42037200927734 37.805721282958984),98.0,,,,,,6.0,6.0
2024/10/30 03:56:00 PM,2024/10/30,03:56 PM,2024,Wednesday,2024/10/30 03:56:00 PM,143649204134,1436492,240682066,243042181.0,II,Initial,,4134,Assault,Simple Assault,Battery,Cite or Arrest Adult,EDDY ST \ LARKIN ST,25148000.0,Tenderloin,Tenderloin,5.0,6.0,37.78330993652344,-122.4175262451172,POINT (-122.41752624511719 37.78330993652344),20.0,,1.0,1.0,,,10.0,5.0
2024/08/30 03:00:00 PM,2024/08/30,03:00 PM,2024,Friday,2024/08/31 05:06:00 PM,142001304134,1420013,240547642,242442152.0,II,Initial,,4134,Assault,Simple Assault,Battery,Open or Active,NORTH POINT ST \ POLK ST,26704000.0,Northern,Russian Hill,2.0,2.0,37.8052864074707,-122.42365264892578,POINT (-122.42365264892578 37.8052864074707),98.0,,,,,,6.0,6.0
2024/10/28 04:00:00 PM,2024/10/28,04:00 PM,2024,Monday,2024/10/29 10:57:00 PM,143671206244,1436712,246140931,,II,Coplogic Initial,True,6244,Larceny Theft,Larceny - From Vehicle,"Theft, From Locked Vehicle, >$950",Open or Active,EDDY ST \ FILLMORE ST,26044000.0,Northern,Western Addition,5.0,5.0,37.78142929077149,-122.4323272705078,POINT (-122.43232727050781 37.781429290771484),97.0,,,,,,11.0,4.0
2024/08/30 06:00:00 PM,2024/08/30,06:00 PM,2024,Friday,2024/09/02 05:14:00 PM,142052506244,1420525,240551687,242462094.0,II,Initial,,6244,Larceny Theft,Larceny - From Vehicle,"Theft, From Locked Vehicle, >$950",Open or Active,31ST AVE \ QUINTARA ST,23397000.0,Taraval,Sunset/Parkside,4.0,4.0,37.748077392578125,-122.48893737792967,POINT (-122.48893737792969 37.748077392578125),40.0,,,,,,7.0,10.0
2024/09/02 04:00:00 PM,2024/09/02,04:00 PM,2024,Monday,2024/09/02 04:17:00 PM,142055406374,1420554,240551524,242461932.0,II,Initial,,6374,Larceny Theft,Larceny Theft - Other,"Theft, Other Property, >$950",Open or Active,OFARRELL ST \ SHANNON ST,24944000.0,Tenderloin,Tenderloin,5.0,6.0,37.785892486572266,-122.41214752197266,POINT (-122.41214752197266 37.785892486572266),20.0,,1.0,,,,10.0,5.0
2024/07/21 07:53:00 AM,2024/07/21,07:53 AM,2024,Sunday,2024/09/01 05:41:00 PM,142046206363,1420462,246112708,,II,Coplogic Initial,True,6363,Larceny Theft,Larceny Theft - Shoplifting,"Theft, Shoplifting, $200-$950",Open or Active,DIVISADERO ST \ LOMBARD ST,26974000.0,Northern,Marina,2.0,2.0,37.79899978637695,-122.4426498413086,POINT (-122.4426498413086 37.79899978637695),14.0,,,,,,6.0,4.0
2024/08/23 05:00:00 PM,2024/08/23,05:00 PM,2024,Friday,2024/08/27 10:43:00 AM,142077306372,1420773,246112883,,II,Coplogic Initial,True,6372,Larceny Theft,Larceny Theft - Other,"Theft, Other Property, $50-$200",Open or Active,ROSELYN TER \ TURK BLVD,26464000.0,Park,Lone Mountain/USF,1.0,1.0,37.77827835083008,-122.44976806640624,POINT (-122.44976806640625 37.77827835083008),12.0,,,,,,4.0,7.0
2024/07/25 08:00:00 AM,2024/07/25,08:00 AM,2024,Thursday,2024/08/21 11:38:00 PM,142065506372,1420655,246112805,,II,Coplogic Initial,True,6372,Larceny Theft,Larceny Theft - Other,"Theft, Other Property, $50-$200",Open or Active,DIVISADERO ST \ HAIGHT ST,26026000.0,Park,Haight Ashbury,5.0,5.0,37.77126693725586,-122.43704223632812,POINT (-122.43704223632812 37.77126693725586),,,,,,,11.0,4.0
2024/10/29 06:00:00 PM,2024/10/29,06:00 PM,2024,Tuesday,2024/10/31 05:49:00 PM,143676606374,1436766,240684595,243052581.0,II,Initial,,6374,Larceny Theft,Larceny Theft - Other,"Theft, Other Property, >$950",Open or Active,16TH AVE \ PACHECO ST,27309000.0,Taraval,Inner Sunset,7.0,7.0,37.75065231323242,-122.4729995727539,POINT (-122.4729995727539 37.75065231323242),44.0,,,,,,8.0,10.0
2024/10/31 05:30:00 PM,2024/10/31,05:30 PM,2024,Thursday,2024/10/31 06:05:00 PM,143680704134,1436807,240684636,243052623.0,II,Initial,,4134,Assault,Simple Assault,Battery,Cite or Arrest Adult,19TH AVE \ NORIEGA ST,27335000.0,Taraval,Inner Sunset,7.0,4.0,37.754241943359375,-122.47642517089844,POINT (-122.47642517089844 37.754241943359375),39.0,,,,,,7.0,10.0
2024/09/11 03:00:00 PM,2024/09/11,03:00 PM,2024,Wednesday,2024/11/01 08:28:00 PM,143708319057,1437083,240687088,243063313.0,II,Initial,,19057,Disorderly Conduct,Intimidation,Terrorist Threats,Open or Active,GIANTS DR \ GILMAN AVE,20097000.0,Bayview,Bayview Hunters Point,10.0,10.0,37.71751022338867,-122.38684844970705,POINT (-122.38684844970703 37.71751022338867),88.0,,,,,,9.0,2.0
2024/08/29 04:20:00 PM,2024/08/29,04:20 PM,2024,Thursday,2024/09/04 12:28:00 PM,142106306364,1421063,240556057,242481500.0,II,Initial,,6364,Larceny Theft,Larceny Theft - Shoplifting,"Theft, Shoplifting, >$950",Open or Active,GEARY ST \ STOCKTON ST,24901000.0,Central,Financial District/South Beach,3.0,3.0,37.78756713867188,-122.4065933227539,POINT (-122.4065933227539 37.787567138671875),19.0,,,,,,3.0,6.0
2024/11/01 03:00:00 PM,2024/11/01,03:00 PM,2024,Friday,2024/11/01 05:50:00 PM,143707206362,1437072,240686842,243062393.0,II,Initial,,6362,Larceny Theft,Larceny Theft - Shoplifting,"Theft, Shoplifting, $50-$200",Cite or Arrest Adult,OFARRELL ST \ POWELL ST,24904000.0,Central,Tenderloin,3.0,3.0,37.78641128540039,-122.40803527832033,POINT (-122.40803527832031 37.78641128540039),19.0,,,,,,3.0,6.0
2024/10/31 03:00:00 PM,2024/10/31,03:00 PM,2024,Thursday,2024/11/01 03:54:00 PM,143743706224,1437437,246142250,,II,Coplogic Initial,True,6224,Larceny Theft,Larceny - From Vehicle,"Theft, From Unlocked Vehicle, >$950",Open or Active,PALOU AVE \ PHELPS ST,20680000.0,Bayview,Bayview Hunters Point,10.0,10.0,37.736106872558594,-122.39466094970705,POINT (-122.39466094970703 37.736106872558594),87.0,,,,,,9.0,2.0
2024/11/03 06:10:00 AM,2024/11/03,06:10 AM,2024,Sunday,2024/11/03 06:16:00 PM,143748206363,1437482,240690611,243082579.0,II,Initial,,6363,Larceny Theft,Larceny Theft - Shoplifting,"Theft, Shoplifting, $200-$950",Open or Active,CARD ALY \ STOCKTON ST,25351000.0,Central,Chinatown,3.0,3.0,37.79903411865234,-122.4089126586914,POINT (-122.4089126586914 37.799034118652344),106.0,,,,,,3.0,6.0
2024/11/04 05:58:00 PM,2024/11/04,05:58 PM,2024,Monday,2024/11/04 05:59:00 PM,143776206301,1437762,240692918,243092589.0,II,Initial,,6301,Larceny Theft,Larceny Theft - From Building,"Theft, From Building, <$50",Open or Active,GEARY ST \ JONES ST,24960000.0,Central,Tenderloin,5.0,6.0,37.78672790527344,-122.41316223144533,POINT (-122.41316223144531 37.78672790527344),20.0,,1.0,,,,10.0,6.0
2024/10/31 07:00:00 AM,2024/10/31,07:00 AM,2024,Thursday,2024/11/01 11:11:00 AM,143797006374,1437970,246143139,,II,Coplogic Initial,True,6374,Larceny Theft,Larceny Theft - Other,"Theft, Other Property, >$950",Open or Active,EDDY ST \ GOUGH ST,26490000.0,Northern,Western Addition,2.0,5.0,37.78247833251953,-122.42411041259766,POINT (-122.42411041259766 37.78247833251953),100.0,,,1.0,,,11.0,4.0
2024/11/06 04:10:00 PM,2024/11/06,04:10 PM,2024,Wednesday,2024/11/06 04:48:00 PM,143828706313,1438287,240697059,243112505.0,II,Initial,,6313,Larceny Theft,Larceny Theft - Bicycle,"Theft, Bicycle, $200-$950",Open or Active,EDDY ST \ FILLMORE ST,26044000.0,Northern,Western Addition,5.0,5.0,37.78142929077149,-122.4323272705078,POINT (-122.43232727050781 37.781429290771484),97.0,,,,,,11.0,4.0
2024/11/01 08:00:00 AM,2024/11/01,08:00 AM,2024,Friday,2024/11/05 01:19:00 PM,143818804138,1438188,240694572,243101830.0,IS,Initial Supplement,,4138,Assault,Simple Assault,"Battery, former Spouse or Dating Relationship",Open or Active,03RD ST \ MENDELL ST \ PALOU AVE,33269000.0,Bayview,Bayview Hunters Point,10.0,10.0,37.734012603759766,-122.3909683227539,POINT (-122.3909683227539 37.734012603759766),86.0,,,,,,9.0,2.0
2024/11/06 03:50:00 PM,2024/11/06,03:50 PM,2024,Wednesday,2024/11/06 03:50:00 PM,143830706363,1438307,240696948,243112274.0,II,Initial,,6363,Larceny Theft,Larceny Theft - Shoplifting,"Theft, Shoplifting, $200-$950",Cite or Arrest Adult,OFARRELL ST \ POWELL ST,24904000.0,Central,Tenderloin,3.0,3.0,37.78641128540039,-122.40803527832033,POINT (-122.40803527832031 37.78641128540039),19.0,,,,,,3.0,6.0
2024/10/24 05:00:00 PM,2024/10/24,05:00 PM,2024,Thursday,2024/11/05 12:41:00 AM,143811606244,1438116,246143781,,II,Coplogic Initial,True,6244,Larceny Theft,Larceny - From Vehicle,"Theft, From Locked Vehicle, >$950",Open or Active,EDDY ST \ GOUGH ST,26490000.0,Northern,Western Addition,2.0,5.0,37.78247833251953,-122.42411041259766,POINT (-122.42411041259766 37.78247833251953),100.0,,,1.0,,,11.0,4.0
2024/11/01 08:00:00 AM,2024/11/01,08:00 AM,2024,Friday,2024/11/05 01:19:00 PM,143805804138,1438058,240694572,243101830.0,II,Initial,,4138,Assault,Simple Assault,"Battery, former Spouse or Dating Relationship",Open or Active,03RD ST \ MENDELL ST \ PALOU AVE,33269000.0,Bayview,Bayview Hunters Point,10.0,10.0,37.734012603759766,-122.3909683227539,POINT (-122.3909683227539 37.734012603759766),86.0,,,,,,9.0,2.0
2024/11/06 04:10:00 PM,2024/11/06,04:10 PM,2024,Wednesday,2024/11/06 07:35:00 PM,143830906363,1438309,240697394,243112881.0,II,Initial,,6363,Larceny Theft,Larceny Theft - Shoplifting,"Theft, Shoplifting, $200-$950",Cite or Arrest Adult,OFARRELL ST \ POWELL ST,24904000.0,Central,Tenderloin,3.0,3.0,37.78641128540039,-122.40803527832033,POINT (-122.40803527832031 37.78641128540039),19.0,,,,,,3.0,6.0
2024/11/07 03:36:00 PM,2024/11/07,03:36 PM,2024,Thursday,2024/11/07 06:20:00 PM,143854506362,1438545,240699265,243122236.0,II,Initial,,6362,Larceny Theft,Larceny Theft - Shoplifting,"Theft, Shoplifting, $50-$200",Open or Active,DIVISADERO ST \ HAYES ST,26053000.0,Northern,Hayes Valley,5.0,5.0,37.77499008178711,-122.43779754638672,POINT (-122.43779754638672 37.77499008178711),23.0,,,,,,11.0,4.0
2024/10/29 04:00:00 PM,2024/10/29,04:00 PM,2024,Tuesday,2024/11/06 09:38:00 AM,143842406302,1438424,240696374,243111069.0,II,Initial,,6302,Larceny Theft,Larceny Theft - From Building,"Theft, From Building, $50-$200",Open or Active,CLAY ST \ VAN NESS AVE,26535000.0,Northern,Nob Hill,3.0,3.0,37.79217529296875,-122.42269134521484,POINT (-122.42269134521484 37.79217529296875),105.0,,,,,,3.0,4.0
2024/11/07 04:50:00 PM,2024/11/07,04:50 PM,2024,Thursday,2024/11/07 05:33:00 PM,143853606242,1438536,240699259,243122548.0,II,Initial,,6242,Larceny Theft,Larceny - From Vehicle,"Theft, From Locked Vehicle, $50-$200",Open or Active,GEARY BLVD \ GEARY ST \ VAN NESS AVE,25197000.0,Northern,Western Addition,3.0,5.0,37.78568649291992,-122.42139434814452,POINT (-122.42139434814453 37.78568649291992),100.0,,,,,,11.0,4.0
2024/11/08 03:30:00 PM,2024/11/08,03:30 PM,2024,Friday,2024/11/08 04:50:00 PM,143876306222,1438763,240701133,243132579.0,II,Initial,,6222,Larceny Theft,Larceny - From Vehicle,"Theft, From Unlocked Vehicle, $50-$200",Open or Active,SUTTER ST \ VAN NESS AVE,25219000.0,Northern,Nob Hill,3.0,2.0,37.78754806518555,-122.42176055908205,POINT (-122.42176055908203 37.78754806518555),100.0,,,,,,6.0,4.0
2024/11/08 03:05:00 PM,2024/11/08,03:05 PM,2024,Friday,2024/11/08 03:07:00 PM,143873704013,1438737,240700903,243132224.0,II,Initial,,4013,Assault,Aggravated Assault,"Assault, Aggravated, W/ Other Weapon",Open or Active,GEARY ST \ LEAVENWORTH ST,25154000.0,Central,Tenderloin,5.0,6.0,37.78651809692383,-122.41481018066406,POINT (-122.41481018066406 37.78651809692383),20.0,,1.0,,,,10.0,6.0
2024/10/25 06:00:00 AM,2024/10/25,06:00 AM,2024,Friday,2024/11/08 02:24:00 AM,143858104013,1438581,240699748,243130196.0,II,Initial,,4013,Assault,Aggravated Assault,"Assault, Aggravated, W/ Other Weapon",Open or Active,HYDE ST \ TURK ST,24933000.0,Tenderloin,Tenderloin,5.0,6.0,37.78258514404297,-122.41569519042967,POINT (-122.41569519042969 37.78258514404297),20.0,,1.0,1.0,1.0,,10.0,5.0
2024/10/25 06:00:00 AM,2024/10/25,06:00 AM,2024,Friday,2024/11/08 02:24:00 AM,143858104170,1438581,240699748,243130196.0,II,Initial,,4170,Assault,Simple Assault,False Imprisonment,Open or Active,HYDE ST \ TURK ST,24933000.0,Tenderloin,Tenderloin,5.0,6.0,37.78258514404297,-122.41569519042967,POINT (-122.41569519042969 37.78258514404297),20.0,,1.0,1.0,1.0,,10.0,5.0
2024/11/07 08:00:00 AM,2024/11/07,08:00 AM,2024,Thursday,2024/11/08 08:30:00 AM,143862306154,1438623,240700038,243130297.0,II,Initial,,6154,Larceny Theft,Larceny Theft - Other,"Theft, From Person, >$950 (other than Pickpocket)",Open or Active,JONES ST \ TURK ST,24923000.0,Tenderloin,Tenderloin,5.0,6.0,37.78300476074219,-122.41241455078124,POINT (-122.41241455078125 37.78300476074219),20.0,,1.0,1.0,1.0,,10.0,5.0
2024/10/25 06:00:00 AM,2024/10/25,06:00 AM,2024,Friday,2024/11/08 02:24:00 AM,143858106154,1438581,240699748,243130196.0,II,Initial,,6154,Larceny Theft,Larceny Theft - Other,"Theft, From Person, >$950 (other than Pickpocket)",Open or Active,HYDE ST \ TURK ST,24933000.0,Tenderloin,Tenderloin,5.0,6.0,37.78258514404297,-122.41569519042967,POINT (-122.41569519042969 37.78258514404297),20.0,,1.0,1.0,1.0,,10.0,5.0
2024/11/01 07:00:00 AM,2024/11/01,07:00 AM,2024,Friday,2024/11/07 07:04:00 PM,143859406372,1438594,246144416,,II,Coplogic Initial,True,6372,Larceny Theft,Larceny Theft - Other,"Theft, Other Property, $50-$200",Open or Active,GOUGH ST \ LOMBARD ST,26715000.0,Northern,Marina,2.0,2.0,37.80088806152344,-122.42782592773438,POINT (-122.42782592773438 37.80088806152344),17.0,,,,,,6.0,4.0
2024/11/08 03:33:00 PM,2024/11/08,03:33 PM,2024,Friday,2024/11/08 03:33:00 PM,143878006364,1438780,240701218,243132319.0,II,Initial,,6364,Larceny Theft,Larceny Theft - Shoplifting,"Theft, Shoplifting, >$950",Cite or Arrest Adult,OFARRELL ST \ POWELL ST,24904000.0,Central,Tenderloin,3.0,3.0,37.78641128540039,-122.40803527832033,POINT (-122.40803527832031 37.78641128540039),19.0,,,,,,3.0,6.0
2024/11/09 07:00:00 AM,2024/11/09,07:00 AM,2024,Saturday,2024/11/09 01:08:00 PM,143892906133,1438929,240702824,243141032.0,II,Initial,,6133,Larceny Theft,Larceny Theft - Purse Snatch,"Theft, Purse Snatch, $200-$950",Open or Active,MISSION ST \ SILVER AVE,21765000.0,Ingleside,Excelsior,11.0,11.0,37.72872924804688,-122.4312973022461,POINT (-122.4312973022461 37.728729248046875),94.0,,,,,,1.0,9.0
2024/11/08 03:53:00 PM,2024/11/08,03:53 PM,2024,Friday,2024/11/08 03:54:00 PM,143877104014,1438771,240700975,243132382.0,II,Initial,,4014,Assault,Aggravated Assault,"Assault, Aggravated, W/ Force",Cite or Arrest Adult,OFARRELL ST \ VAN NESS AVE,25192000.0,Northern,Tenderloin,5.0,5.0,37.78475189208984,-122.42119598388672,POINT (-122.42119598388672 37.784751892089844),20.0,,,,,,11.0,4.0
2024/10/24 05:46:00 PM,2024/10/24,05:46 PM,2024,Thursday,2024/10/24 08:07:00 PM,143895706372,1438957,246144698,,II,Coplogic Initial,True,6372,Larceny Theft,Larceny Theft - Other,"Theft, Other Property, $50-$200",Open or Active,CALIFORNIA ST \ DIVISADERO ST,26818000.0,Richmond,Pacific Heights,2.0,2.0,37.78806686401367,-122.44043731689452,POINT (-122.44043731689453 37.78806686401367),103.0,,,,,,6.0,4.0
2024/11/04 06:00:00 PM,2024/11/04,06:00 PM,2024,Monday,2024/11/07 01:03:00 AM,143907606374,1439076,246145157,,II,Coplogic Initial,True,6374,Larceny Theft,Larceny Theft - Other,"Theft, Other Property, >$950",Open or Active,BUSH ST \ VAN NESS AVE,25223000.0,Southern,Nob Hill,3.0,2.0,37.78849029541016,-122.42195129394533,POINT (-122.42195129394531 37.788490295410156),100.0,,,,,,6.0,4.0
2024/11/08 08:00:00 AM,2024/11/08,08:00 AM,2024,Friday,2024/11/10 12:12:00 PM,143913671013,1439136,240704488,243151333.0,VI,Vehicle Initial,,71013,Larceny Theft,Theft From Vehicle,"License Plate, Stolen",Open or Active,CHESTNUT ST \ LAGUNA ST,26740000.0,Central,Marina,2.0,2.0,37.80144500732422,-122.43131256103516,POINT (-122.43131256103516 37.80144500732422),17.0,,,,,,6.0,4.0
2024/11/10 06:38:00 AM,2024/11/10,06:38 AM,2024,Sunday,2024/11/10 06:48:00 AM,143910104134,1439101,240704052,243150545.0,II,Initial,,4134,Assault,Simple Assault,Battery,Cite or Arrest Adult,18TH ST \ CASTRO ST,25813000.0,Mission,Castro/Upper Market,8.0,8.0,37.760887145996094,-122.43499755859376,POINT (-122.43499755859375 37.760887145996094),38.0,,,,5.0,,5.0,3.0
2024/11/10 06:38:00 AM,2024/11/10,06:38 AM,2024,Sunday,2024/11/10 06:48:00 AM,143910106361,1439101,240704052,243150545.0,II,Initial,,6361,Larceny Theft,Larceny Theft - Shoplifting,"Theft, Shoplifting, <$50",Cite or Arrest Adult,18TH ST \ CASTRO ST,25813000.0,Mission,Castro/Upper Market,8.0,8.0,37.760887145996094,-122.43499755859376,POINT (-122.43499755859375 37.760887145996094),38.0,,,,5.0,,5.0,3.0
2024/11/06 04:00:00 PM,2024/11/06,04:00 PM,2024,Wednesday,2024/11/08 02:06:00 PM,143929206372,1439292,246145812,,II,Coplogic Initial,True,6372,Larceny Theft,Larceny Theft - Other,"Theft, Other Property, $50-$200",Open or Active,VALLEJO ST \ VAN NESS AVE,26552000.0,Northern,Marina,3.0,3.0,37.79669189453125,-122.42359924316406,POINT (-122.42359924316406 37.79669189453125),105.0,,,,,,3.0,4.0
2024/11/12 03:30:00 PM,2024/11/12,03:30 PM,2024,Tuesday,2024/11/12 04:03:00 PM,143967419057,1439674,240708725,243172242.0,II,Initial,,19057,Disorderly Conduct,Intimidation,Terrorist Threats,Open or Active,EDDY ST \ POLK ST,25176000.0,Tenderloin,Tenderloin,5.0,6.0,37.78310012817383,-122.41918182373048,POINT (-122.41918182373047 37.78310012817383),20.0,,1.0,1.0,,,10.0,4.0
2024/11/08 04:00:00 PM,2024/11/08,04:00 PM,2024,Friday,2024/11/12 05:05:00 PM,143968606234,1439686,240708844,243172620.0,II,Initial,,6234,Larceny Theft,Larceny - Auto Parts,"Theft, Vehicle Strip, >$950",Open or Active,BUCHANAN ST \ EDDY ST,26509000.0,Northern,Western Addition,5.0,5.0,37.7818489074707,-122.42903900146484,POINT (-122.42903900146484 37.7818489074707),97.0,,,,,,11.0,4.0
2024/11/10 07:00:00 AM,2024/11/10,07:00 AM,2024,Sunday,2024/11/11 10:13:00 AM,143951906224,1439519,246146224,,II,Coplogic Initial,True,6224,Larceny Theft,Larceny - From Vehicle,"Theft, From Unlocked Vehicle, >$950",Open or Active,GEARY BLVD \ GEARY ST \ VAN NESS AVE,25197000.0,Northern,Western Addition,3.0,5.0,37.78568649291992,-122.42139434814452,POINT (-122.42139434814453 37.78568649291992),100.0,,,,,,11.0,4.0
2024/11/08 04:00:00 PM,2024/11/08,04:00 PM,2024,Friday,2024/11/12 05:05:00 PM,143968607100,1439686,240708844,243172620.0,II,Initial,,7100,Vandalism,Vandalism,"Vehicle, Tampering",Open or Active,BUCHANAN ST \ EDDY ST,26509000.0,Northern,Western Addition,5.0,5.0,37.7818489074707,-122.42903900146484,POINT (-122.42903900146484 37.7818489074707),97.0,,,,,,11.0,4.0
2024/11/11 04:44:00 PM,2024/11/11,04:44 PM,2024,Monday,2024/11/11 07:47:00 PM,143946606363,1439466,240707090,243162402.0,II,Initial,,6363,Larceny Theft,Larceny Theft - Shoplifting,"Theft, Shoplifting, $200-$950",Cite or Arrest Adult,OFARRELL ST \ POWELL ST,24904000.0,Central,Tenderloin,3.0,3.0,37.78641128540039,-122.40803527832033,POINT (-122.40803527832031 37.78641128540039),19.0,,,,,,3.0,6.0
2024/11/12 05:45:00 PM,2024/11/12,05:45 PM,2024,Tuesday,2024/11/12 06:05:00 PM,143970004134,1439700,240709068,243172836.0,II,Initial,,4134,Assault,Simple Assault,Battery,Open or Active,18TH ST \ MISSION ST,24149000.0,Mission,Mission,9.0,9.0,37.761837005615234,-122.41935729980467,POINT (-122.41935729980469 37.761837005615234),53.0,,,,3.0,,2.0,3.0
2024/11/07 04:00:00 PM,2024/11/07,04:00 PM,2024,Thursday,2024/11/13 01:41:00 PM,143993306113,1439933,240710582,243181833.0,II,Initial,,6113,Larceny Theft,Larceny Theft - Pickpocket,"Theft, Pickpocket, $200-$950",Open or Active,GEARY BLVD \ GEARY ST \ VAN NESS AVE,25197000.0,Northern,Western Addition,3.0,5.0,37.78568649291992,-122.42139434814452,POINT (-122.42139434814453 37.78568649291992),100.0,,,,,,11.0,4.0
2024/11/14 06:00:00 PM,2024/11/14,06:00 PM,2024,Thursday,2024/11/14 06:00:00 PM,144027506304,1440275,240701666,243133036.0,IS,Initial Supplement,,6304,Larceny Theft,Larceny Theft - From Building,"Theft, From Building, >$950",Open or Active,OFARRELL ST \ POWELL ST,24904000.0,Central,Tenderloin,3.0,3.0,37.78641128540039,-122.40803527832033,POINT (-122.40803527832031 37.78641128540039),19.0,,,,,,3.0,6.0
2024/11/11 04:00:00 PM,2024/11/11,04:00 PM,2024,Monday,2024/11/15 03:31:00 PM,144050071013,1440500,240715093,243202176.0,VI,Vehicle Initial,,71013,Larceny Theft,Theft From Vehicle,"License Plate, Stolen",Open or Active,GRAFTON AVE \ PLYMOUTH AVE,22576000.0,Taraval,Oceanview/Merced/Ingleside,11.0,11.0,37.72003173828125,-122.45613098144533,POINT (-122.45613098144531 37.72003173828125),64.0,,,,,,1.0,10.0
2024/11/15 04:25:00 PM,2024/11/15,04:25 PM,2024,Friday,2024/11/15 04:27:00 PM,144054704134,1440547,240715253,243202403.0,II,Initial,,4134,Assault,Simple Assault,Battery,Cite or Arrest Adult,BUSH ST \ VAN NESS AVE,25223000.0,Northern,Nob Hill,3.0,2.0,37.78849029541016,-122.42195129394533,POINT (-122.42195129394531 37.788490295410156),100.0,,,,,,6.0,4.0
2024/11/15 04:20:00 PM,2024/11/15,04:20 PM,2024,Friday,2024/11/15 04:32:00 PM,144053604134,1440536,240715281,243202416.0,II,Initial,,4134,Assault,Simple Assault,Battery,Cite or Arrest Adult,OFARRELL ST \ VAN NESS AVE,25192000.0,Northern,Tenderloin,5.0,5.0,37.78475189208984,-122.42119598388672,POINT (-122.42119598388672 37.784751892089844),20.0,,,,,,11.0,4.0
2024/11/15 04:25:00 PM,2024/11/15,04:25 PM,2024,Friday,2024/11/15 04:27:00 PM,144054719057,1440547,240715253,243202403.0,II,Initial,,19057,Disorderly Conduct,Intimidation,Terrorist Threats,Cite or Arrest Adult,BUSH ST \ VAN NESS AVE,25223000.0,Northern,Nob Hill,3.0,2.0,37.78849029541016,-122.42195129394533,POINT (-122.42195129394531 37.788490295410156),100.0,,,,,,6.0,4.0
2024/07/19 05:10:00 PM,2024/07/19,05:10 PM,2024,Friday,2024/11/17 08:15:00 PM,144089704134,1440897,240718702,243222121.0,II,Initial,,4134,Assault,Simple Assault,Battery,Open or Active,GEARY ST \ LEAVENWORTH ST,25154000.0,Central,Tenderloin,5.0,6.0,37.78651809692383,-122.41481018066406,POINT (-122.41481018066406 37.78651809692383),20.0,,1.0,,,,10.0,6.0
2024/12/31 07:30:00 AM,2024/12/31,07:30 AM,2024,Tuesday,2024/12/31 09:36:00 AM,145098706361,1450987,240800600,243660729.0,II,Initial,,6361,Larceny Theft,Larceny Theft - Shoplifting,"Theft, Shoplifting, <$50",Cite or Arrest Adult,18TH ST \ CASTRO ST,25813000.0,Mission,Castro/Upper Market,8.0,8.0,37.760887145996094,-122.43499755859376,POINT (-122.43499755859375 37.760887145996094),38.0,,,,5.0,,5.0,3.0
2024/11/14 03:45:00 PM,2024/11/14,03:45 PM,2024,Thursday,2024/11/14 09:41:00 PM,144096106244,1440961,246148418,,II,Coplogic Initial,True,6244,Larceny Theft,Larceny - From Vehicle,"Theft, From Locked Vehicle, >$950",Open or Active,GEARY BLVD \ GEARY ST \ VAN NESS AVE,25197000.0,Northern,Western Addition,3.0,5.0,37.78568649291992,-122.42139434814452,POINT (-122.42139434814453 37.78568649291992),100.0,,,,,,11.0,4.0
2024/11/19 07:00:00 AM,2024/11/19,07:00 AM,2024,Tuesday,2024/11/19 07:12:00 AM,144135604134,1441356,240720939,243240523.0,II,Initial,,4134,Assault,Simple Assault,Battery,Open or Active,MCALLISTER ST \ VAN NESS AVE,24466000.0,Northern,Hayes Valley,5.0,5.0,37.78007507324219,-122.42024993896484,POINT (-122.42024993896484 37.78007507324219),21.0,,,1.0,1.0,,11.0,4.0
2024/11/20 07:00:00 AM,2024/11/20,07:00 AM,2024,Wednesday,2024/11/20 07:12:00 AM,144167604134,1441676,240723422,243250493.0,II,Initial,,4134,Assault,Simple Assault,Battery,Open or Active,EDDY ST \ FILLMORE ST,26044000.0,Northern,Western Addition,5.0,5.0,37.78142929077149,-122.4323272705078,POINT (-122.43232727050781 37.781429290771484),97.0,,,,,,11.0,4.0
2024/11/20 07:00:00 AM,2024/11/20,07:00 AM,2024,Wednesday,2024/11/20 06:22:00 PM,144180804134,1441808,240723422,243250493.0,IS,Initial Supplement,,4134,Assault,Simple Assault,Battery,Open or Active,EDDY ST \ FILLMORE ST,26044000.0,Northern,Western Addition,5.0,5.0,37.78142929077149,-122.4323272705078,POINT (-122.43232727050781 37.781429290771484),97.0,,,,,,11.0,4.0
2024/11/20 05:00:00 PM,2024/11/20,05:00 PM,2024,Wednesday,2024/11/20 05:09:00 PM,144181206303,1441812,240724737,243252301.0,II,Initial,,6303,Larceny Theft,Larceny Theft - From Building,"Theft, From Building, $200-$950",Open or Active,OFARRELL ST \ POWELL ST,24904000.0,Central,Tenderloin,3.0,3.0,37.78641128540039,-122.40803527832033,POINT (-122.40803527832031 37.78641128540039),19.0,,,,,,3.0,6.0
2024/11/19 05:16:00 PM,2024/11/19,05:16 PM,2024,Tuesday,2024/11/19 06:42:00 PM,144173806363,1441738,246150504,,II,Coplogic Initial,True,6363,Larceny Theft,Larceny Theft - Shoplifting,"Theft, Shoplifting, $200-$950",Open or Active,SUTTER ST \ VAN NESS AVE,25219000.0,Northern,Nob Hill,3.0,2.0,37.78754806518555,-122.42176055908205,POINT (-122.42176055908203 37.78754806518555),100.0,,,,,,6.0,4.0
2024/11/19 04:00:00 PM,2024/11/19,04:00 PM,2024,Tuesday,2024/11/19 06:35:00 PM,144173906363,1441739,246150491,,II,Coplogic Initial,True,6363,Larceny Theft,Larceny Theft - Shoplifting,"Theft, Shoplifting, $200-$950",Open or Active,SUTTER ST \ VAN NESS AVE,25219000.0,Northern,Nob Hill,3.0,2.0,37.78754806518555,-122.42176055908205,POINT (-122.42176055908203 37.78754806518555),100.0,,,,,,6.0,4.0
2024/12/31 03:54:00 PM,2024/12/31,03:54 PM,2024,Tuesday,2024/12/31 04:09:00 PM,145109806363,1451098,240801307,243661982.0,II,Initial,,6363,Larceny Theft,Larceny Theft - Shoplifting,"Theft, Shoplifting, $200-$950",Open or Active,08TH ST \ BRANNAN ST,23872000.0,Southern,South of Market,6.0,6.0,37.771297454833984,-122.40542602539062,POINT (-122.40542602539062 37.771297454833984),33.0,,,,,,10.0,1.0
2024/11/20 04:42:00 PM,2024/11/20,04:42 PM,2024,Wednesday,2024/11/20 05:05:00 PM,144184819057,1441848,240724680,243252219.0,II,Initial,,19057,Disorderly Conduct,Intimidation,Terrorist Threats,Open or Active,INGALLS ST \ INNES AVE \ MIDDLE POINT RD,20175000.0,Bayview,Bayview Hunters Point,10.0,10.0,37.73408126831055,-122.37943267822266,POINT (-122.37943267822266 37.73408126831055),86.0,,,,,,9.0,2.0
2024/11/21 06:00:00 PM,2024/11/21,06:00 PM,2024,Thursday,2024/11/21 10:47:00 PM,144249206244,1442492,246151518,,II,Coplogic Initial,True,6244,Larceny Theft,Larceny - From Vehicle,"Theft, From Locked Vehicle, >$950",Open or Active,EDDY ST \ FILLMORE ST,26044000.0,Northern,Western Addition,5.0,5.0,37.78142929077149,-122.4323272705078,POINT (-122.43232727050781 37.781429290771484),97.0,,,,,,11.0,4.0
2024/07/26 08:00:00 AM,2024/07/26,08:00 AM,2024,Friday,2024/11/25 11:25:00 AM,144281306125,1442813,240732780,243301200.0,II,Initial,,6125,Larceny Theft,Larceny Theft - Other,Theft of Checks or Credit Cards,Open or Active,GEARY BLVD \ SPRUCE ST,26928000.0,Richmond,Presidio Heights,2.0,2.0,37.78171920776367,-122.4531707763672,POINT (-122.45317077636719 37.78171920776367),12.0,,,,,,6.0,8.0
2024/11/22 08:00:00 AM,2024/11/22,08:00 AM,2024,Friday,2024/11/25 11:18:00 AM,144298406244,1442984,246152798,,II,Coplogic Initial,True,6244,Larceny Theft,Larceny - From Vehicle,"Theft, From Locked Vehicle, >$950",Open or Active,WASHINGTON ST \ WEBSTER ST,26651000.0,Northern,Pacific Heights,2.0,2.0,37.79180145263672,-122.4327392578125,POINT (-122.4327392578125 37.79180145263672),102.0,,,,,,6.0,4.0
2024/11/20 05:00:00 PM,2024/11/20,05:00 PM,2024,Wednesday,2024/11/20 05:09:00 PM,144307806303,1443078,240724737,243252301.0,IS,Initial Supplement,,6303,Larceny Theft,Larceny Theft - From Building,"Theft, From Building, $200-$950",Open or Active,OFARRELL ST \ POWELL ST,24904000.0,Central,Tenderloin,3.0,3.0,37.78641128540039,-122.40803527832033,POINT (-122.40803527832031 37.78641128540039),19.0,,,,,,3.0,6.0
2024/11/27 03:35:00 PM,2024/11/27,03:35 PM,2024,Wednesday,2024/11/27 05:31:00 PM,144337204134,1443372,240737871,243322322.0,II,Initial,,4134,Assault,Simple Assault,Battery,Open or Active,SACRAMENTO ST \ VAN NESS AVE,26536000.0,Northern,Nob Hill,3.0,3.0,37.791290283203125,-122.42251586914062,POINT (-122.42251586914062 37.791290283203125),102.0,,,,,,3.0,4.0
2024/11/11 04:01:00 PM,2024/11/11,04:01 PM,2024,Monday,2024/11/27 01:19:00 PM,144370006244,1443700,246153332,,II,Coplogic Initial,True,6244,Larceny Theft,Larceny - From Vehicle,"Theft, From Locked Vehicle, >$950",Open or Active,EDDY ST \ HYDE ST,25138000.0,Tenderloin,Tenderloin,5.0,6.0,37.78351593017578,-122.41588592529295,POINT (-122.41588592529297 37.78351593017578),20.0,,1.0,1.0,,,10.0,5.0
2024/11/29 05:18:00 PM,2024/11/29,05:18 PM,2024,Friday,2024/11/29 05:18:00 PM,144377506364,1443775,240741076,243342145.0,II,Initial,,6364,Larceny Theft,Larceny Theft - Shoplifting,"Theft, Shoplifting, >$950",Cite or Arrest Adult,OFARRELL ST \ POWELL ST,24904000.0,Central,Tenderloin,3.0,3.0,37.78641128540039,-122.40803527832033,POINT (-122.40803527832031 37.78641128540039),19.0,,,,,,3.0,6.0
2024/11/26 07:10:00 AM,2024/11/26,07:10 AM,2024,Tuesday,2024/11/30 10:21:00 AM,144387404134,1443874,240741941,243350761.0,II,Initial,,4134,Assault,Simple Assault,Battery,Open or Active,JONES ST \ NORTH POINT ST,25593000.0,Central,North Beach,3.0,3.0,37.8061408996582,-122.41707611083984,POINT (-122.41707611083984 37.8061408996582),99.0,,,,,,3.0,6.0
2024/11/30 06:13:00 AM,2024/11/30,06:13 AM,2024,Saturday,2024/11/30 06:17:00 AM,144385006363,1443850,240741769,243350479.0,II,Initial,,6363,Larceny Theft,Larceny Theft - Shoplifting,"Theft, Shoplifting, $200-$950",Cite or Arrest Adult,18TH ST \ CASTRO ST,25813000.0,Mission,Castro/Upper Market,8.0,8.0,37.760887145996094,-122.43499755859376,POINT (-122.43499755859375 37.760887145996094),38.0,,,,5.0,,5.0,3.0
2024/12/02 04:00:00 PM,2024/12/02,04:00 PM,2024,Monday,2024/12/02 04:00:00 PM,144442306364,1444423,240741076,,IS,Initial Supplement,,6364,Larceny Theft,Larceny Theft - Shoplifting,"Theft, Shoplifting, >$950",Cite or Arrest Adult,OFARRELL ST \ POWELL ST,24904000.0,Central,Tenderloin,3.0,3.0,37.78641128540039,-122.40803527832033,POINT (-122.40803527832031 37.78641128540039),19.0,,,,,,3.0,6.0
2024/12/03 04:25:00 PM,2024/12/03,04:25 PM,2024,Tuesday,2024/12/03 06:13:00 PM,144472906363,1444729,240748743,243382439.0,II,Initial,,6363,Larceny Theft,Larceny Theft - Shoplifting,"Theft, Shoplifting, $200-$950",Cite or Arrest Adult,OFARRELL ST \ POWELL ST,24904000.0,Central,Tenderloin,3.0,3.0,37.78641128540039,-122.40803527832033,POINT (-122.40803527832031 37.78641128540039),19.0,,,,,,3.0,6.0
2024/12/02 03:30:00 PM,2024/12/02,03:30 PM,2024,Monday,2024/12/03 07:46:00 AM,144453007100,1444530,240747159,243380426.0,II,Initial,,7100,Vandalism,Vandalism,"Vehicle, Tampering",Open or Active,ELLIOT ST \ RAYMOND AVE,20385000.0,Ingleside,Visitacion Valley,10.0,10.0,37.7143669128418,-122.41131591796876,POINT (-122.41131591796875 37.7143669128418),75.0,,,,,,9.0,9.0
2024/12/02 03:30:00 PM,2024/12/02,03:30 PM,2024,Monday,2024/12/03 07:46:00 AM,144453006243,1444530,240747159,243380426.0,II,Initial,,6243,Larceny Theft,Larceny - From Vehicle,"Theft, From Locked Vehicle, $200-$950",Open or Active,ELLIOT ST \ RAYMOND AVE,20385000.0,Ingleside,Visitacion Valley,10.0,10.0,37.7143669128418,-122.41131591796876,POINT (-122.41131591796875 37.7143669128418),75.0,,,,,,9.0,9.0
2024/12/03 04:35:00 PM,2024/12/03,04:35 PM,2024,Tuesday,2024/12/03 04:45:00 PM,144469604014,1444696,240748561,243382184.0,II,Initial,,4014,Assault,Aggravated Assault,"Assault, Aggravated, W/ Force",Open or Active,MISSION ST \ SILVER AVE,21765000.0,Ingleside,Excelsior,11.0,11.0,37.72872924804688,-122.4312973022461,POINT (-122.4312973022461 37.728729248046875),94.0,,,,,,1.0,9.0
2024/12/02 07:30:00 AM,2024/12/02,07:30 AM,2024,Monday,2024/12/02 09:44:00 AM,144490206224,1444902,246155134,,II,Coplogic Initial,True,6224,Larceny Theft,Larceny - From Vehicle,"Theft, From Unlocked Vehicle, >$950",Open or Active,19TH AVE \ JUDAH ST,27366000.0,Taraval,Sunset/Parkside,4.0,4.0,37.76169967651367,-122.47701263427734,POINT (-122.47701263427734 37.76169967651367),39.0,,,,,,7.0,10.0
2024/12/05 04:31:00 PM,2024/12/05,04:31 PM,2024,Thursday,2024/12/05 04:31:00 PM,144527404134,1445274,240753162,243402465.0,II,Initial,,4134,Assault,Simple Assault,Battery,Cite or Arrest Adult,20TH AVE \ GEARY BLVD,27505000.0,Richmond,Outer Richmond,1.0,1.0,37.78033447265625,-122.47938537597656,POINT (-122.47938537597656 37.78033447265625),8.0,,,,,,4.0,8.0
2024/11/24 06:00:00 AM,2024/11/24,06:00 AM,2024,Sunday,2024/12/05 03:43:00 PM,144523271013,1445232,240752982,243402298.0,VI,Vehicle Initial,,71013,Larceny Theft,Theft From Vehicle,"License Plate, Stolen",Open or Active,EDDY ST \ GOUGH ST,26490000.0,Northern,Western Addition,2.0,5.0,37.78247833251953,-122.42411041259766,POINT (-122.42411041259766 37.78247833251953),100.0,,,1.0,,,11.0,4.0
2024/12/05 05:57:00 PM,2024/12/05,05:57 PM,2024,Thursday,2024/12/05 05:57:00 PM,144532106362,1445321,240753548,243402779.0,II,Initial,,6362,Larceny Theft,Larceny Theft - Shoplifting,"Theft, Shoplifting, $50-$200",Cite or Arrest Adult,OFARRELL ST \ POWELL ST,24904000.0,Central,Tenderloin,3.0,3.0,37.78641128540039,-122.40803527832033,POINT (-122.40803527832031 37.78641128540039),19.0,,,,,,3.0,6.0
2024/11/29 04:00:00 PM,2024/11/29,04:00 PM,2024,Friday,2024/12/05 12:41:00 PM,144537406374,1445374,246156392,,II,Coplogic Initial,True,6374,Larceny Theft,Larceny Theft - Other,"Theft, Other Property, >$950",Open or Active,HOLLOWAY AVE \ PLYMOUTH AVE,22583000.0,Taraval,Oceanview/Merced/Ingleside,11.0,7.0,37.72184753417969,-122.45613861083984,POINT (-122.45613861083984 37.72184753417969),64.0,,,,,,8.0,10.0
2024/11/29 08:00:00 AM,2024/11/29,08:00 AM,2024,Friday,2024/12/07 05:47:00 PM,144595206372,1445952,246157293,,II,Coplogic Initial,True,6372,Larceny Theft,Larceny Theft - Other,"Theft, Other Property, $50-$200",Open or Active,34TH AVE \ CLEMENT ST \ LEGION OF HONOR DR,27859000.0,Richmond,Lincoln Park,1.0,1.0,37.78157806396485,-122.49452209472656,POINT (-122.49452209472656 37.781578063964844),8.0,,,,,,4.0,8.0
2024/12/10 05:45:00 PM,2024/12/10,05:45 PM,2024,Tuesday,2024/12/10 07:30:00 PM,144650806362,1446508,240763337,243452768.0,II,Initial,,6362,Larceny Theft,Larceny Theft - Shoplifting,"Theft, Shoplifting, $50-$200",Cite or Arrest Adult,OFARRELL ST \ POWELL ST,24904000.0,Central,Tenderloin,3.0,3.0,37.78641128540039,-122.40803527832033,POINT (-122.40803527832031 37.78641128540039),19.0,,,,,,3.0,6.0
2024/12/11 04:20:00 PM,2024/12/11,04:20 PM,2024,Wednesday,2024/12/11 04:31:00 PM,144676619057,1446766,240765349,243462355.0,II,Initial,,19057,Disorderly Conduct,Intimidation,Terrorist Threats,Open or Active,GEARY ST \ LARKIN ST,25170000.0,Northern,Tenderloin,3.0,6.0,37.78610229492188,-122.4180908203125,POINT (-122.4180908203125 37.786102294921875),20.0,,,,,,10.0,6.0
2024/12/09 04:34:00 PM,2024/12/09,04:34 PM,2024,Monday,2024/12/10 10:02:00 AM,144671906363,1446719,246158724,,II,Coplogic Initial,True,6363,Larceny Theft,Larceny Theft - Shoplifting,"Theft, Shoplifting, $200-$950",Open or Active,DIVISADERO ST \ LOMBARD ST,26974000.0,Northern,Marina,2.0,2.0,37.79899978637695,-122.4426498413086,POINT (-122.4426498413086 37.79899978637695),14.0,,,,,,6.0,4.0
2024/12/09 03:00:00 PM,2024/12/09,03:00 PM,2024,Monday,2024/12/11 06:52:00 AM,144661219057,1446612,240763967,243460481.0,II,Initial,,19057,Disorderly Conduct,Intimidation,Terrorist Threats,Open or Active,CASTRO ST \ DUBOCE AVE,26005000.0,Park,Haight Ashbury,8.0,8.0,37.76905822753906,-122.435791015625,POINT (-122.435791015625 37.76905822753906),28.0,,,,5.0,,5.0,7.0
2024/12/12 03:30:00 PM,2024/12/12,03:30 PM,2024,Thursday,2024/12/12 05:03:00 PM,144700604134,1447006,240767527,243472460.0,II,Initial,,4134,Assault,Simple Assault,Battery,Open or Active,RAYMOND AVE \ RUTLAND ST,20357000.0,Ingleside,Visitacion Valley,10.0,10.0,37.713226318359375,-122.40705871582033,POINT (-122.40705871582031 37.713226318359375),75.0,,,,,,9.0,9.0
2024/11/01 03:00:00 PM,2024/11/01,03:00 PM,2024,Friday,2024/12/11 06:02:00 PM,144688006372,1446880,246151803,,IS,Coplogic Supplement,True,6372,Larceny Theft,Larceny Theft - Other,"Theft, Other Property, $50-$200",Open or Active,19TH ST \ CASTRO ST,25811000.0,Mission,Castro/Upper Market,8.0,8.0,37.7592887878418,-122.43485260009766,POINT (-122.43485260009766 37.7592887878418),115.0,,,,5.0,,5.0,3.0
2024/12/12 05:15:00 PM,2024/12/12,05:15 PM,2024,Thursday,2024/12/12 06:30:00 PM,144704904134,1447049,240767765,243472588.0,II,Initial,,4134,Assault,Simple Assault,Battery,Cite or Arrest Adult,OFARRELL ST \ POWELL ST,24904000.0,Central,Tenderloin,3.0,3.0,37.78641128540039,-122.40803527832033,POINT (-122.40803527832031 37.78641128540039),19.0,,,,,,3.0,6.0
2024/12/13 04:03:00 PM,2024/12/13,04:03 PM,2024,Friday,2024/12/13 04:27:00 PM,144725104013,1447251,240769460,243482242.0,II,Initial,,4013,Assault,Aggravated Assault,"Assault, Aggravated, W/ Other Weapon",Open or Active,OFARRELL ST \ POWELL ST,24904000.0,Southern,Tenderloin,3.0,3.0,37.78641128540039,-122.40803527832033,POINT (-122.40803527832031 37.78641128540039),19.0,,,,,,3.0,6.0
2024/12/06 05:00:00 PM,2024/12/06,05:00 PM,2024,Friday,2024/12/15 02:16:00 PM,144760406314,1447604,240772667,243501688.0,II,Initial,,6314,Larceny Theft,Larceny Theft - Bicycle,"Theft, Bicycle, >$950",Open or Active,08TH ST \ BRANNAN ST,23872000.0,Southern,South of Market,6.0,6.0,37.771297454833984,-122.40542602539062,POINT (-122.40542602539062 37.771297454833984),33.0,,,,,,10.0,1.0
2024/12/13 07:45:00 AM,2024/12/13,07:45 AM,2024,Friday,2024/12/16 05:30:00 PM,144790571013,1447905,240775097,243512550.0,VI,Vehicle Initial,,71013,Larceny Theft,Theft From Vehicle,"License Plate, Stolen",Open or Active,EDDY ST \ LARKIN ST,25148000.0,Tenderloin,Tenderloin,5.0,6.0,37.78330993652344,-122.4175262451172,POINT (-122.41752624511719 37.78330993652344),20.0,,1.0,1.0,,,10.0,5.0
2024/12/13 05:30:00 PM,2024/12/13,05:30 PM,2024,Friday,2024/12/14 12:11:00 AM,144785806224,1447858,246160490,,II,Coplogic Initial,True,6224,Larceny Theft,Larceny - From Vehicle,"Theft, From Unlocked Vehicle, >$950",Open or Active,GEARY BLVD \ GEARY ST \ VAN NESS AVE,25197000.0,Northern,Western Addition,3.0,5.0,37.78568649291992,-122.42139434814452,POINT (-122.42139434814453 37.78568649291992),100.0,,,,,,11.0,4.0
2024/12/17 04:15:00 PM,2024/12/17,04:15 PM,2024,Tuesday,2024/12/17 06:35:00 PM,144821306113,1448213,240777504,243522782.0,II,Initial,,6113,Larceny Theft,Larceny Theft - Pickpocket,"Theft, Pickpocket, $200-$950",Open or Active,UNION ST \ VAN NESS AVE,26686000.0,Northern,Russian Hill,3.0,2.0,37.79855346679688,-122.42398071289062,POINT (-122.42398071289062 37.798553466796875),107.0,,,,,,6.0,4.0
2024/12/17 08:00:00 AM,2024/12/17,08:00 AM,2024,Tuesday,2024/12/17 08:09:00 AM,144806719057,1448067,240776095,243520634.0,II,Initial,,19057,Disorderly Conduct,Intimidation,Terrorist Threats,Open or Active,05TH ST \ MISSION ST,24634000.0,Southern,South of Market,6.0,6.0,37.78273010253906,-122.40647888183594,POINT (-122.40647888183594 37.78273010253906),32.0,,1.0,1.0,,,10.0,1.0
2024/12/18 04:13:00 PM,2024/12/18,04:13 PM,2024,Wednesday,2024/12/18 04:19:00 PM,144839704014,1448397,240779334,243532435.0,II,Initial,,4014,Assault,Aggravated Assault,"Assault, Aggravated, W/ Force",Open or Active,JONES ST \ TURK ST,24923000.0,Tenderloin,Tenderloin,5.0,6.0,37.78300476074219,-122.41241455078124,POINT (-122.41241455078125 37.78300476074219),20.0,,1.0,1.0,1.0,,10.0,5.0
2024/12/18 06:00:00 PM,2024/12/18,06:00 PM,2024,Wednesday,2024/12/18 06:17:00 PM,144843004014,1448430,240779607,243532809.0,II,Initial,,4014,Assault,Aggravated Assault,"Assault, Aggravated, W/ Force",Cite or Arrest Adult,ARGUELLO BLVD \ GEARY BLVD,27230000.0,Richmond,Lone Mountain/USF,2.0,1.0,37.78125762939453,-122.4588623046875,POINT (-122.4588623046875 37.78125762939453),,,,,,,4.0,8.0
2024/12/18 05:00:00 PM,2024/12/18,05:00 PM,2024,Wednesday,2024/12/19 11:13:00 AM,144857004033,1448570,240780591,243541233.0,II,Initial,,4033,Assault,Aggravated Assault,"Assault, W/ Caustic Chemical to Injure or Disfigure",Open or Active,LEE AVE \ OCEAN AVE,22223000.0,Taraval,West of Twin Peaks,11.0,7.0,37.72345733642578,-122.45411682128906,POINT (-122.45411682128906 37.72345733642578),71.0,,,,,,8.0,10.0
2024/12/20 06:00:00 PM,2024/12/20,06:00 PM,2024,Friday,2024/12/20 06:54:00 PM,144889519057,1448895,240783200,243552697.0,II,Initial,,19057,Disorderly Conduct,Intimidation,Terrorist Threats,Open or Active,FREMONT ST \ FRONT ST \ MARKET ST,30730000.0,Central,Financial District/South Beach,6.0,6.0,37.79171752929688,-122.39826202392578,POINT (-122.39826202392578 37.791717529296875),108.0,,,,,,10.0,6.0
2024/12/19 05:25:00 PM,2024/12/19,05:25 PM,2024,Thursday,2024/12/19 06:38:00 PM,144871606363,1448716,240781527,243542533.0,II,Initial,,6363,Larceny Theft,Larceny Theft - Shoplifting,"Theft, Shoplifting, $200-$950",Cite or Arrest Adult,OFARRELL ST \ POWELL ST,24904000.0,Central,Tenderloin,3.0,3.0,37.78641128540039,-122.40803527832033,POINT (-122.40803527832031 37.78641128540039),19.0,,,,,,3.0,6.0
2024/12/23 03:42:00 PM,2024/12/23,03:42 PM,2024,Monday,2024/12/23 03:42:00 PM,144943104092,1449431,240787365,243581970.0,II,Initial,,4092,Assault,Aggravated Assault,"Assault, Aggravated, W/ Gun",Open or Active,LEAVENWORTH ST \ TURK ST,24934000.0,Tenderloin,Tenderloin,5.0,6.0,37.78279495239258,-122.41405487060548,POINT (-122.41405487060547 37.78279495239258),20.0,,1.0,1.0,1.0,,10.0,5.0
2024/12/23 05:40:00 PM,2024/12/23,05:40 PM,2024,Monday,2024/12/23 05:46:00 PM,144945504134,1449455,240787672,243582350.0,II,Initial,,4134,Assault,Simple Assault,Battery,Open or Active,LARKIN ST \ OFARRELL ST,25152000.0,Tenderloin,Tenderloin,5.0,6.0,37.7851676940918,-122.41790008544922,POINT (-122.41790008544922 37.7851676940918),20.0,,1.0,,,,10.0,5.0
2024/12/23 04:00:00 PM,2024/12/23,04:00 PM,2024,Monday,2024/12/23 09:03:00 PM,144948106303,1449481,240787995,243582825.0,II,Initial,,6303,Larceny Theft,Larceny Theft - From Building,"Theft, From Building, $200-$950",Open or Active,EDDY ST \ FILLMORE ST,26044000.0,Northern,Western Addition,5.0,5.0,37.78142929077149,-122.4323272705078,POINT (-122.43232727050781 37.781429290771484),97.0,,,,,,11.0,4.0
2024/12/23 05:04:00 PM,2024/12/23,05:04 PM,2024,Monday,2024/12/23 06:45:00 PM,144949006363,1449490,240787791,243582336.0,II,Initial,,6363,Larceny Theft,Larceny Theft - Shoplifting,"Theft, Shoplifting, $200-$950",Cite or Arrest Adult,GEARY ST \ STOCKTON ST,24901000.0,Central,Financial District/South Beach,3.0,3.0,37.78756713867188,-122.4065933227539,POINT (-122.4065933227539 37.787567138671875),19.0,,,,,,3.0,6.0
2024/12/27 06:30:00 AM,2024/12/27,06:30 AM,2024,Friday,2024/12/27 11:31:00 AM,145005071013,1450050,240793124,243621217.0,VI,Vehicle Initial,,71013,Larceny Theft,Theft From Vehicle,"License Plate, Stolen",Open or Active,LEAVENWORTH ST \ TURK ST,24934000.0,Tenderloin,Tenderloin,5.0,6.0,37.78279495239258,-122.41405487060548,POINT (-122.41405487060547 37.78279495239258),20.0,,1.0,1.0,1.0,,10.0,5.0
2024/12/27 05:14:00 PM,2024/12/27,05:14 PM,2024,Friday,2024/12/27 05:14:00 PM,145022206363,1450222,240794031,243622170.0,II,Initial,,6363,Larceny Theft,Larceny Theft - Shoplifting,"Theft, Shoplifting, $200-$950",Cite or Arrest Adult,OFARRELL ST \ POWELL ST,24904000.0,Central,Tenderloin,3.0,3.0,37.78641128540039,-122.40803527832033,POINT (-122.40803527832031 37.78641128540039),19.0,,,,,,3.0,6.0
2024/12/26 05:07:00 PM,2024/12/26,05:07 PM,2024,Thursday,2024/12/28 08:37:00 AM,145050506364,1450505,240794928,243630664.0,II,Initial,,6364,Larceny Theft,Larceny Theft - Shoplifting,"Theft, Shoplifting, >$950",Open or Active,GEARY ST \ STOCKTON ST,24901000.0,Central,Financial District/South Beach,3.0,3.0,37.78756713867188,-122.4065933227539,POINT (-122.4065933227539 37.787567138671875),19.0,,,,,,3.0,6.0
2024/07/26 08:00:00 AM,2024/07/26,08:00 AM,2024,Friday,2024/12/30 12:34:00 PM,145076206125,1450762,240732780,243301200.0,IS,Initial Supplement,,6125,Larceny Theft,Larceny Theft - Other,Theft of Checks or Credit Cards,Exceptional Adult,GEARY BLVD \ SPRUCE ST,26928000.0,Richmond,Presidio Heights,2.0,2.0,37.78171920776367,-122.4531707763672,POINT (-122.45317077636719 37.78171920776367),12.0,,,,,,6.0,8.0
2024/12/17 04:55:00 PM,2024/12/17,04:55 PM,2024,Tuesday,2024/12/18 02:14:00 PM,145605706372,1456057,240777344,,IS,Coplogic Supplement,True,6372,Larceny Theft,Larceny Theft - Other,"Theft, Other Property, $50-$200",Open or Active,03RD ST \ KEARNY ST \ MARKET ST,30738000.0,Central,Financial District/South Beach,6.0,3.0,37.78764343261719,-122.40342712402344,POINT (-122.40342712402344 37.78764343261719),32.0,,,,,,3.0,6.0
2024/05/28 03:51:00 PM,2024/05/28,03:51 PM,2024,Tuesday,2024/05/28 03:51:00 PM,139413804134,1394138,240334712,241491999.0,II,Initial,,4134,Assault,Simple Assault,Battery,Open or Active,CARD ALY \ STOCKTON ST,25351000.0,Central,Chinatown,3.0,3.0,37.79903411865234,-122.4089126586914,POINT (-122.4089126586914 37.799034118652344),106.0,,,,,,3.0,6.0
2024/01/08 03:30:00 PM,2024/01/08,03:30 PM,2024,Monday,2024/01/08 04:12:00 PM,135451006154,1354510,240017178,240082234.0,II,Initial,,6154,Larceny Theft,Larceny Theft - Other,"Theft, From Person, >$950 (other than Pickpocket)",Open or Active,OFARRELL ST \ POWELL ST,24904000.0,Central,Tenderloin,3.0,3.0,37.78641128540039,-122.40803527832033,POINT (-122.40803527832031 37.78641128540039),19.0,,,,,,3.0,6.0
2024/02/20 08:00:00 AM,2024/02/20,08:00 AM,2024,Tuesday,2024/03/07 10:49:00 AM,137869027090,1378690,246043084,,II,Coplogic Initial,True,27090,Larceny Theft,Larceny Theft - Other,"Theft, Lost Property, Petty",Open or Active,OFARRELL ST \ POWELL ST,24904000.0,Central,Tenderloin,3.0,3.0,37.78641128540039,-122.40803527832033,POINT (-122.40803527832031 37.78641128540039),19.0,,,,,,3.0,6.0
2024/02/28 03:00:00 PM,2024/02/28,03:00 PM,2024,Wednesday,2024/02/29 01:15:00 PM,136897106113,1368971,240134302,240601722.0,II,Initial,,6113,Larceny Theft,Larceny Theft - Pickpocket,"Theft, Pickpocket, $200-$950",Open or Active,GEARY BLVD \ GEARY ST \ VAN NESS AVE,25197000.0,Northern,Western Addition,3.0,5.0,37.78568649291992,-122.42139434814452,POINT (-122.42139434814453 37.78568649291992),100.0,,,,,,11.0,4.0
2024/03/29 04:30:00 PM,2024/03/29,04:30 PM,2024,Friday,2024/03/29 04:37:00 PM,137778406363,1377784,240200486,240892316.0,II,Initial,,6363,Larceny Theft,Larceny Theft - Shoplifting,"Theft, Shoplifting, $200-$950",Cite or Arrest Adult,OFARRELL ST \ POWELL ST,24904000.0,Central,Tenderloin,3.0,3.0,37.78641128540039,-122.40803527832033,POINT (-122.40803527832031 37.78641128540039),19.0,,,,,,3.0,6.0
2024/03/18 08:00:00 AM,2024/03/18,08:00 AM,2024,Monday,2024/03/20 08:26:00 AM,137489706241,1374897,240177722,240800683.0,II,Initial,,6241,Larceny Theft,Larceny - From Vehicle,"Theft, From Locked Vehicle, <$50",Open or Active,GOUGH ST \ LOMBARD ST,26715000.0,Northern,Marina,2.0,2.0,37.80088806152344,-122.42782592773438,POINT (-122.42782592773438 37.80088806152344),17.0,,,,,,6.0,4.0
2024/04/03 03:40:00 PM,2024/04/03,03:40 PM,2024,Wednesday,2024/04/03 08:00:00 PM,137933106364,1379331,240211085,240942450.0,II,Initial,,6364,Larceny Theft,Larceny Theft - Shoplifting,"Theft, Shoplifting, >$950",Cite or Arrest Adult,GEARY ST \ STOCKTON ST,24901000.0,Central,Financial District/South Beach,3.0,3.0,37.78756713867188,-122.4065933227539,POINT (-122.4065933227539 37.787567138671875),19.0,,,,,,3.0,6.0
2024/02/15 04:44:00 PM,2024/02/15,04:44 PM,2024,Thursday,2024/02/15 04:47:00 PM,136499206154,1364992,240102274,240462327.0,II,Initial,,6154,Larceny Theft,Larceny Theft - Other,"Theft, From Person, >$950 (other than Pickpocket)",Open or Active,DIVISADERO ST \ GEARY BLVD,26621000.0,Northern,Japantown,5.0,5.0,37.78330993652344,-122.43948364257812,POINT (-122.43948364257812 37.78330993652344),103.0,,,,,,11.0,4.0
2024/04/17 03:50:00 PM,2024/04/17,03:50 PM,2024,Wednesday,2024/04/17 03:56:00 PM,138312705014,1383127,240241236,241082178.0,II,Initial,,5014,Larceny Theft,Theft From Vehicle,"Burglary, Vehicle (Arrest made)",Cite or Arrest Adult,03RD AVE \ GEARY BLVD,27245000.0,Richmond,Inner Richmond,1.0,1.0,37.781158447265625,-122.4610595703125,POINT (-122.4610595703125 37.781158447265625),5.0,,,,,,4.0,8.0
2024/03/14 04:00:00 PM,2024/03/14,04:00 PM,2024,Thursday,2024/03/14 04:13:00 PM,137329019081,1373290,240165642,240742341.0,II,Initial,,19081,Disorderly Conduct,Disorderly Conduct,"School Property, Disturbance on",Open or Active,18TH ST \ DE HARO ST,23743000.0,Bayview,Potrero Hill,10.0,10.0,37.76229095458984,-122.4013214111328,POINT (-122.40132141113281 37.762290954589844),54.0,,,,,,9.0,2.0
2024/02/27 05:00:00 PM,2024/02/27,05:00 PM,2024,Tuesday,2024/02/27 05:31:00 PM,136849504134,1368495,240129717,240582619.0,II,Initial,,4134,Assault,Simple Assault,Battery,Open or Active,08TH ST \ HOWARD ST,24299000.0,Southern,South of Market,6.0,6.0,37.77622222900391,-122.41160583496094,POINT (-122.41160583496094 37.776222229003906),32.0,,1.0,1.0,1.0,,10.0,1.0
2024/01/12 07:30:00 AM,2024/01/12,07:30 AM,2024,Friday,2024/01/12 07:36:00 AM,135549319022,1355493,240025212,240120555.0,II,Initial,,19022,Disorderly Conduct,Disorderly Conduct,Disturbing The Peace,Open or Active,GEARY ST \ LEAVENWORTH ST,25154000.0,Tenderloin,Tenderloin,5.0,6.0,37.78651809692383,-122.41481018066406,POINT (-122.41481018066406 37.78651809692383),20.0,,1.0,,,,10.0,6.0
2024/03/25 03:30:00 PM,2024/03/25,03:30 PM,2024,Monday,2024/03/25 03:44:00 PM,137658312100,1376583,240190398,240852021.0,II,Initial,,12100,Weapons Carrying Etc,Weapons Offense,"Firearm, Possession of Loaded",Cite or Arrest Adult,EVANS AVE \ QUINT ST,20697000.0,Bayview,Bayview Hunters Point,10.0,10.0,37.74404525756836,-122.39032745361328,POINT (-122.39032745361328 37.74404525756836),86.0,,,,,,9.0,2.0
2024/03/18 07:44:00 AM,2024/03/18,07:44 AM,2024,Monday,2024/03/18 09:52:00 AM,137431219055,1374312,240173087,240780814.0,II,Initial,,19055,Disorderly Conduct,Intimidation,"Phone Calls, Threatening",Open or Active,LEAVENWORTH ST \ TURK ST,24934000.0,Tenderloin,Tenderloin,5.0,6.0,37.78279495239258,-122.41405487060548,POINT (-122.41405487060547 37.78279495239258),20.0,,1.0,1.0,1.0,,10.0,5.0
2024/01/25 04:59:00 PM,2024/01/25,04:59 PM,2024,Thursday,2024/01/25 05:38:00 PM,135916606374,1359166,240055491,240252632.0,II,Initial,,6374,Larceny Theft,Larceny Theft - Other,"Theft, Other Property, >$950",Cite or Arrest Adult,NORTH POINT ST \ POLK ST,26704000.0,Central,Russian Hill,2.0,2.0,37.8052864074707,-122.42365264892578,POINT (-122.42365264892578 37.8052864074707),98.0,,,,,,6.0,6.0
2024/03/19 04:20:00 PM,2024/03/19,04:20 PM,2024,Tuesday,2024/03/20 11:01:00 AM,137492506304,1374925,240178015,240801164.0,II,Initial,,6304,Larceny Theft,Larceny Theft - From Building,"Theft, From Building, >$950",Open or Active,EDDY ST \ FILLMORE ST,26044000.0,Northern,Western Addition,5.0,5.0,37.78142929077149,-122.4323272705078,POINT (-122.43232727050781 37.781429290771484),97.0,,,,,,11.0,4.0
2024/03/26 03:10:00 PM,2024/03/26,03:10 PM,2024,Tuesday,2024/03/26 03:29:00 PM,137708006363,1377080,246040375,,II,Coplogic Initial,True,6363,Larceny Theft,Larceny Theft - Shoplifting,"Theft, Shoplifting, $200-$950",Open or Active,SUTTER ST \ VAN NESS AVE,25219000.0,Northern,Nob Hill,3.0,2.0,37.78754806518555,-122.42176055908205,POINT (-122.42176055908203 37.78754806518555),100.0,,,,,,6.0,4.0
2024/01/23 06:50:00 AM,2024/01/23,06:50 AM,2024,Tuesday,2024/01/23 07:09:00 AM,136445206224,1364452,246017578,,II,Coplogic Initial,True,6224,Larceny Theft,Larceny - From Vehicle,"Theft, From Unlocked Vehicle, >$950",Open or Active,HYDE ST \ NORTH POINT ST,25574000.0,Central,Russian Hill,2.0,2.0,37.80572128295898,-122.42037200927734,POINT (-122.42037200927734 37.805721282958984),98.0,,,,,,6.0,6.0
2024/03/04 06:00:00 AM,2024/03/04,06:00 AM,2024,Monday,2024/03/07 07:32:00 AM,137093606244,1370936,246028600,,II,Coplogic Initial,True,6244,Larceny Theft,Larceny - From Vehicle,"Theft, From Locked Vehicle, >$950",Open or Active,UNION ST \ VAN NESS AVE,26686000.0,Northern,Russian Hill,3.0,2.0,37.79855346679688,-122.42398071289062,POINT (-122.42398071289062 37.798553466796875),107.0,,,,,,6.0,4.0
2024/02/28 08:00:00 AM,2024/02/28,08:00 AM,2024,Wednesday,2024/04/10 10:41:00 AM,138100506125,1381005,240224793,241011110.0,II,Initial,,6125,Larceny Theft,Larceny Theft - Other,Theft of Checks or Credit Cards,Open or Active,19TH AVE \ NORIEGA ST,27335000.0,Taraval,Inner Sunset,7.0,4.0,37.754241943359375,-122.47642517089844,POINT (-122.47642517089844 37.754241943359375),39.0,,,,,,7.0,10.0
2024/02/12 05:10:00 PM,2024/02/12,05:10 PM,2024,Monday,2024/04/02 04:16:00 PM,137891806364,1378918,240208468,240932150.0,II,Initial,,6364,Larceny Theft,Larceny Theft - Shoplifting,"Theft, Shoplifting, >$950",Open or Active,25TH AVE \ GEARY BLVD,27553000.0,Richmond,Outer Richmond,1.0,1.0,37.78009414672852,-122.48473358154295,POINT (-122.48473358154297 37.780094146728516),8.0,,,,,,4.0,8.0
2024/01/05 03:00:00 PM,2024/01/05,03:00 PM,2024,Friday,2024/01/06 05:58:00 PM,135380306244,1353803,240013370,240062238.0,II,Initial,,6244,Larceny Theft,Larceny - From Vehicle,"Theft, From Locked Vehicle, >$950",Open or Active,GEARY BLVD \ GEARY ST \ VAN NESS AVE,25197000.0,Northern,Western Addition,3.0,5.0,37.78568649291992,-122.42139434814452,POINT (-122.42139434814453 37.78568649291992),100.0,,,,,,11.0,4.0
2024/03/19 06:00:00 AM,2024/03/19,06:00 AM,2024,Tuesday,2024/03/19 06:00:00 AM,137453904012,1374539,240172506,240773115.0,IS,Initial Supplement,,4012,Assault,Aggravated Assault,"Assault, Aggravated, W/ Knife",Open or Active,EDDY ST \ JONES ST,24929000.0,Tenderloin,Tenderloin,5.0,6.0,37.78393173217773,-122.41259765625,POINT (-122.41259765625 37.783931732177734),20.0,,1.0,1.0,,,10.0,5.0
2024/02/01 04:20:00 PM,2024/02/01,04:20 PM,2024,Thursday,2024/02/01 07:53:00 PM,136118506304,1361185,240072075,240322566.0,II,Initial,,6304,Larceny Theft,Larceny Theft - From Building,"Theft, From Building, >$950",Open or Active,GEARY ST \ JONES ST,24960000.0,Central,Tenderloin,5.0,6.0,37.78672790527344,-122.41316223144533,POINT (-122.41316223144531 37.78672790527344),20.0,,1.0,,,,10.0,6.0
2024/02/07 06:00:00 PM,2024/02/07,06:00 PM,2024,Wednesday,2024/02/08 08:16:00 AM,136284606242,1362846,240084672,240390654.0,II,Initial,,6242,Larceny Theft,Larceny - From Vehicle,"Theft, From Locked Vehicle, $50-$200",Open or Active,NEWHALL ST \ OAKDALE AVE,20667000.0,Bayview,Bayview Hunters Point,10.0,10.0,37.73566055297852,-122.3922119140625,POINT (-122.3922119140625 37.735660552978516),86.0,,,,,,9.0,2.0
2024/01/26 04:00:00 PM,2024/01/26,04:00 PM,2024,Friday,2024/02/07 09:57:00 AM,136359406224,1363594,246016194,,II,Coplogic Initial,True,6224,Larceny Theft,Larceny - From Vehicle,"Theft, From Unlocked Vehicle, >$950",Open or Active,FILLMORE ST \ LOMBARD ST,26751000.0,Northern,Marina,2.0,2.0,37.799842834472656,-122.43604278564452,POINT (-122.43604278564453 37.799842834472656),17.0,,,,,,6.0,4.0
2024/01/22 03:00:00 PM,2024/01/22,03:00 PM,2024,Monday,2024/01/26 04:42:00 PM,136451706374,1364517,246017948,,II,Coplogic Initial,True,6374,Larceny Theft,Larceny Theft - Other,"Theft, Other Property, >$950",Open or Active,03RD ST \ KEARNY ST \ MARKET ST,30738000.0,Central,Financial District/South Beach,6.0,3.0,37.78764343261719,-122.40342712402344,POINT (-122.40342712402344 37.78764343261719),32.0,,,,,,3.0,6.0
2024/01/25 05:00:00 PM,2024/01/25,05:00 PM,2024,Thursday,2024/01/30 03:50:00 PM,136443906372,1364439,246018247,,II,Coplogic Initial,True,6372,Larceny Theft,Larceny Theft - Other,"Theft, Other Property, $50-$200",Open or Active,NORTH POINT ST \ POLK ST,26704000.0,Central,Russian Hill,2.0,2.0,37.8052864074707,-122.42365264892578,POINT (-122.42365264892578 37.8052864074707),98.0,,,,,,6.0,6.0
2024/02/02 07:50:00 AM,2024/02/02,07:50 AM,2024,Friday,2024/02/03 12:28:00 AM,136149404134,1361494,240074849,240340050.0,II,Initial,,4134,Assault,Simple Assault,Battery,Open or Active,LEAVENWORTH ST \ TURK ST,24934000.0,Tenderloin,Tenderloin,5.0,6.0,37.78279495239258,-122.41405487060548,POINT (-122.41405487060547 37.78279495239258),20.0,,1.0,1.0,1.0,,10.0,5.0
2024/02/16 04:30:00 PM,2024/02/16,04:30 PM,2024,Friday,2024/02/16 07:00:00 PM,136527304013,1365273,240104963,240472749.0,II,Initial,,4013,Assault,Aggravated Assault,"Assault, Aggravated, W/ Other Weapon",Open or Active,ARGUELLO BLVD \ GEARY BLVD,27230000.0,Richmond,Lone Mountain/USF,2.0,1.0,37.78125762939453,-122.4588623046875,POINT (-122.4588623046875 37.78125762939453),,,,,,,4.0,8.0
2024/01/29 06:00:00 PM,2024/01/29,06:00 PM,2024,Monday,2024/01/29 06:27:00 PM,136035204013,1360352,240065042,240292775.0,II,Initial,,4013,Assault,Aggravated Assault,"Assault, Aggravated, W/ Other Weapon",Cite or Arrest Adult,GEARY ST \ LARKIN ST,25170000.0,Northern,Tenderloin,3.0,6.0,37.78610229492188,-122.4180908203125,POINT (-122.4180908203125 37.786102294921875),20.0,,,,,,10.0,6.0
2024/02/15 03:00:00 PM,2024/02/15,03:00 PM,2024,Thursday,2024/02/15 11:27:00 PM,136503806242,1365038,240103056,240463471.0,II,Initial,,6242,Larceny Theft,Larceny - From Vehicle,"Theft, From Locked Vehicle, $50-$200",Open or Active,05TH ST \ MISSION ST,24634000.0,Southern,South of Market,6.0,6.0,37.78273010253906,-122.40647888183594,POINT (-122.40647888183594 37.78273010253906),32.0,,1.0,1.0,,,10.0,1.0
2024/03/14 05:00:00 PM,2024/03/14,05:00 PM,2024,Thursday,2024/03/15 08:32:00 AM,137363606241,1373636,240166872,240750685.0,II,Initial,,6241,Larceny Theft,Larceny - From Vehicle,"Theft, From Locked Vehicle, <$50",Open or Active,DIVISADERO ST \ JACKSON ST,26855000.0,Northern,Pacific Heights,2.0,2.0,37.791629791259766,-122.44115447998048,POINT (-122.44115447998047 37.791629791259766),102.0,,,,,,6.0,4.0
2024/04/02 04:00:00 PM,2024/04/02,04:00 PM,2024,Tuesday,2024/04/15 10:21:00 AM,138234171013,1382341,240235176,241060998.0,VI,Vehicle Initial,,71013,Larceny Theft,Theft From Vehicle,"License Plate, Stolen",Open or Active,GIANTS DR \ GILMAN AVE,20097000.0,Bayview,Bayview Hunters Point,10.0,10.0,37.71751022338867,-122.38684844970705,POINT (-122.38684844970703 37.71751022338867),88.0,,,,,,9.0,2.0
2024/04/24 05:25:00 PM,2024/04/24,05:25 PM,2024,Wednesday,2024/04/28 05:34:00 PM,138608804134,1386088,240267721,241192287.0,II,Initial,,4134,Assault,Simple Assault,Battery,Open or Active,JONES ST \ TURK ST,24923000.0,Tenderloin,Tenderloin,5.0,6.0,37.78300476074219,-122.41241455078124,POINT (-122.41241455078125 37.78300476074219),20.0,,1.0,1.0,1.0,,10.0,5.0
2024/03/25 06:24:00 AM,2024/03/25,06:24 AM,2024,Monday,2024/03/25 07:17:00 AM,137645806361,1376458,240189216,240850455.0,II,Initial,,6361,Larceny Theft,Larceny Theft - Shoplifting,"Theft, Shoplifting, <$50",Cite or Arrest Adult,18TH ST \ CASTRO ST,25813000.0,Mission,Castro/Upper Market,8.0,8.0,37.760887145996094,-122.43499755859376,POINT (-122.43499755859375 37.760887145996094),38.0,,,,5.0,,5.0,3.0
2024/03/07 05:32:00 PM,2024/03/07,05:32 PM,2024,Thursday,2024/03/07 06:10:00 PM,137084306363,1370843,240150308,240672947.0,II,Initial,,6363,Larceny Theft,Larceny Theft - Shoplifting,"Theft, Shoplifting, $200-$950",Cite or Arrest Adult,OFARRELL ST \ POWELL ST,24904000.0,Central,Tenderloin,3.0,3.0,37.78641128540039,-122.40803527832033,POINT (-122.40803527832031 37.78641128540039),19.0,,,,,,3.0,6.0
2024/04/05 05:48:00 PM,2024/04/05,05:48 PM,2024,Friday,2024/04/05 05:50:00 PM,137984404074,1379844,240215338,240962752.0,II,Initial,,4074,Assault,Aggravated Assault,"Assault, Aggravated, On Police Officer, W/ Force",Cite or Arrest Adult,03RD AVE \ GEARY BLVD,27245000.0,Richmond,Inner Richmond,1.0,1.0,37.781158447265625,-122.4610595703125,POINT (-122.4610595703125 37.781158447265625),5.0,,,,,,4.0,8.0
2024/01/29 04:00:00 PM,2024/01/29,04:00 PM,2024,Monday,2024/04/02 08:00:00 AM,137873506303,1378735,240068739,240311781.0,IS,Initial Supplement,,6303,Larceny Theft,Larceny Theft - From Building,"Theft, From Building, $200-$950",Open or Active,08TH ST \ HOWARD ST,24299000.0,Southern,South of Market,6.0,6.0,37.77622222900391,-122.41160583496094,POINT (-122.41160583496094 37.776222229003906),32.0,,1.0,1.0,1.0,,10.0,1.0
2024/03/29 03:57:00 PM,2024/03/29,03:57 PM,2024,Friday,2024/03/29 03:57:00 PM,137772819095,1377728,240200141,240892182.0,II,Initial,,19095,Disorderly Conduct,Drug Violation,"Drugs, Under Influence  in a Public Place",Cite or Arrest Adult,EDDY ST \ LARKIN ST,25148000.0,Tenderloin,Tenderloin,5.0,6.0,37.78330993652344,-122.4175262451172,POINT (-122.41752624511719 37.78330993652344),20.0,,1.0,1.0,,,10.0,5.0
2024/03/25 04:51:00 PM,2024/03/25,04:51 PM,2024,Monday,2024/03/25 04:51:00 PM,137658019057,1376580,240190514,240852255.0,II,Initial,,19057,Disorderly Conduct,Intimidation,Terrorist Threats,Cite or Arrest Adult,20TH AVE \ GEARY BLVD,27505000.0,Richmond,Outer Richmond,1.0,1.0,37.78033447265625,-122.47938537597656,POINT (-122.47938537597656 37.78033447265625),8.0,,,,,,4.0,8.0
2024/03/25 03:30:00 PM,2024/03/25,03:30 PM,2024,Monday,2024/03/25 03:44:00 PM,137658312168,1376583,240190398,240852021.0,II,Initial,,12168,Weapons Carrying Etc,Weapons Offense,"Firearm, Loaded, in Vehicle, Possession or Use",Cite or Arrest Adult,EVANS AVE \ QUINT ST,20697000.0,Bayview,Bayview Hunters Point,10.0,10.0,37.74404525756836,-122.39032745361328,POINT (-122.39032745361328 37.74404525756836),86.0,,,,,,9.0,2.0
2024/06/07 03:00:00 PM,2024/06/07,03:00 PM,2024,Friday,2024/06/07 06:27:00 PM,139692006113,1396920,240358029,241592458.0,II,Initial,,6113,Larceny Theft,Larceny Theft - Pickpocket,"Theft, Pickpocket, $200-$950",Open or Active,GEARY ST \ POWELL ST,24903000.0,Central,Financial District/South Beach,3.0,3.0,37.78736114501953,-122.4082260131836,POINT (-122.4082260131836 37.78736114501953),19.0,,,,,,3.0,6.0
2024/10/18 06:00:00 PM,2024/10/18,06:00 PM,2024,Friday,2024/10/22 10:05:00 AM,143415506304,1434155,240663903,242961067.0,II,Initial,,6304,Larceny Theft,Larceny Theft - From Building,"Theft, From Building, >$950",Open or Active,DIVISADERO ST \ HAIGHT ST,26026000.0,Northern,Haight Ashbury,5.0,5.0,37.77126693725586,-122.43704223632812,POINT (-122.43704223632812 37.77126693725586),,,,,,,11.0,4.0
2024/08/22 06:00:00 PM,2024/08/22,06:00 PM,2024,Thursday,2024/08/27 01:11:00 PM,141877906374,1418779,240537580,242360862.0,II,Initial,,6374,Larceny Theft,Larceny Theft - Other,"Theft, Other Property, >$950",Open or Active,EVANS AVE \ SELBY ST,33107000.0,Bayview,Bayview Hunters Point,10.0,10.0,37.74616241455078,-122.39405059814452,POINT (-122.39405059814453 37.74616241455078),85.0,,,,,,9.0,2.0
2024/08/23 03:30:00 PM,2024/08/23,03:30 PM,2024,Friday,2024/08/23 09:11:00 PM,142202206374,1422022,246117300,,II,Coplogic Initial,True,6374,Larceny Theft,Larceny Theft - Other,"Theft, Other Property, >$950",Open or Active,08TH ST \ BRANNAN ST,23872000.0,Southern,South of Market,6.0,6.0,37.771297454833984,-122.40542602539062,POINT (-122.40542602539062 37.771297454833984),33.0,,,,,,10.0,1.0
2024/10/25 03:10:00 PM,2024/10/25,03:10 PM,2024,Friday,2024/10/25 03:16:00 PM,143583506363,1435835,246139069,,II,Coplogic Initial,True,6363,Larceny Theft,Larceny Theft - Shoplifting,"Theft, Shoplifting, $200-$950",Open or Active,SUTTER ST \ VAN NESS AVE,25219000.0,Northern,Nob Hill,3.0,2.0,37.78754806518555,-122.42176055908205,POINT (-122.42176055908203 37.78754806518555),100.0,,,,,,6.0,4.0
2024/08/30 06:11:00 AM,2024/08/30,06:11 AM,2024,Friday,2024/09/04 11:52:00 AM,142201806224,1422018,246116465,,II,Coplogic Initial,True,6224,Larceny Theft,Larceny - From Vehicle,"Theft, From Unlocked Vehicle, >$950",Open or Active,PALOU AVE \ QUINT ST \ SILVER AVE,20691000.0,Bayview,Bayview Hunters Point,10.0,10.0,37.73715591430664,-122.39651489257812,POINT (-122.39651489257812 37.73715591430664),87.0,,,,,,9.0,2.0
2024/05/06 06:00:00 PM,2024/05/06,06:00 PM,2024,Monday,2024/05/06 06:03:00 PM,138824706364,1388247,240285654,241272491.0,II,Initial,,6364,Larceny Theft,Larceny Theft - Shoplifting,"Theft, Shoplifting, >$950",Open or Active,JONES ST \ TURK ST,24923000.0,Tenderloin,Tenderloin,5.0,6.0,37.78300476074219,-122.41241455078124,POINT (-122.41241455078125 37.78300476074219),20.0,,1.0,1.0,1.0,,10.0,5.0
2024/08/12 03:00:00 PM,2024/08/12,03:00 PM,2024,Monday,2024/08/12 03:03:00 PM,141447504134,1414475,240504084,242251923.0,II,Initial,,4134,Assault,Simple Assault,Battery,Open or Active,06TH AVE \ GEARY BLVD,27284000.0,Richmond,Inner Richmond,1.0,1.0,37.7810173034668,-122.46427917480467,POINT (-122.46427917480469 37.7810173034668),5.0,,,,,,4.0,8.0
2024/06/15 06:00:00 AM,2024/06/15,06:00 AM,2024,Saturday,2024/06/15 06:10:00 AM,139897204154,1398972,240373685,241663029.0,IS,Initial Supplement,,4154,Assault,Simple Assault,"Battery, Of A Police Officer",Cite or Arrest Adult,EDDY ST \ SCOTT ST,26075000.0,Northern,Western Addition,5.0,5.0,37.780799865722656,-122.43726348876952,POINT (-122.43726348876953 37.780799865722656),97.0,,,,,,11.0,4.0
2024/12/02 05:40:00 PM,2024/12/02,05:40 PM,2024,Monday,2024/12/02 06:56:00 PM,144444406362,1444444,240746634,243372485.0,II,Initial,,6362,Larceny Theft,Larceny Theft - Shoplifting,"Theft, Shoplifting, $50-$200",Cite or Arrest Adult,OFARRELL ST \ POWELL ST,24904000.0,Central,Tenderloin,3.0,3.0,37.78641128540039,-122.40803527832033,POINT (-122.40803527832031 37.78641128540039),19.0,,,,,,3.0,6.0
2024/08/28 06:45:00 AM,2024/08/28,06:45 AM,2024,Wednesday,2024/08/28 06:16:00 PM,141917971013,1419179,240540931,242412910.0,VI,Vehicle Initial,,71013,Larceny Theft,Theft From Vehicle,"License Plate, Stolen",Open or Active,BRUSSELS ST \ MANSELL ST,20585000.0,Bayview,Portola,9.0,9.0,37.72102355957031,-122.40303802490234,POINT (-122.40303802490234 37.72102355957031),91.0,,,,,,2.0,2.0
2024/07/02 05:25:00 PM,2024/07/02,05:25 PM,2024,Tuesday,2024/07/02 05:26:00 PM,140350904134,1403509,240412829,241842493.0,II,Initial,,4134,Assault,Simple Assault,Battery,Open or Active,19TH ST \ CASTRO ST,25811000.0,Mission,Castro/Upper Market,8.0,8.0,37.7592887878418,-122.43485260009766,POINT (-122.43485260009766 37.7592887878418),115.0,,,,5.0,,5.0,3.0
2024/07/18 04:25:00 PM,2024/07/18,04:25 PM,2024,Thursday,2024/07/18 06:51:00 PM,140797406363,1407974,240449474,242002230.0,II,Initial,,6363,Larceny Theft,Larceny Theft - Shoplifting,"Theft, Shoplifting, $200-$950",Cite or Arrest Adult,OFARRELL ST \ POWELL ST,24904000.0,Central,Tenderloin,3.0,3.0,37.78641128540039,-122.40803527832033,POINT (-122.40803527832031 37.78641128540039),19.0,,,,,,3.0,6.0
2024/06/25 05:45:00 PM,2024/06/25,05:45 PM,2024,Tuesday,2024/06/26 01:08:00 PM,140172619057,1401726,240398241,241781437.0,II,Initial,,19057,Disorderly Conduct,Intimidation,Terrorist Threats,Open or Active,EDDY ST \ PIERCE ST,26068000.0,Northern,Western Addition,5.0,5.0,37.781009674072266,-122.43561553955078,POINT (-122.43561553955078 37.781009674072266),97.0,,,,,,11.0,4.0
2024/10/21 03:00:00 PM,2024/10/21,03:00 PM,2024,Monday,2024/10/28 03:40:00 PM,143587071013,1435870,240677738,243022096.0,VI,Vehicle Initial,,71013,Larceny Theft,Theft From Vehicle,"License Plate, Stolen",Open or Active,29TH ST \ NOE ST,22003000.0,Ingleside,Noe Valley,8.0,8.0,37.743431091308594,-122.43109893798828,POINT (-122.43109893798828 37.743431091308594),84.0,,,,,,5.0,9.0
2024/10/15 05:00:00 PM,2024/10/15,05:00 PM,2024,Tuesday,2024/10/15 08:35:00 PM,143249206374,1432492,240650364,242893123.0,II,Initial,,6374,Larceny Theft,Larceny Theft - Other,"Theft, Other Property, >$950",Open or Active,05TH ST \ MISSION ST,24634000.0,Southern,South of Market,6.0,6.0,37.78273010253906,-122.40647888183594,POINT (-122.40647888183594 37.78273010253906),32.0,,1.0,1.0,,,10.0,1.0
2024/11/06 03:25:00 PM,2024/11/06,03:25 PM,2024,Wednesday,2024/11/06 05:46:00 PM,143826906112,1438269,240697184,243112691.0,II,Initial,,6112,Larceny Theft,Larceny Theft - Pickpocket,"Theft, Pickpocket, $50-$200",Open or Active,CLAY ST \ VAN NESS AVE,26535000.0,Northern,Nob Hill,3.0,3.0,37.79217529296875,-122.42269134521484,POINT (-122.42269134521484 37.79217529296875),105.0,,,,,,3.0,4.0
2024/09/24 05:00:00 PM,2024/09/24,05:00 PM,2024,Tuesday,2024/09/25 11:07:00 AM,142993706244,1429937,246129167,,II,Coplogic Initial,True,6244,Larceny Theft,Larceny - From Vehicle,"Theft, From Locked Vehicle, >$950",Open or Active,GARFIELD ST \ VICTORIA ST,22696000.0,Taraval,Oceanview/Merced/Ingleside,11.0,11.0,37.71968460083008,-122.4653549194336,POINT (-122.4653549194336 37.71968460083008),64.0,,,,,,1.0,10.0
2024/05/24 04:26:00 PM,2024/05/24,04:26 PM,2024,Friday,2024/06/19 10:12:00 AM,139989806364,1399898,240382272,241710957.0,II,Initial,,6364,Larceny Theft,Larceny Theft - Shoplifting,"Theft, Shoplifting, >$950",Open or Active,GEARY ST \ STOCKTON ST,24901000.0,Central,Financial District/South Beach,3.0,3.0,37.78756713867188,-122.4065933227539,POINT (-122.4065933227539 37.787567138671875),19.0,,,,,,3.0,6.0
2024/10/23 05:00:00 PM,2024/10/23,05:00 PM,2024,Wednesday,2024/10/24 12:06:00 PM,144038606244,1440386,246147852,,II,Coplogic Initial,True,6244,Larceny Theft,Larceny - From Vehicle,"Theft, From Locked Vehicle, >$950",Open or Active,LARKIN ST \ NORTH POINT ST,25589000.0,Central,Russian Hill,2.0,2.0,37.80549621582031,-122.42200469970705,POINT (-122.42200469970703 37.80549621582031),98.0,,,,,,6.0,6.0
2024/10/09 04:15:00 PM,2024/10/09,04:15 PM,2024,Wednesday,2024/11/30 02:05:00 PM,144465006372,1444650,246154879,,II,Coplogic Initial,True,6372,Larceny Theft,Larceny Theft - Other,"Theft, Other Property, $50-$200",Open or Active,08TH ST \ BRANNAN ST,23872000.0,Southern,South of Market,6.0,6.0,37.771297454833984,-122.40542602539062,POINT (-122.40542602539062 37.771297454833984),33.0,,,,,,10.0,1.0
2024/06/07 05:52:00 PM,2024/06/07,05:52 PM,2024,Friday,2024/06/07 07:37:00 PM,139699006303,1396990,240358239,241592358.0,II,Initial,,6303,Larceny Theft,Larceny Theft - From Building,"Theft, From Building, $200-$950",Cite or Arrest Adult,OFARRELL ST \ POWELL ST,24904000.0,Central,Tenderloin,3.0,3.0,37.78641128540039,-122.40803527832033,POINT (-122.40803527832031 37.78641128540039),19.0,,,,,,3.0,6.0
2024/07/25 08:00:00 AM,2024/07/25,08:00 AM,2024,Thursday,2024/09/24 11:16:00 PM,142761506372,1427615,246125579,,II,Coplogic Initial,True,6372,Larceny Theft,Larceny Theft - Other,"Theft, Other Property, $50-$200",Open or Active,DIVISADERO ST \ HAIGHT ST,26026000.0,Park,Haight Ashbury,5.0,5.0,37.77126693725586,-122.43704223632812,POINT (-122.43704223632812 37.77126693725586),,,,,,,11.0,4.0
2024/09/19 03:28:00 PM,2024/09/19,03:28 PM,2024,Thursday,2024/09/19 03:42:00 PM,142538319057,1425383,240590099,242632108.0,II,Initial,,19057,Disorderly Conduct,Intimidation,Terrorist Threats,Open or Active,GEARY ST \ LARKIN ST,25170000.0,Northern,Tenderloin,3.0,6.0,37.78610229492188,-122.4180908203125,POINT (-122.4180908203125 37.786102294921875),20.0,,,,,,10.0,6.0
2024/06/28 04:50:00 PM,2024/06/28,04:50 PM,2024,Friday,2024/07/01 09:55:00 AM,140307006301,1403070,240409008,241830935.0,II,Initial,,6301,Larceny Theft,Larceny Theft - From Building,"Theft, From Building, <$50",Open or Active,STOCKTON ST \ WASHINGTON ST,25026000.0,Central,Chinatown,3.0,3.0,37.79494094848633,-122.4080810546875,POINT (-122.4080810546875 37.79494094848633),104.0,,,,,,3.0,6.0
2024/10/31 05:30:00 PM,2024/10/31,05:30 PM,2024,Thursday,2024/10/31 07:10:00 PM,143677704134,1436777,240684783,243052798.0,II,Initial,,4134,Assault,Simple Assault,Battery,Open or Active,19TH AVE \ CROSSOVER DR \ LINCOLN WAY,27374000.0,Taraval,Sunset/Parkside,4.0,1.0,37.76544952392578,-122.47731018066406,POINT (-122.47731018066406 37.76544952392578),9.0,,,,,,4.0,10.0
2024/09/17 05:07:00 PM,2024/09/17,05:07 PM,2024,Tuesday,2024/09/17 08:34:00 PM,142488604134,1424886,240586117,242612874.0,II,Initial,,4134,Assault,Simple Assault,Battery,Open or Active,42ND AVE \ GEARY BLVD \ POINT LOBOS AVE,27917000.0,Richmond,Outer Richmond,1.0,1.0,37.77960968017578,-122.5029754638672,POINT (-122.50297546386719 37.77960968017578),6.0,,,,,,4.0,8.0
2024/10/18 05:05:00 PM,2024/10/18,05:05 PM,2024,Friday,2024/10/18 07:19:00 PM,143388306363,1433883,246135164,,II,Coplogic Initial,True,6363,Larceny Theft,Larceny Theft - Shoplifting,"Theft, Shoplifting, $200-$950",Open or Active,SUTTER ST \ VAN NESS AVE,25219000.0,Northern,Nob Hill,3.0,2.0,37.78754806518555,-122.42176055908205,POINT (-122.42176055908203 37.78754806518555),100.0,,,,,,6.0,4.0
2024/12/10 03:00:00 PM,2024/12/10,03:00 PM,2024,Tuesday,2024/12/16 06:00:00 PM,144850006372,1448500,246161498,,II,Coplogic Initial,True,6372,Larceny Theft,Larceny Theft - Other,"Theft, Other Property, $50-$200",Open or Active,46TH AVE \ LINCOLN WAY,27955000.0,Taraval,Sunset/Parkside,4.0,1.0,37.76416778564453,-122.50619506835938,POINT (-122.50619506835938 37.76416778564453),39.0,,,,,,4.0,10.0
2024/10/28 04:30:00 PM,2024/10/28,04:30 PM,2024,Monday,2024/10/28 04:58:00 PM,143590204012,1435902,240678043,243022372.0,II,Initial,,4012,Assault,Aggravated Assault,"Assault, Aggravated, W/ Knife",Open or Active,GEARY ST \ STOCKTON ST,24901000.0,Central,Financial District/South Beach,3.0,3.0,37.78756713867188,-122.4065933227539,POINT (-122.4065933227539 37.787567138671875),19.0,,,,,,3.0,6.0
2024/09/19 03:28:00 PM,2024/09/19,03:28 PM,2024,Thursday,2024/09/19 03:42:00 PM,142538304170,1425383,240590099,242632108.0,II,Initial,,4170,Assault,Simple Assault,False Imprisonment,Open or Active,GEARY ST \ LARKIN ST,25170000.0,Northern,Tenderloin,3.0,6.0,37.78610229492188,-122.4180908203125,POINT (-122.4180908203125 37.786102294921875),20.0,,,,,,10.0,6.0
2024/06/13 04:43:00 PM,2024/06/13,04:43 PM,2024,Thursday,2024/09/30 05:41:00 PM,143411106374,1434111,240608357,,IS,Coplogic Supplement,True,6374,Larceny Theft,Larceny Theft - Other,"Theft, Other Property, >$950",Open or Active,OFARRELL ST \ POWELL ST,24904000.0,Central,Tenderloin,3.0,3.0,37.78641128540039,-122.40803527832033,POINT (-122.40803527832031 37.78641128540039),19.0,,,,,,3.0,6.0
2024/11/19 04:00:00 PM,2024/11/19,04:00 PM,2024,Tuesday,2024/11/20 08:28:00 AM,144166906243,1441669,240723513,243250684.0,II,Initial,,6243,Larceny Theft,Larceny - From Vehicle,"Theft, From Locked Vehicle, $200-$950",Open or Active,08TH ST \ HOWARD ST,24299000.0,Southern,South of Market,6.0,6.0,37.77622222900391,-122.41160583496094,POINT (-122.41160583496094 37.776222229003906),32.0,,1.0,1.0,1.0,,10.0,1.0
2024/05/07 05:25:00 PM,2024/05/07,05:25 PM,2024,Tuesday,2024/05/07 05:52:00 PM,138924306372,1389243,246060862,,II,Coplogic Initial,True,6372,Larceny Theft,Larceny Theft - Other,"Theft, Other Property, $50-$200",Open or Active,HYDE ST \ NORTH POINT ST,25574000.0,Central,Russian Hill,2.0,2.0,37.80572128295898,-122.42037200927734,POINT (-122.42037200927734 37.805721282958984),98.0,,,,,,6.0,6.0
2024/07/17 08:00:00 AM,2024/07/17,08:00 AM,2024,Wednesday,2024/07/18 05:17:00 PM,140794071013,1407940,240449236,242002244.0,VI,Vehicle Initial,,71013,Larceny Theft,Theft From Vehicle,"License Plate, Stolen",Open or Active,25TH ST \ RHODE ISLAND ST,23694000.0,Southern,Potrero Hill,10.0,10.0,37.75201797485352,-122.4013671875,POINT (-122.4013671875 37.752017974853516),54.0,,,,,,9.0,2.0
2024/05/23 05:00:00 PM,2024/05/23,05:00 PM,2024,Thursday,2024/05/25 05:18:00 PM,139338819057,1393388,240328408,241462072.0,II,Initial,,19057,Disorderly Conduct,Intimidation,Terrorist Threats,Open or Active,NEWHALL ST \ OAKDALE AVE,20667000.0,Bayview,Bayview Hunters Point,10.0,10.0,37.73566055297852,-122.3922119140625,POINT (-122.3922119140625 37.735660552978516),86.0,,,,,,9.0,2.0
2024/05/23 05:37:00 PM,2024/05/23,05:37 PM,2024,Thursday,2024/05/23 07:17:00 PM,139289306302,1392893,240324600,241443063.0,II,Initial,,6302,Larceny Theft,Larceny Theft - From Building,"Theft, From Building, $50-$200",Open or Active,JONES ST \ TURK ST,24923000.0,Tenderloin,Tenderloin,5.0,6.0,37.78300476074219,-122.41241455078124,POINT (-122.41241455078125 37.78300476074219),20.0,,1.0,1.0,1.0,,10.0,5.0
2024/05/03 05:12:00 PM,2024/05/03,05:12 PM,2024,Friday,2024/05/03 06:25:00 PM,138760404013,1387604,240279679,241242439.0,II,Initial,,4013,Assault,Aggravated Assault,"Assault, Aggravated, W/ Other Weapon",Open or Active,MARKET ST \ SOUTH VAN NESS AVE \ VAN NESS AVE,30748000.0,Southern,Mission,6.0,6.0,37.775146484375,-122.41925811767578,POINT (-122.41925811767578 37.775146484375),32.0,,1.0,1.0,1.0,,10.0,1.0
2024/08/19 04:00:00 PM,2024/08/19,04:00 PM,2024,Monday,2024/08/20 10:57:00 AM,141658104134,1416581,240521527,242331401.0,II,Initial,,4134,Assault,Simple Assault,Battery,Open or Active,03RD ST \ MENDELL ST \ PALOU AVE,33269000.0,Bayview,Bayview Hunters Point,10.0,10.0,37.734012603759766,-122.3909683227539,POINT (-122.3909683227539 37.734012603759766),86.0,,,,,,9.0,2.0
2024/07/25 03:07:00 PM,2024/07/25,03:07 PM,2024,Thursday,2024/07/25 03:09:00 PM,140972206363,1409722,240464319,242071952.0,II,Initial,,6363,Larceny Theft,Larceny Theft - Shoplifting,"Theft, Shoplifting, $200-$950",Open or Active,42ND AVE \ GEARY BLVD \ POINT LOBOS AVE,27917000.0,Richmond,Outer Richmond,1.0,1.0,37.77960968017578,-122.5029754638672,POINT (-122.50297546386719 37.77960968017578),6.0,,,,,,4.0,8.0
2024/05/10 03:40:00 PM,2024/05/10,03:40 PM,2024,Friday,2024/05/16 01:36:00 PM,139098504134,1390985,240308604,241371792.0,II,Initial,,4134,Assault,Simple Assault,Battery,Open or Active,18TH ST \ CASTRO ST,25813000.0,Mission,Castro/Upper Market,8.0,8.0,37.760887145996094,-122.43499755859376,POINT (-122.43499755859375 37.760887145996094),38.0,,,,5.0,,5.0,3.0
2024/10/17 03:27:00 PM,2024/10/17,03:27 PM,2024,Thursday,2024/10/17 03:27:00 PM,143300504074,1433005,240654322,242912186.0,II,Initial,,4074,Assault,Aggravated Assault,"Assault, Aggravated, On Police Officer, W/ Force",Open or Active,LARKIN ST \ OFARRELL ST,25152000.0,Tenderloin,Tenderloin,5.0,6.0,37.7851676940918,-122.41790008544922,POINT (-122.41790008544922 37.7851676940918),20.0,,1.0,,,,10.0,5.0
2024/08/26 04:48:00 PM,2024/08/26,04:48 PM,2024,Monday,2024/08/26 04:56:00 PM,141857704134,1418577,240535813,242392411.0,II,Initial,,4134,Assault,Simple Assault,Battery,Open or Active,EDDY ST \ POLK ST,25176000.0,Tenderloin,Tenderloin,5.0,6.0,37.78310012817383,-122.41918182373048,POINT (-122.41918182373047 37.78310012817383),20.0,,1.0,1.0,,,10.0,4.0
2024/07/07 06:15:00 AM,2024/07/07,06:15 AM,2024,Sunday,2024/07/07 06:26:00 AM,140477404134,1404774,240422743,241890456.0,II,Initial,,4134,Assault,Simple Assault,Battery,Cite or Arrest Adult,DIVISADERO ST \ LOMBARD ST,26974000.0,Northern,Marina,2.0,2.0,37.79899978637695,-122.4426498413086,POINT (-122.4426498413086 37.79899978637695),14.0,,,,,,6.0,4.0
2024/09/25 05:10:00 PM,2024/09/25,05:10 PM,2024,Wednesday,2024/10/08 11:29:00 PM,143065504134,1430655,240634772,242823765.0,II,Initial,,4134,Assault,Simple Assault,Battery,Open or Active,25TH ST \ CASTRO ST,25743000.0,Mission,Noe Valley,8.0,8.0,37.74969482421875,-122.43392944335938,POINT (-122.43392944335938 37.74969482421875),84.0,,,,,,5.0,3.0
2024/05/17 05:30:00 PM,2024/05/17,05:30 PM,2024,Friday,2024/05/21 04:16:00 PM,139326206374,1393262,246067523,,II,Coplogic Initial,True,6374,Larceny Theft,Larceny Theft - Other,"Theft, Other Property, >$950",Open or Active,FREMONT ST \ FRONT ST \ MARKET ST,30730000.0,Central,Financial District/South Beach,6.0,6.0,37.79171752929688,-122.39826202392578,POINT (-122.39826202392578 37.791717529296875),108.0,,,,,,10.0,6.0
2024/04/22 04:37:00 PM,2024/04/22,04:37 PM,2024,Monday,2024/05/13 06:55:00 PM,139010006362,1390100,240253338,241132508.0,IS,Initial Supplement,,6362,Larceny Theft,Larceny Theft - Shoplifting,"Theft, Shoplifting, $50-$200",Open or Active,OFARRELL ST \ POWELL ST,24904000.0,Central,Tenderloin,3.0,3.0,37.78641128540039,-122.40803527832033,POINT (-122.40803527832031 37.78641128540039),19.0,,,,,,3.0,6.0
2024/12/27 05:07:00 PM,2024/12/27,05:07 PM,2024,Friday,2024/12/27 05:12:00 PM,145018804134,1450188,240793986,243622162.0,II,Initial,,4134,Assault,Simple Assault,Battery,Open or Active,EVANS AVE \ SELBY ST,33107000.0,Bayview,Bayview Hunters Point,10.0,10.0,37.74616241455078,-122.39405059814452,POINT (-122.39405059814453 37.74616241455078),85.0,,,,,,9.0,2.0
2024/05/01 08:00:00 AM,2024/05/01,08:00 AM,2024,Wednesday,2024/05/16 07:49:00 PM,139102706125,1391027,240308814,241371825.0,II,Initial,,6125,Larceny Theft,Larceny Theft - Other,Theft of Checks or Credit Cards,Open or Active,GEARY ST \ LEAVENWORTH ST,25154000.0,Central,Tenderloin,5.0,6.0,37.78651809692383,-122.41481018066406,POINT (-122.41481018066406 37.78651809692383),20.0,,1.0,,,,10.0,6.0
2024/12/19 05:15:00 PM,2024/12/19,05:15 PM,2024,Thursday,2024/12/20 10:56:00 AM,144880406362,1448804,240782371,243550792.0,II,Initial,,6362,Larceny Theft,Larceny Theft - Shoplifting,"Theft, Shoplifting, $50-$200",Open or Active,LEE AVE \ OCEAN AVE,22223000.0,Taraval,West of Twin Peaks,11.0,7.0,37.72345733642578,-122.45411682128906,POINT (-122.45411682128906 37.72345733642578),71.0,,,,,,8.0,10.0
2024/08/12 03:00:00 PM,2024/08/12,03:00 PM,2024,Monday,2024/08/12 09:13:00 PM,141452804134,1414528,240505032,242252997.0,II,Initial,,4134,Assault,Simple Assault,Battery,Open or Active,EDDY ST \ SCOTT ST,26075000.0,Northern,Western Addition,5.0,5.0,37.780799865722656,-122.43726348876952,POINT (-122.43726348876953 37.780799865722656),97.0,,,,,,11.0,4.0
2024/08/26 06:00:00 PM,2024/08/26,06:00 PM,2024,Monday,2024/08/27 06:20:00 PM,141889671013,1418896,240538362,242402773.0,VI,Vehicle Initial,,71013,Larceny Theft,Theft From Vehicle,"License Plate, Stolen",Open or Active,25TH ST \ CASTRO ST,25743000.0,Mission,Noe Valley,8.0,8.0,37.74969482421875,-122.43392944335938,POINT (-122.43392944335938 37.74969482421875),84.0,,,,,,5.0,3.0
2024/09/12 04:45:00 PM,2024/09/12,04:45 PM,2024,Thursday,2024/09/13 12:38:00 PM,142380706153,1423807,240576497,242571546.0,II,Initial,,6153,Larceny Theft,Larceny Theft - Other,"Theft, From Person, $200-$950 (other than Pickpocket)",Open or Active,GEARY ST \ POWELL ST,24903000.0,Central,Financial District/South Beach,3.0,3.0,37.78736114501953,-122.4082260131836,POINT (-122.4082260131836 37.78736114501953),19.0,,,,,,3.0,6.0
2024/12/18 05:04:00 PM,2024/12/18,05:04 PM,2024,Wednesday,2024/12/18 09:11:00 PM,146280506372,1462805,246169408,,II,Coplogic Initial,True,6372,Larceny Theft,Larceny Theft - Other,"Theft, Other Property, $50-$200",Open or Active,RUTLAND ST \ TIOGA AVE,20334000.0,Ingleside,Visitacion Valley,10.0,10.0,37.716590881347656,-122.40560913085938,POINT (-122.40560913085938 37.716590881347656),75.0,,,,,,9.0,9.0
