OBJECTID,STOPNAME,TRAPEZESTOPABBR,RUCUSSTOPABBR,STOPID,LATITUDE,LONGITUDE,ACCESSIBILITYMASK,ATSTREET,ONSTREET,POSITION,ORIENTATION,SERVICEPLANNINGSTOPTYPE,SHELTER,INSERT_TIMESTAMP,SDE_ID,SIGNUPID,SUPERVISOR_DISTRICT,shape,data_as_of,data_loaded_at,Current Police Districts,Current Supervisor Districts,Analysis Neighborhoods,Neighborhoods,SF Find Neighborhoods
73681,Mansell St&Somerset St S-NS/PS,MANSSOM0,MANSSOME,5351,37.720417999999995,-122.40509399999999,,SOMERSET ST,MANSELL ST,NS,SO,,0,1729767266000,15730619,147,9,POINT (-122.405094 37.720418),11/02/2024 08:47:21 PM,11/04/2024 09:42:39 AM,2,9,25,75,75
73708,Gilman Ave&3rd St E-NS/PS,GLMN 3S1,GLMN 3ST,4783,37.722457999999996,-122.395415,,3RD ST,GILMAN AVE,NS,EA,,0,1729767266000,15730707,147,10,POINT (-122.395415 37.722458),11/02/2024 08:47:21 PM,11/04/2024 09:42:39 AM,2,9,1,88,88
74008,Mission St&26th St SW-FS/BZ,MISS26S0,MISS26ST,5568,37.74857,-122.41818,,26TH ST,MISSION ST,FS,SW,BZ,0,1729767266000,15731697,147,9,POINT (-122.41818 37.74857),11/02/2024 08:47:21 PM,11/04/2024 09:42:39 AM,3,2,20,53,53
72765,Balboa St&Park Presidio Blvd SW-NS,BBOAPKP1,BBOAPKPR,3071,37.776787999999996,-122.472411,,PARK PRESIDIO BLVD,BALBOA ST,NS,SW,BZ,1,1729767266000,15727718,147,1,POINT (-122.472411 37.776788),11/02/2024 08:47:21 PM,11/04/2024 09:42:39 AM,8,4,29,5,5
75844,Lombard St&Fillmore St SE-FS/BZ,LOMBFIL1,LOMBFILL,5274,37.799817999999995,-122.435878,,WEBSTER ST,LOMBARD ST,NS,SW,BZ,0,1729767266000,15735507,147,2,POINT (-122.435878 37.799818),11/02/2024 08:47:21 PM,11/04/2024 09:42:39 AM,4,6,13,15,15
73435,Castro St&25TH St SE-NS/BZ,CTRO25S1,CTRO25ST,4329,37.7496,-122.43383,,25TH ST,CASTRO ST,NS,SE,BZ,0,1729767266000,15729987,147,8,POINT (-122.43383 37.7496),11/02/2024 08:47:21 PM,11/04/2024 09:42:39 AM,3,5,22,84,84
75735,16th Ave&Lawton St NW-NS/PS,16AVLAW0,16AVLAWT,3273,37.7593,-122.47370000000001,,LAWTON ST,16TH AVE,NS,NW,FL,0,1729767266000,15733936,147,7,POINT (-122.4737 37.7593),11/02/2024 08:47:21 PM,11/04/2024 09:42:39 AM,10,8,14,44,44
74261,Paul Ave&San Bruno Ave N-MB/SB,PAULSBR1,PAULSBRO,5904,37.723879,-122.401576,,SAN BRUNO AVE,PAUL AVE,MB,NO,,0,1729767266000,15732783,147,9,POINT (-122.401576 37.723879),11/02/2024 08:47:21 PM,11/04/2024 09:42:39 AM,2,2,25,91,91
73013,46th Ave&Quintara St SE-NS/PS,46AVQUI1,46AVQUIN,3593,37.747288,-122.504928,,QUINTARA ST,46TH AVE,NS,SE,,0,1729767266000,15728396,147,4,POINT (-122.504928 37.747288),11/02/2024 08:47:21 PM,11/04/2024 09:42:39 AM,10,7,35,39,39
73080,Clipper St&Portola Dr S-FS,CLIPPORT,CLPRPORT,4072,37.746700000000004,-122.44500000000001,,PORTOLA DR,DIAMOND HEIGHTS BL,FS,SO,,0,1729767266000,15728915,147,8,POINT (-122.445 37.7467),11/02/2024 08:47:21 PM,11/04/2024 09:42:39 AM,9,5,22,57,57
74624,25th Ave&Geary Blvd SE-NS/BZ,25AVGEA0,25AVGEAR,3501,37.779925,-122.484619,,GEARY BLVD,25TH AVE,NS,SE,BZ,0,1729767266000,15734393,147,1,POINT (-122.484619 37.779925),11/02/2024 08:47:21 PM,11/04/2024 09:42:39 AM,8,4,29,8,8
74378,Market St&Hyde St N-NS/BZ,MRKTHYD3,,7423,37.778784,-122.414723,1,HYDE ST,MARKET ST,,,,0,1729767266000,15738770,147,6,POINT (-122.414723 37.778784),11/02/2024 08:47:21 PM,11/04/2024 09:42:39 AM,5,10,36,21,21
74681,Mission St&20th St SW-FS/BZ,MISS20S0,MISS20ST,5558,37.75817,-122.41909,,20TH ST,MISSION ST,FS,SW,BZ,1,1729767266000,15737482,147,9,POINT (-122.41909 37.75817),11/02/2024 08:47:21 PM,11/04/2024 09:42:39 AM,3,2,20,53,53
75616,Quintara St&33rd Ave NE-NS,QUIN33A0,QUIN33AV,6156,37.74805,-122.49095,,33RD AVE,QUINTARA ST,NS,NE,,0,1729767266000,15733834,147,4,POINT (-122.49095 37.74805),11/02/2024 08:47:21 PM,11/04/2024 09:42:39 AM,10,7,35,39,39
74766,Polk St&Francisco St NW-NS/BZ,POLKFNC0,POLKFNCO,5988,37.803529999999995,-122.42341,,FRANCISCO ST,POLK ST,NS,NW,BZ,0,1729767266000,15736038,147,2,POINT (-122.42341 37.80353),11/02/2024 08:47:21 PM,11/04/2024 09:42:39 AM,4,6,32,107,107
75479,Innes Ave&Hunters Point Blvd W-NS,INESH P0,INESH P,5104,37.732709,-122.377172,,HUNTERS POINT BLVD,INNES AVE,NS,WE,,0,1729767266000,15738226,147,10,POINT (-122.377172 37.732709),11/02/2024 08:47:21 PM,11/04/2024 09:42:39 AM,2,9,1,78,78
75060,Sunset Blvd&Rivera St SE-NS/SB,SUNSRVR1,SUNSRVRA,6550,37.745838,-122.494604,,RIVERA ST,SUNSET BLVD,NS,SE,,0,1729767266000,15734821,147,4,POINT (-122.494604 37.745838),11/02/2024 08:47:21 PM,11/04/2024 09:42:39 AM,10,7,35,40,40
73108,30th Ave&Santiago St NW-NS/PS,30AVSNT0,30AVSNTG,3530,37.74451,-122.48765,,SANTIAGO ST,30TH AVE,NS,NW,FL,0,1729767266000,15728682,147,4,POINT (-122.48765 37.74451),11/02/2024 08:47:21 PM,11/04/2024 09:42:39 AM,10,7,35,40,40
75344,Winston Dr&20th Ave SE-FS/BZ,WINS20A1,WINS20AV,6951,37.726883,-122.475739,,20TH AVE,WINSTON DR,FS,SE,BZ,0,1729767266000,15736603,147,7,POINT (-122.475739 37.726883),11/02/2024 08:47:21 PM,11/04/2024 09:42:39 AM,10,8,16,41,41
74030,Mission St&Silver Ave S-NS/BZ,MISSSIL1,MISSSILV,5620,37.728722999999995,-122.43132,,SILVER AVE,MISSION ST,NS,SO,BZ,1,1729767266000,15731576,147,11,POINT (-122.43132 37.728723),11/02/2024 08:47:21 PM,11/04/2024 09:42:39 AM,9,1,28,94,94
73780,Lombard St&Laguna St SE-FS/SB,LOMBLGN0,LOMBLGNA,5281,37.800442,-122.430937,1,OCTAVIA ST,LOMBARD ST,NS,SW,,0,1729767266000,15731066,147,2,POINT (-122.430937 37.800442),11/02/2024 08:47:21 PM,11/04/2024 09:42:39 AM,4,6,13,15,15
74099,Richardson Ave&Francisco St NW-NS,RCHNFNC1,RCHNFNCO,6181,37.800408,-122.447447,1,FRANCISCO ST,RICHARDSON AVE,NS,NW,BZ,1,1729767266000,15732452,147,2,POINT (-122.447447 37.800408),11/02/2024 08:47:21 PM,11/04/2024 09:42:39 AM,4,6,13,17,17
75411,Quintara St&35th Ave SW-NS,QUIN35A1,QUIN35AV,6159,37.74783,-122.49334,,35TH AVE,QUINTARA ST,NS,SW,,0,1729767266000,15733596,147,4,POINT (-122.49334 37.74783),11/02/2024 08:47:21 PM,11/04/2024 09:42:39 AM,10,7,35,40,40
74922,Turk St&Leavenworth St NW-FS/BZ,TURKLEA0,TURKLEAV,6721,37.782835,-122.41421700000001,,LEAVENWORTH ST,TURK ST,FS,NW,BZ,1,1729767266000,15734643,147,5,POINT (-122.414217 37.782835),11/02/2024 08:47:21 PM,11/04/2024 09:42:39 AM,5,10,36,20,20
75642,Stockton St&Sutter St NE-FS/BB,STOKSUT0,STOKSUTT,6523,37.79013,-122.40705,1,STOCKTON ST,SUTTER ST,FS,NE,BB,0,1729767266000,15735387,147,3,POINT (-122.40705 37.79013),11/02/2024 08:47:21 PM,11/04/2024 09:42:39 AM,6,3,8,19,19
74398,Quintara St&41st Ave SW-NS,QUIN41A1,QUIN41AV,6163,37.74754,-122.49981,,41ST AVE,QUINTARA ST,NS,SW,,0,1729767266000,15734214,147,4,POINT (-122.49981 37.74754),11/02/2024 08:47:21 PM,11/04/2024 09:42:39 AM,10,7,35,39,39
74837,Starr King Way&Gough St SE-FS/BZ,SKNGGOU1,SKNGGOUG,6425,37.78505,-122.42408499999999,1,GOUGH ST,STARR KING WAY,FS,SE,BZ,0,1729767266000,15734580,147,2,POINT (-122.424085 37.78505),11/02/2024 08:47:21 PM,11/04/2024 09:42:39 AM,4,11,39,100,100
74262,Grafton Ave&Jules Ave NE-NS/SB,GRAFJUL1,,7195,37.720095,-122.461111,,JULES AVE,GRAFTON AVE,,NE,,0,1729767266000,15732785,147,11,POINT (-122.461111 37.720095),11/02/2024 08:47:21 PM,11/04/2024 09:42:39 AM,10,1,24,64,64
73169,Geary Blvd&39TH Ave SW-NS/BZ,GEAR39A1,GEAR39AV,4283,37.779286,-122.499829,1,39TH AVE,GEARY BLVD,NS,SW,BZ,0,1729767266000,15729221,147,1,POINT (-122.499829 37.779286),11/02/2024 08:47:21 PM,11/04/2024 09:42:39 AM,8,4,29,8,8
74711,Chestnut St&Gough St NE-NS/BZ,CHESGOU2,,7857,37.801914,-122.427955,,GOUGH ST,CHESTNUT ST,,,,0,1729767266000,15739080,147,2,POINT (-122.427955 37.801914),11/02/2024 08:47:21 PM,11/04/2024 09:42:39 AM,4,6,13,17,17
72696,19th Ave&Junipero Serra Blvd W-NS,19AVJ S0,19AVJ S,3363,37.717323,-122.47297,1,JUNIPERO SERRA BLVD,19TH AVE,NS,WE,FL,0,1729767266000,15727383,147,7,POINT (-122.47297 37.717323),11/02/2024 08:47:21 PM,11/04/2024 09:42:39 AM,10,8,16,42,42
75370,Ulloa St&Forest Side Ave SW-NS,ULOAFRS1,ULOAFRSD,6737,37.741434999999996,-122.4688,,FOREST SIDE AVE,ULLOA ST,NS,SW,,0,1729767266000,15738125,147,7,POINT (-122.4688 37.741435),11/02/2024 08:47:21 PM,11/04/2024 09:42:39 AM,10,8,41,46,46
75621,Sunset Blvd&Judah St NW-NS/SB,SUNSJUD0,SUNSJUDA,6529,37.761005999999995,-122.495851,,JUDAH ST,SUNSET BLVD,NS,NW,,1,1729767266000,15735319,147,4,POINT (-122.495851 37.761006),11/02/2024 08:47:21 PM,11/04/2024 09:42:39 AM,10,7,35,39,39
72708,24th St&Potrero Ave NW-FS/BZ,24STPOT0,24STPOTR,3480,37.75299,-122.40669,,POTRERO AVE,24TH ST,FS,NW,BZ,0,1729767266000,15727471,147,9,POINT (-122.40669 37.75299),11/02/2024 08:47:21 PM,11/04/2024 09:42:39 AM,3,2,20,53,53
75874,Geary Blvd&Arguello Blvd NW-FS/BB,GEARARG2,,7854,37.781313,-122.458955,1,02ND AVE,GEARY BLVD,,,,0,1729767266000,15739142,147,1,POINT (-122.458955 37.781313),11/02/2024 08:47:21 PM,11/04/2024 09:42:39 AM,8,4,11,5,5
73409,Divisadero St&North Point St NW-NS,DIVIN P0,DIVIN PT,4430,37.802844,-122.443514,,NORTH POINT ST,DIVISADERO ST,NS,NW,,0,1729767266000,15729488,147,2,POINT (-122.443514 37.802844),11/02/2024 08:47:21 PM,11/04/2024 09:42:39 AM,4,6,13,17,17
73299,Divisadero St&Sutter St SW-FS/BZ,DIVISUTT,SUTTTERM,4435,37.78515,-122.439939,,SUTTER ST,DIVISADERO ST,FS,SW,BZ,0,1729767266000,15729594,147,5,POINT (-122.439939 37.78515),11/02/2024 08:47:21 PM,11/04/2024 09:42:39 AM,4,11,15,103,103
73963,Lincoln Way&La Playa St SW-NS/PS,LWAYLAP0,LWAYLAPL,5329,37.763926,-122.50957,,LA PLAYA ST,LINCOLN WY,NS,SW,,1,1729767266000,15731221,147,4,POINT (-122.50957 37.763926),11/02/2024 08:47:21 PM,11/04/2024 09:42:39 AM,10,7,35,39,39
74241,19th Ave&Taraval St NE-FS/BB,19AVTAR1,19AVTARA,3394,37.74331,-122.47554,1,TARAVAL ST,19TH AVE,FS,NE,BZ,1,1729767266000,15732721,147,7,POINT (-122.47554 37.74331),11/02/2024 08:47:21 PM,11/04/2024 09:42:39 AM,10,8,41,44,44
73508,Grafton Ave&Plymouth Ave SW-NS/PS,GRAFPLY0,GRAFPLYM,4915,37.719961999999995,-122.456232,,PLYMOUTH AVE,GRAFTON AVE,NS,SW,,1,1729767266000,15729794,147,11,POINT (-122.456232 37.719962),11/02/2024 08:47:21 PM,11/04/2024 09:42:39 AM,10,1,24,64,64
75920,Crissy Field Terminal S/BB,CRFD.TC2,,8150,37.802755,-122.461705,,,,,,,0,1729767266000,15739281,147,2,POINT (-122.461705 37.802755),11/02/2024 08:47:21 PM,11/04/2024 09:42:39 AM,,6,27,3,3
74872,Plymouth Ave&Ocean Ave SW-FS/BZ,PLYMOCE1,PLYMOCEN,5975,37.723638,-122.456233,,OCEAN AVE,PLYMOUTH AVE,FS,SW,,1,1729767266000,15736120,147,11,POINT (-122.456233 37.723638),11/02/2024 08:47:21 PM,11/04/2024 09:42:39 AM,10,8,24,64,64
75689,Rhode Island St&26th St NW-NS,R IS26S0,R IS26ST,6200,37.750727,-122.401342,,26TH ST,RHODE ISLAND ST,NS,NW,,0,1729767266000,15738442,147,10,POINT (-122.401342 37.750727),11/02/2024 08:47:21 PM,11/04/2024 09:42:39 AM,2,9,26,54,54
73246,Connecticut St&Cesar Chavez St NE-FS,CONNCHA1,CONNCHAV,4131,37.750001999999995,-122.39622,,CESAR CHAVEZ ST,CONNECTICUT ST,FS,NE,,0,1729767266000,15729045,147,10,POINT (-122.39622 37.750002),11/02/2024 08:47:21 PM,11/04/2024 09:42:39 AM,2,9,1,54,54
72807,46th Ave&Moraga St SE-NS/SB,46AVMOR1,46AVMORA,3585,37.754756,-122.505449,,MORAGA ST,46TH AVE,NS,SE,,0,1729767266000,15728127,147,4,POINT (-122.505449 37.754756),11/02/2024 08:47:21 PM,11/04/2024 09:42:39 AM,10,7,35,39,39
74991,16th Ave&Lawton St E-MI/SB,16AVLAW1,16AVLAWT,3272,37.758109999999995,-122.47367,,LAWTON ST,16TH AVE,MI,EA,FL,0,1729767266000,15737803,147,7,POINT (-122.47367 37.75811),11/02/2024 08:47:21 PM,11/04/2024 09:42:39 AM,10,8,14,44,44
73952,Jackson St&Steiner St NE-NS/AB,JACKSTE0,JACKSTEI,5162,37.79235,-122.436109,,STEINER ST,JACKSON ST,NS,NE,,0,1729767266000,15731193,147,2,POINT (-122.436109 37.79235),11/02/2024 08:47:21 PM,11/04/2024 09:42:39 AM,4,6,30,102,102
75244,Balboa St&Park Presidio Blvd NW-FS,BBOAPKP0,BBOAPKPR,3070,37.776894999999996,-122.472227,,PARK PRESIDIO BLVD,BALBOA ST,FS,NW,BZ,0,1729767266000,15738039,147,1,POINT (-122.472227 37.776895),11/02/2024 08:47:21 PM,11/04/2024 09:42:39 AM,8,4,29,5,5
75252,Persia Ave&Mission St S-FS/BZ,PERSMIS0,PERSMISS,5913,37.722941,-122.435765,,MISSION ST,PERSIA AVE,FS,SO,,1,1729767266000,15738060,147,11,POINT (-122.435765 37.722941),11/02/2024 08:47:21 PM,11/04/2024 09:42:39 AM,9,1,7,90,90
75282,46th Ave&Lawton St SE-NS/PS,46AVLAW1,46AVLAWT,3581,37.756612,-122.505577,,LAWTON ST,46TH AVE,NS,SE,,0,1729767266000,15733531,147,4,POINT (-122.505577 37.756612),11/02/2024 08:47:21 PM,11/04/2024 09:42:39 AM,10,7,35,39,39
75083,Bayshore Blvd&Blanken Ave SE-NS/BZ,BSHRBLKN,,7334,37.712226,-122.402179,1,BLANKEN AVE,BAYSHORE BLVD,,,,0,1729767266000,15737834,147,10,POINT (-122.402179 37.712226),11/02/2024 08:47:21 PM,11/04/2024 09:42:39 AM,9,9,1,89,89
72654,Balboa St&12TH Ave SW-NS/PS,BBOA12A1,BBOA12AV,3041,37.776868,-122.470531,,12TH AVE,BALBOA ST,NS,SW,,0,1729767266000,15727778,147,1,POINT (-122.470531 37.776868),11/02/2024 08:47:21 PM,11/04/2024 09:42:39 AM,8,4,11,5,5
73767,Legion of Honor SE-NS/BZ,LEG.HON1,LEG.HON.,4873,37.785015,-122.499592,,EL CAMINO DEL MAR,LEGION OF HONOR DR,NS,SE,BZ,1,1729767266000,15730999,147,1,POINT (-122.499592 37.785015),11/02/2024 08:47:21 PM,11/04/2024 09:42:39 AM,8,4,17,7,7
73320,Columbus Ave&Taylor St S-FS/BZ,COLMTAY1,COLMTAYL,4118,37.803284999999995,-122.414643,,TAYLOR ST,COLUMBUS AVE,FS,SO,BZ,0,1729767266000,15729639,147,3,POINT (-122.414643 37.803285),11/02/2024 08:47:21 PM,11/04/2024 09:42:39 AM,6,3,32,107,107
72713,23rd St&Utah St SE-FS/BZ,23STUTA1,23STUTAH,3454,37.754298,-122.405304,,UTAH ST,23RD ST,FS,SE,BZ,1,1729767266000,15727488,147,10,POINT (-122.405304 37.754298),11/02/2024 08:47:21 PM,11/04/2024 09:42:39 AM,3,9,20,54,54
73887,Industrial St&Elmira St SE-FS/SB,INDSELM0,INDSELMR,5094,37.73879,-122.40373,,ELMIRA ST,INDUSTRIAL ST,FS,SE,,0,1729767266000,15731410,147,10,POINT (-122.40373 37.73879),11/02/2024 08:47:21 PM,11/04/2024 09:42:39 AM,2,9,1,82,82
74128,Market St&Montgomery St W-FS/BZ,MRKTMTG0,MRKTMTGY,5684,37.788489999999996,-122.40248,1,MONTGOMERY ST,MARKET ST,FS,WE,BZ,1,1729767266000,15732209,147,3,POINT (-122.40248 37.78849),11/02/2024 08:47:21 PM,11/04/2024 09:42:39 AM,6,3,8,19,19
75644,Turk St&Arguello Blvd SE-FS/BZ,TURKARG1,TURKARGL,6709,37.77715,-122.45818,,ARGUELLO BLVD,TURK ST,FS,SE,BZ,1,1729767266000,15735394,147,1,POINT (-122.45818 37.77715),11/02/2024 08:47:21 PM,11/04/2024 09:42:39 AM,8,4,18,12,12
73851,Junipero Serra Blvd & Font Blvd NW,J S FON0,J S FONT,5136,37.71463,-122.47191,1,FONT BLVD,JUNIPERO SERRA BLVD,NS,NW,FL,0,1729767266000,15730891,147,7,POINT (-122.47191 37.71463),11/02/2024 08:47:21 PM,11/04/2024 09:42:39 AM,10,8,16,42,42
73609,Fitzgerald Ave&Jennings St W-NS/PS,FITZJEN1,FITZJENN,4647,37.722028,-122.39332,,JENNINGS ST,FITZGERALD AVE,NS,WE,,0,1729767266000,15730309,147,10,POINT (-122.39332 37.722028),11/02/2024 08:47:21 PM,11/04/2024 09:42:39 AM,2,9,1,88,88
75607,Cabrillo St&La Playa SE-FS/BZ,CBROLAP1,,7204,37.773206,-122.50987599999999,,LA PLAYA ST,CABRILLO ST,,SE,,0,1729767266000,15733804,147,1,POINT (-122.509876 37.773206),11/02/2024 08:47:21 PM,11/04/2024 09:42:39 AM,8,4,29,8,8
75314,46th Ave&Vicente St NW-NS/PS,46AVVCT0,46AVVCTE,3602,37.738141999999996,-122.50444,1,VICENTE ST,46TH AVE,NS,NW,,0,1729767266000,15735059,147,4,POINT (-122.50444 37.738142),11/02/2024 08:47:21 PM,11/04/2024 09:42:39 AM,10,7,35,39,39
74609,Persia Ave&Naples St E-NS/PS,PERSNAP1,PERSNAPL,5916,37.72088,-122.43107,,NAPLES ST,PERSIA AVE,NS,EA,,0,1729767266000,15734364,147,11,POINT (-122.43107 37.72088),11/02/2024 08:47:21 PM,11/04/2024 09:42:39 AM,9,1,7,90,90
73519,Larkin St&Grove St NE-FS/BZ,LARKGRO1,LARKGROV,4848,37.778901,-122.416545,,GROVE ST,LARKIN ST,FS,NE,BZ,0,1729767266000,15729811,147,5,POINT (-122.416545 37.778901),11/02/2024 08:47:21 PM,11/04/2024 09:42:39 AM,5,10,36,21,21
74754,North Point St&Polk St SE-FS/BZ,N.PTPOL1,N.PTPOLK,5469,37.805240999999995,-122.423494,1,POLK ST,NORTH POINT ST,FS,SE,BZ,0,1729767266000,15735988,147,2,POINT (-122.423494 37.805241),11/02/2024 08:47:21 PM,11/04/2024 09:42:39 AM,6,6,32,98,98
73373,Garfield St&Vernon St NE-NS/SB,GARFVER1,GARFVERN,4253,37.719746,-122.467937,,VERNON ST,GARFIELD ST,NS,NE,,0,1729767266000,15729433,147,11,POINT (-122.467937 37.719746),11/02/2024 08:47:21 PM,11/04/2024 09:42:39 AM,10,1,24,64,64
74735,Portola Dr&Rex Ave S-NS/SB,PORTREX1,PORTREX,6118,37.740885,-122.457517,,REX AVE,PORTOLA DR,NS,SO,,0,1729767266000,15734458,147,7,POINT (-122.457517 37.740885),11/02/2024 08:47:21 PM,11/04/2024 09:42:39 AM,9,8,41,117,117
75869,San Bruno Ave&Paul Ave SE-NS/PS,SBROPAU0,SBROPAUL,6363,37.723647,-122.40186299999999,,PAUL AVE,SAN BRUNO AVE,NS,SE,,0,1729767266000,15737124,147,10,POINT (-122.401863 37.723647),11/02/2024 08:47:21 PM,11/04/2024 09:42:39 AM,2,2,25,91,91
74466,Mason St&Yacht Rd FS NW/PS,MASNMRN0,,8023,37.805020999999996,-122.44850199999999,,,MASON ST,,,,0,1729767266000,15738895,147,2,POINT (-122.448502 37.805021),11/02/2024 08:47:21 PM,11/04/2024 09:42:39 AM,,6,27,3,3
73635,Lake Merced&Middlefield Dr NE-NS,L M MID1,L M MIDF,4838,37.729628,-122.486404,,MIDDLEFIELD DR,LAKE MERCED BLVD,NS,NE,,0,1729767266000,15730124,147,4,POINT (-122.486404 37.729628),11/02/2024 08:47:21 PM,11/04/2024 09:42:39 AM,10,8,16,43,43
72888,14th Ave&Ulloa St NW-NS,14AVULO1,14AVULOA,3252,37.74153,-122.47018,,ULLOA ST,14TH AVE,NS,NW,,0,1729767266000,15728040,147,7,POINT (-122.47018 37.74153),11/02/2024 08:47:21 PM,11/04/2024 09:42:39 AM,10,8,41,46,46
74485,Wisconsin St&25th St NW-NS/SB,WISC25S0,WISC25ST,6961,37.752286999999995,-122.398556,,25TH ST,WISCONSIN ST,NS,NW,,0,1729767266000,15734257,147,10,POINT (-122.398556 37.752287),11/02/2024 08:47:21 PM,11/04/2024 09:42:39 AM,2,9,26,54,54
75485,Ocean Ave&Cayuga Ave NE-NS/BZ,OCENCAY0,OCENCAYU,5782,37.72367,-122.43867,,CAYUGA AVE,OCEAN AVE,NS,NE,BZ,0,1729767266000,15738245,147,11,POINT (-122.43867 37.72367),11/02/2024 08:47:21 PM,11/04/2024 09:42:39 AM,9,1,28,94,94
74774,Polk St&Sacramento St W-MB/BB,POLKSAC0,POLKSACO,6000,37.791928999999996,-122.42105699999999,,SACRAMENTO ST,POLK ST,MB,WE,BB,1,1729767266000,15736046,147,3,POINT (-122.421057 37.791929),11/02/2024 08:47:21 PM,11/04/2024 09:42:39 AM,4,3,21,105,105
73451,Geary Blvd&Van Ness Ave NW-FS/BB,GEARV.N0,GEARV.N.,4768,37.785745,-122.421575,1,VAN NESS AVE,GEARY BLVD,NS,NE,BZ,0,1729767266000,15730030,147,2,POINT (-122.421575 37.785745),11/02/2024 08:47:21 PM,11/04/2024 09:42:39 AM,4,11,39,100,100
74830,Turk St&Masonic Ave NW-FS/BZ,TURKMSI0,TURKMSIC,6724,37.778664,-122.447206,,MASONIC AVE,TURK BLVD,FS,NW,BZ,1,1729767266000,15734567,147,1,POINT (-122.447206 37.778664),11/02/2024 08:47:21 PM,11/04/2024 09:42:39 AM,7,4,18,12,12
74446,Otis & McCoppin St SW-FS/BZ,OTISMCOP,,7870,37.771603,-122.420365,,,OTIS ST,,,,0,1729767266000,15738839,147,6,POINT (-122.420365 37.771603),11/02/2024 08:47:21 PM,11/04/2024 09:42:39 AM,1,10,20,32,32
73998,Mission St&14th St NE-FS/BZ,MISS14S1,MISS14ST,5547,37.76862,-122.41993,,14TH ST,MISSION ST,FS,NE,BZ,0,1729767266000,15731669,147,9,POINT (-122.41993 37.76862),11/02/2024 08:47:21 PM,11/04/2024 09:42:39 AM,3,2,20,53,53
73919,Middle Point Rd&West Point Rd SW-FS,MDPTWPT3,MDPTWPTS,5504,37.73502,-122.37947,,WEST POINT RD,MIDDLE POINT RD,FS,SW,,0,1729767266000,15731494,147,10,POINT (-122.37947 37.73502),11/02/2024 08:47:21 PM,11/04/2024 09:42:39 AM,2,9,1,86,86
73874,Noe St&27th St SE-NS/PS,NOE 27S1,NOE 27ST,5733,37.746539999999996,-122.43132,,27TH ST,NOE ST,NS,SE,,0,1729767266000,15731385,147,8,POINT (-122.43132 37.74654),11/02/2024 08:47:21 PM,11/04/2024 09:42:39 AM,9,5,22,84,84
73061,Cortland Ave&Folsom St SW-NS/BZ,CORTFOL0,CORTFOLS,4154,37.73892,-122.41343,,FOLSOM ST,CORTLAND AVE,NS,SW,BZ,1,1729767266000,15728870,147,9,POINT (-122.41343 37.73892),11/02/2024 08:47:21 PM,11/04/2024 09:42:39 AM,9,2,2,83,83
72784,22nd St&Minnesota St SE-NS,22STMIN1,22STMINN,3437,37.757807,-122.39026799999999,,MINNESOTA ST,22ND ST,FS,SE,,0,1729767266000,15728068,147,10,POINT (-122.390268 37.757807),11/02/2024 08:47:21 PM,11/04/2024 09:42:39 AM,2,9,26,55,55
74939,Portola Dr&Claremont Blvd NE-NS,PORTCLAR,,7151,37.73985,-122.46504,,CLAREMONT AVE,PORTOLA ST,,,,0,1729767266000,15734726,147,7,POINT (-122.46504 37.73985),11/02/2024 08:47:21 PM,11/04/2024 09:42:39 AM,10,8,41,49,49
73891,Innes Ave&Earl St W-NS/PS,INESEAR0,INESEARL,5098,37.729869,-122.372134,,EARL ST,INNES AVE,NS,WE,,0,1729767266000,15731414,147,10,POINT (-122.372134 37.729869),11/02/2024 08:47:21 PM,11/04/2024 09:42:39 AM,2,9,1,78,78
72766,Broderick St&Bay St SE-NS/SB,BDRKBAY0,BDRKBAY,3072,37.801541,-122.44479799999999,,BAY ST,BRODERICK ST,NS,SE,,0,1729767266000,15727719,147,2,POINT (-122.444798 37.801541),11/02/2024 08:47:21 PM,11/04/2024 09:42:39 AM,4,6,13,17,17
72855,9th Ave&Kirkham St NW-NS/BZ,.9AVKIR0,9AVKIRK,3216,37.760407,-122.466149,,KIRKHAM ST,9TH AVE,NS,NW,BZ,1,1729767266000,15727876,147,7,POINT (-122.466149 37.760407),11/02/2024 08:47:21 PM,11/04/2024 09:42:39 AM,10,8,14,109,109
74934,Garfield St&Byxbee St SW-NS/SB,GARFBXB0,,7325,37.719584999999995,-122.469953,,BYXBEE ST,GARFIELD ST,,,,0,1729767266000,15734700,147,11,POINT (-122.469953 37.719585),11/02/2024 08:47:21 PM,11/04/2024 09:42:39 AM,10,1,24,64,64
72687,Balboa St&23RD Ave NE-NS/PS,BBOA23A0,BBOA23AV,3049,37.776469999999996,-122.48219,,23RD AVE,BALBOA ST,NS,NE,,0,1729767266000,15727353,147,1,POINT (-122.48219 37.77647),11/02/2024 08:47:21 PM,11/04/2024 09:42:39 AM,8,4,29,8,8
72892,Chestnut St&Fillmore St SW-NS/BZ,CHESFIL1,CHESFILL,3942,37.800737999999996,-122.436371,,FILLMORE ST,CHESTNUT ST,NS,SW,BZ,0,1729767266000,15728447,147,2,POINT (-122.436371 37.800738),11/02/2024 08:47:21 PM,11/04/2024 09:42:39 AM,4,6,13,17,17
72824,25th Ave&Fulton St NW-NS/PS,25AVFUL0,25AVFULT,3499,37.772689,-122.484295,,FULTON ST,25TH AVE,NS,NW,,0,1729767266000,15728166,147,1,POINT (-122.484295 37.772689),11/02/2024 08:47:21 PM,11/04/2024 09:42:39 AM,8,4,29,8,8
73345,Diamond St&24TH St SE-NS/PS,DIAM24SE,DIAM24ST,4371,37.751075,-122.436219,,24TH ST,DIAMOND ST,NS,SE,,0,1729767266000,15729334,147,8,POINT (-122.436219 37.751075),11/02/2024 08:47:21 PM,11/04/2024 09:42:39 AM,3,5,22,84,84
75294,Persia Ave&Prague St E-NS/SB,PERSPRA1,PERSPRAG,5920,37.718961,-122.427062,,PRAGUE ST,PERSIA AVE,NS,EA,,1,1729767266000,15733554,147,11,POINT (-122.427062 37.718961),11/02/2024 08:47:21 PM,11/04/2024 09:42:39 AM,9,1,7,90,90
74369,25th AVE & Dakota NS SW,25STDAK1,,7525,37.752348,-122.394695,,DAKOTA ST,25TH ST,,,,0,1729767266000,15738741,147,10,POINT (-122.394695 37.752348),11/02/2024 08:47:21 PM,11/04/2024 09:42:39 AM,2,9,1,54,54
74861,Point Lobos Ave&44th Ave NE-NS/SB,PTLO44A0,PTLO44AV,6111,37.779837,-122.50501,1,44TH AVE,POINT LOBOS AVE,NS,NE,,0,1729767266000,15736091,147,1,POINT (-122.50501 37.779837),11/02/2024 08:47:21 PM,11/04/2024 09:42:39 AM,8,4,29,6,6
75114,Vicente St&30th Ave SE-FS/BZ,VCTE30A1,VCTE30AV,6835,37.738765,-122.487131,,30TH AVE,VICENTE ST,FS,SE,BZ,1,1729767266000,15734882,147,4,POINT (-122.487131 37.738765),11/02/2024 08:47:21 PM,11/04/2024 09:42:39 AM,10,7,35,40,40
74495,19th Ave&Vicente St SW-FS/BZ,19AVVCT0,19AVVCTE,3399,37.73901,-122.47552999999999,1,VICENTE ST,19TH AVE,FS,SW,BZ,1,1729767266000,15734292,147,4,POINT (-122.47553 37.73901),11/02/2024 08:47:21 PM,11/04/2024 09:42:39 AM,10,7,35,40,40
73636,Lake Merced&Middlefield Dr SE-FS/SB,L M MID0,L M MIDF,4839,37.729441,-122.48629,,MIDDLEFIELD DR,LAKE MERCED BLVD,FS,SE,,0,1729767266000,15730128,147,7,POINT (-122.48629 37.729441),11/02/2024 08:47:21 PM,11/04/2024 09:42:39 AM,10,8,16,43,43
73239,23rd St&Kansas St SW-NS,23STKAN1,,3450,37.754447999999996,-122.402668,,KANSAS ST,23RD ST,,SW,,0,1729767266000,15729032,147,10,POINT (-122.402668 37.754448),11/02/2024 08:47:21 PM,11/04/2024 09:42:39 AM,2,9,26,54,54
72707,24th St&Noe St NE-NS/BZ,24STNOE0,24STNOE,3478,37.751511,-122.43177299999999,,NOE ST,24TH ST,NS,NE,BZ,0,1729767266000,15727469,147,8,POINT (-122.431773 37.751511),11/02/2024 08:47:21 PM,11/04/2024 09:42:39 AM,3,5,22,84,84
74222,Quintara St&27th Ave SW-NS/PS,QUIN27A1,QUIN27AV,6149,37.748219999999996,-122.48477,,27TH AVE,QUINTARA ST,NS,SW,FL,1,1729767266000,15732659,147,4,POINT (-122.48477 37.74822),11/02/2024 08:47:21 PM,11/04/2024 09:42:39 AM,10,7,35,40,40
74182,Jackson St&Divisadero St NE-NS/PS,JACKDIV0,JACKDIVI,5145,37.791723999999995,-122.440888,,DIVISADERO ST,JACKSON ST,NS,NE,,0,1729767266000,15732895,147,2,POINT (-122.440888 37.791724),11/02/2024 08:47:21 PM,11/04/2024 09:42:39 AM,4,6,30,102,102
72957,33rd Ave&Anza St NW-NS/SB,33AVANZ0,33AVANZA,3551,37.777861,-122.49324899999999,1,ANZA ST,33RD AVE,NS,NW,,0,1729767266000,15728245,147,1,POINT (-122.493249 37.777861),11/02/2024 08:47:21 PM,11/04/2024 09:42:39 AM,8,4,29,8,8
75289,Polk St&Washington St W-MB/BB,POLKWAS0,POLKWASH,6007,37.793695,-122.421411,,WASHINGTON ST,POLK ST,MB,WE,BB,0,1729767266000,15733540,147,3,POINT (-122.421411 37.793695),11/02/2024 08:47:21 PM,11/04/2024 09:42:39 AM,4,3,32,105,105
75096,Lincoln Way&31st Ave NW-FS/BZ,LWAY31A0,LWAY31AV,5320,37.764942999999995,-122.490422,,31ST AVE,LINCOLN WY,FS,NW,BZ,0,1729767266000,15733300,147,4,POINT (-122.490422 37.764943),11/02/2024 08:47:21 PM,11/04/2024 09:42:39 AM,10,4,12,9,9
72803,46th Ave&Kirkham St SE-NS/PS,46AVKIR1,46AVKIRK,3579,37.758485,-122.505716,,KIRKHAM ST,46TH AVE,NS,SE,,0,1729767266000,15728121,147,4,POINT (-122.505716 37.758485),11/02/2024 08:47:21 PM,11/04/2024 09:42:39 AM,10,7,35,39,39
74819,Powell St&Beach St SE-NS/BZ,POWLBEC1,POWLBECH,7038,37.807639,-122.41214099999999,1,STOCKTON ST,BEACH ST,NS,SE,BZ,0,1729767266000,15733074,147,3,POINT (-122.412141 37.807639),11/02/2024 08:47:21 PM,11/04/2024 09:42:39 AM,6,3,23,99,99
73428,Eddy St&Divisadero St SE-FS/BZ,EDDYDIV1,EDDYDIVI,4474,37.780546,-122.438759,,DIVISADERO ST,EDDY ST,FS,SE,BZ,0,1729767266000,15729972,147,5,POINT (-122.438759 37.780546),11/02/2024 08:47:21 PM,11/04/2024 09:42:39 AM,4,11,39,97,97
74923,Turk St&Lyon St SW-NS/SB,TURKLYO1,TURKLYON,6723,37.778957999999996,-122.443791,,LYON ST,TURK BLVD,NS,SW,,0,1729767266000,15734646,147,2,POINT (-122.443791 37.778958),11/02/2024 08:47:21 PM,11/04/2024 09:42:39 AM,7,11,18,97,97
73280,Fulton St&Great Hwy NE-NS/SB,FULTGHW0,FULTGHWY,4227,37.771421,-122.510792,,GREAT HWY,FULTON ST,NS,NE,,0,1729767266000,15729561,147,1,POINT (-122.510792 37.771421),11/02/2024 08:47:21 PM,11/04/2024 09:42:39 AM,8,4,29,8,8
75346,Clement St&Legion Of Honor Dr NE-NS,CLMTLHO1,CLMTLHON,4069,37.781644,-122.49439699999999,,LEGION OF HONOR DR,CLEMENT ST,NS,NE,,0,1729767266000,15736609,147,1,POINT (-122.494397 37.781644),11/02/2024 08:47:21 PM,11/04/2024 09:42:39 AM,8,4,17,8,8
72832,Van Ness Ave&Eddy St NS-S/SI,V N EDD3,,8090,37.782854,-122.420785,,EDDY ST,VAN NESS AVE,,,,0,1729767266000,15728198,147,5,POINT (-122.420785 37.782854),11/02/2024 08:47:21 PM,11/04/2024 09:42:39 AM,4,10,36,20,20
74348,Eddy St&Laguna St SE-FS/BZ,EDDYLGN1,EDDYLGNA,4485,37.782016999999996,-122.427227,,LAGUNA ST,EDDY ST,FS,SE,BZ,0,1729767266000,15737205,147,5,POINT (-122.427227 37.782017),11/02/2024 08:47:21 PM,11/04/2024 09:42:39 AM,4,11,39,100,100
73442,Evans Ave&Middle Point Rd W-NS/SB,EVANMDP0,EVANMDPT,4552,37.737671999999996,-122.379252,,MIDDLE POINT RD,EVANS AVE,NS,WE,,0,1729767266000,15730013,147,10,POINT (-122.379252 37.737672),11/02/2024 08:47:21 PM,11/04/2024 09:42:39 AM,2,9,1,86,86
75766,Quintara St&27th Ave NE-NS/PS,QUIN27A0,QUIN27AV,6148,37.74832,-122.48458,,27TH AVE,QUINTARA ST,NS,NE,FL,0,1729767266000,15735489,147,4,POINT (-122.48458 37.74832),11/02/2024 08:47:21 PM,11/04/2024 09:42:39 AM,10,7,35,39,39
75785,24th St&Guerrero St SW-NS/BZ,24STGUE1,24STGUER,3472,37.751911,-122.422985,,GUERRERO ST,24TH ST,NS,SW,BZ,1,1729767266000,15738507,147,8,POINT (-122.422985 37.751911),11/02/2024 08:47:21 PM,11/04/2024 09:42:39 AM,3,5,20,52,52
73331,Eddy St&Taylor St S-MB/BZ,EDDYTAY1,EDDYTAYL,4493,37.784172,-122.410135,,MASON ST,EDDY ST,FS,SE,BZ,0,1729767266000,15729679,147,5,POINT (-122.410135 37.784172),11/02/2024 08:47:21 PM,11/04/2024 09:42:39 AM,5,10,36,20,20
74436,Winston Dr&Buckingham Way NW-NS/BZ,WINSBUC0,WINSBUCK,6953,37.728294,-122.478929,,BUCKINGHAM WAY,WINSTON DR,NS,NW,BZ,1,1729767266000,15737331,147,7,POINT (-122.478929 37.728294),11/02/2024 08:47:21 PM,11/04/2024 09:42:39 AM,10,8,16,41,41
72720,24th St&Castro St SE-FS/BZ,24STCTR1,24STCTRO,3463,37.751262,-122.433939,,CASTRO ST,24TH ST,FS,SE,BZ,1,1729767266000,15727508,147,8,POINT (-122.433939 37.751262),11/02/2024 08:47:21 PM,11/04/2024 09:42:39 AM,3,5,22,84,84
75536,North Point St&Larkin St NE-NS/BZ,N.PTLAR0,N.PTLARK,5464,37.805589999999995,-122.42188999999999,1,LARKIN ST,NORTH POINT ST,NS,NE,BZ,0,1729767266000,15735253,147,2,POINT (-122.42189 37.80559),11/02/2024 08:47:21 PM,11/04/2024 09:42:39 AM,6,6,32,98,98
72699,19th Ave&Lawton St NE-FS/BB,19AVLAW1,19AVLAWT,3368,37.758075999999996,-122.47663299999999,1,LAWTON ST,19TH AVE,NS,SE,BZ,0,1729767266000,15727401,147,7,POINT (-122.476633 37.758076),11/02/2024 08:47:21 PM,11/04/2024 09:42:39 AM,10,8,14,44,44
75720,Rhode Island St&22nd St SW-FS/SB,R IS22S0,R IS22ST,6196,37.756884,-122.401911,,22ND ST,RHODE ISLAND ST,FS,SW,,0,1729767266000,15733890,147,10,POINT (-122.401911 37.756884),11/02/2024 08:47:21 PM,11/04/2024 09:42:39 AM,2,9,26,54,54
72841,30th St&Sanchez St NE-NS/BZ,30STSNC1,30STSNCZ,3543,37.74202,-122.4286,,SANCHEZ ST,30TH ST,NS,NE,BZ,0,1729767266000,15728229,147,8,POINT (-122.4286 37.74202),11/02/2024 08:47:21 PM,11/04/2024 09:42:39 AM,9,5,22,84,84
73152,Castro St&18TH St SW-FS/BB,CTRO18S0,CTRO18ST,4315,37.760863,-122.435048,,18TH ST,CASTRO ST,FS,SW,BB,0,1729767266000,15729176,147,8,POINT (-122.435048 37.760863),11/02/2024 08:47:21 PM,11/04/2024 09:42:39 AM,3,5,5,38,38
73330,Eddy St&Scott St SW-NS/PS,EDDYSCO1,EDDYSCOT,4492,37.780724,-122.43736,,SCOTT ST,EDDY ST,NS,SW,,0,1729767266000,15729677,147,5,POINT (-122.43736 37.780724),11/02/2024 08:47:21 PM,11/04/2024 09:42:39 AM,4,11,39,97,97
74770,Polk St&Pine St NE-FS/BZ,POLKPIN1,POLKPINE,5995,37.789769,-122.420427,,CALIFORNIA ST,POLK ST,FS,SE,BZ,0,1729767266000,15736042,147,3,POINT (-122.420427 37.789769),11/02/2024 08:47:21 PM,11/04/2024 09:42:39 AM,4,3,21,105,105
74349,Eddy St&Scott St NE-NS/PS,EDDYSCO0,EDDYSCOT,4491,37.780876,-122.437165,,SCOTT ST,EDDY ST,NS,NE,,0,1729767266000,15737207,147,5,POINT (-122.437165 37.780876),11/02/2024 08:47:21 PM,11/04/2024 09:42:39 AM,4,11,39,97,97
74907,Van Ness Ave&Union St NS-N/SI,V N UNI2,,8097,37.798576,-122.424035,,UNION ST,VAN NESS AVE,,,,0,1729767266000,15733136,147,3,POINT (-122.424035 37.798576),11/02/2024 08:47:21 PM,11/04/2024 09:42:39 AM,4,6,13,15,15
73982,Mission St&Appleton Ave E-FS/BZ,MISSAPT1,MISSAPTN,5577,37.738867,-122.42387099999999,,APPLETON AVE,MISSION ST,FS,EA,BZ,0,1729767266000,15731625,147,9,POINT (-122.423871 37.738867),11/02/2024 08:47:21 PM,11/04/2024 09:42:39 AM,9,2,2,61,61
72703,19th Ave&Quintara St SE-NS/BZ,19AVQUI1,19AVQUIN,3383,37.748529999999995,-122.47590000000001,1,QUINTARA ST,19TH AVE,NS,SE,BZ,1,1729767266000,15727445,147,7,POINT (-122.4759 37.74853),11/02/2024 08:47:21 PM,11/04/2024 09:42:39 AM,10,8,41,44,44
72642,4th St&Folsom St NS N_PS,.4STFOL1,4STFOLS,3158,37.782081,-122.401333,1,FOLSOM ST,04TH ST,FS,SO,BZ,0,1729767266000,15727747,147,6,POINT (-122.401333 37.782081),11/02/2024 08:47:21 PM,11/04/2024 09:42:39 AM,1,10,34,32,32
75879,Lake Merced & Lakeshore N-NS/SB,L M LKS1,,7852,37.729492,-122.49409,,SUNSET BLVD,LAKE MERCED BLVD,,,,0,1729767266000,15739163,147,4,POINT (-122.49409 37.729492),11/02/2024 08:47:21 PM,11/04/2024 09:42:39 AM,10,8,35,43,43
74779,Gilman Ave&Bill Walsh Way W-NS/SB,GLMNBWSH,PLYMBROD,5955,37.717501999999996,-122.38699,,GIANTS DR,GILMAN AVE,NS,NW,,0,1729767266000,15737546,147,10,POINT (-122.38699 37.717502),11/02/2024 08:47:21 PM,11/04/2024 09:42:39 AM,2,9,1,88,88
73338,Columbus Ave&North Point St E-MB/BZ,COLMNPT0,COLMBAY,4116,37.80549,-122.41758899999999,,NORTH POINT ST,COLUMBUS AVE,MB,NE,BZ,0,1729767266000,15729322,147,3,POINT (-122.417589 37.80549),11/02/2024 08:47:21 PM,11/04/2024 09:42:39 AM,6,3,23,99,99
75012,Gilman Ave&Jennings St E-NS/PS,GLMNJEN1,GLMNJENN,4786,37.721413,-122.393595,,JENNINGS ST,GILMAN AVE,NS,EA,,0,1729767266000,15733212,147,10,POINT (-122.393595 37.721413),11/02/2024 08:47:21 PM,11/04/2024 09:42:39 AM,2,9,1,88,88
73058,Cortland Ave&Bayshore Blvd SW-NS/BZ,CORTBSH1,CORTBSHR,4148,37.739567,-122.407031,,CORTLAND AVE,BAY SHORE BLVD,NS,SW,BZ,1,1729767266000,15728866,147,10,POINT (-122.407031 37.739567),11/02/2024 08:47:21 PM,11/04/2024 09:42:39 AM,2,2,2,82,82
75243,Stockton St&Pacific Ave W-MB/BB,STOKPAC1,STOKPACF,6521,37.79716,-122.40862,,PACIFIC AVE,STOCKTON ST,MB,WE,BB,1,1729767266000,15736552,147,3,POINT (-122.40862 37.79716),11/02/2024 08:47:21 PM,11/04/2024 09:42:39 AM,6,3,6,104,104
75067,O'Farrell St&Taylor St S-MB/BB,OFARTAY1,,7301,37.785849999999996,-122.41198,1,TAYLOR ST,OFARRELL ST,,,,0,1729767266000,15736294,147,5,POINT (-122.41198 37.78585),11/02/2024 08:47:21 PM,11/04/2024 09:42:39 AM,5,10,36,20,20
74836,Van Ness Ave&Vallejo St FS-N/SI,V N VAJ3,,8095,37.796800999999995,-122.42360000000001,,GREEN ST,VAN NESS AVE,,,,0,1729767266000,15734578,147,3,POINT (-122.4236 37.796801),11/02/2024 08:47:21 PM,11/04/2024 09:42:39 AM,4,6,32,105,105
74003,Mission St&20th St NE-FS/BZ,MISS20S1,MISS20ST,5557,37.75911,-122.41902,,20TH ST,MISSION ST,FS,NE,BZ,1,1729767266000,15731682,147,9,POINT (-122.41902 37.75911),11/02/2024 08:47:21 PM,11/04/2024 09:42:39 AM,3,2,20,53,53
74719,Van Ness Ave&Jackson St NS-N/SI,V N JAC2,,8099,37.793963,-122.423096,,JACKSON ST,VAN NESS AVE,,,,0,1729767266000,15739113,147,3,POINT (-122.423096 37.793963),11/02/2024 08:47:21 PM,11/04/2024 09:42:39 AM,4,6,30,102,102
75885,Cross Over Dr&Lincoln St NE-FS/SB,XOVRLWAY,,7758,37.765544,-122.477243,1,LINCOLN WY,CROSS OVER DR,,,,0,1729767266000,15739170,147,7,POINT (-122.477243 37.765544),11/02/2024 08:47:21 PM,11/04/2024 09:42:39 AM,8,11,12,9,9
73468,Geary Blvd&45TH Ave SW-NS/PS,GEAR45A1,GEAR45AV,4286,37.779043,-122.506259,1,45TH AVE,GEARY BLVD,NS,SW,,0,1729767266000,15729704,147,1,POINT (-122.506259 37.779043),11/02/2024 08:47:21 PM,11/04/2024 09:42:39 AM,8,4,29,6,6
74728,Mason St - Tunnel Tops Park FS SE/PS,MASNHLC1,,8027,37.804145999999996,-122.454418,,OLD MASON ST,MASON ST,,,,0,1729767266000,15739132,147,2,POINT (-122.454418 37.804146),11/02/2024 08:47:21 PM,11/04/2024 09:42:39 AM,,6,27,3,3
72891,Chestnut St&Fillmore St NE-NS/BZ,CHESFIL0,CHESFILL,3941,37.800844999999995,-122.436245,,WEBSTER ST,CHESTNUT ST,NS,NE,BZ,1,1729767266000,15728444,147,2,POINT (-122.436245 37.800845),11/02/2024 08:47:21 PM,11/04/2024 09:42:39 AM,4,6,13,17,17
74960,Kansas St&23rd St IB SE-NS/BZ,KANS23S1,KANS23ST,5227,37.75443,-122.402485,,23RD ST,KANSAS ST,NS,SE,BZ,1,1729767266000,15736250,147,10,POINT (-122.402485 37.75443),11/02/2024 08:47:21 PM,11/04/2024 09:42:39 AM,2,9,26,54,54
75222,Paul Ave&Bayshore Blvd NE-NS/PS,PAULBSH1,PAULBSHR,5899,37.723647,-122.40059099999999,,BAY SHORE BLVD,PAUL AVE,NS,NE,,0,1729767266000,15736471,147,10,POINT (-122.400591 37.723647),11/02/2024 08:47:21 PM,11/04/2024 09:42:39 AM,2,9,1,86,86
75077,25th Ave&Clement St SE-NS/BZ,25AVCLM1,25AVCLMT,3496,37.781951,-122.484712,,25TH AVE,CLEMENT ST,NS,SE,BZ,0,1729767266000,15736345,147,1,POINT (-122.484712 37.781951),11/02/2024 08:47:21 PM,11/04/2024 09:42:39 AM,8,4,29,8,8
72757,Balboa St&32ND Ave NE-NS/PS,BBOA32A0,BBOA32AV,3057,37.776024,-122.491838,,32ND AVE,BALBOA ST,NS,NE,,0,1729767266000,15727697,147,1,POINT (-122.491838 37.776024),11/02/2024 08:47:21 PM,11/04/2024 09:42:39 AM,8,4,29,8,8
74959,Lombard St & Gough St SE-NS/BZ,LOMBGOUH,,7787,37.800861,-122.42768,1,GOUGH ST,LOMBARD ST,,,,0,1729767266000,15736240,147,2,POINT (-122.42768 37.800861),11/02/2024 08:47:21 PM,11/04/2024 09:42:39 AM,4,6,13,15,15
73877,Noe St&29th St SE-NS/PS,NOE 29S1,NOE 29ST,5737,37.743300000000005,-122.43104,,29TH ST,NOE ST,NS,SE,,1,1729767266000,15731388,147,8,POINT (-122.43104 37.7433),11/02/2024 08:47:21 PM,11/04/2024 09:42:39 AM,9,5,22,84,84
74574,D.C. Bart Parking Lot E-MB/BZ,BARTDELO,,7925,37.705968999999996,-122.468769,,WEST STATION RD,BART ACCESS RD,,,,0,1729767266000,15738937,147,,POINT (-122.468769 37.705969),11/02/2024 08:47:21 PM,11/04/2024 09:42:39 AM,,,,,
73443,Evans Ave&Mendell St S-FS/BZ,EVANMEN0,EVANMEND,4553,37.740699,-122.384507,,MENDELL ST,EVANS AVE,FS,SO,,0,1729767266000,15730016,147,10,POINT (-122.384507 37.740699),11/02/2024 08:47:21 PM,11/04/2024 09:42:39 AM,2,9,1,86,86
72863,3rd St&Bryant St N-FS/BZ,.3STBRY1,3STPERY,3144,37.781651,-122.396198,,BRYANT ST,03RD ST,FS,NO,BZ,1,1729767266000,15727926,147,6,POINT (-122.396198 37.781651),11/02/2024 08:47:21 PM,11/04/2024 09:42:39 AM,1,10,8,32,32
74305,Rivera St&37th Ave SW-NS,RVRA37A1,RVRA37AV,6245,37.74585,-122.49536,,37TH AVE,RIVERA ST,NS,SW,,0,1729767266000,15734119,147,4,POINT (-122.49536 37.74585),11/02/2024 08:47:21 PM,11/04/2024 09:42:39 AM,10,7,35,39,39
75818,Van Ness Ave&Bush St NS-S/SI,V N BUS3,,8092,37.788449,-122.421918,,BUSH ST,VAN NESS AVE,,,,0,1729767266000,15733964,147,3,POINT (-122.421918 37.788449),11/02/2024 08:47:21 PM,11/04/2024 09:42:39 AM,4,6,21,50,50
73853,Junipero Serra Blvd&Palmetto Av FS,J S PAL2,J S PALM,5140,37.71091,-122.47099,1,PALMETTO AVE,JUNIPERO SERRA BLVD,FS,NE,FL,0,1729767266000,15730904,147,7,POINT (-122.47099 37.71091),11/02/2024 08:47:21 PM,11/04/2024 09:42:39 AM,10,8,24,65,65
73890,Innes Ave&Earl St E-NS/SB,INESEAR1,INESEARL,5097,37.729878,-122.371871,,HORNE AVE,INNES AVE,NS,EA,,0,1729767266000,15731413,147,10,POINT (-122.371871 37.729878),11/02/2024 08:47:21 PM,11/04/2024 09:42:39 AM,2,9,1,78,78
74586,Quintra St&43rd Ave NE-NS/SB,QUIN43F0,,7885,37.747583999999996,-122.501583,,43RD AVE,QUINTARA ST,,,,0,1729767266000,15738961,147,4,POINT (-122.501583 37.747584),11/02/2024 08:47:21 PM,11/04/2024 09:42:39 AM,10,7,35,39,39
74054,Lincoln Way&27th Ave NW-FS/BZ,LWAY27A0,LWAY27AV,5316,37.765131,-122.486136,,27TH AVE,LINCOLN WY,FS,NW,BZ,0,1729767266000,15731843,147,4,POINT (-122.486136 37.765131),11/02/2024 08:47:21 PM,11/04/2024 09:42:39 AM,10,4,12,9,9
73133,Townsend & 4th E-FS/BZ,TOWN.4ST,,7235,37.777277999999995,-122.394631,,4TH ST,TOWNSEND ST,,EA,,0,1729767266000,15729121,147,6,POINT (-122.394631 37.777278),11/02/2024 08:47:21 PM,11/04/2024 09:42:39 AM,1,10,4,34,34
74862,Portola Dr&Glenview Dr SE-FS/SB,PORTGLV1,PORTGLVW,6112,37.746359999999996,-122.44764,1,GLENVIEW DR,PORTOLA DR,FS,SE,FL,0,1729767266000,15736094,147,8,POINT (-122.44764 37.74636),11/02/2024 08:47:21 PM,11/04/2024 09:42:39 AM,9,5,10,57,57
74438,Winston Dr&Lake Merced Blvd SE-FS/BZ,WINSL M3,WINSL M,6955,37.726979,-122.48331,,LAKE MERCED BLVD,WINSTON DR,FS,SE,BZ,0,1729767266000,15737340,147,7,POINT (-122.48331 37.726979),11/02/2024 08:47:21 PM,11/04/2024 09:42:39 AM,10,8,16,42,42
73066,De Haro St&Mariposa St SE-NS/SB,DHROMAR1,DHROMARI,4357,37.763504,-122.40136799999999,,MARIPOSA ST,DE HARO ST,NS,SE,,0,1729767266000,15728877,147,10,POINT (-122.401368 37.763504),11/02/2024 08:47:21 PM,11/04/2024 09:42:39 AM,2,9,26,54,54
73610,Fitzgerald Ave&Keith St S-FS/BZ,FITZKET0,FITZKETH,4648,37.722895,-122.394842,,KEITH ST,FITZGERALD AVE,FS,SO,BZ,1,1729767266000,15730311,147,10,POINT (-122.394842 37.722895),11/02/2024 08:47:21 PM,11/04/2024 09:42:39 AM,2,9,1,88,88
75804,Ocean Ave&Otsego Ave NE-NS/BZ,OCENOTSE,,7638,37.723433,-122.440816,,OTSEGO AVE,OCEAN AVE,,,,0,1729767266000,15738569,147,11,POINT (-122.440816 37.723433),11/02/2024 08:47:21 PM,11/04/2024 09:42:39 AM,9,1,28,94,94
75859,Winston Dr&20th Ave NE-NS/BZ,WINS20A0,WINS20AV,6950,37.727017,-122.475922,,20TH AVE,WINSTON DR,NS,NE,,0,1729767266000,15737056,147,7,POINT (-122.475922 37.727017),11/02/2024 08:47:21 PM,11/04/2024 09:42:39 AM,10,8,16,41,41
74724,Van Ness Ave&McAllister St NS-N/SI,V N MAC2,,8104,37.780097,-122.420304,,MCALLISTER ST,VAN NESS AVE,,,,0,1729767266000,15739123,147,5,POINT (-122.420304 37.780097),11/02/2024 08:47:21 PM,11/04/2024 09:42:39 AM,4,11,39,21,21
74726,5th Street&Natoma Ave N-FS/BZ,.5STNTMA,,8011,37.782064999999996,-122.405517,,NATOMA ST,05TH ST,,,,0,1729767266000,15739129,147,6,POINT (-122.405517 37.782065),11/02/2024 08:47:21 PM,11/04/2024 09:42:39 AM,1,10,34,32,32
75802,19th Ave& Winston Dr NW-NS/SB,19AVWIN2,,7448,37.727258,-122.475098,1,WINSTON DR,19TH AVE,,,,0,1729767266000,15738552,147,7,POINT (-122.475098 37.727258),11/02/2024 08:47:21 PM,11/04/2024 09:42:39 AM,10,8,16,41,41
73452,Geary Blvd&Webster St NE-NS/BZ,GEARWEB0,GEARWEBS,4769,37.784641,-122.431021,1,WEBSTER ST,GEARY BLVD,NS,NE,BZ,0,1729767266000,15730032,147,5,POINT (-122.431021 37.784641),11/02/2024 08:47:21 PM,11/04/2024 09:42:39 AM,4,11,39,101,101
73848,Mission St&13th St NE-FS/BZ,MISS13S1,MISS13ST,5546,37.770469999999996,-122.41978,,13TH ST,MISSION ST,FS,NE,BZ,1,1729767266000,15730883,147,6,POINT (-122.41978 37.77047),11/02/2024 08:47:21 PM,11/04/2024 09:42:39 AM,1,10,20,32,32
74178,Geary Blvd&6TH Ave NE-FS/BB,GEAR 6A0,GEAR 6AV,4257,37.781107999999996,-122.464125,1,06TH AVE,GEARY BLVD,FS,NE,BB,0,1729767266000,15732880,147,1,POINT (-122.464125 37.781108),11/02/2024 08:47:21 PM,11/04/2024 09:42:39 AM,8,4,11,5,5
75438,Mansell St&Goettingen St S-NS/PS,MANSGOT0,MANSGOTT,5341,37.720676999999995,-122.404098,,GOETTINGEN ST,MANSELL ST,NS,SO,,0,1729767266000,15735140,147,9,POINT (-122.404098 37.720677),11/02/2024 08:47:21 PM,11/04/2024 09:42:39 AM,2,2,25,91,91
72868,19th Ave&Irving St NW-NS/BB,19AVIRV0,19AVIRVG,3359,37.76368,-122.47731,1,IRVING ST,19TH AVE,NS,NW,BZ,1,1729767266000,15727962,147,4,POINT (-122.47731 37.76368),11/02/2024 08:47:21 PM,11/04/2024 09:42:39 AM,10,7,35,39,39
75762,Sunnydale Ave&Sawyer St SW-NS/PS,SUNYSAW0,SUNYSAWY,6580,37.71163,-122.41521,,SAWYER ST,SUNNYDALE AVE,NS,SW,,0,1729767266000,15735483,147,10,POINT (-122.41521 37.71163),11/02/2024 08:47:21 PM,11/04/2024 09:42:39 AM,9,9,40,75,75
73162,Geary Blvd&28TH Ave NE-NS/BZ,GEAR28A0,GEAR28AV,4271,37.780004999999996,-122.487806,1,28TH AVE,GEARY BLVD,NS,NE,BZ,0,1729767266000,15729201,147,1,POINT (-122.487806 37.780005),11/02/2024 08:47:21 PM,11/04/2024 09:42:39 AM,8,4,29,8,8
73376,Evans Ave&USPO NE-MB/BZ,EVANUSP1,EVANUSPO,4558,37.740003,-122.38297299999999,,US POST OFFICE,EVANS AVE,MB,NE,BZ,0,1729767266000,15729439,147,10,POINT (-122.382973 37.740003),11/02/2024 08:47:21 PM,11/04/2024 09:42:39 AM,2,9,1,76,76
75036,Wilde Ave&Goettingen St NW-FS/PS,WILDGOT1,WILDGOTT,6949,37.716286,-122.40230199999999,,WILDE AVE,GOETTINGEN ST,NS,SW,,0,1729767266000,15734730,147,10,POINT (-122.402302 37.716286),11/02/2024 08:47:21 PM,11/04/2024 09:42:39 AM,9,9,40,75,75
74828,Sunnydale Ave&Cora St SE-FS/PS,SUNYCOR0,SUNYCORA,6570,37.709959999999995,-122.40937,1,CORA ST,SUNNYDALE AVE,FS,NO,,0,1729767266000,15734560,147,10,POINT (-122.40937 37.70996),11/02/2024 08:47:21 PM,11/04/2024 09:42:39 AM,9,9,40,75,75
72810,24th St&Dolores St SW-NS/BZ,24STDLR1,24STDLRS,3467,37.751787,-122.425265,,DOLORES ST,24TH ST,NS,SW,BZ,0,1729767266000,15728130,147,8,POINT (-122.425265 37.751787),11/02/2024 08:47:21 PM,11/04/2024 09:42:39 AM,3,5,22,52,52
72641,Balboa St&4TH Ave SW-NS/BZ,BBOA 4A1,BBOA 4AV,3033,37.777262,-122.461969,,4TH AVE,BALBOA ST,NS,SW,BZ,1,1729767266000,15727746,147,1,POINT (-122.461969 37.777262),11/02/2024 08:47:21 PM,11/04/2024 09:42:39 AM,8,4,11,5,5
75537,North Point St&Mason St NW-FS/BZ,N.PTMAS1,N.PTMASN,5466,37.80656,-122.41424,1,MASON ST,NORTH POINT ST,FS,NW,BZ,1,1729767266000,15735266,147,3,POINT (-122.41424 37.80656),11/02/2024 08:47:21 PM,11/04/2024 09:42:39 AM,6,3,23,99,99
73830,Lombard St&Fillmore St NW-FS/BZ,LOMBFIL0,LOMBFILL,5275,37.799845,-122.436268,,FILLMORE ST,LOMBARD ST,NS,NE,BZ,0,1729767266000,15730825,147,2,POINT (-122.436268 37.799845),11/02/2024 08:47:21 PM,11/04/2024 09:42:39 AM,4,6,13,17,17
73324,Eddy St&Leavenworth St SE-FS/BZ,EDDYLEA1,EDDYLEAV,4483,37.783682,-122.41396399999999,,LEAVENWORTH ST,EDDY ST,FS,SE,BZ,1,1729767266000,15729663,147,5,POINT (-122.413964 37.783682),11/02/2024 08:47:21 PM,11/04/2024 09:42:39 AM,5,10,36,20,20
72734,15th Ave&Noriega St SW-FS/PS,15AVNOR0,15AVNORI,3262,37.75411,-122.47217,,NORIEGA ST,15TH AVE,FS,SW,FL,0,1729767266000,15727552,147,7,POINT (-122.47217 37.75411),11/02/2024 08:47:21 PM,11/04/2024 09:42:39 AM,10,8,14,44,44
74216,Quintara St&22nd Ave NE-NS/SB,QUIN22A0,QUIN22AV,6142,37.74855,-122.47917,,22ND AVE,QUINTARA ST,NS,NE,FL,0,1729767266000,15732639,147,4,POINT (-122.47917 37.74855),11/02/2024 08:47:21 PM,11/04/2024 09:42:39 AM,10,7,35,39,39
74569,Clipper St&Douglass St. FS NW/SB,CLIPDOU0,,8034,37.748728,-122.43843,,DOUGLASS ST,CLIPPER ST,,,,0,1729767266000,15738931,147,8,POINT (-122.43843 37.748728),11/02/2024 08:47:21 PM,11/04/2024 09:42:39 AM,3,5,22,51,51
74007,Mission St&26th St NE-FS/BZ,MISS26S1,MISS26ST,5567,37.74951,-122.41810000000001,,26TH ST,MISSION ST,FS,NE,BZ,0,1729767266000,15731693,147,9,POINT (-122.4181 37.74951),11/02/2024 08:47:21 PM,11/04/2024 09:42:39 AM,3,2,20,53,53
73547,La Playa St&Fulton St NE-FS/BZ,LAPLFUL0,LAPLFULT,4844,37.77169,-122.50984,,FULTON ST,LA PLAYA ST,FS,NE,BZ,0,1729767266000,15730199,147,1,POINT (-122.50984 37.77169),11/02/2024 08:47:21 PM,11/04/2024 09:42:39 AM,8,4,29,8,8
75385,Broderick St&Beach St SE-NS/SB,BDRKBEC0,BDRKBECH,3074,37.803415,-122.445176,,BEACH ST,BRODERICK ST,NS,SE,,0,1729767266000,15738184,147,2,POINT (-122.445176 37.803415),11/02/2024 08:47:21 PM,11/04/2024 09:42:39 AM,4,6,13,17,17
73114,30th St&Dolores St NE-NS/PS,30STDLR1,30STDLRS,3537,37.742304,-122.424026,,DOLORES ST,30TH ST,NS,NE,BZ,0,1729767266000,15728688,147,8,POINT (-122.424026 37.742304),11/02/2024 08:47:21 PM,11/04/2024 09:42:39 AM,9,5,22,84,84
73149,Castro St&16TH St NW-NS/SB,CTRO16S0,CTRO16ST,4312,37.764269999999996,-122.43544,,16TH ST,CASTRO ST,NS,NW,,0,1729767266000,15729173,147,8,POINT (-122.43544 37.76427),11/02/2024 08:47:21 PM,11/04/2024 09:42:39 AM,7,5,5,113,113
75341,Turk St&Parker Ave SW-NS/BZ,TURKPRK1,TURKPRKR,6728,37.777754,-122.453476,,PARKER AVE,TURK BLVD,NS,SW,BZ,1,1729767266000,15736598,147,1,POINT (-122.453476 37.777754),11/02/2024 08:47:21 PM,11/04/2024 09:42:39 AM,7,4,18,12,12
73682,Mansell St&Somerset St W-FS/PS,MANSSOM1,MANSSOME,5352,37.720569999999995,-122.405152,,SOMERSET ST,MANSELL ST,FS,WE,,1,1729767266000,15730624,147,9,POINT (-122.405152 37.72057),11/02/2024 08:47:21 PM,11/04/2024 09:42:39 AM,2,9,25,91,91
72675,17th Ave&Rivera St NW-NS,17AVRVR1,17AVRVRA,3304,37.74698,-122.47391,,RIVERA ST,17TH AVE,NS,NW,,1,1729767266000,15727828,147,7,POINT (-122.47391 37.74698),11/02/2024 08:47:21 PM,11/04/2024 09:42:39 AM,10,8,41,44,44
73492,Divisadero St&Beach St NW-NS/SB,DIVIBEC0,DIVIBECH,4407,37.803771999999995,-122.443697,,BEACH ST,DIVISADERO ST,NS,NW,,0,1729767266000,15729746,147,2,POINT (-122.443697 37.803772),11/02/2024 08:47:21 PM,11/04/2024 09:42:39 AM,4,6,13,17,17
74244,15th Ave&Ortega St NW-NS/PS,15AVORT0,15AVORTG,3263,37.75268,-122.47206,,ORTEGA ST,15TH AVE,NS,NW,FL,0,1729767266000,15732735,147,7,POINT (-122.47206 37.75268),11/02/2024 08:47:21 PM,11/04/2024 09:42:39 AM,10,8,14,44,44
74722,Van Ness Ave&O'Farrell St NS-N/SI,V N OFA2,,8102,37.784782,-122.42120800000001,,OFARRELL ST,VAN NESS AVE,,,,0,1729767266000,15739119,147,5,POINT (-122.421208 37.784782),11/02/2024 08:47:21 PM,11/04/2024 09:42:39 AM,4,11,36,20,20
73754,Golden Gate Br. Parking Lot N-NS/SB,GGBR LON,GGBR LOT,4773,37.807561,-122.47502399999999,,,TOLL PLAZA TUNNEL,NS,NO,FL,0,1729767266000,15730549,147,2,POINT (-122.475024 37.807561),11/02/2024 08:47:21 PM,11/04/2024 09:42:39 AM,,6,27,3,3
75585,Grafton Ave&Capitol Ave SW-NS/PS,GRAFCAP0,GRAFCAPI,4908,37.719953,-122.45929,,CAPITOL AVE,GRAFTON AVE,NS,SW,,0,1729767266000,15738377,147,11,POINT (-122.45929 37.719953),11/02/2024 08:47:21 PM,11/04/2024 09:42:39 AM,10,1,24,64,64
75393,Castro St&23RD St W-MI/SB,CTRO23S0,CTRO23ST,4325,37.752894999999995,-122.434316,,23RD ST,CASTRO ST,MI,WE,,0,1729767266000,15738205,147,8,POINT (-122.434316 37.752895),11/02/2024 08:47:21 PM,11/04/2024 09:42:39 AM,3,5,22,84,84
75421,Stockton St&Geary St NW-NS/SI,STOKGEA0,STOKGEAR,6516,37.787704,-122.406729,1,GEARY ST,STOCKTON ST,MI,NW,SI,0,1729767266000,15733627,147,3,POINT (-122.406729 37.787704),11/02/2024 08:47:21 PM,11/04/2024 09:42:39 AM,6,3,8,19,19
72761,Balboa St&37TH Ave NE-NS/PS,BBOA37A0,BBOA37AV,3061,37.775780999999995,-122.497202,,37TH AVE,BALBOA ST,NS,NE,,0,1729767266000,15727707,147,1,POINT (-122.497202 37.775781),11/02/2024 08:47:21 PM,11/04/2024 09:42:39 AM,8,4,29,8,8
73546,Evans Ave&Keith St E-NS/PS,EVANKET1,EVANKETH,4550,37.738769999999995,-122.380797,,KEITH ST,EVANS AVE,NS,EA,,0,1729767266000,15730196,147,10,POINT (-122.380797 37.73877),11/02/2024 08:47:21 PM,11/04/2024 09:42:39 AM,2,9,1,76,76
75226,Paul Ave&Wheat St SW-NS/PS,PAULWHE0,PAULWHET,5905,37.723397,-122.40020200000001,,WHEAT ST,PAUL AVE,NS,SW,,0,1729767266000,15736479,147,10,POINT (-122.400202 37.723397),11/02/2024 08:47:21 PM,11/04/2024 09:42:39 AM,2,9,1,88,88
75833,Rivera St&46th Ave SW-NS,RVRA46A1,RVRA46AV,6246,37.74543,-122.50504,,46TH AVE,RIVERA ST,NS,SW,,1,1729767266000,15734033,147,4,POINT (-122.50504 37.74543),11/02/2024 08:47:21 PM,11/04/2024 09:42:39 AM,10,7,35,39,39
72930,45th Ave&Balboa St SE-NS/PS,45AVBBO1,45AVBBOA,3570,37.775242,-122.505798,,BALBOA ST,45TH AVE,NS,SE,,0,1729767266000,15728563,147,1,POINT (-122.505798 37.775242),11/02/2024 08:47:21 PM,11/04/2024 09:42:39 AM,8,4,29,8,8
73550,Larkin St&Golden Gate Ave NE-FS/BZ,LARKG G1,LARKG G,4847,37.781693,-122.417106,,GOLDEN GATE AVE,LARKIN ST,FS,NE,BZ,1,1729767266000,15730208,147,5,POINT (-122.417106 37.781693),11/02/2024 08:47:21 PM,11/04/2024 09:42:39 AM,5,10,36,20,20
73158,Geary Blvd&22ND Ave NW-FS/BZ,GEAR22A0,GEAR22AV,4267,37.780246999999996,-122.481754,1,22ND AVE,GEARY BLVD,NS,NE,BZ,0,1729767266000,15729189,147,1,POINT (-122.481754 37.780247),11/02/2024 08:47:21 PM,11/04/2024 09:42:39 AM,8,4,29,8,8
73783,Lombard St&Pierce St SE-FS/BZ,LOMBPIE1,LOMBPIER,5284,37.799399,-122.439157,1,STEINER ST,LOMBARD ST,NS,SW,BZ,1,1729767266000,15731072,147,2,POINT (-122.439157 37.799399),11/02/2024 08:47:21 PM,11/04/2024 09:42:39 AM,4,6,13,14,14
74429,Persia Ave&Brazil Ave W-FS/PS,PERSBRZ1,PERSBRZL,5909,37.717791,-122.42277899999999,,BRAZIL AVE,MANSELL ST,FS,WE,,0,1729767266000,15737290,147,11,POINT (-122.422779 37.717791),11/02/2024 08:47:21 PM,11/04/2024 09:42:39 AM,9,1,19,73,73
72769,5th St&Folsom St N-FS/BZ,5STFOLS,,7214,37.78044,-122.403466,,FOLSOM ST,5TH ST,,NO,,0,1729767266000,15727734,147,6,POINT (-122.403466 37.78044),11/02/2024 08:47:21 PM,11/04/2024 09:42:39 AM,1,10,34,32,32
75817,24th St&Noe St SW-NS/BZ,24STNOE1,,7263,37.751377,-122.431991,,NOE ST,24TH ST,,SW,24th St&Noe St,0,1729767266000,15733962,147,8,POINT (-122.431991 37.751377),11/02/2024 08:47:21 PM,11/04/2024 09:42:39 AM,3,5,22,84,84
73282,Delta St&Tioga Ave N-NS/PS,DLTATIO0,DLTATIOG,4439,37.71729,-122.40773,,TIOGA AVE,DELTA ST,NS,NO,,0,1729767266000,15729564,147,10,POINT (-122.40773 37.71729),11/02/2024 08:47:21 PM,11/04/2024 09:42:39 AM,9,9,40,75,75
75601,Palou Ave&Rankin St E-NS/SB,PALURAN1,PALURANK,5883,37.738209999999995,-122.39824,,RANKIN ST,PALOU AVE,NS,EA,,0,1729767266000,15733783,147,10,POINT (-122.39824 37.73821),11/02/2024 08:47:21 PM,11/04/2024 09:42:39 AM,2,9,1,87,87
73397,Divisadero St&California St SW-FS,DIVICAL0,DIVICALI,4410,37.787988,-122.4405,,PINE ST,DIVISADERO ST,FS,SW,BZ,0,1729767266000,15729469,147,2,POINT (-122.4405 37.787988),11/02/2024 08:47:21 PM,11/04/2024 09:42:39 AM,4,6,30,103,103
72871,16th Ave&Noriega St SE-NS/PS,16AVNOR1,16AVNORI,3278,37.75425,-122.47321,,NORIEGA ST,16TH AVE,NS,SE,FL,0,1729767266000,15727970,147,7,POINT (-122.47321 37.75425),11/02/2024 08:47:21 PM,11/04/2024 09:42:39 AM,10,8,14,44,44
75322,33rd Ave&Geary Blvd NW-NS/BZ,33AVGEA0,33AVGEAR,3558,37.779815,-122.493388,1,GEARY BLVD,33RD AVE,NS,NW,BZ,1,1729767266000,15735092,147,1,POINT (-122.493388 37.779815),11/02/2024 08:47:21 PM,11/04/2024 09:42:39 AM,8,4,29,8,8
74623,25th Ave&El Camino Del Mar SE-NS/PS,25AVECD1,25AVECDM,3497,37.787535999999996,-122.485139,,LINCOLN BLVD,EL CAMINO DEL MAR,NS,SE,,0,1729767266000,15734391,147,1,POINT (-122.485139 37.787536),11/02/2024 08:47:21 PM,11/04/2024 09:42:39 AM,8,6,33,1,1
75313,Chestnut St&Pierce St SW-NS/BZ,CHESPIE1,CHESPIER,3953,37.800309999999996,-122.439616,,PIERCE ST,CHESTNUT ST,NS,SW,BZ,1,1729767266000,15735056,147,2,POINT (-122.439616 37.80031),11/02/2024 08:47:21 PM,11/04/2024 09:42:39 AM,4,6,13,17,17
75307,39th Ave&Rivera St NW-NS,39AVRVR1,39AVRVRA,3565,37.74596,-122.49746999999999,,RIVERA ST,39TH AVE,NS,NW,,0,1729767266000,15735041,147,4,POINT (-122.49747 37.74596),11/02/2024 08:47:21 PM,11/04/2024 09:42:39 AM,10,7,35,39,39
75734,24th St&South Van Ness Ave NE-NS,24STSOV0,24STSOVN,3483,37.752445,-122.416156,,SOUTH VAN NESS AVE,24TH ST,NS,NE,,0,1729767266000,15733933,147,9,POINT (-122.416156 37.752445),11/02/2024 08:47:21 PM,11/04/2024 09:42:39 AM,3,2,20,53,53
73166,Geary Blvd&36TH Ave NE-NS/BZ,GEAR36A0,GEAR36AV,4280,37.779671,-122.496402,1,36TH AVE,GEARY BLVD,NS,NE,BZ,0,1729767266000,15729212,147,1,POINT (-122.496402 37.779671),11/02/2024 08:47:21 PM,11/04/2024 09:42:39 AM,8,4,29,8,8
75044,Park Presidio Blvd&Fulton St NE-FS,PKPRFUL1,PKPRFULT,5950,37.773219,-122.471653,1,PARK PRESIDIO BLVD,FULTON ST,FS,NE,FL,0,1729767266000,15734754,147,1,POINT (-122.471653 37.773219),11/02/2024 08:47:21 PM,11/04/2024 09:42:39 AM,8,4,11,5,5
74576,Geary Blvd & Masonic St SE-FS/BZ,GEARMSC1,,7953,37.782197,-122.447034,1,FOLSOM ST,GEARY BLVD,,,,0,1729767266000,15738943,147,2,POINT (-122.447034 37.782197),11/02/2024 08:47:21 PM,11/04/2024 09:42:39 AM,8,6,18,13,13
75318,Paul Ave&Carr St SE-FS/PS,PAULCAR0,PAULCARS,5900,37.722485,-122.396343,,CARR ST,PAUL AVE,FS,SE,,0,1729767266000,15735079,147,10,POINT (-122.396343 37.722485),11/02/2024 08:47:21 PM,11/04/2024 09:42:39 AM,2,9,1,88,88
72745,5th St&Mission St W-NS/BZ,.5STMIS0,5STMISS,3173,37.7826,-122.40647899999999,,MINNA ST,05TH ST,NS,WE,BZ,0,1729767266000,15727630,147,6,POINT (-122.406479 37.7826),11/02/2024 08:47:21 PM,11/04/2024 09:42:39 AM,1,10,34,32,32
73551,Castro St&21ST St W-MI/SB,CTRO21S0,CTRO21ST,4321,37.756098,-122.434625,,21ST ST,CASTRO ST,MI,WE,,0,1729767266000,15730209,147,8,POINT (-122.434625 37.756098),11/02/2024 08:47:21 PM,11/04/2024 09:42:39 AM,3,5,22,115,115
72800,46th Ave&Judah St NW-NS/PS,46AVJUD0,46AVJUDA,3576,37.760518999999995,-122.50601499999999,,JUDAH ST,46TH AVE,NS,NW,,1,1729767266000,15728118,147,4,POINT (-122.506015 37.760519),11/02/2024 08:47:21 PM,11/04/2024 09:42:39 AM,10,7,35,39,39
74237,Palou Ave&Industrial St E-NS/SB,PALUIND1,PALUINDS,5867,37.739529,-122.400547,,INDUSTRIAL ST,PALOU AVE,NS,EA,,0,1729767266000,15732704,147,10,POINT (-122.400547 37.739529),11/02/2024 08:47:21 PM,11/04/2024 09:42:39 AM,2,9,1,82,82
75732,4th St&Market St S-FS/BB,.4STMRK1,.4STMRKT,3161,37.785526999999995,-122.405675,1,MARKET ST,4TH ST,FS,SO,BZ,0,1729767266000,15733913,147,6,POINT (-122.405675 37.785527),11/02/2024 08:47:21 PM,11/04/2024 09:42:39 AM,5,10,34,32,32
72704,19th Ave&Quintara St SW-FS/BB,19AVQUI2,19AVQUIN,3384,37.7483,-122.47614,1,QUINTARA ST,19TH AVE,FS,SW,BZ,1,1729767266000,15727451,147,4,POINT (-122.47614 37.7483),11/02/2024 08:47:21 PM,11/04/2024 09:42:39 AM,10,7,35,40,40
75273,16th Ave&Pacheco St SE-NS/PS,16AVPAC1,16AVPACH,3280,37.75054,-122.47295,,PACHECO ST,16TH AVE,NS,SE,FL,0,1729767266000,15733511,147,7,POINT (-122.47295 37.75054),11/02/2024 08:47:21 PM,11/04/2024 09:42:39 AM,10,8,14,44,44
73368,Garfield St&Beverly St NE-NS/PS,GARFBEV1,GARFBEVR,4245,37.719719,-122.471533,,BEVERLY ST,GARFIELD ST,NS,NE,,0,1729767266000,15729425,147,11,POINT (-122.471533 37.719719),11/02/2024 08:47:21 PM,11/04/2024 09:42:39 AM,10,1,24,64,64
74909,Geary Blvd&St Joseph's Ave SE-FS/BZ,GEARSTJ1,GEARSTJO,4765,37.782795,-122.442541,1,SAINT JOSEPHS AVE,GEARY BLVD,FS,SE,BZ,0,1729767266000,15733152,147,2,POINT (-122.442541 37.782795),11/02/2024 08:47:21 PM,11/04/2024 09:42:39 AM,8,6,39,13,13
75605,Sunset Blvd&Yorba St SW-FS/SB,SUNSYOR0,SUNSYORB,6564,37.734783,-122.494059,,YORBA ST,SUNSET BLVD,FS,SW,,1,1729767266000,15733799,147,4,POINT (-122.494059 37.734783),11/02/2024 08:47:21 PM,11/04/2024 09:42:39 AM,10,7,35,40,40
72815,24th St&Harrison St NW-FS/BZ,24STHAR0,24STHARR,3473,37.752694,-122.412054,,HARRISON ST,24TH ST,FS,NW,BZ,0,1729767266000,15728141,147,9,POINT (-122.412054 37.752694),11/02/2024 08:47:21 PM,11/04/2024 09:42:39 AM,3,2,20,53,53
72884,14th Ave&Santiago St SE-NS/PS,14AVSNTG,14AVSNTG,3248,37.74503,-122.47030000000001,,SANTIAGO ST,14TH AVE,NS,SE,FL,0,1729767266000,15728031,147,7,POINT (-122.4703 37.74503),11/02/2024 08:47:21 PM,11/04/2024 09:42:39 AM,10,8,41,44,44
72651,Balboa St&8TH Ave SW-NS/PS,BBOA 8A1,BBOA 8AV,3037,37.777065,-122.466256,,8TH AVE,BALBOA ST,NS,SW,,0,1729767266000,15727772,147,1,POINT (-122.466256 37.777065),11/02/2024 08:47:21 PM,11/04/2024 09:42:39 AM,8,4,11,5,5
73524,Lawton St&11th Ave NE-NS/SB,LAWT11A0,LAWT11AV,4856,37.7584,-122.46793,,11TH AVE,LAWTON ST,NS,NE,FL,0,1729767266000,15729820,147,7,POINT (-122.46793 37.7584),11/02/2024 08:47:21 PM,11/04/2024 09:42:39 AM,10,8,14,109,109
74994,Lincoln Blvd&Bowley St SW-FS/SB,LINCBOW1,LINCBOWL,3705,37.788464999999995,-122.482617,,BOWLEY ST,LINCOLN BLVD,FS,SW,,0,1729767266000,15737811,147,2,POINT (-122.482617 37.788465),11/02/2024 08:47:21 PM,11/04/2024 09:42:39 AM,,6,27,3,3
75324,Bowley St & Lincoln Blvd,BOWLLIN0,BOWLLINC,3706,37.792079,-122.48157499999999,,,BOWLEY ST,FS,NW,,0,1729767266000,15735096,147,2,POINT (-122.481575 37.792079),11/02/2024 08:47:21 PM,11/04/2024 09:42:39 AM,,6,27,3,3
74820,Rutland St&Arleta Ave S-NS/PS,RUTLARL1,RUTLARLT,7039,37.713851999999996,-122.406724,,ARLETA AVE,RUTLAND ST,NS,NW,,0,1729767266000,15733080,147,10,POINT (-122.406724 37.713852),11/02/2024 08:47:21 PM,11/04/2024 09:42:39 AM,9,9,40,75,75
72814,24th St&Guerrero St NE-NS/BZ,24STGUE0,24STGUER,3471,37.752044999999995,-122.422767,,GUERRERO ST,24TH ST,NS,NE,BZ,0,1729767266000,15728139,147,9,POINT (-122.422767 37.752045),11/02/2024 08:47:21 PM,11/04/2024 09:42:39 AM,3,5,20,52,52
75367,Eddy St&Larkin St NW-FS/BZ,EDDYLAR0,EDDYLARK,4481,37.783353,-122.41769,,LARKIN ST,EDDY ST,FS,NW,BZ,0,1729767266000,15736660,147,5,POINT (-122.41769 37.783353),11/02/2024 08:47:21 PM,11/04/2024 09:42:39 AM,5,10,36,20,20
74607,Stockton St&Columbus Ave SW-FS/BZ,STOKCOL1,STOKCOLM,6513,37.799277,-122.40905000000001,,COLUMBUS AVE,STOCKTON ST,FS,SW,BZ,1,1729767266000,15734351,147,3,POINT (-122.40905 37.799277),11/02/2024 08:47:21 PM,11/04/2024 09:42:39 AM,6,3,6,106,106
74647,Cortland Ave&Folsom St NW-FS/BZ,CORTFOL1,CORTFOLS,4153,37.739000000000004,-122.41366,,FOLSOM ST,CORTLAND AVE,FS,NW,BZ,0,1729767266000,15735924,147,9,POINT (-122.41366 37.739),11/02/2024 08:47:21 PM,11/04/2024 09:42:39 AM,9,2,2,83,83
74749,Rutland St&Visitacion Ave SE-NS/PS,RUTLVIS0,RUTLVISI,7046,37.711349999999996,-122.40793,,VISITACION AVE,RUTLAND ST,NS,SE,,0,1729767266000,15734506,147,10,POINT (-122.40793 37.71135),11/02/2024 08:47:21 PM,11/04/2024 09:42:39 AM,9,9,40,75,75
75316,Sunset Blvd&Rivera St NW-NS/SB,SUNSRVR0,SUNSRVRA,6549,37.746079,-122.494799,,RIVERA ST,SUNSET BLVD,NS,NW,,0,1729767266000,15735074,147,4,POINT (-122.494799 37.746079),11/02/2024 08:47:21 PM,11/04/2024 09:42:39 AM,10,7,35,39,39
74756,Otis St&12th St W-FS/BZ,OTIS12S0,OTIS12ST,5836,37.77281,-122.41917,,12TH ST,OTIS ST,FS,WE,BZ,0,1729767266000,15735998,147,6,POINT (-122.41917 37.77281),11/02/2024 08:47:21 PM,11/04/2024 09:42:39 AM,1,10,20,32,32
75225,Paul Ave&Gould St SE-FS/PS,PAULGUL0,PAULGULD,5903,37.722726,-122.397385,,GOULD ST,PAUL AVE,FS,SE,,0,1729767266000,15736477,147,10,POINT (-122.397385 37.722726),11/02/2024 08:47:21 PM,11/04/2024 09:42:39 AM,2,9,1,88,88
73332,Eddy St&Van Ness Ave NE-NS/BZ,EDDYV.N0,EDDYV.N.,4494,37.782987999999996,-122.420613,,VAN NESS AVE,EDDY ST,NS,NE,BZ,1,1729767266000,15729681,147,5,POINT (-122.420613 37.782988),11/02/2024 08:47:21 PM,11/04/2024 09:42:39 AM,4,10,36,20,20
73608,Fitzgerald Ave&Hawes St W-NS/PS,FITZHAW1,FITZHAWS,4645,37.719921,-122.389587,,HAWES ST,FITZGERALD AVE,NS,WE,,0,1729767266000,15730307,147,10,POINT (-122.389587 37.719921),11/02/2024 08:47:21 PM,11/04/2024 09:42:39 AM,2,9,1,88,88
75242,Rutland St&Campbell Ave NW-NS/PS,RUTLCAM1,RUTLCAMP,7041,37.71534,-122.40619,,CAMPBELL AVE,RUTLAND ST,NS,NW,,0,1729767266000,15736548,147,10,POINT (-122.40619 37.71534),11/02/2024 08:47:21 PM,11/04/2024 09:42:39 AM,9,9,40,75,75
74629,Palou Ave&Quint St E-NS/SB,PALUQUN1,PALUQUNT,5881,37.737162999999995,-122.396367,,QUINT ST,PALOU AVE,NS,EA,,0,1729767266000,15734421,147,10,POINT (-122.396367 37.737163),11/02/2024 08:47:21 PM,11/04/2024 09:42:39 AM,2,9,1,87,87
73374,Garfield St&Victoria St SW-NS/PS,GARFVIC0,GARFVICT,4254,37.719612999999995,-122.465452,,VICTORIA ST,GARFIELD ST,NS,SW,,0,1729767266000,15729435,147,11,POINT (-122.465452 37.719613),11/02/2024 08:47:21 PM,11/04/2024 09:42:39 AM,10,1,24,64,64
74103,Geary Blvd&Laguna St NE-NS/BZ,GEARLGN0,GEARLGNA,4304,37.785033,-122.42781099999999,1,LAGUNA ST,GEARY BLVD,NS,NE,BZ,0,1729767266000,15732469,147,2,POINT (-122.427811 37.785033),11/02/2024 08:47:21 PM,11/04/2024 09:42:39 AM,4,11,39,100,100
75167,Sloat Blvd&41st Ave N-FS/BZ,SLOA41A1,SLOA41AV,6446,37.734567,-122.49929399999999,,41ST AVE,SLOAT BLVD,FS,NO,BZ,0,1729767266000,15738001,147,4,POINT (-122.499294 37.734567),11/02/2024 08:47:21 PM,11/04/2024 09:42:39 AM,10,7,35,40,40
74467,Mason St - Tunnel Top Park NS NE/BB,MASNHLC0,,8024,37.804289,-122.454166,,OLD MASON ST,MASON ST,,,,0,1729767266000,15738896,147,2,POINT (-122.454166 37.804289),11/02/2024 08:47:21 PM,11/04/2024 09:42:39 AM,,6,27,3,3
74399,Quintara St&44th Ave SW-NS,QUIN44A1,QUIN44AV,6165,37.74742,-122.50304,,44TH AVE,QUINTARA ST,NS,SW,,0,1729767266000,15734217,147,4,POINT (-122.50304 37.74742),11/02/2024 08:47:21 PM,11/04/2024 09:42:39 AM,10,7,35,39,39
73735,Harrison St&4th St W-FS/BZ,HARR.4S0,HARR.4ST,4968,37.780671,-122.399913,,4TH ST,HARRISON ST,FS,WE,BZ,1,1729767266000,15730449,147,6,POINT (-122.399913 37.780671),11/02/2024 08:47:21 PM,11/04/2024 09:42:39 AM,1,10,34,32,32
72975,19th Ave&Sloat Blvd NE-FS/BZ,19AVSLO1,19AVSLOA,3391,37.734716999999996,-122.474974,1,BEACHMONT DR,SLOAT BLVD,FS,NE,BZ,0,1729767266000,15728276,147,7,POINT (-122.474974 37.734717),11/02/2024 08:47:21 PM,11/04/2024 09:42:39 AM,10,8,41,46,46
75714,Turk St&Central Ave NE-NS/SB,TURKCEN0,TURKCENT,6716,37.778914,-122.445246,,CENTRAL AVE,TURK BLVD,NS,NE,,0,1729767266000,15733881,147,2,POINT (-122.445246 37.778914),11/02/2024 08:47:21 PM,11/04/2024 09:42:39 AM,7,6,18,13,13
72655,Balboa St&17TH Ave NE-NS/PS,BBOA17A0,BBOA17AV,3043,37.776759999999996,-122.475769,,17TH AVE,BALBOA ST,NS,NE,,0,1729767266000,15727780,147,1,POINT (-122.475769 37.77676),11/02/2024 08:47:21 PM,11/04/2024 09:42:39 AM,8,4,29,5,5
75481,Middle Point Rd&Innes Ave NW-NS/PS,MDPTINE0,MDPTINES,5500,37.734173999999996,-122.379541,,INNES AVE,MIDDLE POINT RD,NS,NW,,0,1729767266000,15738230,147,10,POINT (-122.379541 37.734174),11/02/2024 08:47:21 PM,11/04/2024 09:42:39 AM,2,9,1,86,86
74542,Evans Ave&Mendell St N-FS/BZ,EVANMEND,EVANMEND,7077,37.740905,-122.384564,,MENDELL ST,EVANS AVE,FS,NE,BZ,0,1729767266000,15735879,147,10,POINT (-122.384564 37.740905),11/02/2024 08:47:21 PM,11/04/2024 09:42:39 AM,2,9,1,76,76
74217,Quintara St&22nd Ave SW-NS/PS,QUIN22A1,QUIN22AV,6143,37.74845,-122.47943000000001,,22ND AVE,QUINTARA ST,NS,SW,FL,1,1729767266000,15732642,147,4,POINT (-122.47943 37.74845),11/02/2024 08:47:21 PM,11/04/2024 09:42:39 AM,10,7,35,40,40
75266,Vicente St&West Portal Dr E-NS,VCTEW P0,VCTEW P,6837,37.73968,-122.46677,,WEST PORTAL DR,VICENTE ST,NS,EA,,0,1729767266000,15733472,147,7,POINT (-122.46677 37.73968),11/02/2024 08:47:21 PM,11/04/2024 09:42:39 AM,10,8,41,46,46
74026,Ocean Ave&Howth St SE-FS/BZ,OCENHOW1,OCENHOWT,5791,37.72286,-122.44928999999999,,HOWTH ST,OCEAN AVE,FS,SE,BZ,1,1729767266000,15731563,147,11,POINT (-122.44929 37.72286),11/02/2024 08:47:21 PM,11/04/2024 09:42:39 AM,9,8,24,81,81
75246,Balboa St&10TH Ave NE-NS/PS,BBOA10A0,BBOA10AV,3038,37.777101,-122.46817,,10TH AVE,BALBOA ST,NS,NE,,0,1729767266000,15738044,147,1,POINT (-122.46817 37.777101),11/02/2024 08:47:21 PM,11/04/2024 09:42:39 AM,8,4,11,5,5
74640,Cabrillo St&47TH Ave NE-NS/PS,CBRO47A0,CBRO47AV,3924,37.773421,-122.507767,,47TH AVE,CABRILLO ST,NS,NE,,0,1729767266000,15735897,147,1,POINT (-122.507767 37.773421),11/02/2024 08:47:21 PM,11/04/2024 09:42:39 AM,8,4,29,8,8
75030,Noriega St&16th Ave SE-FS/PS,NORI16A0,NORI16AV,5739,37.75526,-122.47312,,16TH AVE,NORIEGA ST,FS,SE,FL,0,1729767266000,15733270,147,7,POINT (-122.47312 37.75526),11/02/2024 08:47:21 PM,11/04/2024 09:42:39 AM,10,8,14,44,44
72819,25th Ave&Balboa St NW-NS/PS,25AVBBO0,25AVBBOA,3489,37.776419,-122.48456,,BALBOA ST,25TH AVE,NS,NW,,1,1729767266000,15728155,147,1,POINT (-122.48456 37.776419),11/02/2024 08:47:21 PM,11/04/2024 09:42:39 AM,8,4,29,8,8
73437,Castro St&Elizabeth St E-MI/SB,CTROELI1,CTROELIZ,4332,37.751886,-122.434053,,ELIZABETH ST,CASTRO ST,MI,EA,,0,1729767266000,15729989,147,8,POINT (-122.434053 37.751886),11/02/2024 08:47:21 PM,11/04/2024 09:42:39 AM,3,5,22,84,84
72952,Cyril Magnin St(5th St N)&Market St NW-NS/BZ,5STNMRK0,5STNMRKT,3612,37.784011,-122.40821,,MARKET ST,5TH ST NORTH,NS,NW,BZ,0,1729767266000,15728624,147,3,POINT (-122.40821 37.784011),11/02/2024 08:47:21 PM,11/04/2024 09:42:39 AM,5,10,36,19,19
73875,Noe St&28th St NW-NS/PS,NOE 28S0,NOE 28ST,5734,37.74519,-122.43134,,28TH ST,NOE ST,NS,NW,,0,1729767266000,15731386,147,8,POINT (-122.43134 37.74519),11/02/2024 08:47:21 PM,11/04/2024 09:42:39 AM,9,5,22,84,84
74626,Wisconsin St&25th St SE-NS/BB,WISC25ST,WISC25ST,3513,37.752038,-122.398388,,25TH ST,WISCONSIN ST,NS,SE,,0,1729767266000,15734409,147,10,POINT (-122.398388 37.752038),11/02/2024 08:47:21 PM,11/04/2024 09:42:39 AM,2,9,26,54,54
75281,46th Ave&Irving St SE-NS/PS,46AVIRV1,46AVIRVG,3575,37.762206,-122.505971,,IRVING ST,46TH AVE,NS,SE,,0,1729767266000,15733530,147,4,POINT (-122.505971 37.762206),11/02/2024 08:47:21 PM,11/04/2024 09:42:39 AM,10,7,35,39,39
72749,Beach St&Polk St N-MB/BZ,BECHPOL0,BECHPOLK,3093,37.806374999999996,-122.42319499999999,,POLK ST,BEACH ST,MB,NO,BZ,1,1729767266000,15727657,147,2,POINT (-122.423195 37.806375),11/02/2024 08:47:21 PM,11/04/2024 09:42:39 AM,6,6,32,98,98
75251,Persia Ave&Mission St E-NS/BZ,PERSMIS1,PERSMISS,5912,37.723147,-122.435845,,MISSION ST,PERSIA AVE,NS,EA,BZ,0,1729767266000,15738058,147,11,POINT (-122.435845 37.723147),11/02/2024 08:47:21 PM,11/04/2024 09:42:39 AM,9,1,7,90,90
75133,Van Ness Ave&Union St NS-S/SI,V N UNI3,,8096,37.798514,-122.423955,,UNION ST,VAN NESS AVE,,,,0,1729767266000,15736442,147,3,POINT (-122.423955 37.798514),11/02/2024 08:47:21 PM,11/04/2024 09:42:39 AM,4,6,32,105,105
72767,Broderick St&Francisco St SE-NS/SB,BDRKFNC0,BDRKFNCO,3075,37.800622,-122.444603,,FRANCISCO ST,BRODERICK ST,NS,SE,,0,1729767266000,15727722,147,2,POINT (-122.444603 37.800622),11/02/2024 08:47:21 PM,11/04/2024 09:42:39 AM,4,6,13,17,17
73335,Geary Blvd&6TH Ave SE-FS/BZ,GEAR 6A1,GEAR 6AV,4258,37.781,-122.464125,1,06TH AVE,GEARY BLVD,NS,SW,BZ,0,1729767266000,15729309,147,1,POINT (-122.464125 37.781),11/02/2024 08:47:21 PM,11/04/2024 09:42:39 AM,8,4,11,5,5
75787,46th Ave&Taraval St NW-NS/PS,46AVTAR0,46AVTARA,3598,37.741854,-122.504706,,TARAVAL ST,46TH AVE,NS,NW,,1,1729767266000,15738510,147,4,POINT (-122.504706 37.741854),11/02/2024 08:47:21 PM,11/04/2024 09:42:39 AM,10,7,35,39,39
74768,Polk St&North Point St SW-FS/BZ,POLKN P0,POLKN PT,5992,37.805018,-122.42370000000001,,NORTH POINT ST,POLK ST,FS,SW,BZ,0,1729767266000,15736040,147,2,POINT (-122.4237 37.805018),11/02/2024 08:47:21 PM,11/04/2024 09:42:39 AM,6,6,32,98,98
72688,Balboa St&23RD Ave SW-NS/SB,BBOA23A1,BBOA23AV,3050,37.77633,-122.482417,,23RD AVE,BALBOA ST,NS,SW,,0,1729767266000,15727355,147,1,POINT (-122.482417 37.77633),11/02/2024 08:47:21 PM,11/04/2024 09:42:39 AM,8,4,29,8,8
74107,Divisadero St&Oak St SW-FS/BZ,DIVIOAK0,DIVIOAK,4432,37.773050999999995,-122.437487,,OAK ST,DIVISADERO ST,FS,SW,BZ,0,1729767266000,15732478,147,5,POINT (-122.437487 37.773051),11/02/2024 08:47:21 PM,11/04/2024 09:42:39 AM,4,11,3,112,112
75645,Turk St&Baker St NW-FS/PS,TURKBAK0,TURKBAKR,6710,37.779288,-122.442174,,BAKER ST,TURK BLVD,FS,NW,,0,1729767266000,15735396,147,2,POINT (-122.442174 37.779288),11/02/2024 08:47:21 PM,11/04/2024 09:42:39 AM,7,6,18,13,13
75533,North Point St&Hyde St SW-NS/BZ,N.PTHYD0,N.PTHYDE,5459,37.805633,-122.420467,1,HYDE ST,NORTH POINT ST,NS,SW,BZ,1,1729767266000,15735236,147,2,POINT (-122.420467 37.805633),11/02/2024 08:47:21 PM,11/04/2024 09:42:39 AM,6,6,32,98,98
75098,Sunset Blvd&Vicente St SE-NS/SB,SUNSVCT1,SUNSVCTE,6560,37.738378999999995,-122.494084,,VICENTE ST,SUNSET BLVD,NS,SE,,1,1729767266000,15733316,147,4,POINT (-122.494084 37.738379),11/02/2024 08:47:21 PM,11/04/2024 09:42:39 AM,10,7,35,40,40
74033,Mission St&Trumbull St W-FS/BZ,MISSTRU0,MISSTRUM,5625,37.73045,-122.42971,,TRUMBULL ST,MISSION ST,FS,WE,BZ,0,1729767266000,15731585,147,11,POINT (-122.42971 37.73045),11/02/2024 08:47:21 PM,11/04/2024 09:42:39 AM,9,1,28,94,94
75514,Sloat Blvd&45th Ave NW-FS/BZ,SLOA45A1,SLOA45AV,6450,37.735600000000005,-122.503407,,45TH AVE,SLOAT BLVD,FS,NW,BZ,1,1729767266000,15733728,147,4,POINT (-122.503407 37.7356),11/02/2024 08:47:21 PM,11/04/2024 09:42:39 AM,10,7,35,40,40
72937,42nd Ave&Clement St SE-NS/PS,42AVCLM0,42AVCLMT,3566,37.781087,-122.502994,1,CLEMENT ST,42ND AVE,NS,SE,,0,1729767266000,15728580,147,1,POINT (-122.502994 37.781087),11/02/2024 08:47:21 PM,11/04/2024 09:42:39 AM,8,4,29,8,8
73010,46th Ave&Pacheco St NW-NS/PS,46AVPAC0,46AVPACH,3590,37.749331,-122.505239,,PACHECO ST,46TH AVE,NS,NW,,0,1729767266000,15728393,147,4,POINT (-122.505239 37.749331),11/02/2024 08:47:21 PM,11/04/2024 09:42:39 AM,10,7,35,39,39
72709,24th St&Sanchez St NE-NS,24STSNC0,24STSNCZ,3481,37.751644999999996,-122.42955,,SANCHEZ ST,24TH ST,NS,NE,,0,1729767266000,15727473,147,8,POINT (-122.42955 37.751645),11/02/2024 08:47:21 PM,11/04/2024 09:42:39 AM,3,5,22,84,84
75698,San Bruno Ave&Somerset St  E-MB/BZ,SBROSOMI,,7191,37.713395,-122.401995,1,SOMERSET ST,SAN BRUNO AVE,,EA,,0,1729767266000,15738463,147,10,POINT (-122.401995 37.713395),11/02/2024 08:47:21 PM,11/04/2024 09:42:39 AM,9,9,40,75,75
74817,Sunset Blvd&Ocean Ave NW-NS/SB,SUNSOCE0,SUNSOCEN,6541,37.732026,-122.493862,,OCEAN AVE,SUNSET BLVD,NS,NW,,0,1729767266000,15733070,147,4,POINT (-122.493862 37.732026),11/02/2024 08:47:21 PM,11/04/2024 09:42:39 AM,10,8,35,43,43
74618,16th Ave&Moraga St NW-NS/SB,16AVMOR0,16AVMORA,3277,37.75636,-122.47368,,MORAGA ST,16TH AVE,NS,NW,FL,0,1729767266000,15734384,147,7,POINT (-122.47368 37.75636),11/02/2024 08:47:21 PM,11/04/2024 09:42:39 AM,10,8,14,44,44
73401,Divisadero St&Eddy St SE-NS/BZ,DIVIEDD1,DIVIEDDY,4414,37.780591,-122.438942,,SCOTT ST,EDDY ST,NS,SE,BZ,1,1729767266000,15729475,147,5,POINT (-122.438942 37.780591),11/02/2024 08:47:21 PM,11/04/2024 09:42:39 AM,4,11,39,13,13
74496,25th St&Wisconsin St NE-NS/PS,25STWIS1,25STWISC,3512,37.75224,-122.39831,,WISCONSIN ST,25TH ST,NS,NE,,0,1729767266000,15734298,147,10,POINT (-122.39831 37.75224),11/02/2024 08:47:21 PM,11/04/2024 09:42:39 AM,2,9,26,54,54
75166,Quintara St&17th Ave SW-NS/SB,QUIN17A1,QUIN17AV,6139,37.74867,-122.47408,,17TH AVE,QUINTARA ST,NS,SW,FL,0,1729767266000,15737998,147,7,POINT (-122.47408 37.74867),11/02/2024 08:47:21 PM,11/04/2024 09:42:39 AM,10,8,41,44,44
73709,Gilman Ave&Ingalls St E-NS/SB,GLMNING1,GLMNINGL,4785,37.720349999999996,-122.391729,,INGALLS ST,GILMAN AVE,NS,EA,,0,1729767266000,15730709,147,10,POINT (-122.391729 37.72035),11/02/2024 08:47:21 PM,11/04/2024 09:42:39 AM,2,9,1,88,88
73100,26th St&De Haro St NE-NS/SB,26STDHR1,26STDHRO,3516,37.750859999999996,-122.40015,,DE HARO ST,26TH ST,NS,NE,,0,1729767266000,15728665,147,10,POINT (-122.40015 37.75086),11/02/2024 08:47:21 PM,11/04/2024 09:42:39 AM,2,9,26,54,54
72682,7th St&Folsom St N-FS/SI,.7STFOL1,7STFOLS,3192,37.776863999999996,-122.407904,,HOWARD ST,7TH ST,NS,EA,BZ,0,1729767266000,15727839,147,6,POINT (-122.407904 37.776864),11/02/2024 08:47:21 PM,11/04/2024 09:42:39 AM,1,10,34,32,32
74818,Polk St&Sutter St SW-FS/BB,POLKSUT0,POLKSUTT,6002,37.787662999999995,-122.42021,,SUTTER ST,POLK ST,NS,NW,BB,1,1729767266000,15733073,147,3,POINT (-122.42021 37.787663),11/02/2024 08:47:21 PM,11/04/2024 09:42:39 AM,4,3,21,50,50
73173,Cortland Ave&Prospect Ave W-NS/BZ,CORTPRO0,CORTPROS,4161,37.7402,-122.42093,,PROSPECT AVE,CORTLAND AVE,NS,WE,BZ,0,1729767266000,15729229,147,9,POINT (-122.42093 37.7402),11/02/2024 08:47:21 PM,11/04/2024 09:42:39 AM,9,2,2,61,61
74625,19th Ave&Winston Dr NE-FS/SB,19AVWIN1,19AVWINS,3402,37.72719,-122.47468,1,WINSTON DR,19TH AVE,FS,NE,FL,1,1729767266000,15734398,147,7,POINT (-122.47468 37.72719),11/02/2024 08:47:21 PM,11/04/2024 09:42:39 AM,10,8,41,41,41
73399,Divisadero St&Clay St NE-FS/BZ,DIVICLA1,DIVICLAY,4412,37.789977,-122.440741,,CLAY ST,DIVISADERO ST,FS,NE,BZ,0,1729767266000,15729473,147,2,POINT (-122.440741 37.789977),11/02/2024 08:47:21 PM,11/04/2024 09:42:39 AM,4,6,30,102,102
74175,Cortland Ave&Prospect Ave N-FS/BZ,CORTPRO1,CORTPROS,4160,37.740294,-122.42090400000001,,PROSPECT AVE,CORTLAND AVE,FS,NO,BZ,0,1729767266000,15732867,147,9,POINT (-122.420904 37.740294),11/02/2024 08:47:21 PM,11/04/2024 09:42:39 AM,9,2,2,83,83
74246,5th St&Folsom St W-NS/BZ,.5STFOL0,5STFOLS,3168,37.78031,-122.40357,,FOLSOM ST,05TH ST,NS,WE,BZ,0,1729767266000,15732744,147,6,POINT (-122.40357 37.78031),11/02/2024 08:47:21 PM,11/04/2024 09:42:39 AM,1,10,34,32,32
74811,Eddy St&Fillmore St SW-NS/BZ,EDDYFIL1,EDDYFILL,4476,37.781348,-122.432431,,FILLMORE ST,EDDY ST,NS,SW,BZ,0,1729767266000,15733059,147,5,POINT (-122.432431 37.781348),11/02/2024 08:47:21 PM,11/04/2024 09:42:39 AM,4,11,39,97,97
72714,23rd St&Vermont St NW-FS/BZ,23STVRM0,23STVRMT,3455,37.75448,-122.40391,,VERMONT ST,23RD ST,FS,NW,BZ,1,1729767266000,15727491,147,10,POINT (-122.40391 37.75448),11/02/2024 08:47:21 PM,11/04/2024 09:42:39 AM,3,9,20,54,54
73372,16th Ave & Lawton St. SW-FS/SB,16AVLAWT,16AVLAWT,7231,37.758023,-122.473791,,16TH AVE,LAWTON ST,FS,SW,FL,0,1729767266000,15729432,147,7,POINT (-122.473791 37.758023),11/02/2024 08:47:21 PM,11/04/2024 09:42:39 AM,10,8,14,44,44
73099,26th St&Castro St NE-NS/PS,26STCTR1,26STCTRO,3514,37.748149999999995,-122.43363,,CASTRO ST,26TH ST,NS,NE,,0,1729767266000,15728664,147,8,POINT (-122.43363 37.74815),11/02/2024 08:47:21 PM,11/04/2024 09:42:39 AM,3,5,22,84,84
72825,25th Ave&Geary Blvd NW-NS/BZ,25AVGEA1,25AVGEAR,3500,37.780255,-122.484837,,GEARY BLVD,25TH AVE,NS,NW,BZ,1,1729767266000,15728168,147,1,POINT (-122.484837 37.780255),11/02/2024 08:47:21 PM,11/04/2024 09:42:39 AM,8,4,29,8,8
74564,Lawton St&11th Ave SW-NS/PS,LAWT11A1,LAWT11AV,4857,37.75824,-122.46812,,11TH AVE,LAWTON ST,NS,SW,FL,0,1729767266000,15737415,147,7,POINT (-122.46812 37.75824),11/02/2024 08:47:21 PM,11/04/2024 09:42:39 AM,10,8,14,44,44
73146,Castro St&14TH St NW-NS/BZ,CTRO14S0,CTRO14ST,4308,37.76742,-122.43571,,14TH ST,CASTRO ST,NS,NW,BZ,0,1729767266000,15729170,147,8,POINT (-122.43571 37.76742),11/02/2024 08:47:21 PM,11/04/2024 09:42:39 AM,7,5,5,112,112
74312,Evans Ave&Keith St W-NS/PS,EVANKET0,EVANKETH,4551,37.738761,-122.381084,,KEITH ST,EVANS AVE,NS,WE,,0,1729767266000,15734131,147,10,POINT (-122.381084 37.738761),11/02/2024 08:47:21 PM,11/04/2024 09:42:39 AM,2,9,1,86,86
75908,25th Ave&California St SW-FS/BZ,25AVCAL2,,8135,37.783609999999996,-122.485079,,CALIFORNIA ST,25TH AVE,,,,0,1729767266000,15739255,147,1,POINT (-122.485079 37.78361),11/02/2024 08:47:21 PM,11/04/2024 09:42:39 AM,8,4,29,8,8
73520,Larkin St&O'Farrell St SE-NS/BZ,LARKOFA1,LARKOFAR,4851,37.785084,-122.41779199999999,,OFARRELL ST,LARKIN ST,NS,SE,BZ,1,1729767266000,15729812,147,5,POINT (-122.417792 37.785084),11/02/2024 08:47:21 PM,11/04/2024 09:42:39 AM,5,10,36,20,20
73985,Mission St&Cortland Ave E-FS/BZ,MISSCOR1,MISSCORT,5583,37.741051999999996,-122.422759,,CORTLAND AVE,MISSION ST,FS,EA,BZ,0,1729767266000,15731636,147,9,POINT (-122.422759 37.741052),11/02/2024 08:47:21 PM,11/04/2024 09:42:39 AM,9,2,2,83,83
74783,Turk St&Roselyn Ter SE-FS/BZ,TURKROS1,TURKROSN,6729,37.778234999999995,-122.44959,,ROSELYN TER,TURK BLVD,FS,SE,BZ,0,1729767266000,15737577,147,1,POINT (-122.44959 37.778235),11/02/2024 08:47:21 PM,11/04/2024 09:42:39 AM,7,4,18,12,12
75122,Sunset Blvd&Quintara St NE-FS/SB,SUNSQUI1,SUNSQUIN,6547,37.748067999999996,-122.494766,,QUINTARA ST,SUNSET BLVD,FS,NE,,1,1729767266000,15736374,147,4,POINT (-122.494766 37.748068),11/02/2024 08:47:21 PM,11/04/2024 09:42:39 AM,10,7,35,39,39
75437,Ingerson Ave&Hawes St E-NS/SB,INGRHAW1,INGRHAWS,5116,37.718039,-122.390998,,HAWES ST,INGERSON AVE,NS,EA,,0,1729767266000,15735137,147,10,POINT (-122.390998 37.718039),11/02/2024 08:47:21 PM,11/04/2024 09:42:39 AM,2,9,1,88,88
75632,Blanken Ave&Nueva Ave NE-NS/SB,BLKNNUV1,BLKNNUVA,7008,37.71121,-122.39723000000001,,NUEVA AVE,BLANKEN AVE,NS,SE,,0,1729767266000,15735338,147,10,POINT (-122.39723 37.71121),11/02/2024 08:47:21 PM,11/04/2024 09:42:39 AM,2,9,1,89,89
73850,J. Serra at S. F. Golf Club SW-FS,J S CLU0,J S CLUB,5135,37.710707,-122.471324,1,JUNIPERO SERRA BLVD ON RAMP,JUNIPERO SERRA BLVD,FS,SW,FL,0,1729767266000,15730888,147,7,POINT (-122.471324 37.710707),11/02/2024 08:47:21 PM,11/04/2024 09:42:39 AM,10,8,16,43,43
73109,30th Ave&Santiago St SE-NS/PS,30AVSNT1,30AVSNTG,3531,37.74427,-122.48756,,SANTIAGO ST,30TH AVE,NS,SE,FL,0,1729767266000,15728683,147,4,POINT (-122.48756 37.74427),11/02/2024 08:47:21 PM,11/04/2024 09:42:39 AM,10,7,35,40,40
72840,30th St&Noe St NE-NS/PS,30STNOE1,30STNOE,3542,37.741879999999995,-122.43079,,NOE ST,30TH ST,NS,NE,,0,1729767266000,15728228,147,8,POINT (-122.43079 37.74188),11/02/2024 08:47:21 PM,11/04/2024 09:42:39 AM,9,5,22,84,84
74401,19th Ave&Holloway Ave NE-FS/BB,19AVHLNE,19AVHOLL,390,37.72119,-122.475153,1,WYTON LN,19TH AVE,FS,NE,BB,0,1729767266000,15734222,147,7,POINT (-122.475153 37.72119),11/02/2024 08:47:21 PM,11/04/2024 09:42:39 AM,10,8,16,41,41
73543,Evans Ave&3RD St S-FS/SB,EVAN 3S1,EVAN 3ST,4547,37.742627999999996,-122.387862,,3RD ST,EVANS AVE,FS,SO,,0,1729767266000,15730189,147,10,POINT (-122.387862 37.742628),11/02/2024 08:47:21 PM,11/04/2024 09:42:39 AM,2,9,1,86,86
75624,Rhode Island St&15th St NW-NS/SB,R IS15S0,R IS15ST,6187,37.767489999999995,-122.40299,,15TH ST,RHODE ISLAND ST,NS,NW,,0,1729767266000,15735324,147,6,POINT (-122.40299 37.76749),11/02/2024 08:47:21 PM,11/04/2024 09:42:39 AM,1,9,4,33,33
73153,Castro St&19TH St NW-NS/PS,CTRO19S0,CTRO19ST,4316,37.759389999999996,-122.43491,,19TH ST,CASTRO ST,NS,NW,,0,1729767266000,15729178,147,8,POINT (-122.43491 37.75939),11/02/2024 08:47:21 PM,11/04/2024 09:42:39 AM,3,5,5,38,38
75070,Leland Ave&Bayshore Blvd SW-NS/BZ,LELDBSH0,,7329,37.711138,-122.403794,,BAYSHORE BLVD,LELAND AVE,,,,0,1729767266000,15736308,147,10,POINT (-122.403794 37.711138),11/02/2024 08:47:21 PM,11/04/2024 09:42:39 AM,9,9,40,75,75
73297,Van Ness Ave&Vallejo St NS-N/SI,V N VAL2,,8098,37.79672,-122.42365699999999,,VALLEJO ST,VAN NESS AVE,,,,0,1729767266000,15729591,147,3,POINT (-122.423657 37.79672),11/02/2024 08:47:21 PM,11/04/2024 09:42:39 AM,4,6,13,102,102
72710,24th St&South Van Ness Ave SW-NS,24STSOV1,24STSOVN,3484,37.752311,-122.416373,,SOUTH VAN NESS AVE,24TH ST,NS,SW,,0,1729767266000,15727475,147,9,POINT (-122.416373 37.752311),11/02/2024 08:47:21 PM,11/04/2024 09:42:39 AM,3,2,20,53,53
73141,Geary Blvd&Gough St NW-FS/BZ,GEARGOU0,GEARGOUG,4298,37.785433999999995,-122.425082,1,GOUGH ST,GEARY BLVD,FS,NW,BZ,0,1729767266000,15729162,147,2,POINT (-122.425082 37.785434),11/02/2024 08:47:21 PM,11/04/2024 09:42:39 AM,4,11,15,100,100
72958,33rd Ave&Anza St SE-NS/PS,33AVANZ1,33AVANZA,3552,37.777692,-122.493077,,ANZA ST,33RD AVE,NS,SE,,1,1729767266000,15728247,147,1,POINT (-122.493077 37.777692),11/02/2024 08:47:21 PM,11/04/2024 09:42:39 AM,8,4,29,8,8
72735,15th Ave&Pacheco St NW-NS/PS,15AVPAC0,15AVPACH,3264,37.75081,-122.47196,,PACHECO ST,15TH AVE,NS,NW,FL,0,1729767266000,15727553,147,7,POINT (-122.47196 37.75081),11/02/2024 08:47:21 PM,11/04/2024 09:42:39 AM,10,8,14,44,44
73999,Mission St&14th St SW-FS/BZ,MISS14S0,MISS14ST,5548,37.7678,-122.42002,,14TH ST,MISSION ST,FS,SW,BZ,1,1729767266000,15731671,147,9,POINT (-122.42002 37.7678),11/02/2024 08:47:21 PM,11/04/2024 09:42:39 AM,3,2,20,53,53
73104,29th Ave&Vicente St NE-FS/PS,29AVVCT1,29AVVCTE,3525,37.73896,-122.48611,,VICENTE ST,29TH AVE,FS,NE,FL,0,1729767266000,15728678,147,4,POINT (-122.48611 37.73896),11/02/2024 08:47:21 PM,11/04/2024 09:42:39 AM,10,7,35,40,40
74502,33rd Ave&Geary Blvd SE-NS/SB,33AVGEA3,33AVGEAR,3559,37.779548,-122.49321499999999,,GEARY BLVD,33RD AVE,NS,SE,,1,1729767266000,15734323,147,1,POINT (-122.493215 37.779548),11/02/2024 08:47:21 PM,11/04/2024 09:42:39 AM,8,4,29,8,8
73740,Hawes St&Gilman Ave S-NS/SB,HAWSGLM1,HAWSGLMN,4976,37.719198,-122.390012,,GILMAN AVE,HAWES ST,NS,SO,,0,1729767266000,15730478,147,10,POINT (-122.390012 37.719198),11/02/2024 08:47:21 PM,11/04/2024 09:42:39 AM,2,9,1,88,88
73938,Jackson St&Fillmore St NW-FS/BZ,JACKFIL0,JACKFILL,5147,37.792529,-122.434676,,FILLMORE ST,JACKSON ST,FS,NW,BZ,1,1729767266000,15731149,147,2,POINT (-122.434676 37.792529),11/02/2024 08:47:21 PM,11/04/2024 09:42:39 AM,4,6,30,102,102
72826,25th St&Connecticut St NE-NS/PS,25STCON1,25STCONN,3504,37.752359999999996,-122.39634,,CONNECTICUT ST,25TH ST,NS,NE,,0,1729767266000,15728172,147,10,POINT (-122.39634 37.75236),11/02/2024 08:47:21 PM,11/04/2024 09:42:39 AM,2,9,26,54,54
73201,Columbus Ave&Chestnut St N-FS/BZ,COLMCHE1,COLMCHES,4103,37.803793999999996,-122.415136,,CHESTNUT ST,COLUMBUS AVE,FS,NO,BZ,0,1729767266000,15729301,147,3,POINT (-122.415136 37.803794),11/02/2024 08:47:21 PM,11/04/2024 09:42:39 AM,6,3,23,106,106
74682,Mission St&24th St NE-FS/BB,MISS24S1,MISS24ST,5565,37.752356,-122.418401,,24TH ST,MISSION ST,FS,NE,BZ,1,1729767266000,15737485,147,9,POINT (-122.418401 37.752356),11/02/2024 08:47:21 PM,11/04/2024 09:42:39 AM,3,2,20,53,53
73021,Columbus Ave&Francisco St SW-FS/BZ,COLMFNC1,COLMFNCO,4107,37.804204999999996,-122.415973,,FRANCISCO ST,COLUMBUS AVE,FS,SW,BZ,0,1729767266000,15728732,147,3,POINT (-122.415973 37.804205),11/02/2024 08:47:21 PM,11/04/2024 09:42:39 AM,6,3,32,107,107
73069,Cabrillo St&La Playa NE-NS/SI,CBROLAPT,CBROLAPL,3927,37.773562,-122.50998,,CABRILLO ST,LA PLAYA,NS,NE,SI,1,1729767266000,15728880,147,1,POINT (-122.50998 37.773562),11/02/2024 08:47:21 PM,11/04/2024 09:42:39 AM,8,4,29,8,8
72835,46th Ave&Ulloa St SE-NS/PS,46AVULO1,46AVULOA,3601,37.739829,-122.504407,1,ULLOA ST,46TH AVE,NS,SE,,0,1729767266000,15728213,147,4,POINT (-122.504407 37.739829),11/02/2024 08:47:21 PM,11/04/2024 09:42:39 AM,10,7,35,39,39
75771,Leland Ave&Alpha St SW-NS/PS,LELDALP0,,7328,37.711897,-122.405775,,ALPHA ST,LELAND AVE,,,,0,1729767266000,15736963,147,10,POINT (-122.405775 37.711897),11/02/2024 08:47:21 PM,11/04/2024 09:42:39 AM,9,9,40,75,75
75617,Quintara St&33rd Ave SW-NS,QUIN33A1,QUIN33AV,6157,37.74791,-122.49121,,33RD AVE,QUINTARA ST,NS,SW,,0,1729767266000,15733836,147,4,POINT (-122.49121 37.74791),11/02/2024 08:47:21 PM,11/04/2024 09:42:39 AM,10,7,35,40,40
72721,24th St&Dolores St NW-FS/BZ,24STDLR0,24STDLRS,3466,37.751903,-122.425311,,DOLORES ST,24TH ST,FS,NW,BZ,1,1729767266000,15727514,147,8,POINT (-122.425311 37.751903),11/02/2024 08:47:21 PM,11/04/2024 09:42:39 AM,3,5,22,52,52
74688,Park Presidio Blvd&Balboa St SW-FS,PKPRBBO2,PKPRBBOA,5947,37.77648,-122.47214,1,BALBOA ST,PARK PRESIDIO BLVD,FS,SW,FL,1,1729767266000,15737518,147,1,POINT (-122.47214 37.77648),11/02/2024 08:47:21 PM,11/04/2024 09:42:39 AM,8,4,29,5,5
75623,1076 Rhode Island St W-MB/AB,R IS1070,R IS1076,6186,37.75617,-122.401842,,,RHODE ISLAND ST,MB,WE,AB,0,1729767266000,15735323,147,10,POINT (-122.401842 37.75617),11/02/2024 08:47:21 PM,11/04/2024 09:42:39 AM,2,9,26,54,54
75008,Fremont St&Market St E-NS/SI,FRMTMRK0,FRMTMRKT,4725,37.791644999999995,-122.398151,1,FRONT ST,FREMONT ST,NS,EA,SI,0,1729767266000,15733201,147,6,POINT (-122.398151 37.791645),11/02/2024 08:47:21 PM,11/04/2024 09:42:39 AM,6,10,8,108,108
75000,Larkin St & Mcallister St,LARKMCAL,,7287,37.780381999999996,-122.416843,,MCALLISTER ST,LARKIN ST,,,,0,1729767266000,15737826,147,5,POINT (-122.416843 37.780382),11/02/2024 08:47:21 PM,11/04/2024 09:42:39 AM,5,10,36,21,21
73554,Lawton St&Lomita Ave SW-NS/PS,LAWTLMT1,LAWTLMTA,4861,37.75916,-122.47269,,LOMITA AVE,LAWTON ST,NS,SW,FL,0,1729767266000,15730212,147,7,POINT (-122.47269 37.75916),11/02/2024 08:47:21 PM,11/04/2024 09:42:39 AM,10,8,14,44,44
74370,25 ST&PENNSYLVANIA  NS SW,25STPEN1,,7526,37.752463,-122.39277,,MISSISSIPPI ST,25TH ST,,,,0,1729767266000,15738744,147,10,POINT (-122.39277 37.752463),11/02/2024 08:47:21 PM,11/04/2024 09:42:39 AM,2,9,1,54,54
73308,Chestnut St&Webster St NE-NS/BZ,CHESWEB0,CHESWEBS,3958,37.801103,-122.434502,,WEBSTER ST,CHESTNUT ST,NS,NE,BZ,0,1729767266000,15729619,147,2,POINT (-122.434502 37.801103),11/02/2024 08:47:21 PM,11/04/2024 09:42:39 AM,4,6,13,17,17
74194,North Point St&Mason St SE-FS/BZ,N.PTMAS0,N.PTMASN,5467,37.806523999999996,-122.41346,1,MASON ST,NORTH POINT ST,FS,SE,BZ,1,1729767266000,15732941,147,3,POINT (-122.41346 37.806524),11/02/2024 08:47:21 PM,11/04/2024 09:42:39 AM,6,3,23,99,99
74340,Geary Blvd&3RD Ave SW-NS/BZ,GEAR 3A1,GEAR 3AV,4256,37.781045,-122.461156,1,3RD AVE,GEARY BLVD,NS,SW,BZ,0,1729767266000,15737195,147,1,POINT (-122.461156 37.781045),11/02/2024 08:47:21 PM,11/04/2024 09:42:39 AM,8,4,11,5,5
72936,39th Ave&Rivera St NE-FS,39AVRVR0,39AVRVRA,3564,37.745962,-122.497308,,RIVERA ST,39TH AVE,FS,NE,,0,1729767266000,15728578,147,4,POINT (-122.497308 37.745962),11/02/2024 08:47:21 PM,11/04/2024 09:42:39 AM,10,7,35,39,39
73870,Mission St&Excelsior Ave E-FS/BZ,MISSEXC1,MISSEXCL,5586,37.726355,-122.43351,,EXCELSIOR AVE,MISSION ST,FS,EA,BZ,0,1729767266000,15731342,147,11,POINT (-122.43351 37.726355),11/02/2024 08:47:21 PM,11/04/2024 09:42:39 AM,9,1,7,90,90
75131,City College Terminal NW-FS/SI,CITYCOLL,PHELLOOP,5926,37.723718,-122.45259,,GENEVA AVE,PHELAN AVE,MB,,,0,1729767266000,15736431,147,7,POINT (-122.45259 37.723718),11/02/2024 08:47:21 PM,11/04/2024 09:42:39 AM,9,8,41,71,71
73346,Diamond St&25TH St SE-NS/PS,DIAM25SE,DIAM25ST,4373,37.749486,-122.436059,,25TH ST,DIAMOND ST,NS,SE,,0,1729767266000,15729336,147,8,POINT (-122.436059 37.749486),11/02/2024 08:47:21 PM,11/04/2024 09:42:39 AM,3,5,22,84,84
75705,24th St&Sanchez St SW-NS,24STSNC1,24STSNCZ,3482,37.751511,-122.429768,,SANCHEZ ST,24TH ST,NS,SW,,0,1729767266000,15738485,147,8,POINT (-122.429768 37.751511),11/02/2024 08:47:21 PM,11/04/2024 09:42:39 AM,3,5,22,84,84
75622,Sunset Blvd&Judah St SE-NS/SB,SUNSJUD1,SUNSJUDA,6530,37.760765,-122.495656,,JUDAH ST,SUNSET BLVD,NS,SE,,1,1729767266000,15735321,147,4,POINT (-122.495656 37.760765),11/02/2024 08:47:21 PM,11/04/2024 09:42:39 AM,10,7,35,39,39
74437,Winston Dr&Lake Merced Blvd NE-NS,WINSL M1,WINSL M,6954,37.727122,-122.483299,,LAKE MERCED BLVD,WINSTON DR,NS,NE,,1,1729767266000,15737335,147,4,POINT (-122.483299 37.727122),11/02/2024 08:47:21 PM,11/04/2024 09:42:39 AM,10,8,16,43,43
74998,Evans Ave&Quint St W-NS/SB,EVANQUN0,,7285,37.744039,-122.390473,,QUINT ST,EVANS AVE,,,,0,1729767266000,15737824,147,10,POINT (-122.390473 37.744039),11/02/2024 08:47:21 PM,11/04/2024 09:42:39 AM,2,9,1,86,86
74052,Lincoln Way&21st Ave SW-NS/BZ,LWAY21A1,LWAY21AV,5311,37.765285,-122.479489,,21ST AVE,LINCOLN WY,NS,SW,BZ,1,1729767266000,15731835,147,4,POINT (-122.479489 37.765285),11/02/2024 08:47:21 PM,11/04/2024 09:42:39 AM,10,7,35,39,39
72851,8th St & Market St S-FS/BZ,8STMRK0,8STMRKT,3209,37.778498,-122.414597,,MARKET ST,8TH ST,FS,SO,BZ,1,1729767266000,15727860,147,6,POINT (-122.414597 37.778498),11/02/2024 08:47:21 PM,11/04/2024 09:42:39 AM,5,10,34,32,32
73430,Eddy St&Gough St NW-FS/BZ,EDDYGOU0,EDDYGOUG,4477,37.782516,-122.42427,,GOUGH ST,EDDY ST,FS,NW,BZ,1,1729767266000,15729977,147,2,POINT (-122.42427 37.782516),11/02/2024 08:47:21 PM,11/04/2024 09:42:39 AM,4,11,39,100,100
74785,Turk St&Stanyan St NW-FS/BZ,TURKSTA0,TURKSTAN,6731,37.777637,-122.455367,,STANYAN ST,TURK BLVD,FS,NW,BZ,0,1729767266000,15737581,147,1,POINT (-122.455367 37.777637),11/02/2024 08:47:21 PM,11/04/2024 09:42:39 AM,8,4,18,12,12
72808,46th Ave&Noriega St SE-NS/PS,46AVNOR1,46AVNORI,3586,37.752829,-122.505322,,NORIEGA ST,46TH AVE,NS,SE,,1,1729767266000,15728128,147,4,POINT (-122.505322 37.752829),11/02/2024 08:47:21 PM,11/04/2024 09:42:39 AM,10,7,35,39,39
73140,Geary Blvd&Fillmore St NW-FS/BZ,GEARFIL0,GEARFILL,4295,37.784391,-122.43305,1,AVERY ST,GEARY BLVD,FS,NW,BZ,0,1729767266000,15729160,147,5,POINT (-122.43305 37.784391),11/02/2024 08:47:21 PM,11/04/2024 09:42:39 AM,4,11,39,103,103
73288,Evans Ave&Phelps St E-NS/BZ,EVANPHL1,EVANPHLP,4559,37.742993999999996,-122.38830899999999,,PHELPS ST,EVANS AVE,NS,EA,,1,1729767266000,15729572,147,10,POINT (-122.388309 37.742994),11/02/2024 08:47:21 PM,11/04/2024 09:42:39 AM,2,9,1,56,56
74937,Portola Dr&Claremont Ave SE-FS,PORTCLA1,PORTCLAR,6011,37.739689,-122.465124,,CLAREMONT BLVD,PORTOLA DR,NS,SW,,0,1729767266000,15734709,147,7,POINT (-122.465124 37.739689),11/02/2024 08:47:21 PM,11/04/2024 09:42:39 AM,10,8,41,116,116
74767,Polk St&Lombard St NW-NS/BZ,POLKLOM0,POLKLOMB,5990,37.80167,-122.42303,,LOMBARD ST,POLK ST,NS,NW,BZ,0,1729767266000,15736039,147,3,POINT (-122.42303 37.80167),11/02/2024 08:47:21 PM,11/04/2024 09:42:39 AM,4,6,32,107,107
73404,Divisadero St&Haight St SW-FS/BZ,DIVIHAI0,DIVIHAIT,4424,37.771049999999995,-122.4371,,HAIGHT ST,DIVISADERO ST,FS,SW,BZ,1,1729767266000,15729481,147,5,POINT (-122.4371 37.77105),11/02/2024 08:47:21 PM,11/04/2024 09:42:39 AM,4,11,3,112,112
73057,Cortland Ave&Bocana St SW-NS/BZ,CORTBOC0,CORTBOCN,4146,37.739309999999996,-122.41872000000001,,BOCANA ST,CORTLAND AVE,NS,SW,BZ,0,1729767266000,15728865,147,9,POINT (-122.41872 37.73931),11/02/2024 08:47:21 PM,11/04/2024 09:42:39 AM,9,2,2,61,61
72712,19th Ave&Taraval St SW-FS/BB,19AVTAR2,19AVTARA,3395,37.742585999999996,-122.475737,1,TARAVAL ST,19TH AVE,NS,NW,BZ,1,1729767266000,15727482,147,4,POINT (-122.475737 37.742586),11/02/2024 08:47:21 PM,11/04/2024 09:42:39 AM,10,7,35,40,40
73493,Geary Blvd&Arguello Blvd SE-FS/BZ,GEARARG1,GEARARGL,4288,37.781152999999996,-122.458692,1,ARGUELLO BLVD,GEARY BLVD,FS,SE,BZ,0,1729767266000,15729749,147,2,POINT (-122.458692 37.781153),11/02/2024 08:47:21 PM,11/04/2024 09:42:39 AM,8,4,18,12,12
74381,5th St&Brannan St S-MB/SI,.5STBRAN,,7622,37.776244,-122.398524,,BLUXOME ST,5TH ST,,,,0,1729767266000,15738785,147,6,POINT (-122.398524 37.776244),11/02/2024 08:47:21 PM,11/04/2024 09:42:39 AM,1,10,4,32,32
72695,19th Ave&Junipero Serra Blvd N-FS,19AVJ S1,19AVJ S,3362,37.71805,-122.47318,1,JUNIPERO SERRA BLVD,19TH AVE,FS,NO,BZ,0,1729767266000,15727380,147,7,POINT (-122.47318 37.71805),11/02/2024 08:47:21 PM,11/04/2024 09:42:39 AM,10,8,41,41,41
74449,Ocean Ave & I-280 on-ramp NE-NS/SB,OCENI280,,7804,37.723031,-122.446932,,SAN JOSE AVE,OCEAN AVE,,,,0,1729767266000,15738842,147,11,POINT (-122.446932 37.723031),11/02/2024 08:47:21 PM,11/04/2024 09:42:39 AM,9,1,28,94,94
73105,30th Ave&Quintara St SE-NS/PS,30AVQUI1,30AVQUIN,3526,37.74799,-122.48780000000001,,QUINTARA ST,30TH AVE,NS,SE,FL,0,1729767266000,15728679,147,4,POINT (-122.4878 37.74799),11/02/2024 08:47:21 PM,11/04/2024 09:42:39 AM,10,7,35,40,40
75404,Sunset Blvd&Ocean Ave SE-NS/SB,SUNSOCE1,SUNSOCEN,6542,37.731829999999995,-122.493622,,OCEAN AVE,SUNSET BLVD,NS,SE,,1,1729767266000,15733574,147,4,POINT (-122.493622 37.73183),11/02/2024 08:47:21 PM,11/04/2024 09:42:39 AM,10,8,35,43,43
74002,Mission St&18th St SW-FS/BZ,MISS18S0,MISS18ST,5554,37.761761,-122.41946300000001,,18TH ST,MISSION ST,FS,SW,BZ,1,1729767266000,15731680,147,9,POINT (-122.419463 37.761761),11/02/2024 08:47:21 PM,11/04/2024 09:42:39 AM,3,2,20,53,53
73056,Cortland Ave&Bocana St NE-NS/BZ,CORTBOC1,CORTBOCN,4145,37.7393,-122.41846,,BOCANA ST,CORTLAND AVE,NS,NE,BZ,0,1729767266000,15728864,147,9,POINT (-122.41846 37.7393),11/02/2024 08:47:21 PM,11/04/2024 09:42:39 AM,9,2,2,83,83
74240,19th Ave&Ortega St SW-FS/BB,19AVORT0,19AVORTG,3380,37.75206,-122.47640000000001,1,ORTEGA ST,19TH AVE,FS,SW,BZ,0,1729767266000,15732716,147,4,POINT (-122.4764 37.75206),11/02/2024 08:47:21 PM,11/04/2024 09:42:39 AM,10,7,35,39,39
72873,23rd St&Rhode Island St SW-NS/PS,23STR I1,23STR IS,3452,37.754509999999996,-122.40169399999999,,KANSAS ST,23RD ST,NS,SW,,0,1729767266000,15727972,147,10,POINT (-122.401694 37.75451),11/02/2024 08:47:21 PM,11/04/2024 09:42:39 AM,2,9,26,54,54
74356,Balboa St&25TH Ave NW-FS/BZ,BBOA25A0,BBOA25AV,3051,37.776356,-122.484606,,25TH AVE,BALBOA ST,FS,NW,,0,1729767266000,15737224,147,1,POINT (-122.484606 37.776356),11/02/2024 08:47:21 PM,11/04/2024 09:42:39 AM,8,4,29,8,8
75866,Polk St&Francisco St NE-FS/BZ,POLKFNC1,POLKFNCO,5987,37.803653,-122.423231,,FRANCISCO ST,POLK ST,FS,NE,BZ,0,1729767266000,15737109,147,2,POINT (-122.423231 37.803653),11/02/2024 08:47:21 PM,11/04/2024 09:42:39 AM,4,6,32,107,107
73775,Kansas St&26th St NE-FS/SB,KANS26S0,KANS26ST,5229,37.750834,-122.402121,,26TH ST,KANSAS ST,FS,NE,,0,1729767266000,15731043,147,10,POINT (-122.402121 37.750834),11/02/2024 08:47:21 PM,11/04/2024 09:42:39 AM,2,9,26,54,54
75326,47th Ave&Wawona St SW-FS/PS,47AVWAW0,47AVWAWO,3606,37.736018,-122.505366,,WAWONA ST,47TH AVE,NS,NW,,0,1729767266000,15735101,147,4,POINT (-122.505366 37.736018),11/02/2024 08:47:21 PM,11/04/2024 09:42:39 AM,10,7,35,40,40
74784,Turk St&Roselyn Ter NW-FS/BZ,TURKRSL0,TURKRSLN,6730,37.778343,-122.449923,,KITTREDGE TER,TURK BLVD,NS,NE,BZ,0,1729767266000,15737579,147,1,POINT (-122.449923 37.778343),11/02/2024 08:47:21 PM,11/04/2024 09:42:39 AM,7,4,18,12,12
73677,Mansell St&Hamilton St N-NS/BZ,MANSHML1,MANSHMLT,5343,37.720098,-122.406916,,HAMILTON ST,MANSELL ST,NS,NO,BZ,0,1729767266000,15730609,147,9,POINT (-122.406916 37.720098),11/02/2024 08:47:21 PM,11/04/2024 09:42:39 AM,2,9,25,91,91
73674,Mansell St&Dartmouth St N-NS/PS,MANSDAR1,MANSDART,5339,37.719581,-122.408886,,DARTMOUTH ST,MANSELL ST,NS,NO,,0,1729767266000,15730601,147,9,POINT (-122.408886 37.719581),11/02/2024 08:47:21 PM,11/04/2024 09:42:39 AM,2,9,19,91,91
74725,Van Ness Ave&Market St NS-N/SI,V.N.MRK2,,8105,37.775172,-122.419309,,MARKET ST,VAN NESS AVE,,,,0,1729767266000,15739125,147,6,POINT (-122.419309 37.775172),11/02/2024 08:47:21 PM,11/04/2024 09:42:39 AM,1,11,9,21,21
75923,Crissy Field Transit Center NS SW/PS,CRFD.TCI,,8153,37.802777999999996,-122.461552,,,,,,,0,1729767266000,15739284,147,2,POINT (-122.461552 37.802778),11/02/2024 08:47:21 PM,11/04/2024 09:42:39 AM,,6,27,3,3
73284,De Haro St&16TH St SE-NS/SB,DHRO16S1,DHRO16ST,4350,37.766056,-122.40163,,16TH ST,DE HARO ST,NS,SE,,0,1729767266000,15729566,147,10,POINT (-122.40163 37.766056),11/02/2024 08:47:21 PM,11/04/2024 09:42:39 AM,1,9,4,54,54
72697,19th Ave&Judah St NE-FS/BB,19AVJUD1,19AVJUDA,3364,37.76177,-122.476955,1,JUDAH ST,19TH AVE,NS,SE,BZ,0,1729767266000,15727386,147,7,POINT (-122.476955 37.76177),11/02/2024 08:47:21 PM,11/04/2024 09:42:39 AM,10,7,14,109,109
75635,Blanken Ave&Tunnel Ave SW-NS/SB,BLKNTUNL,BLKNTUNL,7012,37.71201,-122.40092,,TUNNEL AVE,BLANKEN AVE,NS,NW,,0,1729767266000,15735343,147,10,POINT (-122.40092 37.71201),11/02/2024 08:47:21 PM,11/04/2024 09:42:39 AM,2,9,1,89,89
74664,Great Hwy&Ocean Beach E-MB/SB,GHWYOBC1,GHWYOBCH,4779,37.767879,-122.510284,,GREAT HWY,GREAT HWY,MB,EA,,0,1729767266000,15735963,147,4,POINT (-122.510284 37.767879),11/02/2024 08:47:21 PM,11/04/2024 09:42:39 AM,8,4,12,9,9
75827,Stockton St&Sutter St NW-NS/BB,STOKSUT1,STOKSUTT,6524,37.78997,-122.40716,,BUSH ST,STOCKTON TUNL,NS,NW,BB,1,1729767266000,15733981,147,3,POINT (-122.40716 37.78997),11/02/2024 08:47:21 PM,11/04/2024 09:42:39 AM,6,3,8,19,19
72935,39th Ave&Quintara St SE-NS,39AVQUI0,39AVQUIN,3563,37.747620999999995,-122.497424,,QUINTARA ST,39TH AVE,NS,SE,,0,1729767266000,15728576,147,4,POINT (-122.497424 37.747621),11/02/2024 08:47:21 PM,11/04/2024 09:42:39 AM,10,7,35,39,39
73504,Grafton Ave&Granada Ave SW-NS/SB,GRAFGND0,GRAFGNDA,4910,37.719961999999995,-122.457251,,GRANADA AVE,GRAFTON AVE,NS,SW,,0,1729767266000,15729788,147,11,POINT (-122.457251 37.719962),11/02/2024 08:47:21 PM,11/04/2024 09:42:39 AM,10,1,24,64,64
75744,Sunset Blvd&Quintara St SW-FS/SB,SUNSQUI0,SUNSQUIN,6548,37.747578,-122.49491499999999,,QUINTARA ST,SUNSET BLVD,FS,SW,,1,1729767266000,15735427,147,4,POINT (-122.494915 37.747578),11/02/2024 08:47:21 PM,11/04/2024 09:42:39 AM,10,7,35,39,39
75287,Polk St&Union St NW-NS/BZ,POLKUNI0,POLKUNIN,6004,37.79893,-122.42247,,UNION ST,POLK ST,NS,NW,BZ,1,1729767266000,15733538,147,3,POINT (-122.42247 37.79893),11/02/2024 08:47:21 PM,11/04/2024 09:42:39 AM,4,6,32,107,107
73172,Cortland Ave&Prentiss St SW-NS/PS,CORTPNT0,CORTPNTS,4159,37.73957,-122.41211,,PRENTISS ST,CORTLAND AVE,NS,SW,,0,1729767266000,15729227,147,9,POINT (-122.41211 37.73957),11/02/2024 08:47:21 PM,11/04/2024 09:42:39 AM,9,2,2,83,83
72683,7th St&Harrison St N-FS/BZ,.7STHAR1,7STHARR,3193,37.775729999999996,-122.40646,,HARRISON ST,7TH ST,FS,NO,BZ,0,1729767266000,15727841,147,6,POINT (-122.40646 37.77573),11/02/2024 08:47:21 PM,11/04/2024 09:42:39 AM,1,10,34,32,32
73914,Mansell St&Brussels St NW-MI/PS,MANSBRU1,MANSBRUS,5337,37.721095999999996,-122.403067,,BRUSSELS ST,MANSELL ST,MI,NW,,0,1729767266000,15731482,147,9,POINT (-122.403067 37.721096),11/02/2024 08:47:21 PM,11/04/2024 09:42:39 AM,2,2,25,91,91
74202,Castro St&24TH St SE-NS/BZ,CTRO24S1,CTRO24ST,4326,37.751200000000004,-122.43401,,24TH ST,CASTRO ST,NS,SE,BZ,0,1729767266000,15732978,147,8,POINT (-122.43401 37.7512),11/02/2024 08:47:21 PM,11/04/2024 09:42:39 AM,3,5,22,84,84
75566,Balboa St&40TH Ave SW-NS/PS,BBOA40A1,BBOA40AV,3064,37.775503,-122.500617,,40TH AVE,BALBOA ST,NS,SW,,0,1729767266000,15736832,147,1,POINT (-122.500617 37.775503),11/02/2024 08:47:21 PM,11/04/2024 09:42:39 AM,8,4,29,8,8
75387,Castro St&26TH St NW-NS/SB,CTR026S0,,7290,37.748201,-122.433893,,26TH ST,CASTRO ST,,,,0,1729767266000,15738190,147,8,POINT (-122.433893 37.748201),11/02/2024 08:47:21 PM,11/04/2024 09:42:39 AM,3,5,22,84,84
72860,3rd St&Mission St NE-FS/BZ,.3STMISS,.3STMRKT,3136,37.786373,-122.40211,,MISSION ST,3RD ST,MB,EA,BZ,0,1729767266000,15727895,147,6,POINT (-122.40211 37.786373),11/02/2024 08:47:21 PM,11/04/2024 09:42:39 AM,6,10,8,32,32
73523,Lawton St&9th Ave SW-NS/PS,LAWT 9A0,LAWT 9AV,4855,37.75839,-122.46605,,09TH AVE,LAWTON ST,NS,SW,FL,0,1729767266000,15729819,147,7,POINT (-122.46605 37.75839),11/02/2024 08:47:21 PM,11/04/2024 09:42:39 AM,10,8,14,44,44
73642,Geary Blvd&Park Presidio Blvd SE-FS,GEARPKP1,GEARPKPR,4756,37.780642,-122.47182699999999,1,FUNSTON AVE,GEARY BLVD,NS,SW,BZ,0,1729767266000,15730142,147,1,POINT (-122.471827 37.780642),11/02/2024 08:47:21 PM,11/04/2024 09:42:39 AM,8,4,11,5,5
74287,Divisadero St&Bay St. NW-NS/PS,DIVIBAY,,7568,37.801907,-122.443331,,BRODERICK ST,BAY ST,,,,0,1729767266000,15738699,147,2,POINT (-122.443331 37.801907),11/02/2024 08:47:21 PM,11/04/2024 09:42:39 AM,4,6,13,17,17
75231,Turk St&Hyde St NW-FS/BZ,TURKHYD0,TURKHYDE,6718,37.782621,-122.41585599999999,,HYDE ST,TURK ST,FS,NW,BZ,0,1729767266000,15736489,147,5,POINT (-122.415856 37.782621),11/02/2024 08:47:21 PM,11/04/2024 09:42:39 AM,5,10,36,20,20
73495,Castro St&20TH St SE-NS/PS,CTRO20S1,CTRO20ST,4319,37.757632,-122.434636,,20TH ST,CASTRO ST,NS,SE,,0,1729767266000,15729754,147,8,POINT (-122.434636 37.757632),11/02/2024 08:47:21 PM,11/04/2024 09:42:39 AM,3,5,5,115,115
74053,Lincoln Way&25th Ave NW-FS/BZ,LWAY25A0,LWAY25AV,5314,37.765221,-122.483993,,25TH AVE,LINCOLN WY,FS,NW,BZ,0,1729767266000,15731841,147,4,POINT (-122.483993 37.765221),11/02/2024 08:47:21 PM,11/04/2024 09:42:39 AM,10,4,12,9,9
75103,Sunset Blvd&Ortega St NE-FS/SB,SUNSORT1,SUNSORTG,6543,37.751798,-122.49502,,ORTEGA ST,SUNSET BLVD,FS,NE,,0,1729767266000,15734831,147,4,POINT (-122.49502 37.751798),11/02/2024 08:47:21 PM,11/04/2024 09:42:39 AM,10,7,35,39,39
73323,Eddy St&Larkin St SE-FS/BZ,EDDYLARK,EDDYLARK,4482,37.783273,-122.417357,,LARKIN ST,EDDY ST,FS,SE,BZ,1,1729767266000,15729660,147,5,POINT (-122.417357 37.783273),11/02/2024 08:47:21 PM,11/04/2024 09:42:39 AM,5,10,36,20,20
75731,Balboa St&43RD Ave SW-NS/PS,BBOA43A1,BBOA43AV,3066,37.775349999999996,-122.503838,,43RD AVE,BALBOA ST,NS,SW,,0,1729767266000,15733910,147,1,POINT (-122.503838 37.77535),11/02/2024 08:47:21 PM,11/04/2024 09:42:39 AM,8,4,29,8,8
75363,Divisadero St&Eddy St SW-FS/BZ,DIVIEDD0,DIVIEDDY,4415,37.780591,-122.438942,,TURK ST,DIVISADERO ST,FS,SW,BZ,0,1729767266000,15736649,147,5,POINT (-122.438942 37.780591),11/02/2024 08:47:21 PM,11/04/2024 09:42:39 AM,4,11,39,13,13
72804,46th Ave&Lawton St NW-NS/PS,46AVLAW0,46AVLAWT,3580,37.756781,-122.505749,,LAWTON ST,46TH AVE,NS,NW,,0,1729767266000,15728122,147,4,POINT (-122.505749 37.756781),11/02/2024 08:47:21 PM,11/04/2024 09:42:39 AM,10,7,35,39,39
73309,Chestnut St&Webster St SW-NS/BZ,CHESWEB1,CHESWEBS,3959,37.800951,-122.434697,,WEBSTER ST,CHESTNUT ST,NS,SW,BZ,0,1729767266000,15729622,147,2,POINT (-122.434697 37.800951),11/02/2024 08:47:21 PM,11/04/2024 09:42:39 AM,4,6,13,17,17
74552,Castro St&14TH St NE-FS/BZ,CTRO14S1,CTRO14ST,4307,37.76761,-122.43558,,14TH ST,CASTRO ST,FS,NE,BZ,1,1729767266000,15737385,147,8,POINT (-122.43558 37.76761),11/02/2024 08:47:21 PM,11/04/2024 09:42:39 AM,7,5,5,28,28
72896,Chestnut St&Van Ness Ave SW-NS/BZ,CHESV N1,CHESV N,3957,37.802199,-122.424894,,VAN NESS AVE,CHESTNUT ST,NS,SW,BZ,0,1729767266000,15728460,147,2,POINT (-122.424894 37.802199),11/02/2024 08:47:21 PM,11/04/2024 09:42:39 AM,4,6,13,17,17
75851,Rhode Island St&Mariposa St SW-FS,R ISMAR0,R ISMARI,6203,37.76327,-122.40256,,MARIPOSA ST,RHODE ISLAND ST,FS,SW,,0,1729767266000,15735531,147,10,POINT (-122.40256 37.76327),11/02/2024 08:47:21 PM,11/04/2024 09:42:39 AM,2,9,26,54,54
74269,Middle Point & Acacia NW-NS,MDPTACAC,,7719,37.737074,-122.379516,,WEST POINT RD,MIDDLE POINT RD,,,,0,1729767266000,15738646,147,10,POINT (-122.379516 37.737074),11/02/2024 08:47:21 PM,11/04/2024 09:42:39 AM,2,9,1,86,86
75440,Mansell St&University St W-FS/PS,MANSUNI1,MANSUNIV,5353,37.718956999999996,-122.411257,,UNIVERSITY ST,MANSELL ST,FS,WE,,0,1729767266000,15735144,147,9,POINT (-122.411257 37.718957),11/02/2024 08:47:21 PM,11/04/2024 09:42:39 AM,9,9,19,73,73
74769,Polk St&O'Farrell St NW-NS/BZ,POLKOFA0,POLKOFAR,5993,37.78507,-122.41969,,OFARRELL ST,POLK ST,NS,NW,BZ,0,1729767266000,15736041,147,5,POINT (-122.41969 37.78507),11/02/2024 08:47:21 PM,11/04/2024 09:42:39 AM,4,10,36,20,20
73427,Eddy St&Buchanan St SW-NS/BZ,EDDYBUC1,EDDYBUCH,4473,37.781766999999995,-122.429141,,BUCHANAN ST,EDDY ST,NS,SW,BZ,0,1729767266000,15729970,147,5,POINT (-122.429141 37.781767),11/02/2024 08:47:21 PM,11/04/2024 09:42:39 AM,4,11,39,97,97
74812,Castro St&Duboce Ave NW-NS/BZ,CTRODUB0,CTRODUBO,4330,37.76918,-122.43596,,DUBOCE AVE,CASTRO ST,NS,NW,BZ,1,1729767266000,15733061,147,8,POINT (-122.43596 37.76918),11/02/2024 08:47:21 PM,11/04/2024 09:42:39 AM,7,5,3,112,112
75398,Fitzgerald Ave&Ingalls St W-NS/PS,FITZING1,FITZINGL,4646,37.720966,-122.391453,,INGALLS ST,FITZGERALD AVE,NS,WE,,0,1729767266000,15738213,147,10,POINT (-122.391453 37.720966),11/02/2024 08:47:21 PM,11/04/2024 09:42:39 AM,2,9,1,88,88
74708,Palou Ave&Newhall St NW-FS/SB,PLAUNEWH,,7756,37.735161999999995,-122.392886,,NEWHALL ST,PALOU AVE,,,,0,1729767266000,15739071,147,10,POINT (-122.392886 37.735162),11/02/2024 08:47:21 PM,11/04/2024 09:42:39 AM,2,9,1,87,87
74179,Geary Blvd&Collins St SE-FS/BZ,GEARCLN1,GEARCLNS,4291,37.782028,-122.449911,1,COLLINS ST,GEARY BLVD,FS,SE,BZ,0,1729767266000,15732883,147,2,POINT (-122.449911 37.782028),11/02/2024 08:47:21 PM,11/04/2024 09:42:39 AM,8,4,18,12,12
74979,Palou Ave&Phelps St W-NS/PS,PALUPHL0,PALUPHLP,5880,37.7361,-122.39481,,PHELPS ST,PALOU AVE,NS,WE,,0,1729767266000,15737762,147,10,POINT (-122.39481 37.7361),11/02/2024 08:47:21 PM,11/04/2024 09:42:39 AM,2,9,1,87,87
73369,Garfield St&Bright St NE-NS/SB,GARFBRG1,GARFBRGT,4246,37.719988,-122.463459,,BRIGHT ST,GARFIELD ST,NS,NE,,0,1729767266000,15729427,147,11,POINT (-122.463459 37.719988),11/02/2024 08:47:21 PM,11/04/2024 09:42:39 AM,10,1,24,64,64
73641,Geary Blvd&Park Presidio Blvd NW-FS,GEARPKP0,GEARPKPR,4755,37.780668999999996,-122.472802,1,PARK PRESIDIO BLVD,GEARY BLVD,FS,NW,BZ,0,1729767266000,15730139,147,1,POINT (-122.472802 37.780669),11/02/2024 08:47:21 PM,11/04/2024 09:42:39 AM,8,4,29,5,5
75493,Van Ness Ave&No. Point St NW-NS/BZ,V.N.N.P1,V.N.N.PT,6820,37.805071999999996,-122.42542,,NORTH POINT ST,VAN NESS AVE,,SW,BZ,1,1729767266000,15738285,147,2,POINT (-122.42542 37.805072),11/02/2024 08:47:21 PM,11/04/2024 09:42:39 AM,6,6,13,98,98
75047,Blanken  Ave&Nueva  AveSW-NS/SB,BLKNNUV0,BLKNNUVA,7009,37.711189999999995,-122.39747,,NUEVA AVE,BLANKEN AVE,NS,NW,,0,1729767266000,15734762,147,10,POINT (-122.39747 37.71119),11/02/2024 08:47:21 PM,11/04/2024 09:42:39 AM,2,9,1,89,89
72885,14th Ave&Taraval St NW-NS,14AVTAR1,14AVTARA,3249,37.7434,-122.47030000000001,,TARAVAL ST,14TH AVE,NS,NW,,0,1729767266000,15728034,147,7,POINT (-122.4703 37.7434),11/02/2024 08:47:21 PM,11/04/2024 09:42:39 AM,10,8,41,44,44
72760,Balboa St&35TH Ave N-MB/PS,BBOA35A0,BBOA35AV,3060,37.775898,-122.49457699999999,,35TH AVE,BALBOA ST,MB,NO,,0,1729767266000,15727704,147,1,POINT (-122.494577 37.775898),11/02/2024 08:47:21 PM,11/04/2024 09:42:39 AM,8,4,29,8,8
75581,Evans Ave&Napoleon St E-NS/PS,EVANNPL1,EVANNPLN,4556,37.747263,-122.39587900000001,,NAPOLEON ST,EVANS AVE,NS,EA,,0,1729767266000,15738373,147,10,POINT (-122.395879 37.747263),11/02/2024 08:47:21 PM,11/04/2024 09:42:39 AM,2,9,1,56,56
74800,356 Wilde Ave N-MB/PS,WILDH350,WILDH356,6942,37.71705,-122.40438,,RUTLAND ST,WILDE AVE,MB,NO,,0,1729767266000,15733001,147,10,POINT (-122.40438 37.71705),11/02/2024 08:47:21 PM,11/04/2024 09:42:39 AM,9,9,40,75,75
72813,24th St&Folsom St SE-FS/BZ,24STFOL1,24STFOLS,3470,37.752462,-122.413933,,FOLSOM ST,24TH ST,FS,SE,BZ,0,1729767266000,15728137,147,9,POINT (-122.413933 37.752462),11/02/2024 08:47:21 PM,11/04/2024 09:42:39 AM,3,2,20,53,53
75511,Middle Point Rd&West Point Rd SE-NS,MDPTWPT2,MDPTWPTS,5503,37.735164,-122.379323,,WEST POINT RD,MIDDLE POINT RD,NS,SE,,0,1729767266000,15733717,147,10,POINT (-122.379323 37.735164),11/02/2024 08:47:21 PM,11/04/2024 09:42:39 AM,2,9,1,76,76
73157,Geary Blvd&20TH Ave SE-FS/BZ,GEAR20A1,GEAR20AV,4266,37.780319,-122.479232,1,20TH AVE,GEARY BLVD,NS,SW,BZ,0,1729767266000,15729186,147,1,POINT (-122.479232 37.780319),11/02/2024 08:47:21 PM,11/04/2024 09:42:39 AM,8,4,29,8,8
73829,Lombard St&Divisadero St NW-FS/SB,LOMBDIV0,LOMBDIVI,5273,37.799078,-122.442861,1,DIVISADERO ST,LOMBARD ST,FS,NW,BZ,0,1729767266000,15730819,147,2,POINT (-122.442861 37.799078),11/02/2024 08:47:21 PM,11/04/2024 09:42:39 AM,4,6,13,17,17
75867,19th Ave&Lincoln Way SW-FS/BB,19AVLWA2,19AVLWAY,3371,37.765375,-122.477404,1,LINCOLN WY,19TH AVE,FS,SW,BZ,0,1729767266000,15737110,147,4,POINT (-122.477404 37.765375),11/02/2024 08:47:21 PM,11/04/2024 09:42:39 AM,10,7,35,39,39
75134,Plymouth Ave&Grafton Ave NW-NS/PS,PLYMGRA0,PLYMGRAF,5960,37.720113,-122.456221,,GRAFTON AVE,PLYMOUTH AVE,FS,SW,,0,1729767266000,15736444,147,11,POINT (-122.456221 37.720113),11/02/2024 08:47:21 PM,11/04/2024 09:42:39 AM,10,1,24,64,64
74092,Mission St&Murray St NE-FS/BZ,MISSMUR1,MISSMURR,5605,37.73404,-122.42591999999999,,MURRAY ST,MISSION ST,FS,EA,BZ,0,1729767266000,15732402,147,9,POINT (-122.42592 37.73404),11/02/2024 08:47:21 PM,11/04/2024 09:42:39 AM,9,2,2,93,93
72846,8th St&Brannan St W-FS/BI,.8STBRA0,8STBRAN,3203,37.771179,-122.405386,,BRANNAN ST,08TH ST,MB,WE,BZ,0,1729767266000,15727853,147,6,POINT (-122.405386 37.771179),11/02/2024 08:47:21 PM,11/04/2024 09:42:39 AM,1,10,34,33,33
73112,30th Ave&Ulloa St NW-NS/PS,30AVULO0,30AVULOA,3534,37.74077,-122.48739,,ULLOA ST,30TH AVE,NS,NW,FL,0,1729767266000,15728686,147,4,POINT (-122.48739 37.74077),11/02/2024 08:47:21 PM,11/04/2024 09:42:39 AM,10,7,35,40,40
74687,Park Presidio Blvd&Balboa St NE-FS,PKPRBBO1,PKPRBBOA,5946,37.77724,-122.47192,1,PARK PRESIDIO BLVD,BALBOA ST,FS,NE,FL,0,1729767266000,15737513,147,1,POINT (-122.47192 37.77724),11/02/2024 08:47:21 PM,11/04/2024 09:42:39 AM,8,4,11,5,5
73065,De Haro St&22ND St NE-FS/PS,DHRO22S1,DHRO22ST,4355,37.757436999999996,-122.400822,,22ND ST,DE HARO ST,FS,NE,,0,1729767266000,15728876,147,10,POINT (-122.400822 37.757437),11/02/2024 08:47:21 PM,11/04/2024 09:42:39 AM,2,9,26,54,54
75306,46th Ave&Irving St NW-NS/PS,46AVIRV0,46AVIRVG,3574,37.762375,-122.506143,,IRVING ST,46TH AVE,NS,NW,,1,1729767266000,15735040,147,4,POINT (-122.506143 37.762375),11/02/2024 08:47:21 PM,11/04/2024 09:42:39 AM,10,7,35,39,39
72772,Balboa St&4TH Ave NE-NS/BZ,BBOA 4A0,BBOA 4AV,3032,37.777395999999996,-122.46175099999999,,4TH AVE,BALBOA ST,NS,NE,BZ,0,1729767266000,15727743,147,1,POINT (-122.461751 37.777396),11/02/2024 08:47:21 PM,11/04/2024 09:42:39 AM,8,4,11,5,5
73983,Mission St&Appleton Ave N-NS/BZ,MISSAPT0,MISSAPTN,5578,37.73899,-122.42403999999999,,APPLETON AVE,MISSION ST,NS,NO,BZ,0,1729767266000,15731629,147,8,POINT (-122.42404 37.73899),11/02/2024 08:47:21 PM,11/04/2024 09:42:39 AM,9,5,2,61,61
74006,Mission St&24th St SW-FS/BB,MISS24S0,MISS24ST,5566,37.751964,-122.418528,,24TH ST,MISSION ST,FS,SW,BZ,1,1729767266000,15731689,147,9,POINT (-122.418528 37.751964),11/02/2024 08:47:21 PM,11/04/2024 09:42:39 AM,3,2,20,53,53
75602,Palou Ave&Rankin St W-NS/PS,PALURAN0,PALURANK,5884,37.73825,-122.39853,,RANKIN ST,PALOU AVE,NS,WE,,0,1729767266000,15733785,147,10,POINT (-122.39853 37.73825),11/02/2024 08:47:21 PM,11/04/2024 09:42:39 AM,2,9,1,87,87
73015,46th Ave&Rivera St SE-NS/SB,46AVRVR1,46AVRVRA,3595,37.745422999999995,-122.504801,,RIVERA ST,46TH AVE,NS,SE,,0,1729767266000,15728400,147,4,POINT (-122.504801 37.745423),11/02/2024 08:47:21 PM,11/04/2024 09:42:39 AM,10,7,35,39,39
75878,Lake Merced & Lakeshore S-NS/SB,L M LKS0,,7851,37.72942,-122.494056,,SUNSET BLVD,LAKE MERCED BLVD,,,,0,1729767266000,15739162,147,7,POINT (-122.494056 37.72942),11/02/2024 08:47:21 PM,11/04/2024 09:42:39 AM,10,8,16,43,43
72870,16th Ave&Moraga St E-MI/SB,16AVMOR1,16AVMORA,3276,37.7563,-122.47361000000001,,MORAGA ST,16TH AVE,MI,EA,FL,0,1729767266000,15727969,147,7,POINT (-122.47361 37.7563),11/02/2024 08:47:21 PM,11/04/2024 09:42:39 AM,10,8,14,44,44
74621,46th Ave&Moraga St NW-NS/PS,46AVMOR0,46AVMORA,3584,37.754925,-122.50562099999999,,MORAGA ST,46TH AVE,NS,NW,,0,1729767266000,15734388,147,4,POINT (-122.505621 37.754925),11/02/2024 08:47:21 PM,11/04/2024 09:42:39 AM,10,7,35,39,39
74639,Beverly St&Garfield St NW-NS/SB,BEVRGAR0,BEVRGARF,3689,37.719727999999996,-122.471739,,GARFIELD ST,BEVERLY ST,NS,NW,,0,1729767266000,15735895,147,11,POINT (-122.471739 37.719728),11/02/2024 08:47:21 PM,11/04/2024 09:42:39 AM,10,1,24,64,64
73165,Geary Blvd&33RD Ave NW-FS/BZ,GEAR33AV,GEAR33AV,4278,37.779798,-122.493445,1,33RD AVE,GEARY BLVD,FS,NW,BZ,0,1729767266000,15729209,147,1,POINT (-122.493445 37.779798),11/02/2024 08:47:21 PM,11/04/2024 09:42:39 AM,8,4,29,8,8
72656,Balboa St&19TH Ave SW-NS/BZ,BBOA19A1,BBOA19AV,3046,37.776528,-122.47813,,19TH AVE,BALBOA ST,NS,SW,BZ,0,1729767266000,15727782,147,1,POINT (-122.47813 37.776528),11/02/2024 08:47:21 PM,11/04/2024 09:42:39 AM,8,4,29,8,8
74904,Wisconsin St&Connecticut St SW-FS,WISCCON0,WISCCONN,6964,37.753447,-122.39867,,CONNECTICUT ST,WISCONSIN ST,FS,SW,,0,1729767266000,15733129,147,10,POINT (-122.39867 37.753447),11/02/2024 08:47:21 PM,11/04/2024 09:42:39 AM,2,9,26,54,54
73882,Hyde St&Turk St NW-NS/BZ,HYDETUR0,HYDETURK,5087,37.782648,-122.41579899999999,,TURK ST,HYDE ST,NS,NW,BZ,0,1729767266000,15731396,147,5,POINT (-122.415799 37.782648),11/02/2024 08:47:21 PM,11/04/2024 09:42:39 AM,5,10,36,20,20
74678,Mission St&Francis St W-FS/BZ,MISSFRA0,MISSFRAN,5590,37.72635,-122.43365,,FRANCIS ST,MISSION ST,FS,WE,BZ,0,1729767266000,15737472,147,11,POINT (-122.43365 37.72635),11/02/2024 08:47:21 PM,11/04/2024 09:42:39 AM,9,1,28,94,94
74218,Quintara St&24th Ave NE-NS/SB,QUIN24A0,QUIN24AV,6144,37.74846,-122.48131000000001,,24TH AVE,QUINTARA ST,NS,NE,FL,0,1729767266000,15732646,147,4,POINT (-122.48131 37.74846),11/02/2024 08:47:21 PM,11/04/2024 09:42:39 AM,10,7,35,39,39
74239,19th Ave&Noriega St NE-FS/BB,19AVNOR1,19AVNORI,3374,37.75432,-122.476368,1,NORIEGA ST,19TH AVE,NS,SE,BZ,0,1729767266000,15732710,147,7,POINT (-122.476368 37.75432),11/02/2024 08:47:21 PM,11/04/2024 09:42:39 AM,10,8,14,44,44
75675,Raymond Ave&Elliot St NE-NS/PS,RAYMELL1,,7335,37.714424,-122.411213,,ELLIOT ST,RAYMOND AVE,,,,0,1729767266000,15736950,147,10,POINT (-122.411213 37.714424),11/02/2024 08:47:21 PM,11/04/2024 09:42:39 AM,9,9,40,75,75
74989,Balboa St&17TH Ave SW-NS/PS,BBOA17A1,BBOA17AV,3044,37.776626,-122.475987,,17TH AVE,BALBOA ST,NS,SW,,0,1729767266000,15737794,147,1,POINT (-122.475987 37.776626),11/02/2024 08:47:21 PM,11/04/2024 09:42:39 AM,8,4,29,5,5
74750,Van Ness Ave&Chestnut St NE-FS/BZ,V N CHE1,V N CHES,6800,37.80258,-122.42464,,CHESTNUT ST,VAN NESS AVE,FS,NE,BZ,0,1729767266000,15734515,147,2,POINT (-122.42464 37.80258),11/02/2024 08:47:21 PM,11/04/2024 09:42:39 AM,4,6,32,107,107
75405,Ocean Ave&Geneva Ave SW-NS/SI,OCENGNVA,OCENGNVA,7036,37.723031,-122.45245299999999,1,GENEVA AVE,OCEAN AVE,NS,SW,SI,0,1729767266000,15733577,147,11,POINT (-122.452453 37.723031),11/02/2024 08:47:21 PM,11/04/2024 09:42:39 AM,10,1,24,64,64
74765,Polk St&Broadway SW-FS/BZ,POLKBDW0,POLKBDWY,5984,37.795676,-122.421812,,BROADWAY,POLK ST,FS,SW,BZ,1,1729767266000,15736037,147,3,POINT (-122.421812 37.795676),11/02/2024 08:47:21 PM,11/04/2024 09:42:39 AM,4,3,32,105,105
74250,7th St&Howard St E-NS/SI,.7STHWR1,7STHWRD,3194,37.777935,-122.409222,,FOLSOM ST,7TH ST,NS,EA,BZ,0,1729767266000,15732753,147,6,POINT (-122.409222 37.777935),11/02/2024 08:47:21 PM,11/04/2024 09:42:39 AM,1,10,34,32,32
72650,Balboa St&8TH Ave NE-NS/PS,BBOA 8A0,BBOA 8AV,3036,37.777198999999996,-122.466038,,8TH AVE,BALBOA ST,NS,NE,,0,1729767266000,15727770,147,1,POINT (-122.466038 37.777199),11/02/2024 08:47:21 PM,11/04/2024 09:42:39 AM,8,4,11,5,5
72817,24th St&Mission St NE-NS/BZ,24STMIS0,24STMISS,3476,37.752320999999995,-122.418333,,MISSION ST,24TH ST,NS,NE,BZ,1,1729767266000,15728145,147,9,POINT (-122.418333 37.752321),11/02/2024 08:47:21 PM,11/04/2024 09:42:39 AM,3,2,20,53,53
75487,O'Farrell St&Grant Ave S-MB/BB,OFARGRN1,OFARGRNT,5810,37.786642,-122.405629,1,GRANT AVE,OFARRELL ST,MB,SO,BB,0,1729767266000,15738249,147,3,POINT (-122.405629 37.786642),11/02/2024 08:47:21 PM,11/04/2024 09:42:39 AM,6,3,8,19,19
75604,Sunset Blvd&Yorba St SE-NS/PS,SUNSYOR1,SUNSYORB,6563,37.734854,-122.493784,,YORBA ST,SUNSET BLVD,NS,SE,,1,1729767266000,15733796,147,4,POINT (-122.493784 37.734854),11/02/2024 08:47:21 PM,11/04/2024 09:42:39 AM,10,7,35,40,40
73889,Industrial St&Revere Ave NE-NS/SB,INDSRVR1,INDSRVRE,5096,37.739129999999996,-122.40305000000001,,REVERE AVE,INDUSTRIAL ST,NS,NE,,0,1729767266000,15731412,147,10,POINT (-122.40305 37.73913),11/02/2024 08:47:21 PM,11/04/2024 09:42:39 AM,2,9,1,82,82
73746,Kearny St&Geary St NE-FS/BZ,KRNYGEA0,KRNYGEAR,4821,37.788050999999996,-122.403461,1,GEARY ST,KEARNY ST,FS,NE,BZ,1,1729767266000,15730508,147,3,POINT (-122.403461 37.788051),11/02/2024 08:47:21 PM,11/04/2024 09:42:39 AM,6,3,8,19,19
74448,Executive Park Blvd & Thomas Mellon Dr S-MB/BZ,EXPKMELL,,7747,37.711241,-122.39358,,THOMAS MELLON DR,EXECUTIVE PARK BLVD,,,,0,1729767266000,15738841,147,10,POINT (-122.39358 37.711241),11/02/2024 08:47:21 PM,11/04/2024 09:42:39 AM,2,9,1,79,79
72933,45th Ave&Cabrillo St NW-NS/PS,45AVCBR0,45AVCBRO,3573,37.773537999999995,-122.505831,,CABRILLO ST,45TH AVE,NS,NW,,0,1729767266000,15728572,147,1,POINT (-122.505831 37.773538),11/02/2024 08:47:21 PM,11/04/2024 09:42:39 AM,8,4,29,8,8
74771,Polk St&Pine St SW-FS/BB,POLKPIN0,POLKPINE,5996,37.789359,-122.42053,,PINE ST,POLK ST,FS,SW,BB,1,1729767266000,15736043,147,3,POINT (-122.42053 37.789359),11/02/2024 08:47:21 PM,11/04/2024 09:42:39 AM,4,3,21,50,50
73289,Evans Ave&Phelps St W-NS/SB,EVANPHL0,EVANPHLP,4560,37.742976999999996,-122.388595,,PHELPS ST,EVANS AVE,NS,WE,,0,1729767266000,15729573,147,10,POINT (-122.388595 37.742977),11/02/2024 08:47:21 PM,11/04/2024 09:42:39 AM,2,9,1,86,86
72829,19th Ave&Rivera St NE-FS/BB,19AVRVR1,19AVRVRA,3388,37.747152,-122.47583399999999,1,RIVERA ST,19TH AVE,NS,SE,BZ,0,1729767266000,15728183,147,7,POINT (-122.475834 37.747152),11/02/2024 08:47:21 PM,11/04/2024 09:42:39 AM,10,8,41,44,44
75717,Rhode Island St&16th St NW-NS/PS,R IS16S0,R IS16ST,6190,37.76621,-122.40288,,16TH ST,RHODE ISLAND ST,NS,NW,,0,1729767266000,15733886,147,6,POINT (-122.40288 37.76621),11/02/2024 08:47:21 PM,11/04/2024 09:42:39 AM,1,9,4,33,33
73446,Geary Blvd&Scott St SE-FS/BZ,GEARSCO1,GEARSCOT,4761,37.783623999999996,-122.437669,1,SCOTT ST,GEARY BLVD,FS,SE,BZ,0,1729767266000,15730022,147,5,POINT (-122.437669 37.783624),11/02/2024 08:47:21 PM,11/04/2024 09:42:39 AM,4,11,39,97,97
75169,Santiago St&14th Ave SW-NS,SNTG14A1,SNTG14AV,6467,37.74508,-122.47049,,14TH AVE,SANTIAGO ST,NS,SW,,0,1729767266000,15738006,147,7,POINT (-122.47049 37.74508),11/02/2024 08:47:21 PM,11/04/2024 09:42:39 AM,10,8,41,44,44
74691,Park Presidio&Geary Blvd SW-FS/SB,PKPRGEA0,PKPRGEAR,5952,37.78027,-122.47247999999999,1,GEARY BLVD,PARK PRESIDIO BLVD,FS,SW,FL,1,1729767266000,15737534,147,1,POINT (-122.47248 37.78027),11/02/2024 08:47:21 PM,11/04/2024 09:42:39 AM,8,4,29,5,5
73142,Geary St&Jones St NW-FS/BZ,GEARJON0,GEARJONE,4300,37.786769,-122.413332,1,JONES ST,GEARY ST,FS,NW,BZ,1,1729767266000,15729163,147,3,POINT (-122.413332 37.786769),11/02/2024 08:47:21 PM,11/04/2024 09:42:39 AM,6,3,36,50,50
75278,22nd St & Iowa St SE-NS/BZ,22STIOWA,22STIOWA,3439,37.757674,-122.392308,,IOWA ST,22ND ST,FS,SE,,0,1729767266000,15733524,147,10,POINT (-122.392308 37.757674),11/02/2024 08:47:21 PM,11/04/2024 09:42:39 AM,2,9,26,54,54
73298,Divisadero St&Pine St SW-FS/BZ,DIVIPIN0,DIVIPINE,4433,37.786997,-122.440317,,PINE ST,DIVISADERO ST,FS,SW,BZ,1,1729767266000,15729593,147,2,POINT (-122.440317 37.786997),11/02/2024 08:47:21 PM,11/04/2024 09:42:39 AM,4,6,30,103,103
75310,48th Ave&Point Lobos Ave SW-FS/BZ,48AVPTL1,48AVPTLO,3608,37.779022999999995,-122.509411,1,POINT LOBOS AVE,48TH AVE,FS,SW,BZ,0,1729767266000,15735045,147,1,POINT (-122.509411 37.779023),11/02/2024 08:47:21 PM,11/04/2024 09:42:39 AM,8,4,29,6,6
75353,Connecticut St&26TH St SW-FS/SB,CONN26S0,CONN26ST,4130,37.751028,-122.396488,,26TH ST,CONNECTICUT ST,FS,SW,,0,1729767266000,15736629,147,10,POINT (-122.396488 37.751028),11/02/2024 08:47:21 PM,11/04/2024 09:42:39 AM,2,9,1,54,54
75695,Plymouth Ave&Ocean Ave SE-NS/PS,PLYMOCE0,PLYMOCEN,5974,37.723772,-122.45604900000001,,OCEAN AVE,PLYMOUTH AVE,NS,SE,,1,1729767266000,15738458,147,11,POINT (-122.456049 37.723772),11/02/2024 08:47:21 PM,11/04/2024 09:42:39 AM,10,8,24,64,64
73102,26th St&Rhode Island St NE-NS/SB,26STR I0,26STR IS,3522,37.750718,-122.401124,,RHODE ISLAND ST,26TH ST,NS,NE,,0,1729767266000,15728670,147,10,POINT (-122.401124 37.750718),11/02/2024 08:47:21 PM,11/04/2024 09:42:39 AM,2,9,26,54,54
74995,46th Ave&Wawona St SE-NS/BZ,46AVWAW1,46AVWAWO,3604,37.736108,-122.504141,,WAWONA ST,46TH AVE,NS,SE,BZ,0,1729767266000,15737814,147,4,POINT (-122.504141 37.736108),11/02/2024 08:47:21 PM,11/04/2024 09:42:39 AM,10,7,35,40,40
75599,Palou Ave&Phelps St E-NS/PS,PALUPHL1,PALUPHLP,5879,37.7361,-122.39453499999999,,PHELPS ST,PALOU AVE,NS,EA,,0,1729767266000,15733777,147,10,POINT (-122.394535 37.7361),11/02/2024 08:47:21 PM,11/04/2024 09:42:39 AM,2,9,1,87,87
73244,Connecticut St&25TH St SE-NS/BB,CONN25S1,CONN25ST,4128,37.752286999999995,-122.39648199999999,,25TH ST,CONNECTICUT ST,FS,NE,,0,1729767266000,15729043,147,10,POINT (-122.396482 37.752287),11/02/2024 08:47:21 PM,11/04/2024 09:42:39 AM,2,9,1,54,54
73214,Cortland Ave&Mission St E-NS/BZ,CORTMIS1,CORTMISS,4156,37.741009999999996,-122.42267,,MISSION ST,CORTLAND AVE,NS,EA,BZ,0,1729767266000,15728935,147,9,POINT (-122.42267 37.74101),11/02/2024 08:47:21 PM,11/04/2024 09:42:39 AM,9,2,2,83,83
72809,46th Ave&Ortega St NW-NS/PS,46AVORT0,46AVORTG,3588,37.751187,-122.505366,,ORTEGA ST,46TH AVE,NS,NW,,0,1729767266000,15728129,147,4,POINT (-122.505366 37.751187),11/02/2024 08:47:21 PM,11/04/2024 09:42:39 AM,10,7,35,39,39
73400,Divisadero St&Clay St NW-NS/BZ,DIVICLA0,DIVICLAY,4413,37.78997,-122.44089,,CLAY ST,DIVISADERO ST,NS,NW,BZ,0,1729767266000,15729474,147,2,POINT (-122.44089 37.78997),11/02/2024 08:47:21 PM,11/04/2024 09:42:39 AM,4,6,30,102,102
72850,8th St&Mission St S-FS/BZ,.8STMIS0,.8STMISS,3208,37.77724,-122.413027,,MISSION ST,8TH ST,FS,SO,BZ,0,1729767266000,15727858,147,6,POINT (-122.413027 37.77724),11/02/2024 08:47:21 PM,11/04/2024 09:42:39 AM,1,10,34,32,32
73678,Mansell St&John Shelley --1 Dr SE-FS/PS,MANSJSH0,MANSJSHW,5348,37.71862,-122.418255,,JOHN F SHELLEY DR,MANSELL ST,NS,SW,,0,1729767266000,15730613,147,10,POINT (-122.418255 37.71862),11/02/2024 08:47:21 PM,11/04/2024 09:42:39 AM,9,9,19,73,73
75285,25th Ave&Balboa St SE-NS/SB,25AVBBO1,25AVBBOA,3490,37.776187,-122.484365,,BALBOA ST,25TH AVE,NS,SE,,0,1729767266000,15733535,147,1,POINT (-122.484365 37.776187),11/02/2024 08:47:21 PM,11/04/2024 09:42:39 AM,8,4,29,8,8
73431,Eddy St&Gough St SW-NS/BZ,EDDYGOU1,EDDYGOUG,4478,37.7824,-122.424201,,GOUGH ST,EDDY ST,NS,SW,BZ,0,1729767266000,15729979,147,5,POINT (-122.424201 37.7824),11/02/2024 08:47:21 PM,11/04/2024 09:42:39 AM,4,11,39,100,100
74932,46th Ave&Santiago St SE-NS/SB,46AVSNT1,46AVSNTG,3597,37.743567,-122.504662,,SANTIAGO ST,46TH AVE,NS,SE,,0,1729767266000,15734697,147,4,POINT (-122.504662 37.743567),11/02/2024 08:47:21 PM,11/04/2024 09:42:39 AM,10,7,35,39,39
72715,23rd St&Vermont St SW-NS/BZ,23STVRM1,23STVRMT,3456,37.754394999999995,-122.403631,,VERMONT ST,23RD ST,NS,SW,BZ,1,1729767266000,15727494,147,10,POINT (-122.403631 37.754395),11/02/2024 08:47:21 PM,11/04/2024 09:42:39 AM,3,9,20,54,54
72652,Balboa St&10TH Ave SW-NS/PS,BBOA10A1,BBOA10AV,3039,37.776967,-122.468388,,10TH AVE,BALBOA ST,NS,SW,,0,1729767266000,15727774,147,1,POINT (-122.468388 37.776967),11/02/2024 08:47:21 PM,11/04/2024 09:42:39 AM,8,4,11,5,5
73393,Executive Park Blvd&Blanken Ave SE-NS/SB,EXPKBLK1,EXPKBLKN,4576,37.710879999999996,-122.39475999999999,,BLANKEN AVE,EXECUTIVE PARK BLVD,NS,SE,,0,1729767266000,15729464,147,10,POINT (-122.39476 37.71088),11/02/2024 08:47:21 PM,11/04/2024 09:42:39 AM,2,9,1,79,79
75772,Raymond Ave&Rutland St NW-FS/PS,RAYMRUT1,,7330,37.713343,-122.407148,,RUTLAND ST,RAYMOND AVE,,,,0,1729767266000,15736964,147,10,POINT (-122.407148 37.713343),11/02/2024 08:47:21 PM,11/04/2024 09:42:39 AM,9,9,40,75,75
74622,24th St&Harrison St SE-FS/BZ,24STHAR1,24STHARR,3474,37.752587,-122.411744,,HARRISON ST,24TH ST,FS,SE,BZ,0,1729767266000,15734389,147,9,POINT (-122.411744 37.752587),11/02/2024 08:47:21 PM,11/04/2024 09:42:39 AM,3,2,20,53,53
73292,Evans Ave&Selby St S-NS/SB,EVANSLB0,EVANSLBY,4562,37.746280999999996,-122.394459,,NAPOLEON ST,EVANS AVE,FS,SO,,0,1729767266000,15729577,147,10,POINT (-122.394459 37.746281),11/02/2024 08:47:21 PM,11/04/2024 09:42:39 AM,2,9,1,85,85
74557,Crespi Dr&Varela Ave NE-NS/SB,CRSPVRE0,CRSPVREL,4207,37.7201,-122.47594,,VARELA AVE,CRESPI DR,NS,NO,,0,1729767266000,15737394,147,7,POINT (-122.47594 37.7201),11/02/2024 08:47:21 PM,11/04/2024 09:42:39 AM,10,8,16,42,42
73549,Larkin St&Eddy St SE-NS/BZ,LARKEDD1,LARKEDDY,4846,37.783228,-122.417415,,EDDY ST,LARKIN ST,NS,SE,BZ,0,1729767266000,15730207,147,5,POINT (-122.417415 37.783228),11/02/2024 08:47:21 PM,11/04/2024 09:42:39 AM,5,10,36,20,20
75646,Turk St&Baker St SW-NS/PS,TURKBAK1,TURKBAKR,6711,37.779163,-122.442151,,BAKER ST,TURK BLVD,NS,SW,,0,1729767266000,15735397,147,2,POINT (-122.442151 37.779163),11/02/2024 08:47:21 PM,11/04/2024 09:42:39 AM,7,11,18,97,97
74198,Daly City BART Station W-FS/SB,D.C.BAR0,D.C.BART,4341,37.705964,-122.46902299999999,1,WEST STATION RD,BART ACCESS RD,NS,NW,TR,0,1729767266000,15732963,147,,POINT (-122.469023 37.705964),11/02/2024 08:47:21 PM,11/04/2024 09:42:39 AM,,,,,
74689,Park Presidio&California SW-FS/SB,PKPRCAL0,PKPRCALI,5948,37.7841,-122.47274,1,CALIFORNIA ST,PARK PRESIDIO BLVD,FS,SW,FL,1,1729767266000,15737523,147,1,POINT (-122.47274 37.7841),11/02/2024 08:47:21 PM,11/04/2024 09:42:39 AM,8,4,29,5,5
72938,43rd Ave&Clement St SW-FS/SB,43AVCLM1,43AVCLMT,3567,37.781006999999995,-122.504232,1,CLEMENT ST,43RD AVE,FS,SW,,0,1729767266000,15728581,147,1,POINT (-122.504232 37.781007),11/02/2024 08:47:21 PM,11/04/2024 09:42:39 AM,8,4,29,6,6
75412,Rhode Island St&18th St SW-FS/SB,R IS18S0,R IS18ST,6192,37.761987999999995,-122.4024,,18TH ST,RHODE ISLAND ST,FS,SW,,0,1729767266000,15733598,147,10,POINT (-122.4024 37.761988),11/02/2024 08:47:21 PM,11/04/2024 09:42:39 AM,2,9,26,54,54
75686,Rhode Island St&23rd St SW-FS/SB,R.IS23S0,R.IS23ST,6197,37.754332,-122.40167199999999,,23RD ST,RHODE ISLAND ST,FS,SW,,0,1729767266000,15738433,147,10,POINT (-122.401672 37.754332),11/02/2024 08:47:21 PM,11/04/2024 09:42:39 AM,2,9,26,54,54
75209,San Bruno Ave&Arleta Ave NE-FS/BZ,SBROARL1,SBROARLT,6352,37.71246,-122.40230000000001,1,ARLETA AVE,SAN BRUNO AVE,FS,NE,BZ,0,1729767266000,15734961,147,10,POINT (-122.4023 37.71246),11/02/2024 08:47:21 PM,11/04/2024 09:42:39 AM,9,9,40,75,75
74648,Sunset Blvd&Noriega St SE-NS/SB,SUNSNOR1,SUNSNORI,6540,37.753296999999996,-122.495124,,NORIEGA ST,SUNSET BLVD,NS,SE,,1,1729767266000,15735925,147,4,POINT (-122.495124 37.753297),11/02/2024 08:47:21 PM,11/04/2024 09:42:39 AM,10,7,35,39,39
73986,Mission St&Cortland Ave NW-NS/BB,MISSCOR0,MISSCORT,5584,37.741079,-122.42287400000001,,KINGSTON ST,MISSION ST,NS,NO,BB,0,1729767266000,15731638,147,9,POINT (-122.422874 37.741079),11/02/2024 08:47:21 PM,11/04/2024 09:42:39 AM,9,2,2,83,83
73676,Mansell St&Goettingen St W-FS/PS,MANSGOT1,MANSGOTT,5342,37.720766,-122.404338,,GOETTINGEN ST,MANSELL ST,FS,WE,,0,1729767266000,15730607,147,9,POINT (-122.404338 37.720766),11/02/2024 08:47:21 PM,11/04/2024 09:42:39 AM,2,2,25,91,91
74940,Turk St&Parker Ave NE-NS/BZ,TURKPRK0,TURKPRKR,6727,37.777905,-122.453281,,PARKER AVE,TURK BLVD,NS,NE,BZ,0,1729767266000,15734728,147,1,POINT (-122.453281 37.777905),11/02/2024 08:47:21 PM,11/04/2024 09:42:39 AM,7,4,18,12,12
72681,7th St&Brannan St N-FS/BB,.7STBRA1,7STBRAN,3191,37.773266,-122.403367,,BRANNAN ST,7TH ST,FS,NO,BZ,0,1729767266000,15727838,147,6,POINT (-122.403367 37.773266),11/02/2024 08:47:21 PM,11/04/2024 09:42:39 AM,1,10,34,32,32
75828,Turk St&Broderick St NE-NS/BZ,TURKBDR0,TURKBDRK,6712,37.779511,-122.44029499999999,,BRODERICK ST,TURK ST,NS,NE,BZ,0,1729767266000,15733990,147,5,POINT (-122.440295 37.779511),11/02/2024 08:47:21 PM,11/04/2024 09:42:39 AM,7,11,39,13,13
73726,Innes Ave&Arelious Walker St E-NS/PS,INESARE1,INESFTCH,5099,37.730941,-122.37376,,FITCH ST,INNES AVE,NS,EA,,0,1729767266000,15730428,147,10,POINT (-122.37376 37.730941),11/02/2024 08:47:21 PM,11/04/2024 09:42:39 AM,2,9,1,76,76
73131,Blanken Ave&Tunnel Ave NE-NS/PS,BLKNTUN1,BLKNTUNL,3692,37.712019999999995,-122.40068,,TUNNEL AVE,BLANKEN AVE,NS,EA,,0,1729767266000,15729117,147,10,POINT (-122.40068 37.71202),11/02/2024 08:47:21 PM,11/04/2024 09:42:39 AM,2,9,1,89,89
73145,Geary Blvd&Laguna St SW-NS/BZ,GEARLGN1,GEARLGNA,4305,37.784853999999996,-122.428155,1,LAGUNA ST,GEARY BLVD,NS,SW,BZ,1,1729767266000,15729168,147,5,POINT (-122.428155 37.784854),11/02/2024 08:47:21 PM,11/04/2024 09:42:39 AM,4,11,39,101,101
75910,23rd St & 3rd St NE-NS/PS,23ST.3RD,23ST.3RD,8134,37.755479,-122.387809,,ILLINOIS ST,23RD ST,NS,NE,PS,0,1729767266000,15739257,147,10,POINT (-122.387809 37.755479),11/02/2024 08:47:21 PM,11/04/2024 09:42:39 AM,2,9,26,55,55
73143,Geary St&Larkin St NW-FS/BZ,GEARLAR0,GEARLARK,4302,37.786137,-122.41825,1,LARKIN ST,GEARY ST,FS,NW,BZ,0,1729767266000,15729164,147,3,POINT (-122.41825 37.786137),11/02/2024 08:47:21 PM,11/04/2024 09:42:39 AM,4,10,36,50,50
73147,Castro St&15TH St NW-NS/PS,CTRO15S0,CTRO15ST,4309,37.76583,-122.43557,,15TH ST,CASTRO ST,NS,NW,,0,1729767266000,15729171,147,8,POINT (-122.43557 37.76583),11/02/2024 08:47:21 PM,11/04/2024 09:42:39 AM,7,5,5,113,113
73101,26th St&Noe St NW-FS/SB,26STNOE1,26STNOE,3520,37.74827,-122.43177,,NOE ST,26TH ST,FS,NW,,1,1729767266000,15728669,147,8,POINT (-122.43177 37.74827),11/02/2024 08:47:21 PM,11/04/2024 09:42:39 AM,3,5,22,84,84
73287,Evans Ave&Newhall St E-NS/SB,EVANNEW1,EVANNEWH,4555,37.741949,-122.386408,,NEWHALL ST,EVANS AVE,FS,WE,BZ,0,1729767266000,15729569,147,10,POINT (-122.386408 37.741949),11/02/2024 08:47:21 PM,11/04/2024 09:42:39 AM,2,9,1,76,76
73876,Noe St&28th St SE-NS/PS,NOE 28S1,NOE 28ST,5735,37.74493,-122.43117,,28TH ST,NOE ST,NS,SE,,0,1729767266000,15731387,147,8,POINT (-122.43117 37.74493),11/02/2024 08:47:21 PM,11/04/2024 09:42:39 AM,9,5,22,84,84
75106,Mission St&Richland Ave SE-NS/BZ,MISSRIC1,MISSRICH,5613,37.73591,-122.42442,,RICHARDSON AVE,MISSION ST,NS,SE,BZ,1,1729767266000,15734862,147,9,POINT (-122.42442 37.73591),11/02/2024 08:47:21 PM,11/04/2024 09:42:39 AM,9,2,2,61,61
73059,Cortland Ave&Elsie St N-FS/BZ,CORTELS1,CORTELSE,4149,37.73992,-122.41997,,ELSIE ST,CORTLAND AVE,FS,NO,BZ,0,1729767266000,15728868,147,9,POINT (-122.41997 37.73992),11/02/2024 08:47:21 PM,11/04/2024 09:42:39 AM,9,2,2,83,83
75618,Quintara St&35th Ave NE-NS,QUIN35A0,QUIN35AV,6158,37.74796,-122.49310000000001,,35TH AVE,QUINTARA ST,NS,NE,,0,1729767266000,15733838,147,4,POINT (-122.4931 37.74796),11/02/2024 08:47:21 PM,11/04/2024 09:42:39 AM,10,7,35,39,39
73948,Hyde St&Mcallister St NW-NS/BZ,HYDEMCA0,HYDEMCAL,5079,37.780783,-122.415421,,MCALLISTER ST,HYDE ST,NS,NW,BZ,0,1729767266000,15731180,147,5,POINT (-122.415421 37.780783),11/02/2024 08:47:21 PM,11/04/2024 09:42:39 AM,5,10,36,21,21
74526,Stockton St&Pacific Ave E-MB/BB,STOKPAC0,STOKPACF,6520,37.796306,-122.408295,,PACIFIC AVE,STOCKTON ST,MB,EA,BB,0,1729767266000,15735833,147,3,POINT (-122.408295 37.796306),11/02/2024 08:47:21 PM,11/04/2024 09:42:39 AM,6,3,6,104,104
75054,Stockton St&Washington St MB W-BB,STOKWAS0,STOKWASH,6526,37.794709,-122.408112,1,WASHINGTON ST,STOCKTON ST,MB,WE,BB,1,1729767266000,15734800,147,3,POINT (-122.408112 37.794709),11/02/2024 08:47:21 PM,11/04/2024 09:42:39 AM,6,3,6,104,104
73683,Mansell St&Visitacion Ave E-FS/PS,MANSVIS0,MANSVISI,5354,37.71877,-122.41136,,VISITACION AVE,MANSELL ST,FS,EA,,0,1729767266000,15730629,147,9,POINT (-122.41136 37.71877),11/02/2024 08:47:21 PM,11/04/2024 09:42:39 AM,9,9,19,73,73
75161,Wilde Ave&Rutland St NE-NS/PS,WILDRUT1,WILDRUTL,7061,37.717349,-122.405211,,RUTLAND ST,WILDE AVE,NS,SW,,0,1729767266000,15737985,147,10,POINT (-122.405211 37.717349),11/02/2024 08:47:21 PM,11/04/2024 09:42:39 AM,9,9,40,75,75
75211,Skyline Blvd&Sloat Blvd W-FS/PS,SKYLSLO0,SKYLSLOA,6434,37.733128,-122.497522,,SUNSET BLVD ON RAMP,SKYLINE BLVD,FS,WE,,0,1729767266000,15734989,147,7,POINT (-122.497522 37.733128),11/02/2024 08:47:21 PM,11/04/2024 09:42:39 AM,10,8,16,43,43
75160,Quintara St&29th Ave SW-NS/PS,QUIN29A1,QUIN29AV,6153,37.74812,-122.48692,,29TH AVE,QUINTARA ST,NS,SW,FL,0,1729767266000,15737982,147,4,POINT (-122.48692 37.74812),11/02/2024 08:47:21 PM,11/04/2024 09:42:39 AM,10,7,35,40,40
72759,Balboa St&34TH Ave SW-NS/SB,BBOA34A1,BBOA34AV,3059,37.775791,-122.494199,,34TH AVE,BALBOA ST,NS,SW,,0,1729767266000,15727701,147,1,POINT (-122.494199 37.775791),11/02/2024 08:47:21 PM,11/04/2024 09:42:39 AM,8,4,29,8,8
74193,North Point St&Jones St SW-NS/BZ,N.PTJON0,N.PTJONE,5461,37.806052,-122.417176,1,JONES ST,NORTH POINT ST,NS,SW,BZ,0,1729767266000,15732937,147,3,POINT (-122.417176 37.806052),11/02/2024 08:47:21 PM,11/04/2024 09:42:39 AM,6,3,23,99,99
73544,Evans Ave&Marin St E-MB/SB,EVANMAR1,EVANCHAV,4548,37.748619,-122.396703,,CESAR CHAVEZ ST,EVANS AVE,NS,SE,BZ,0,1729767266000,15730194,147,10,POINT (-122.396703 37.748619),11/02/2024 08:47:21 PM,11/04/2024 09:42:39 AM,2,9,1,56,56
74506,Quintara St&36th Ave SW-NS,QUIN36A1,QUIN36AV,6160,37.747765,-122.494399,,36TH AVE,QUINTARA ST,NS,SW,,0,1729767266000,15734330,147,4,POINT (-122.494399 37.747765),11/02/2024 08:47:21 PM,11/04/2024 09:42:39 AM,10,7,35,40,40
75499,Lincoln Way&33rd Ave NW-FS/BZ,LWAY33A0,LWAY33AV,5321,37.764844,-122.492565,,33RD AVE,LINCOLN WY,FS,NW,BZ,0,1729767266000,15733678,147,4,POINT (-122.492565 37.764844),11/02/2024 08:47:21 PM,11/04/2024 09:42:39 AM,10,4,12,9,9
72717,24th St&Church St NE-NS/BB,24STCHU0,24STCHUR,3460,37.751778,-122.42732699999999,,CHURCH ST,24TH ST,NS,NE,BB,0,1729767266000,15727500,147,8,POINT (-122.427327 37.751778),11/02/2024 08:47:21 PM,11/04/2024 09:42:39 AM,3,5,22,52,52
75501,Newcomb Ave&Newhall St E-NS/SB,NEWCNEW1,NEWCNEWH,5490,37.736304,-122.391522,,NEWHALL ST,NEWCOMB AVE,NS,EA,,0,1729767266000,15733682,147,10,POINT (-122.391522 37.736304),11/02/2024 08:47:21 PM,11/04/2024 09:42:39 AM,2,9,1,86,86
75165,Quintara St&16th Ave SW-NS/PS,QUIN16A1,QUIN16AV,6137,37.74872,-122.47298,,16TH AVE,QUINTARA ST,NS,SW,FL,0,1729767266000,15737997,147,7,POINT (-122.47298 37.74872),11/02/2024 08:47:21 PM,11/04/2024 09:42:39 AM,10,8,41,44,44
74359,Washington St&Webster St SW-NS/PS,WASHWEB1,WASHWEBS,6931,37.791716,-122.432842,,WEBSTER ST,WASHINGTON ST,NS,SW,,1,1729767266000,15737231,147,2,POINT (-122.432842 37.791716),11/02/2024 08:47:21 PM,11/04/2024 09:42:39 AM,4,6,30,102,102
73156,Geary Blvd&20TH Ave NW-FS/BZ,GEAR20A0,GEAR20AV,4265,37.780355,-122.47959900000001,1,20TH AVE,GEARY BLVD,NS,NE,BZ,0,1729767266000,15729183,147,1,POINT (-122.479599 37.780355),11/02/2024 08:47:21 PM,11/04/2024 09:42:39 AM,8,4,29,8,8
73849,Junipero Serra Blvd&Brotherhd NE-FS,J S BRH1,J S BRHD,5134,37.71355,-122.47126,1,BROTHERHOOD WAY,JUNIPERO SERRA BLVD,FS,NE,FL,0,1729767266000,15730885,147,11,POINT (-122.47126 37.71355),11/02/2024 08:47:21 PM,11/04/2024 09:42:39 AM,10,1,24,65,65
73445,Geary Blvd&Scott St NE-MB/BB,GEARSCO0,GEARSCOT,4760,37.783847,-122.437761,1,SCOTT ST,GEARY BLVD,MB,NE,BB,0,1729767266000,15730021,147,5,POINT (-122.437761 37.783847),11/02/2024 08:47:21 PM,11/04/2024 09:42:39 AM,4,11,15,103,103
73506,Grafton Ave&Jules Ave SW-NS/PS,GRAFJUL0,GRAFJULS,4912,37.719952,-122.461329,,JULES AVE,GRAFTON AVE,NS,SW,,0,1729767266000,15729791,147,11,POINT (-122.461329 37.719952),11/02/2024 08:47:21 PM,11/04/2024 09:42:39 AM,10,1,24,64,64
74209,Lawton St&Lomita Ave NE-NS/SB,LAWTLMT0,LAWTLMTA,4860,37.75913,-122.47227,,LOMITA AVE,LAWTON ST,NS,NE,FL,0,1729767266000,15732609,147,7,POINT (-122.47227 37.75913),11/02/2024 08:47:21 PM,11/04/2024 09:42:39 AM,10,8,14,44,44
72959,33rd Ave&Balboa St NE-FS/SB,33AVBBO1,33AVBBOA,3553,37.776032,-122.492973,,BALBOA ST,33RD AVE,FS,NE,,0,1729767266000,15728248,147,1,POINT (-122.492973 37.776032),11/02/2024 08:47:21 PM,11/04/2024 09:42:39 AM,8,4,29,8,8
75639,Portola Dr&Woodside Ave W-FS,PORTWDS0,PORTWDSD,6123,37.745329999999996,-122.45238,,WOODSIDE AVE,PORTOLA DR,FS,WE,,1,1729767266000,15735373,147,7,POINT (-122.45238 37.74533),11/02/2024 08:47:21 PM,11/04/2024 09:42:39 AM,9,8,41,49,49
73801,Jackson St&Scott St SW-NS/PS,JACKSCO1,JACKSCOT,5161,37.791772,-122.439612,,SCOTT ST,JACKSON ST,NS,SW,,0,1729767266000,15731109,147,2,POINT (-122.439612 37.791772),11/02/2024 08:47:21 PM,11/04/2024 09:42:39 AM,4,6,30,102,102
74132,Market St&Sansome St W-FS/BZ,MRKTSAN0,MRKTSANS,5689,37.790012999999995,-122.400491,1,02ND ST,MARKET ST,FS,WE,BZ,1,1729767266000,15732265,147,6,POINT (-122.400491 37.790013),11/02/2024 08:47:21 PM,11/04/2024 09:42:39 AM,6,10,8,108,108
73398,Divisadero St&Chestnut St NW-NS/BZ,DIVICHES,DIVICHES,4411,37.800087,-122.442964,,CHESTNUT ST,DIVISADERO ST,NS,NW,BZ,1,1729767266000,15729470,147,2,POINT (-122.442964 37.800087),11/02/2024 08:47:21 PM,11/04/2024 09:42:39 AM,4,6,13,17,17
73202,Columbus Ave&Francisco St N-FS/BZ,COLMFNC0,COLMFNCO,4106,37.804517,-122.416167,,FRANCISCO ST,COLUMBUS AVE,FS,NO,BZ,0,1729767266000,15729305,147,3,POINT (-122.416167 37.804517),11/02/2024 08:47:21 PM,11/04/2024 09:42:39 AM,6,3,23,106,106
75299,Palou Ave&Newhall St W-NS/PS,PALUNEW1,PALUNEWH,5877,37.735029,-122.39292,,NEWHALL ST,PALOU AVE,NS,EA,SP,0,1729767266000,15735018,147,10,POINT (-122.39292 37.735029),11/02/2024 08:47:21 PM,11/04/2024 09:42:39 AM,2,9,1,87,87
73375,Geary Blvd&3RD Ave NW-FS/BZ,GEAR 3A0,GEAR 3AV,4255,37.781179,-122.461305,1,03RD AVE,GEARY BLVD,NS,NE,BZ,0,1729767266000,15729437,147,1,POINT (-122.461305 37.781179),11/02/2024 08:47:21 PM,11/04/2024 09:42:39 AM,8,4,11,5,5
75291,Persia Ave&Moscow St W-NS,PERSMSC0,PERSMSCW,5915,37.719702,-122.428963,,MOSCOW ST,PERSIA AVE,NS,WE,,0,1729767266000,15733548,147,11,POINT (-122.428963 37.719702),11/02/2024 08:47:21 PM,11/04/2024 09:42:39 AM,9,1,7,90,90
75861,Winston Dr&Buckingham Way E-NS/BZ,WINSBUC1,WINSBUCK,6952,37.72806,-122.478488,,BUCKINGHAM WAY,WINSTON DR,NS,EA,BZ,0,1729767266000,15737059,147,7,POINT (-122.478488 37.72806),11/02/2024 08:47:21 PM,11/04/2024 09:42:39 AM,10,8,16,41,41
73467,Geary Blvd&42ND Ave SE-FS/BZ,GEAR42A1,GEAR42AV,4285,37.779151,-122.502775,1,42ND AVE,GEARY BLVD,FS,SE,BZ,0,1729767266000,15729701,147,1,POINT (-122.502775 37.779151),11/02/2024 08:47:21 PM,11/04/2024 09:42:39 AM,8,4,29,8,8
74104,Columbus Ave&Bay St W-MB/BZ,COLM BAY,COLMN PT,4100,37.80551,-122.41784,,BAY ST,COLUMBUS AVE,MB,SW,BZ,0,1729767266000,15732471,147,3,POINT (-122.41784 37.80551),11/02/2024 08:47:21 PM,11/04/2024 09:42:39 AM,6,6,32,99,99
72834,46th Ave&Taraval St SE-NS/PS,46AVTAR1,46AVTARA,3599,37.741685,-122.504534,1,TARAVAL ST,46TH AVE,NS,SE,,0,1729767266000,15728201,147,4,POINT (-122.504534 37.741685),11/02/2024 08:47:21 PM,11/04/2024 09:42:39 AM,10,7,35,39,39
75239,Portola Dr&San Pablo Ave NE-NS,PORTPAB0,PORTPABL,6116,37.7404,-122.46107,,SAN PABLO AVE,PORTOLA DR,NS,NE,,0,1729767266000,15736536,147,7,POINT (-122.46107 37.7404),11/02/2024 08:47:21 PM,11/04/2024 09:42:39 AM,10,8,41,49,49
75801,Quintara St&28th Ave NE-NS/SB,QUIN28A0,QUIN28AV,6150,37.74827,-122.4856,,28TH AVE,QUINTARA ST,NS,NE,FL,0,1729767266000,15738549,147,4,POINT (-122.4856 37.74827),11/02/2024 08:47:21 PM,11/04/2024 09:42:39 AM,10,7,35,39,39
75488,Cabrillo St&47TH Ave SW-NS/PS,CBRO47A1,CBRO47AV,3925,37.773286999999996,-122.50798499999999,,47TH AVE,CABRILLO ST,NS,SW,,0,1729767266000,15738254,147,1,POINT (-122.507985 37.773287),11/02/2024 08:47:21 PM,11/04/2024 09:42:39 AM,8,4,29,8,8
74655,Cortland Ave&Elsie St W-NS/BZ,CORTELS0,CORTELSE,4150,37.7397,-122.41969,,ELSIE ST,CORTLAND AVE,NS,WE,BZ,0,1729767266000,15735944,147,9,POINT (-122.41969 37.7397),11/02/2024 08:47:21 PM,11/04/2024 09:42:39 AM,9,2,2,61,61
72861,3rd St&Palou Ave E-FS/BZ Cut-out,3STPALU2,.3STPALU,3141,37.734091,-122.390928,1,OAKDALE AVE,3RD ST,NS,SO,BZ,0,1729767266000,15727908,147,10,POINT (-122.390928 37.734091),11/02/2024 08:47:21 PM,11/04/2024 09:42:39 AM,2,9,1,86,86
73425,Division St&Rhode Island St SW-NS,DIVNR I0,DIVNR IS,4437,37.76976,-122.403152,,RHODE ISLAND ST,DIVISION ST,NS,SW,BZ,0,1729767266000,15729966,147,6,POINT (-122.403152 37.76976),11/02/2024 08:47:21 PM,11/04/2024 09:42:39 AM,1,9,4,33,33
74140,O'Farrell St&Van Ness Ave SW-NS/BZ,OFARV.N1,OFARV.N.,5818,37.784656999999996,-122.421415,1,VAN NESS AVE,OFARRELL ST,NS,SW,BB,1,1729767266000,15732285,147,2,POINT (-122.421415 37.784657),11/02/2024 08:47:21 PM,11/04/2024 09:42:39 AM,4,11,39,100,100
74929,Potrero Ave&24th St NE-FS/BZ,POTR24S1,POTR24ST,6038,37.75342,-122.40625,1,24TH ST,POTRERO AVE,FS,NE,BZ,0,1729767266000,15734683,147,10,POINT (-122.40625 37.75342),11/02/2024 08:47:21 PM,11/04/2024 09:42:39 AM,3,9,20,54,54
74430,Persia Ave&Madrid St E-NS/SB,PERSMAD1,PERSMADR,5910,37.721638,-122.432673,,MADRID ST,PERSIA AVE,NS,EA,,0,1729767266000,15737292,147,11,POINT (-122.432673 37.721638),11/02/2024 08:47:21 PM,11/04/2024 09:42:39 AM,9,1,7,90,90
75361,Garfield St&Byxbee St NE-NS/SB,GARFBXB1,GARFBXBE,4248,37.719736999999995,-122.469735,,BYXBEE ST,GARFIELD ST,NS,NE,,0,1729767266000,15736646,147,11,POINT (-122.469735 37.719737),11/02/2024 08:47:21 PM,11/04/2024 09:42:39 AM,10,1,24,64,64
74167,Portola Dr&San Lorenzo Ave SE-FS,PORTSNL1,PORTSNLR,6120,37.73993,-122.46368,,SAN LORENZO AVE,PORTOLA DR,FS,SE,,0,1729767266000,15732815,147,7,POINT (-122.46368 37.73993),11/02/2024 08:47:21 PM,11/04/2024 09:42:39 AM,10,8,41,116,116
74298,Polk St&Lombard St SE-NS/BZ,POLKLOM1,POLKLOMB,5991,37.801476,-122.422796,,LOMBARD ST,POLK ST,NS,SE,BZ,0,1729767266000,15734078,147,3,POINT (-122.422796 37.801476),11/02/2024 08:47:21 PM,11/04/2024 09:42:39 AM,4,6,32,107,107
75565,Balboa St&28TH Ave SW-NS/SB,BBOA28A1,BBOA28AV,3054,37.776088,-122.487769,,28TH AVE,BALBOA ST,NS,SW,,0,1729767266000,15736830,147,1,POINT (-122.487769 37.776088),11/02/2024 08:47:21 PM,11/04/2024 09:42:39 AM,8,4,29,8,8
74847,Tioga Ave&Rutland St SW-NS/SB,TIOGRUT1,,7128,37.7166,-122.40572,,RUTLAND ST,TIOGA AVE,FS,SW,,0,1729767266000,15734614,147,10,POINT (-122.40572 37.7166),11/02/2024 08:47:21 PM,11/04/2024 09:42:39 AM,9,9,40,75,75
75694,Blanken Ave&Gillette Ave NE-NS/PS,BLKNGLT1,BLKNGLTE,7007,37.711,-122.39636,,GILLETTE AVE,BLANKEN AVE,NS,SE,,0,1729767266000,15738456,147,10,POINT (-122.39636 37.711),11/02/2024 08:47:21 PM,11/04/2024 09:42:39 AM,2,9,1,89,89
73408,Divisadero St&McAllister St SW-FS,DIVIMCA0,DIVIMCAL,4429,37.777682,-122.43841499999999,,MCALLISTER ST,DIVISADERO ST,FS,SW,BZ,0,1729767266000,15729487,147,5,POINT (-122.438415 37.777682),11/02/2024 08:47:21 PM,11/04/2024 09:42:39 AM,4,11,39,97,97
74816,Sunset Blvd&Lawton St SE-NS/SB,SUNSLAW1,SUNSLAWT,6536,37.757025999999996,-122.49539,,LAWTON ST,SUNSET BLVD,NS,SE,,0,1729767266000,15733067,147,4,POINT (-122.49539 37.757026),11/02/2024 08:47:21 PM,11/04/2024 09:42:39 AM,10,7,35,39,39
74341,Geary Blvd&9TH Ave SE-FS/BZ,GEAR 9A1,GEAR 9AV,4260,37.780777,-122.467323,1,9TH AVE,GEARY BLVD,FS,SE,BZ,0,1729767266000,15737197,147,1,POINT (-122.467323 37.780777),11/02/2024 08:47:21 PM,11/04/2024 09:42:39 AM,8,4,11,5,5
72977,19th Ave&Vicente St NE-FS/BB,19AVVCT1,19AVVCTE,3398,37.739546,-122.47531000000001,1,VICENTE ST,19TH AVE,NS,SE,FL,1,1729767266000,15728293,147,7,POINT (-122.47531 37.739546),11/02/2024 08:47:21 PM,11/04/2024 09:42:39 AM,10,8,41,46,46
75763,26th St&Noe St SW-NS/PS,26STNOE0,26STNOE,3521,37.748174,-122.431636,,NOE ST,26TH ST,NS,SW,,1,1729767266000,15735485,147,8,POINT (-122.431636 37.748174),11/02/2024 08:47:21 PM,11/04/2024 09:42:39 AM,3,5,22,84,84
75824,Turk St&Lyon St NE-NS/SB,TURKLYO0,TURKLYON,6722,37.779109999999996,-122.443596,,LYON ST,TURK BLVD,NS,NE,,0,1729767266000,15733976,147,2,POINT (-122.443596 37.77911),11/02/2024 08:47:21 PM,11/04/2024 09:42:39 AM,7,6,18,13,13
75526,Ocean Ave&Mission St NW-FS/PS,OCENMIS0,OCENMISS,5796,37.723887,-122.436143,,PERSIA AVE,OCEAN AVE,FS,NW,,0,1729767266000,15735211,147,11,POINT (-122.436143 37.723887),11/02/2024 08:47:21 PM,11/04/2024 09:42:39 AM,9,1,28,94,94
74428,Persia Ave&Brazil Ave S-NS/PS,PERSBRZ0,PERSBRZL,5908,37.717782,-122.422504,,BRAZIL AVE,PERSIA AVE,NS,SO,,0,1729767266000,15737288,147,10,POINT (-122.422504 37.717782),11/02/2024 08:47:21 PM,11/04/2024 09:42:39 AM,9,9,19,73,73
72736,15th Ave&Quintara St NW-NS/PS,15AVQUI0,15AVQUIN,3265,37.748909999999995,-122.47183,,QUINTARA ST,15TH AVE,NS,NW,FL,0,1729767266000,15727554,147,7,POINT (-122.47183 37.74891),11/02/2024 08:47:21 PM,11/04/2024 09:42:39 AM,10,8,14,44,44
74999,Evans Ave&Selby St E-NS/PS,EVANSLBY,,7286,37.746164,-122.39392,,SELBY ST,EVANS AVE,,,,0,1729767266000,15737825,147,10,POINT (-122.39392 37.746164),11/02/2024 08:47:21 PM,11/04/2024 09:42:39 AM,2,9,1,56,56
73151,Castro St&18TH St SE-NS/BB,CTRO18S1,CTRO18ST,4314,37.760836,-122.434934,,18TH ST,CASTRO ST,NS,SE,BB,0,1729767266000,15729175,147,8,POINT (-122.434934 37.760836),11/02/2024 08:47:21 PM,11/04/2024 09:42:39 AM,3,5,5,38,38
72820,25th Ave&California St NW-NS/BZ,25AVCAL0,25CATERM,3491,37.784003,-122.485102,,CALIFORNIA ST,25TH AVE,NS,NW,BZ,0,1729767266000,15728157,147,1,POINT (-122.485102 37.784003),11/02/2024 08:47:21 PM,11/04/2024 09:42:39 AM,8,4,29,2,2
75641,Stockton St&Sacramento St W-MB/BB,STOKSAC1,STOKSACO,6522,37.793479999999995,-122.40788,,SACRAMENTO ST,STOCKTON ST,MB,WE,BB,0,1729767266000,15735377,147,3,POINT (-122.40788 37.79348),11/02/2024 08:47:21 PM,11/04/2024 09:42:39 AM,6,3,6,16,16
74554,Geary Blvd&30TH Ave NE-NS/BZ,GEAR30A0,GEAR30AV,4273,37.779959,-122.489972,1,30TH AVE,GEARY BLVD,NS,NE,BZ,0,1729767266000,15737387,147,1,POINT (-122.489972 37.779959),11/02/2024 08:47:21 PM,11/04/2024 09:42:39 AM,8,4,29,8,8
73438,Castro St&Elizabeth St W-MI/SB,CTROELI0,CTROELIZ,4333,37.752083,-122.434248,,ELIZABETH ST,CASTRO ST,MI,WE,,0,1729767266000,15729990,147,8,POINT (-122.434248 37.752083),11/02/2024 08:47:21 PM,11/04/2024 09:42:39 AM,3,5,22,84,84
75339,Ocean Ave&Otsego Ave SW-NS/BZ,OCENOTS1,OCENOTSE,5800,37.723259999999996,-122.44124,,OTSEGO AVE,OCEAN AVE,NS,SW,BZ,0,1729767266000,15736592,147,11,POINT (-122.44124 37.72326),11/02/2024 08:47:21 PM,11/04/2024 09:42:39 AM,9,1,28,80,80
74716,Townsend St&7th St S-MB/SI,TOWN7ST0,,7960,37.771142,-122.402383,,07TH ST,TOWNSEND ST,,,,0,1729767266000,15739101,147,6,POINT (-122.402383 37.771142),11/02/2024 08:47:21 PM,11/04/2024 09:42:39 AM,1,9,4,33,33
72827,25th St&Connecticut St SW-NS/SB,25STCONI,25STCONN,3505,37.752241999999995,-122.39662,,CONNECTICUT ST,25TH ST,NS,SE,,0,1729767266000,15728175,147,10,POINT (-122.39662 37.752242),11/02/2024 08:47:21 PM,11/04/2024 09:42:39 AM,2,9,26,54,54
74660,General Managers Office NE-MB/SB,CONN GM1,CONN GMO,4122,37.753902,-122.397341,,GENERAL MANAGERS OFFICE,CONNECTICUT ST,MB,NE,,0,1729767266000,15735958,147,10,POINT (-122.397341 37.753902),11/02/2024 08:47:21 PM,11/04/2024 09:42:39 AM,2,9,26,54,54
75292,Persia Ave&Naples St W-NS/PS,PERSNAP0,PERSNAPL,5917,37.720853,-122.431356,,NAPLES ST,PERSIA AVE,NS,WE,,0,1729767266000,15733550,147,11,POINT (-122.431356 37.720853),11/02/2024 08:47:21 PM,11/04/2024 09:42:39 AM,9,1,7,90,90
74703,8th Ave & Judah Ave SE-NS/SB,8AVJUDAH,,7926,37.762147,-122.465049,,JUDAH ST,08TH AVE,,,,0,1729767266000,15739056,147,7,POINT (-122.465049 37.762147),11/02/2024 08:47:21 PM,11/04/2024 09:42:39 AM,10,11,14,109,109
73247,Connecticut St&Cesar Chavez St NW-NS,CONNCHA0,CONNCHAV,4132,37.749868,-122.39638099999999,,CESAR CHAVEZ ST,CONNECTICUT ST,NS,NW,,0,1729767266000,15729046,147,10,POINT (-122.396381 37.749868),11/02/2024 08:47:21 PM,11/04/2024 09:42:39 AM,2,9,1,54,54
73403,Divisadero St&Haight St NE-FS/BZ,DIVIHAI1,DIVIHAIT,4423,37.771329,-122.436983,,HAIGHT ST,DIVISADERO ST,FS,NE,BZ,0,1729767266000,15729480,147,5,POINT (-122.436983 37.771329),11/02/2024 08:47:21 PM,11/04/2024 09:42:39 AM,4,11,3,26,26
75107,North Point St&Van Ness Ave SE-FS,N.PTV.N0,N.PTV.N.,5472,37.805045,-122.42495,,VAN NESS AVE,NORTH POINT ST,FS,SE,BZ,0,1729767266000,15734865,147,2,POINT (-122.42495 37.805045),11/02/2024 08:47:21 PM,11/04/2024 09:42:39 AM,6,6,32,98,98
74367,Pennsylvania AVE & 23 ST NS NW,PENN23S0,,7523,37.755158,-122.393008,,23RD ST,PENNSYLVANIA AVE,,,,0,1729767266000,15738739,147,10,POINT (-122.393008 37.755158),11/02/2024 08:47:21 PM,11/04/2024 09:42:39 AM,2,9,26,54,54
72754,Balboa St&25TH Ave SE-FS/BZ,BBOA25A1,BBOA25AV,3052,37.77624,-122.484296,,25TH AVE,BALBOA ST,FS,SE,BZ,0,1729767266000,15727691,147,1,POINT (-122.484296 37.77624),11/02/2024 08:47:21 PM,11/04/2024 09:42:39 AM,8,4,29,8,8
75422,Ulloa St&Lenox Way NW-FS,ULOALEN0,ULOALENX,6738,37.741125,-122.466155,1,LENOX WAY,ULLOA ST,FS,NW,,1,1729767266000,15733635,147,7,POINT (-122.466155 37.741125),11/02/2024 08:47:21 PM,11/04/2024 09:42:39 AM,10,8,41,46,46
75633,Blanken Ave&Peninsula Ave SW-NS/SB,BLKNPEN0,BLKNPENI,7010,37.71159,-122.39919,,PENINSULA AVE,BLANKEN AVE,NS,NW,,0,1729767266000,15735340,147,10,POINT (-122.39919 37.71159),11/02/2024 08:47:21 PM,11/04/2024 09:42:39 AM,2,9,1,89,89
73660,Merchant Rd&Golden Gate Br. N-NS/SB,GGBRMCH0,GGBRMCHT,4776,37.806667999999995,-122.475872,,MERCHANT RD,UNNAMED 152,NS,NO,FL,0,1729767266000,15730558,147,2,POINT (-122.475872 37.806668),11/02/2024 08:47:21 PM,11/04/2024 09:42:39 AM,,6,27,3,3
75348,Cortland Ave&Hilton St NW-FS/BZ,CORTHIL1,CORTHILT,4155,37.739692,-122.40781,,HILTON ST,CORTLAND AVE,FS,NW,BZ,0,1729767266000,15736612,147,9,POINT (-122.40781 37.739692),11/02/2024 08:47:21 PM,11/04/2024 09:42:39 AM,2,2,2,82,82
73106,30th Ave&Quintara St SW-FS/PS,30AVQUI0,30AVQUIN,3527,37.74808,-122.487926,,QUINTARA ST,30TH AVE,FS,SW,FL,0,1729767266000,15728680,147,4,POINT (-122.487926 37.74808),11/02/2024 08:47:21 PM,11/04/2024 09:42:39 AM,10,7,35,40,40
74034,Ocean Ave&San Jose Ave NW-FS/BZ,OCENS J0,OCENS J,5804,37.723003999999996,-122.444951,,I-280 N ON RAMP,OCEAN AVE,FS,NW,,0,1729767266000,15731588,147,11,POINT (-122.444951 37.723004),11/02/2024 08:47:21 PM,11/04/2024 09:42:39 AM,9,1,28,94,94
75455,Ocean Ave&Lee St SW-NS,OCENLEE0,OCENLEE,5795,37.723397,-122.45442299999999,1,BRIGHTON AVE,OCEAN AVE,NS,SW,,0,1729767266000,15735194,147,11,POINT (-122.454423 37.723397),11/02/2024 08:47:21 PM,11/04/2024 09:42:39 AM,10,8,24,64,64
75116,Sunset Blvd&Taraval St SE-NS/SB,SUNSTAR1,SUNSTARA,6556,37.742108,-122.49435,,TARAVAL ST,SUNSET BLVD,NS,SE,,1,1729767266000,15734886,147,4,POINT (-122.49435 37.742108),11/02/2024 08:47:21 PM,11/04/2024 09:42:39 AM,10,7,35,40,40
75690,Rhode Island St&Alameda St SE-NS/SB,R ISALA1,R ISALAM,6202,37.768572999999996,-122.402843,,ALAMEDA ST,RHODE ISLAND ST,NS,SE,,0,1729767266000,15738446,147,6,POINT (-122.402843 37.768573),11/02/2024 08:47:21 PM,11/04/2024 09:42:39 AM,1,9,4,33,33
73161,Geary Blvd&25TH Ave SE-FS/BZ,GEAR25A1,GEAR25AV,4270,37.780077,-122.484562,1,25TH AVE,GEARY BLVD,NS,SW,BZ,0,1729767266000,15729197,147,1,POINT (-122.484562 37.780077),11/02/2024 08:47:21 PM,11/04/2024 09:42:39 AM,8,4,29,8,8
74414,Quintara St&48th Ave NE-NS,QUIN48A0,QUIN48AV,6167,37.74734,-122.507,,48TH AVE,QUINTARA ST,NS,NE,,0,1729767266000,15735768,147,4,POINT (-122.507 37.74734),11/02/2024 08:47:21 PM,11/04/2024 09:42:39 AM,10,7,35,39,39
73011,46th Ave&Pacheco St SE-NS/PS,46AVPAC1,46AVPACH,3591,37.749161,-122.505067,,PACHECO ST,46TH AVE,NS,SE,,0,1729767266000,15728394,147,4,POINT (-122.505067 37.749161),11/02/2024 08:47:21 PM,11/04/2024 09:42:39 AM,10,7,35,39,39
75201,Post St&Grant Ave S-MB/BB,POSTGRN1,POSTGRNT,6125,37.78855,-122.40599,,GRANT AVE,POST ST,MB,SO,BB,0,1729767266000,15734920,147,3,POINT (-122.40599 37.78855),11/02/2024 08:47:21 PM,11/04/2024 09:42:39 AM,6,3,8,19,19
74171,Garfield St&Victoria St NE-NS/SB,GARFVIC1,,7196,37.719764,-122.465234,,VICTORIA ST,GARFIELD ST,,NE,,0,1729767266000,15732855,147,11,POINT (-122.465234 37.719764),11/02/2024 08:47:21 PM,11/04/2024 09:42:39 AM,10,1,24,64,64
72842,30th St&Sanchez St SW-NS/PS,30STSNC0,30STSNCZ,3544,37.74191,-122.42902,,SANCHEZ ST,30TH ST,NS,SW,,0,1729767266000,15728230,147,8,POINT (-122.42902 37.74191),11/02/2024 08:47:21 PM,11/04/2024 09:42:39 AM,9,5,10,59,59
75594,Portola Dr&Dorchester Way NE-NS,PORTDOC0,PORTDOCH,6014,37.740100000000005,-122.46343999999999,,DORCHESTER WAY,PORTOLA DR,NS,NE,,0,1729767266000,15738394,147,7,POINT (-122.46344 37.7401),11/02/2024 08:47:21 PM,11/04/2024 09:42:39 AM,10,8,41,49,49
75071,Raymond Ave&Delta St NE-NS/PS,RAYMDLT1,,7331,37.713844,-122.409049,,DELTA ST,RAYMOND AVE,,,,0,1729767266000,15736309,147,10,POINT (-122.409049 37.713844),11/02/2024 08:47:21 PM,11/04/2024 09:42:39 AM,9,9,40,75,75
75224,Paul Ave&Gould St NW-FS/PS,PAULGUL1,PAULGULD,5902,37.723012,-122.39794599999999,,GOULD ST,PAUL AVE,FS,NW,,0,1729767266000,15736475,147,10,POINT (-122.397946 37.723012),11/02/2024 08:47:21 PM,11/04/2024 09:42:39 AM,2,9,1,86,86
73262,Castro St&17TH St SE-NS/BZ,CTRO17S1,CTRO17ST,4313,37.76237,-122.43508,,17TH ST,CASTRO ST,NS,SE,BZ,1,1729767266000,15729066,147,8,POINT (-122.43508 37.76237),11/02/2024 08:47:21 PM,11/04/2024 09:42:39 AM,3,5,5,38,38
74235,Rivera St&48th Ave SE-FS,RVRA48A1,RVRA48AV,6247,37.745349999999995,-122.50670000000001,,48TH AVE,RIVERA ST,FS,SE,,1,1729767266000,15732701,147,4,POINT (-122.5067 37.74535),11/02/2024 08:47:21 PM,11/04/2024 09:42:39 AM,10,7,35,39,39
74751,Van Ness Ave&Chestnut St NW-NS/BZ,V.N.CHE0,V.N.CHES,6801,37.802431,-122.424905,1,CHESTNUT ST,VAN NESS AVE,NS,NW,BZ,1,1729767266000,15734528,147,2,POINT (-122.424905 37.802431),11/02/2024 08:47:21 PM,11/04/2024 09:42:39 AM,4,6,13,17,17
72711,24th St&Valencia St NE-NS/BZ,24STVLN0,24STVLNC,3485,37.752178,-122.420556,,VALENCIA ST,24TH ST,NS,NE,BZ,0,1729767266000,15727477,147,9,POINT (-122.420556 37.752178),11/02/2024 08:47:21 PM,11/04/2024 09:42:39 AM,3,2,20,53,53
73955,Jackson St&Webster St NW-FS/BZ,JACKWEB1,JACKWEBS,5167,37.792716,-122.433025,,WEBSTER ST,JACKSON ST,NS,NE,,0,1729767266000,15731203,147,2,POINT (-122.433025 37.792716),11/02/2024 08:47:21 PM,11/04/2024 09:42:39 AM,4,6,30,102,102
72770,Baker Beach Parking Lot SW-FS/SB,BOWLGIB0,BOWLGIBS,3023,37.790248999999996,-122.482263,,GIBSON RD,BOWLEY ST,FS,SW,,0,1729767266000,15727736,147,2,POINT (-122.482263 37.790249),11/02/2024 08:47:21 PM,11/04/2024 09:42:39 AM,,6,27,3,3
75135,Plymouth Ave&Holloway Ave NW-NS/PS,PLYMHOL1,PLYMHOLL,5961,37.721934,-122.456232,,HOLLOWAY AVE,PLYMOUTH AVE,NS,NW,,0,1729767266000,15736446,147,11,POINT (-122.456232 37.721934),11/02/2024 08:47:21 PM,11/04/2024 09:42:39 AM,10,8,24,64,64
74025,Ocean Ave&Howth St NW-FS/PS,OCENHOW0,OCENHOWT,5790,37.723022,-122.449784,,HOWTH ST,OCEAN AVE,FS,NW,,0,1729767266000,15731560,147,11,POINT (-122.449784 37.723022),11/02/2024 08:47:21 PM,11/04/2024 09:42:39 AM,9,8,24,95,95
73448,Geary Blvd&Spruce St SW-NS/BZ,GEARSPR1,GEARSPRU,4763,37.781599,-122.453258,1,SPRUCE ST,GEARY BLVD,NS,SW,BZ,0,1729767266000,15730025,147,2,POINT (-122.453258 37.781599),11/02/2024 08:47:21 PM,11/04/2024 09:42:39 AM,8,4,18,12,12
72847,8th St&Bryant St W-NS/BZ,.8STBRY0,8STBRYT,3204,37.772447,-122.406932,,BRANNAN ST,08TH ST,NS,WE,BZ,0,1729767266000,15727854,147,6,POINT (-122.406932 37.772447),11/02/2024 08:47:21 PM,11/04/2024 09:42:39 AM,1,10,34,33,33
74010,Mission St&30th St NW-NS/BB,MISS30S0,MISS30ST,5572,37.742416999999996,-122.42199099999999,,GODEUS ST,MISSION ST,NS,NO,BB,0,1729767266000,15731706,147,9,POINT (-122.421991 37.742417),11/02/2024 08:47:21 PM,11/04/2024 09:42:39 AM,9,2,2,83,83
74674,Lincoln Way&35th Ave NW-FS/BZ,LWAY35A0,LWAY35AV,5323,37.764753999999996,-122.494708,,35TH AVE,LINCOLN WY,FS,NW,BZ,0,1729767266000,15737459,147,4,POINT (-122.494708 37.764754),11/02/2024 08:47:21 PM,11/04/2024 09:42:39 AM,10,4,12,9,9
72764,Balboa St&Arguello Blvd NW-FS/BZ,BBOAARG0,BBOAARGL,3067,37.77747,-122.45886,,ARGUELLO BLVD,BALBOA ST,FS,NW,BZ,1,1729767266000,15727716,147,1,POINT (-122.45886 37.77747),11/02/2024 08:47:21 PM,11/04/2024 09:42:39 AM,8,4,11,5,5
72818,24th St&Valencia St SE-FS/BZ,24STVLN1,24STVLNC,3486,37.752061999999995,-122.42051000000001,,VALENCIA ST,24TH ST,FS,SE,,0,1729767266000,15728153,147,9,POINT (-122.42051 37.752062),11/02/2024 08:47:21 PM,11/04/2024 09:42:39 AM,3,2,20,53,53
73661,Lower Great Hwy&Rivera St NW-NS/BZ,GHWYRVR0,GHWYRVRA,4781,37.745439999999995,-122.50755,,RIVERA ST,LOWER GREAT HWY,NS,NW,BZ,0,1729767266000,15730562,147,4,POINT (-122.50755 37.74544),11/02/2024 08:47:21 PM,11/04/2024 09:42:39 AM,10,7,35,39,39
72693,19th Ave&Irving St SE-NS/BZ,19AVIRV1,19AVIRVG,3360,37.76343,-122.47704,1,IRVING ST,19TH AVE,NS,SE,BZ,1,1729767266000,15727364,147,7,POINT (-122.47704 37.76343),11/02/2024 08:47:21 PM,11/04/2024 09:42:39 AM,10,7,14,109,109
73160,Geary Blvd&25TH Ave NE-NS/BZ,GEAR25A0,GEAR25AV,4269,37.78022,-122.48461,1,25TH AVE,GEARY BLVD,NS,NE,BZ,0,1729767266000,15729193,147,1,POINT (-122.48461 37.78022),11/02/2024 08:47:21 PM,11/04/2024 09:42:39 AM,8,4,29,8,8
72939,43rd Ave&Point Lobos Ave NW-NS/PS,43AVPTL0,43AVPTLO,3568,37.779784,-122.504139,1,POINT LOBOS AVE,43RD AVE,NS,NW,,0,1729767266000,15728583,147,1,POINT (-122.504139 37.779784),11/02/2024 08:47:21 PM,11/04/2024 09:42:39 AM,8,4,29,6,6
75439,Mansell St&John F Shelley Dr NE-NS/PS,MANSJSHW,MANSJSHW,5347,37.718762999999996,-122.4183,,JOHN F SHELLEY DR,MANSELL ST,FS,NW,,0,1729767266000,15735142,147,9,POINT (-122.4183 37.718763),11/02/2024 08:47:21 PM,11/04/2024 09:42:39 AM,9,9,19,73,73
73407,Divisadero St&Jackson St SE-NS/PS,DIVIJAC1,DIVIJACK,4427,37.79154,-122.44108,,JACKSON ST,DIVISADERO ST,NS,SE,,0,1729767266000,15729486,147,2,POINT (-122.44108 37.79154),11/02/2024 08:47:21 PM,11/04/2024 09:42:39 AM,4,6,30,102,102
73924,Fort Miley Hospital N-NS,MILYHOS0,MILYHOSP,5511,37.781827,-122.50410600000001,1,FORT MILEY 3,VETERANS DR,NS,NO,,0,1729767266000,15731505,147,1,POINT (-122.504106 37.781827),11/02/2024 08:47:21 PM,11/04/2024 09:42:39 AM,8,4,17,7,7
75250,Persia Ave&Madrid St W-NS/SB,PERSMAD0,PERSMADR,5911,37.721612,-122.432959,,MADRID ST,PERSIA AVE,NS,WE,,0,1729767266000,15738056,147,11,POINT (-122.432959 37.721612),11/02/2024 08:47:21 PM,11/04/2024 09:42:39 AM,9,1,7,90,90
75173,Hahn St&Visitacion Ave SW-FS/SB,HAHNVIS0,HAHNVISI,7026,37.713301,-122.415486,,VISITACION AVE,HAHN ST,FS,SW,,0,1729767266000,15738014,147,10,POINT (-122.415486 37.713301),11/02/2024 08:47:21 PM,11/04/2024 09:42:39 AM,9,9,19,75,75
74692,Park Presidio&Geary Blvd NE-FS/SB,PKPRGEA1,PKPRGEAR,5953,37.780775999999996,-122.472217,1,GEARY BLVD,PARK PRESIDIO BLVD,FS,NE,FL,1,1729767266000,15737540,147,1,POINT (-122.472217 37.780776),11/02/2024 08:47:21 PM,11/04/2024 09:42:39 AM,8,4,11,5,5
72684,7th St&Mission St NE-FS/BZ,.7STMIS1,7STMISS,3195,37.779326999999995,-122.411032,,STEVENSON ST,07TH ST,NS,EA,BZ,0,1729767266000,15727842,147,6,POINT (-122.411032 37.779327),11/02/2024 08:47:21 PM,11/04/2024 09:42:39 AM,5,10,34,32,32
72698,19th Ave&Judah St SW-FS/BB,19AVJUD0,19AVJUDA,3365,37.7614,-122.47711,1,JUDAH ST,19TH AVE,FS,SW,BZ,1,1729767266000,15727392,147,4,POINT (-122.47711 37.7614),11/02/2024 08:47:21 PM,11/04/2024 09:42:39 AM,10,7,35,39,39
74748,Rutland St&Sunnydale Ave NE-FS/SB,RUTLSUN0,RUTLSUNY,7044,37.709900000000005,-122.408536,,RUTLAND ST,SUNNYDALE AVE,NS,NW,,0,1729767266000,15734505,147,10,POINT (-122.408536 37.7099),11/02/2024 08:47:21 PM,11/04/2024 09:42:39 AM,9,9,40,75,75
73103,26th St&Wisconsin St NW-FS/SB,26STWIS0,26STWISC,3524,37.75111,-122.39866,,WISCONSIN ST,26TH ST,FS,NW,,0,1729767266000,15728674,147,10,POINT (-122.39866 37.75111),11/02/2024 08:47:21 PM,11/04/2024 09:42:39 AM,2,9,26,54,54
72802,46th Ave&Kirkham St NW-NS/PS,46AVKIR0,46AVKIRK,3578,37.758655,-122.505888,,KIRKHAM ST,46TH AVE,NS,NW,,0,1729767266000,15728120,147,4,POINT (-122.505888 37.758655),11/02/2024 08:47:21 PM,11/04/2024 09:42:39 AM,10,7,35,39,39
74096,Market St&3rd St E-FS/BZ,MRKT.3ST,MRKT.3ST,5641,37.787667,-122.403359,1,GEARY ST,MARKET ST,NS,SO,BZ,0,1729767266000,15732435,147,6,POINT (-122.403359 37.787667),11/02/2024 08:47:21 PM,11/04/2024 09:42:39 AM,6,3,8,32,32
74303,Turk St&Broderick St SW-NS/BZ,TURKBDR1,TURKBDRK,6713,37.779359,-122.440489,,BRODERICK ST,TURK ST,NS,SW,BZ,0,1729767266000,15734115,147,2,POINT (-122.440489 37.779359),11/02/2024 08:47:21 PM,11/04/2024 09:42:39 AM,7,11,39,97,97
75540,Van Ness Ave&Bay St NE-FS/BZ,V N BAY1,V N FNCO,6806,37.804286999999995,-122.424996,,BAY ST,VAN NESS AVE,FS,NE,BZ,0,1729767266000,15735300,147,2,POINT (-122.424996 37.804287),11/02/2024 08:47:21 PM,11/04/2024 09:42:39 AM,6,6,32,98,98
73171,Cortland Ave&Prentiss St NE-NS/PS,CORTPNT1,CORTPNTS,4158,37.739779999999996,-122.41199,,PRENTISS ST,CORTLAND AVE,NS,NE,,0,1729767266000,15729225,147,9,POINT (-122.41199 37.73978),11/02/2024 08:47:21 PM,11/04/2024 09:42:39 AM,9,2,2,83,83
72649,Balboa St&6TH Ave SE-FS/BZ,BBOA 6A1,BBOA 6AV,3035,37.777173,-122.463849,,6TH AVE,BALBOA ST,FS,SE,BZ,0,1729767266000,15727768,147,1,POINT (-122.463849 37.777173),11/02/2024 08:47:21 PM,11/04/2024 09:42:39 AM,8,4,11,5,5
72886,14th Ave&Taraval St SE-NS,14AVTAR0,14AVTARA,3250,37.74317,-122.47017,,TARAVAL ST,14TH AVE,NS,SE,,0,1729767266000,15728036,147,7,POINT (-122.47017 37.74317),11/02/2024 08:47:21 PM,11/04/2024 09:42:39 AM,10,8,41,46,46
75506,Mission St&Bosworth St SW-FS/BZ,MISSBOS1,MISSBOSW,5580,37.73334,-122.42681999999999,,BOSWORTH ST,MISSION ST,FS,SW,BZ,0,1729767266000,15733702,147,8,POINT (-122.42682 37.73334),11/02/2024 08:47:21 PM,11/04/2024 09:42:39 AM,9,5,28,93,93
74729,Mason St&Yacht/Girard Rd NS SW/PS,MASNEBCH,,8028,37.804815999999995,-122.448949,,OLD MASON ST,MASON ST,,,,0,1729767266000,15739133,147,2,POINT (-122.448949 37.804816),11/02/2024 08:47:21 PM,11/04/2024 09:42:39 AM,,6,27,3,3
73055,Cortland Ave&Andover St SW-NS/BZ,CORTAND0,CORTANDV,4143,37.739039999999996,-122.41658,,ANDOVER ST,CORTLAND AVE,NS,SW,BZ,1,1729767266000,15728863,147,9,POINT (-122.41658 37.73904),11/02/2024 08:47:21 PM,11/04/2024 09:42:39 AM,9,2,2,61,61
73526,Lawton St&Funston Ave SE-FS/PS,LAWTFUN1,LAWTFUNS,4859,37.7582,-122.47003,,FUNSTON AVE,LAWTON ST,FS,SE,FL,0,1729767266000,15729822,147,7,POINT (-122.47003 37.7582),11/02/2024 08:47:21 PM,11/04/2024 09:42:39 AM,10,8,14,44,44
73734,Harrison St&3rd St W-FS/BZ,HARR 3S0,HARR 3ST,4967,37.782436,-122.397676,,3RD ST,HARRISON ST,FS,WE,BZ,0,1729767266000,15730446,147,6,POINT (-122.397676 37.782436),11/02/2024 08:47:21 PM,11/04/2024 09:42:39 AM,1,10,34,32,32
75238,Portola Dr&Laguna Honda Blvd S-NS,PORTLGH1,PORTLGHN,6114,37.742869999999996,-122.45524,,LAGUNA HONDA BLVD,PORTOLA DR,NS,SO,,0,1729767266000,15736530,147,7,POINT (-122.45524 37.74287),11/02/2024 08:47:21 PM,11/04/2024 09:42:39 AM,9,8,41,72,72
72812,24th St&Folsom St NW-FS/BZ,24STFOL0,24STFOLS,3469,37.752559999999995,-122.414242,,FOLSOM ST,24TH ST,FS,NW,BZ,1,1729767266000,15728134,147,9,POINT (-122.414242 37.75256),11/02/2024 08:47:21 PM,11/04/2024 09:42:39 AM,3,2,20,53,53
73326,Eddy St&Pierce St NE-NS/BZ,EDDYPIE0,EDDYPIER,4487,37.781081,-122.435515,,PIERCE ST,EDDY ST,NS,NE,BZ,1,1729767266000,15729668,147,5,POINT (-122.435515 37.781081),11/02/2024 08:47:21 PM,11/04/2024 09:42:39 AM,4,11,39,97,97
74362,Transit Center Bay D,TBT BAYD,,7916,37.789975,-122.395206,,BEALE ST,HOWARD ST,,,,0,1729767266000,15738723,147,6,POINT (-122.395206 37.789975),11/02/2024 08:47:21 PM,11/04/2024 09:42:39 AM,1,10,8,32,32
73290,Van Ness Ave&Geary Blvd NS-S/SI,V N GEA3,,8091,37.785647,-122.421368,,GEARY ST,VAN NESS AVE,,,,0,1729767266000,15729574,147,5,POINT (-122.421368 37.785647),11/02/2024 08:47:21 PM,11/04/2024 09:42:39 AM,4,11,36,20,20
75332,30th Ave&Rivera St NW-NS/PS,30AVRVR0,30AVRVRA,3528,37.746359999999996,-122.48780000000001,,RIVERA ST,30TH AVE,NS,NW,FL,0,1729767266000,15735110,147,4,POINT (-122.4878 37.74636),11/02/2024 08:47:21 PM,11/04/2024 09:42:39 AM,10,7,35,40,40
75284,24th St&Mission St SW-NS/BZ,24STMIS1,24STMISS,3477,37.752178,-122.41855,,MISSION ST,24TH ST,NS,SW,BZ,1,1729767266000,15733533,147,9,POINT (-122.41855 37.752178),11/02/2024 08:47:21 PM,11/04/2024 09:42:39 AM,3,2,20,53,53
73675,Mansell St&Dartmouth St S-NS/PS,MANSDAR0,MANSDART,5340,37.719376,-122.409058,,DARTMOUTH ST,MANSELL ST,NS,SO,,0,1729767266000,15730604,147,9,POINT (-122.409058 37.719376),11/02/2024 08:47:21 PM,11/04/2024 09:42:39 AM,9,9,19,91,91
75767,Geary Blvd&17TH Ave NE-NS/BZ,GEAR17A0,GEAR17AV,4263,37.780597,-122.476045,1,17TH AVE,GEARY BLVD,NS,NE,BZ,0,1729767266000,15735493,147,1,POINT (-122.476045 37.780597),11/02/2024 08:47:21 PM,11/04/2024 09:42:39 AM,8,4,29,5,5
73111,30th Ave&Taraval St SE-NS/PS,30AVTAR1,30AVTARA,3533,37.74241,-122.48743,,TARAVAL ST,30TH AVE,NS,SE,FL,0,1729767266000,15728685,147,4,POINT (-122.48743 37.74241),11/02/2024 08:47:21 PM,11/04/2024 09:42:39 AM,10,7,35,40,40
73444,Geary Blvd&Masonic Ave N-MB/BZ,GEARMAS2,GEARPRES,4758,37.782536,-122.44669,1,MASONIC AVE,GEARY BLVD,MB,NO,BZ,0,1729767266000,15730019,147,2,POINT (-122.44669 37.782536),11/02/2024 08:47:21 PM,11/04/2024 09:42:39 AM,8,6,31,11,11
74679,Mission St&Highland Ave SW-FS/BZ,MISSHIG0,MISSHIGH,5597,37.73706,-122.4242,,HIGHLAND AVE,MISSION ST,FS,SW,BZ,0,1729767266000,15737475,147,8,POINT (-122.4242 37.73706),11/02/2024 08:47:21 PM,11/04/2024 09:42:39 AM,9,5,2,61,61
73281,Division St&Townsend St NE-NS/BZ,DIVNTOW1,DIVNTOWN,4438,37.769894,-122.403301,,TOWNSEND ST,DIVISION ST,NS,NE,BZ,0,1729767266000,15729562,147,6,POINT (-122.403301 37.769894),11/02/2024 08:47:21 PM,11/04/2024 09:42:39 AM,1,9,4,33,33
73337,Columbus Ave&Lombard St SW-FS/BZ,COLMLOM1,COLMLOMB,4114,37.802597999999996,-122.413646,,LOMBARD ST,COLUMBUS AVE,FS,SW,BZ,0,1729767266000,15729318,147,3,POINT (-122.413646 37.802598),11/02/2024 08:47:21 PM,11/04/2024 09:42:39 AM,6,3,32,107,107
74005,Mission St&22nd St SW-FS/BB,MISS22S0,MISS22ST,5562,37.75517,-122.4188,,22ND ST,MISSION ST,FS,SW,BB,0,1729767266000,15731687,147,9,POINT (-122.4188 37.75517),11/02/2024 08:47:21 PM,11/04/2024 09:42:39 AM,3,2,20,53,53
72893,Chestnut St&Laguna St NW-FS/BZ,CHESLGN0,CHESLGNA,3947,37.801486,-122.431475,,LAGUNA ST,CHESTNUT ST,FS,NW,BZ,1,1729767266000,15728452,147,2,POINT (-122.431475 37.801486),11/02/2024 08:47:21 PM,11/04/2024 09:42:39 AM,4,6,13,17,17
75634,Blanken Ave&Peninsula Ave NE-NS/PS,BLKNPEN1,BLKNPENI,7011,37.711619999999996,-122.39896,,PENINSULA AVE,BLANKEN AVE,NS,SE,,0,1729767266000,15735341,147,10,POINT (-122.39896 37.71162),11/02/2024 08:47:21 PM,11/04/2024 09:42:39 AM,2,9,1,89,89
73370,Garfield St&Bright St SW-NS/SB,GARFBRG0,GARFBRGT,4247,37.719791,-122.463642,,BRIGHT ST,GARFIELD ST,NS,SW,,0,1729767266000,15729429,147,11,POINT (-122.463642 37.719791),11/02/2024 08:47:21 PM,11/04/2024 09:42:39 AM,10,1,24,64,64
75170,Santiago St&17th Ave NE-NS,SNTG17A0,SNTG17AV,6468,37.74507,-122.4735,,17TH AVE,SANTIAGO ST,NS,NE,,0,1729767266000,15738010,147,7,POINT (-122.4735 37.74507),11/02/2024 08:47:21 PM,11/04/2024 09:42:39 AM,10,8,41,44,44
72657,Balboa St&21ST Ave NE-NS/PS,BBOA21A0,BBOA21AV,3047,37.776562999999996,-122.48005599999999,,21ST AVE,BALBOA ST,NS,NE,,1,1729767266000,15727784,147,1,POINT (-122.480056 37.776563),11/02/2024 08:47:21 PM,11/04/2024 09:42:39 AM,8,4,29,8,8
73800,Jackson St&Scott St NE-NS/PS,JACKSCO0,JACKSCOT,5160,37.791931999999996,-122.43924,,SCOTT ST,JACKSON ST,NS,NE,,0,1729767266000,15731106,147,2,POINT (-122.43924 37.791932),11/02/2024 08:47:21 PM,11/04/2024 09:42:39 AM,4,6,30,102,102
72782,22nd St&Iowa St NE-FS/BZ,22STIOW0,22STIOWA,3435,37.757754,-122.392273,,IOWA ST,22ND ST,FS,NW,,0,1729767266000,15728062,147,10,POINT (-122.392273 37.757754),11/02/2024 08:47:21 PM,11/04/2024 09:42:39 AM,2,9,26,54,54
75381,Blanken Ave&Gillette Ave SW-NS/SB,BLKNGLT0,BLKNGLTE,7006,37.710969999999996,-122.39661,,GILLETTE AVE,BLANKEN AVE,NS,NW,,0,1729767266000,15738174,147,10,POINT (-122.39661 37.71097),11/02/2024 08:47:21 PM,11/04/2024 09:42:39 AM,2,9,1,89,89
75587,Turk St&Chabot Ter NW-FS/BZ,TURKCBO0,TURKCBOT,6714,37.778093,-122.45169899999999,,CHABOT TER,TURK BLVD,FS,NW,BZ,0,1729767266000,15738380,147,1,POINT (-122.451699 37.778093),11/02/2024 08:47:21 PM,11/04/2024 09:42:39 AM,7,4,18,12,12
74219,Quintara St&24th Ave SW-NS/PS,QUIN24A1,QUIN24AV,6145,37.74836,-122.48157,,24TH AVE,QUINTARA ST,NS,SW,FL,0,1729767266000,15732649,147,4,POINT (-122.48157 37.74836),11/02/2024 08:47:21 PM,11/04/2024 09:42:39 AM,10,7,35,40,40
72677,17th Ave&Santiago St NW-NS,17AVSNT1,17AVSNTG,3306,37.74511,-122.47373999999999,,SANTIAGO ST,17TH AVE,NS,NW,,0,1729767266000,15727832,147,7,POINT (-122.47374 37.74511),11/02/2024 08:47:21 PM,11/04/2024 09:42:39 AM,10,8,41,44,44
74294,Transit Center Bay C,TBT BAYC,,7915,37.789957,-122.395493,,MISSION ST,BEALE ST,,,,0,1729767266000,15738719,147,6,POINT (-122.395493 37.789957),11/02/2024 08:47:21 PM,11/04/2024 09:42:39 AM,1,10,8,32,32
74272,Quintara St&17th Ave NE-NS/SB,QUIN17AV,,7573,37.748833,-122.473799,,17TH AVE,QUINTARA ST,,,,0,1729767266000,15738661,147,7,POINT (-122.473799 37.748833),11/02/2024 08:47:21 PM,11/04/2024 09:42:39 AM,10,8,14,44,44
73301,Geary Blvd&Commonwealth St NW-FS/BZ,GEARCWT0,GEARCWTH,4292,37.781528,-122.455677,1,COMMONWEALTH AVE,GEARY BLVD,FS,NW,BZ,0,1729767266000,15729597,147,2,POINT (-122.455677 37.781528),11/02/2024 08:47:21 PM,11/04/2024 09:42:39 AM,8,6,31,11,11
75638,Portola Dr&Waithman Way W-FS/SB,PORTWAI0,PORTWAIT,6122,37.741626,-122.456521,,WAITHMAN WAY,PORTOLA DR,FS,WE,,0,1729767266000,15735370,147,7,POINT (-122.456521 37.741626),11/02/2024 08:47:21 PM,11/04/2024 09:42:39 AM,9,8,41,49,49
72821,25th Ave&California St SE-NS/BZ,25AVCAL1,25AVCALI,3492,37.783806999999996,-122.48485,,25TH AVE,CALIFORNIA ST,NS,SE,BZ,0,1729767266000,15728159,147,1,POINT (-122.48485 37.783807),11/02/2024 08:47:21 PM,11/04/2024 09:42:39 AM,8,4,29,8,8
75403,Sunset Blvd&Lawton St NW-NS/SB,SUNSLAW0,SUNSLAWT,6535,37.757267,-122.495585,,LAWTON ST,SUNSET BLVD,NS,NW,,0,1729767266000,15733572,147,4,POINT (-122.495585 37.757267),11/02/2024 08:47:21 PM,11/04/2024 09:42:39 AM,10,7,35,39,39
74966,Balboa St&37TH Ave SW-NS/PS,BBOA37A1,BBOA37AV,3062,37.775647,-122.49741900000001,,37TH AVE,BALBOA ST,NS,SW,,0,1729767266000,15737734,147,1,POINT (-122.497419 37.775647),11/02/2024 08:47:21 PM,11/04/2024 09:42:39 AM,8,4,29,8,8
75444,Mission St&Valencia St W-FS/BB,MISSVLN0,MISSVLNC,5626,37.74508,-122.42030000000001,,VALENCIA ST,MISSION ST,FS,WE,BB,0,1729767266000,15735151,147,9,POINT (-122.4203 37.74508),11/02/2024 08:47:21 PM,11/04/2024 09:42:39 AM,9,2,2,83,83
75409,Persia Ave&Prague St W-NS/PS,PERSPRA0,PERSPRAG,5921,37.718934,-122.427348,,PRAGUE ST,PERSIA AVE,NS,WE,FL,0,1729767266000,15733589,147,11,POINT (-122.427348 37.718934),11/02/2024 08:47:21 PM,11/04/2024 09:42:39 AM,9,1,7,90,90
73918,Middle Point Rd & Acacia,MDPTACA0,MDPTWPTN,5501,37.737010999999995,-122.379321,,WEST POINT RD,MIDDLE POINT RD,FS,NE,,0,1729767266000,15731491,147,10,POINT (-122.379321 37.737011),11/02/2024 08:47:21 PM,11/04/2024 09:42:39 AM,2,9,1,76,76
73868,Lincoln Blvd&Bowley St SE-NS/SB,LINCBOW0,LINCBOWL,5263,37.788393,-122.482457,,BOWLEY ST,LINCOLN BLVD,NS,SE,,0,1729767266000,15731338,147,2,POINT (-122.482457 37.788393),11/02/2024 08:47:21 PM,11/04/2024 09:42:39 AM,,6,27,3,3
74396,Quintara St&39th Ave SW-NS,QUIN39A1,QUIN39AV,6161,37.74763,-122.49763,,39TH AVE,QUINTARA ST,NS,SW,,0,1729767266000,15734210,147,4,POINT (-122.49763 37.74763),11/02/2024 08:47:21 PM,11/04/2024 09:42:39 AM,10,7,35,39,39
75388,Garfield St&Vernon St SW-NS/SB,GARFVER0,,7326,37.719594,-122.468155,,VERNON ST,GARFIELD ST,,,,0,1729767266000,15738191,147,11,POINT (-122.468155 37.719594),11/02/2024 08:47:21 PM,11/04/2024 09:42:39 AM,10,1,24,64,64
72964,36th Ave&Lincoln Way SE-NS/PS,36AVLWA1,36AVLWAY,3561,37.764556999999996,-122.495372,,LINCOLN WY,36TH AVE,NS,SE,,1,1729767266000,15728260,147,4,POINT (-122.495372 37.764557),11/02/2024 08:47:21 PM,11/04/2024 09:42:39 AM,10,7,35,39,39
72799,19th Ave&Holloway Ave NW-NS/SB,19AVHOLW,19HL.LVG,3356,37.721109999999996,-122.475302,1,HOLLOWAY AVE,19TH AVE,NS,NW,FL,1,1729767266000,15728105,147,7,POINT (-122.475302 37.72111),11/02/2024 08:47:21 PM,11/04/2024 09:42:39 AM,10,8,16,42,42
74357,Balboa St&30TH Ave NW-FS/PS,BBOA30A0,BBOA30AV,3055,37.776114,-122.489958,,30TH AVE,BALBOA ST,FS,NW,,1,1729767266000,15737226,147,1,POINT (-122.489958 37.776114),11/02/2024 08:47:21 PM,11/04/2024 09:42:39 AM,8,4,29,8,8
72828,25th St&Dakota St NW-FS/PS,25STDAK0,25STDAKO,3507,37.752500000000005,-122.394832,,DAKOTA ST,25TH ST,FS,NW,,0,1729767266000,15728179,147,10,POINT (-122.394832 37.7525),11/02/2024 08:47:21 PM,11/04/2024 09:42:39 AM,2,9,26,54,54
74353,Grafton Ave&Granada Ave NE-NS/SB,GRAFGRN1,,7193,37.720104,-122.457034,,GRANADA AVE,GRAFTON AVE,,NE,,0,1729767266000,15737213,147,11,POINT (-122.457034 37.720104),11/02/2024 08:47:21 PM,11/04/2024 09:42:39 AM,10,1,24,64,64
72932,45th Ave&Cabrillo St NE-FS/PS,45AVCBR1,45AVCBRO,3572,37.773573,-122.50567,,CABRILLO ST,45TH AVE,FS,NE,,0,1729767266000,15728569,147,1,POINT (-122.50567 37.773573),11/02/2024 08:47:21 PM,11/04/2024 09:42:39 AM,8,4,29,8,8
75870,Townsend St&4th St SW-NS/BB,TOWN 4S1,TOWN 4ST,6695,37.776582,-122.39549099999999,1,04TH ST,TOWNSEND ST,NS,SO,BZ,0,1729767266000,15737131,147,6,POINT (-122.395491 37.776582),11/02/2024 08:47:21 PM,11/04/2024 09:42:39 AM,1,10,4,34,34
75823,Skyline Blvd&Sloat Blvd SE-NS/PS,SKYLSLO1,SKYLSLOA,6433,37.733692999999995,-122.49667,,39TH AVE,SKYLINE BLVD,NS,SE,,0,1729767266000,15733975,147,4,POINT (-122.49667 37.733693),11/02/2024 08:47:21 PM,11/04/2024 09:42:39 AM,10,8,35,43,43
73828,Lombard St&Divisadero St SE-FS/BZ,LOMBDIV1,LOMBDIVI,5272,37.798971,-122.442482,1,SCOTT ST,LOMBARD ST,NS,SW,BZ,1,1729767266000,15730813,147,2,POINT (-122.442482 37.798971),11/02/2024 08:47:21 PM,11/04/2024 09:42:39 AM,4,6,13,14,14
75716,Rhode Island St&16th St NE-FS/SB,R IS16S1,R IS16ST,6189,37.766439999999996,-122.40266,,16TH ST,RHODE ISLAND ST,FS,NE,,0,1729767266000,15733884,147,6,POINT (-122.40266 37.76644),11/02/2024 08:47:21 PM,11/04/2024 09:42:39 AM,1,9,4,33,33
73168,Geary Blvd&40TH Ave NE-NS/BZ,GEAR40A0,GEAR39AV,4282,37.779472999999996,-122.500677,1,40TH AVE,GEARY BLVD,FS,NW,BZ,0,1729767266000,15729218,147,1,POINT (-122.500677 37.779473),11/02/2024 08:47:21 PM,11/04/2024 09:42:39 AM,8,4,29,8,8
75922,Mason St - Sports Basement NS SW/PS,SPRTBSMI,,8152,37.803565,-122.458967,,,,,,,0,1729767266000,15739283,147,2,POINT (-122.458967 37.803565),11/02/2024 08:47:21 PM,11/04/2024 09:42:39 AM,,6,27,3,3
73064,De Haro St&20TH St SE-NS/SB,DHRO20S1,DHRO20ST,4354,37.759667,-122.401026,,20TH ST,DE HARO ST,NS,SE,,0,1729767266000,15728875,147,10,POINT (-122.401026 37.759667),11/02/2024 08:47:21 PM,11/04/2024 09:42:39 AM,2,9,26,54,54
72805,46th Ave&Lincoln Way SE-NS/PS,46AVLWA1,46AVLWAY,3582,37.764035,-122.50611,,LINCOLN WY,46TH AVE,NS,SE,,0,1729767266000,15728125,147,4,POINT (-122.50611 37.764035),11/02/2024 08:47:21 PM,11/04/2024 09:42:39 AM,10,7,35,39,39
74296,North Point St&Hyde St NE-NS/BZ,N.PTHYD1,N.PTHYDE,5458,37.805803,-122.420226,1,HYDE ST,NORTH POINT ST,NS,NE,BZ,1,1729767266000,15734069,147,3,POINT (-122.420226 37.805803),11/02/2024 08:47:21 PM,11/04/2024 09:42:39 AM,6,6,32,99,99
75687,Rhode Island St&24th St NW-NS/PS,R IS24S0,R IS24ST,6198,37.75352,-122.40161,,24TH ST,RHODE ISLAND ST,NS,NW,,0,1729767266000,15738434,147,10,POINT (-122.40161 37.75352),11/02/2024 08:47:21 PM,11/04/2024 09:42:39 AM,2,9,26,54,54
73395,Divisadero St&Bush St NE-FS/BZ,DIVIBUS1,DIVIBUSH,4408,37.786283,-122.43999600000001,,BUSH ST,DIVISADERO ST,FS,NE,BZ,0,1729767266000,15729467,147,2,POINT (-122.439996 37.786283),11/02/2024 08:47:21 PM,11/04/2024 09:42:39 AM,4,6,30,103,103
73673,Mansell St&Brussels St S-NS/PS,MANSBRU0,MANSBRUS,5338,37.720926,-122.40312399999999,,BRUSSELS ST,MANSELL ST,NS,SO,,0,1729767266000,15730599,147,9,POINT (-122.403124 37.720926),11/02/2024 08:47:21 PM,11/04/2024 09:42:39 AM,9,2,25,91,91
73014,46th Ave&Rivera St NW-NS/PS,46AVRVR0,46AVRVRA,3594,37.745591999999995,-122.504973,,RIVERA ST,46TH AVE,NS,NW,,0,1729767266000,15728399,147,4,POINT (-122.504973 37.745592),11/02/2024 08:47:21 PM,11/04/2024 09:42:39 AM,10,7,35,39,39
75408,Sunnydale Ave&Garrison Ave SW-NS,SUNYGAR0,SUNYGARR,6573,37.710981,-122.41302400000001,,ARGONAUT AVE,GARRISON AVE,NS,SW,,0,1729767266000,15733588,147,10,POINT (-122.413024 37.710981),11/02/2024 08:47:21 PM,11/04/2024 09:42:39 AM,9,9,40,75,75
75297,Lincoln Way&25th Ave SE-FS/BZ,LWAY25A1,LWAY25AV,5315,37.765105,-122.483363,,25TH AVE,LINCOLN WY,FS,SE,BZ,1,1729767266000,15733566,147,4,POINT (-122.483363 37.765105),11/02/2024 08:47:21 PM,11/04/2024 09:42:39 AM,10,7,35,39,39
75286,Polk St&Union St NE-FS/BZ,POLKUNI1,POLKUNIN,6003,37.799009999999996,-122.42233,,UNION ST,POLK ST,FS,NE,BZ,0,1729767266000,15733537,147,3,POINT (-122.42233 37.79901),11/02/2024 08:47:21 PM,11/04/2024 09:42:39 AM,4,6,32,107,107
73293,US Post Office S-FS/BZ,EVANUSP0,EVANUSPO,4564,37.739717,-122.382813,,POST OFFICE,EVANS AVE,FS,SO,BZ,0,1729767266000,15729578,147,10,POINT (-122.382813 37.739717),11/02/2024 08:47:21 PM,11/04/2024 09:42:39 AM,2,9,1,86,86
74676,Ocean Ave&San Jose St SE-FS/BZ,OCENS J1,OCENS J,5805,37.7229,-122.4444,,SAN JOSE AVE,OCEAN AVE,FS,SE,BZ,0,1729767266000,15737466,147,11,POINT (-122.4444 37.7229),11/02/2024 08:47:21 PM,11/04/2024 09:42:39 AM,9,1,28,80,80
73333,Eddy St&Van Ness Ave SE-FS/BZ,EDDYV.N1,EDDYV.N.,4495,37.782863,-122.42059,,VAN NESS AVE,EDDY ST,FS,SE,BZ,0,1729767266000,15729683,147,5,POINT (-122.42059 37.782863),11/02/2024 08:47:21 PM,11/04/2024 09:42:39 AM,4,10,36,20,20
74522,Middle Point Rd&Hare St SE-NS/SB,MDPTHAR1,,7187,37.734387999999996,-122.379358,,HARE ST,MIDDLE POINT RD,,SE,,0,1729767266000,15735817,147,10,POINT (-122.379358 37.734388),11/02/2024 08:47:21 PM,11/04/2024 09:42:39 AM,2,9,1,76,76
75907,Stockton&Washington St SE-NS/BZ,STOKWAS2,,8116,37.79486,-122.40800899999999,1,WASHINGTON ST,STOCKTON ST,,,,0,1729767266000,15739252,147,3,POINT (-122.408009 37.79486),11/02/2024 08:47:21 PM,11/04/2024 09:42:39 AM,6,3,6,104,104
73079,Clipper St&Diamond Heights Blvd-NS,CLPRDHT0,CLPRDHTS,4071,37.74689,-122.44396,,DIAMOND HEIGHTS BLVD,CLIPPER ST,NS,NO,,1,1729767266000,15728913,147,8,POINT (-122.44396 37.74689),11/02/2024 08:47:21 PM,11/04/2024 09:42:39 AM,3,5,22,51,51
74764,Polk St&Broadway NE-FS/BZ,POLKBDW1,POLKBDWY,5983,37.796185,-122.421731,,BROADWAY,POLK ST,FS,NE,BZ,1,1729767266000,15736036,147,3,POINT (-122.421731 37.796185),11/02/2024 08:47:21 PM,11/04/2024 09:42:39 AM,4,3,32,105,105
75534,North Point St&Jones St NW-FS/BZ,N.PTJON1,N.PTJONE,5460,37.806168,-122.417405,1,JONES ST,NORTH POINT ST,FS,NW,BZ,1,1729767266000,15735244,147,3,POINT (-122.417405 37.806168),11/02/2024 08:47:21 PM,11/04/2024 09:42:39 AM,6,3,23,99,99
73494,Castro St&20TH St NW-NS/PS,CTRO20S0,CTRO20ST,4318,37.75778,-122.43477,,20TH ST,CASTRO ST,NS,NW,,0,1729767266000,15729752,147,8,POINT (-122.43477 37.75778),11/02/2024 08:47:21 PM,11/04/2024 09:42:39 AM,3,5,5,115,115
74772,Polk St&Post St SE-FS/BZ,POLKPOS1,POLKPOST,5997,37.78703,-122.41990000000001,,HEMLOCK ST,POLK ST,NS,SE,BZ,0,1729767266000,15736044,147,3,POINT (-122.4199 37.78703),11/02/2024 08:47:21 PM,11/04/2024 09:42:39 AM,4,3,21,50,50
72798,19th Ave&Eucalyptus Dr NE-FS/BB,19AVEUC1,19AVEUCA,3355,37.731300000000005,-122.474759,1,EUCALYPTUS DR,19TH AVE,NS,SE,BZ,0,1729767266000,15728098,147,7,POINT (-122.474759 37.7313),11/02/2024 08:47:21 PM,11/04/2024 09:42:39 AM,10,8,41,62,62
74797,3801 San Bruno Ave NE-FS/BZ,SBRO3801,SBRO3801,6350,37.714819999999996,-122.39994,1,,SAN BRUNO AVE,MB,SE,,0,1729767266000,15737635,147,10,POINT (-122.39994 37.71482),11/02/2024 08:47:21 PM,11/04/2024 09:42:39 AM,9,9,40,75,75
73291,Evans Ave&Quint St N-FS/PS,EVANQUN1,EVANQUNT,4561,37.744245,-122.390531,,QUINT ST,EVANS AVE,FS,NO,,0,1729767266000,15729576,147,10,POINT (-122.390531 37.744245),11/02/2024 08:47:21 PM,11/04/2024 09:42:39 AM,2,9,1,56,56
74899,Stockton St&Columbus Ave SE-NS/BZ,STOKCOL0,STOKCOLM,6512,37.79913,-122.40887000000001,,COLUMBUS AVE,STOCKTON ST,NS,SE,BZ,1,1729767266000,15737728,147,3,POINT (-122.40887 37.79913),11/02/2024 08:47:21 PM,11/04/2024 09:42:39 AM,6,3,6,106,106
75853,Sunset Blvd&Vicente St NW-NS/SB,SUNSVCT0,SUNSVCTE,6559,37.738619,-122.494279,,VICENTE ST,SUNSET BLVD,NS,NW,,0,1729767266000,15735535,147,4,POINT (-122.494279 37.738619),11/02/2024 08:47:21 PM,11/04/2024 09:42:39 AM,10,7,35,39,39
74258,26th St&De Haro St SE-FS/SB,26STDHR0,26STDHRO,3517,37.750752999999996,-122.400024,,DE HARO ST,26TH ST,FS,SE,,0,1729767266000,15732770,147,10,POINT (-122.400024 37.750753),11/02/2024 08:47:21 PM,11/04/2024 09:42:39 AM,2,9,1,54,54
75709,16th Ave&Lomita Ave NW-NS/SB,16AVLMT0,16AVLMTA,3275,37.756969999999995,-122.47351,,LOMITA AVE,16TH AVE,NS,NW,FL,0,1729767266000,15738504,147,7,POINT (-122.47351 37.75697),11/02/2024 08:47:21 PM,11/04/2024 09:42:39 AM,10,8,14,44,44
74181,Hyde St&Grove St W-MB/BZ,HYDEGROV,HYDEFULT,5071,37.779346,-122.41515799999999,,FULTON ST,HYDE ST,MB,W,BZ,0,1729767266000,15732888,147,5,POINT (-122.415158 37.779346),11/02/2024 08:47:21 PM,11/04/2024 09:42:39 AM,5,10,36,21,21
73406,Divisadero St&Hayes St SW-FS/BZ,DIVIHAY0,DIVIHAYS,4426,37.774889,-122.437865,,HAYES ST,DIVISADERO ST,FS,SW,BZ,0,1729767266000,15729485,147,5,POINT (-122.437865 37.774889),11/02/2024 08:47:21 PM,11/04/2024 09:42:39 AM,4,11,9,24,24
75492,Van Ness &North Point W-MB/BZ,V.N.N.P0,V.N.N.PT,6819,37.80485,-122.42546,1,NORTH POINT ST,VAN NESS AVE,NS,NW,BZ,0,1729767266000,15738274,147,2,POINT (-122.42546 37.80485),11/02/2024 08:47:21 PM,11/04/2024 09:42:39 AM,6,6,13,98,98
73086,Alana Way&Executive Park Blvd NE-NS/SB,ALANEXP1,ALANEXPK,3619,37.70898,-122.39422,,EXECUTIVE PARK BLVD,ALANA WAY,NS,NE,,0,1729767266000,15728637,147,10,POINT (-122.39422 37.70898),11/02/2024 08:47:21 PM,11/04/2024 09:42:39 AM,2,9,1,79,79
73587,La Playa St&Cabrillo St SW-FS/BZ,LAPLCBR1,LAPLCBRO,4843,37.773213999999996,-122.51006,,CABRILLO ST,LA PLAYA ST,FS,SW,BZ,0,1729767266000,15730267,147,1,POINT (-122.51006 37.773214),11/02/2024 08:47:21 PM,11/04/2024 09:42:39 AM,8,4,29,8,8
75072,Sawyer St&Visitacion Ave NE-NS/PS,SAWYVIS1,,7333,37.713345,-122.414443,,VISITACION AVE,SAWYER ST,,,,0,1729767266000,15736310,147,10,POINT (-122.414443 37.713345),11/02/2024 08:47:21 PM,11/04/2024 09:42:39 AM,9,9,40,75,75
75733,19th Ave&Noriega St SW-FS/BB,19AVNOR2,19AVNORI,3375,37.75392,-122.47653,1,NORIEGA ST,19TH AVE,FS,SW,BZ,0,1729767266000,15733927,147,4,POINT (-122.47653 37.75392),11/02/2024 08:47:21 PM,11/04/2024 09:42:39 AM,10,7,35,39,39
74882,De Haro St&23RD St NE-FS/PS,DHRO23S1,DHRO23ST,4356,37.754885,-122.400571,,23RD ST,DE HARO ST,FS,NE,,0,1729767266000,15736136,147,10,POINT (-122.400571 37.754885),11/02/2024 08:47:21 PM,11/04/2024 09:42:39 AM,2,9,26,54,54
73729,Innes Ave&Hunters Point Blvd N-FS,INESH P1,INESH P,5103,37.732915,-122.377229,,HUNTERS POINT BLVD,INNES AVE,FS,NO,,0,1729767266000,15730431,147,10,POINT (-122.377229 37.732915),11/02/2024 08:47:21 PM,11/04/2024 09:42:39 AM,2,9,1,76,76
74920,Turk St&Jones St NW-FS/BZ,TURKJON0,TURKJONE,6719,37.783038999999995,-122.412577,,JONES ST,TURK ST,FS,NW,BZ,0,1729767266000,15734637,147,5,POINT (-122.412577 37.783039),11/02/2024 08:47:21 PM,11/04/2024 09:42:39 AM,5,10,36,20,20
75759,Gilman Ave&Griffith St W-NS/PS,GLMNGRI1,GLMNGRIF,4784,37.718233999999995,-122.388272,,GRIFFITH ST,GILMAN AVE,NS,WE,,0,1729767266000,15735469,147,10,POINT (-122.388272 37.718234),11/02/2024 08:47:21 PM,11/04/2024 09:42:39 AM,2,9,1,88,88
74001,Mission St&18th St NE-FS/BZ,MISS18S1,MISS18ST,5553,37.762634999999996,-122.419348,,18TH ST,MISSION ST,FS,NE,BZ,1,1729767266000,15731677,147,9,POINT (-122.419348 37.762635),11/02/2024 08:47:21 PM,11/04/2024 09:42:39 AM,3,2,20,53,53
74843,Cross Over Dr&Fulton St SE-NS/SB,XOVRFUL1,XOVRFULT,6984,37.772349999999996,-122.484077,,FULTON ST,CROSS OVER DR,NS,SE,,0,1729767266000,15734587,147,1,POINT (-122.484077 37.77235),11/02/2024 08:47:21 PM,11/04/2024 09:42:39 AM,8,4,12,9,9
72747,Beale St&Mission St W-MB/BZ,BEALMIS0,BEALMISS,3089,37.791939,-122.396879,1,DAVIS ST,BEALE ST,MB,WE,BZ,0,1729767266000,15727638,147,6,POINT (-122.396879 37.791939),11/02/2024 08:47:21 PM,11/04/2024 09:42:39 AM,6,10,8,108,108
72763,Balboa St&43RD Ave NE-NS/PS,BBOA43A0,BBOA43AV,3065,37.775484,-122.50362,,43RD AVE,BALBOA ST,NS,NE,,0,1729767266000,15727713,147,1,POINT (-122.50362 37.775484),11/02/2024 08:47:21 PM,11/04/2024 09:42:39 AM,8,4,29,6,6
74139,O'Farrell St&Powell St SW-NS/BZ,OFARPOW1,OFARPOWL,5817,37.786322,-122.40814,1,CYRIL MAGNIN ST,OFARRELL ST,NS,SW,BZ,0,1729767266000,15732283,147,3,POINT (-122.40814 37.786322),11/02/2024 08:47:21 PM,11/04/2024 09:42:39 AM,5,3,36,19,19
73888,Industrial St&Palou Ave S-NS/PS,INDSPAL0,INDSPALU,5095,37.73955,-122.40101,,PALOU AVE,INDUSTRIAL ST,NS,SO,,0,1729767266000,15731411,147,10,POINT (-122.40101 37.73955),11/02/2024 08:47:21 PM,11/04/2024 09:42:39 AM,2,9,1,82,82
73434,Castro St&25TH St NW-NS/BZ,CTRO25S0,CTRO25ST,4328,37.74981,-122.43404,,25TH ST,CASTRO ST,NS,NW,BZ,0,1729767266000,15729985,147,8,POINT (-122.43404 37.74981),11/02/2024 08:47:21 PM,11/04/2024 09:42:39 AM,3,5,22,84,84
73679,Mansell St&San Bruno Ave S-NS/PS,MANSSBR0,MANSSBRO,5349,37.721443,-122.40115399999999,,SAN BRUNO AVE,MANSELL ST,NS,SO,,0,1729767266000,15730615,147,9,POINT (-122.401154 37.721443),11/02/2024 08:47:21 PM,11/04/2024 09:42:39 AM,9,9,25,91,91
74051,Lincoln Way&21st Ave NW-FS/BZ,LWAY21A0,LWAY21AV,5310,37.765428,-122.479696,,21ST AVE,LINCOLN WY,FS,NW,BZ,0,1729767266000,15731831,147,4,POINT (-122.479696 37.765428),11/02/2024 08:47:21 PM,11/04/2024 09:42:39 AM,10,4,12,9,9
73286,De Haro St&18TH St SE-NS/SB,DHRO18S1,DHRO18ST,4352,37.762209999999996,-122.401243,,18TH ST,DE HARO ST,NS,SE,,0,1729767266000,15729568,147,10,POINT (-122.401243 37.76221),11/02/2024 08:47:21 PM,11/04/2024 09:42:39 AM,2,9,26,54,54
73618,Mansell St&Hamilton St S-NS/PS,MANSHML0,MANSHMLT,5344,37.719892,-122.407088,,HAMILTON ST,MANSELL ST,NS,SO,,0,1729767266000,15730322,147,9,POINT (-122.407088 37.719892),11/02/2024 08:47:21 PM,11/04/2024 09:42:39 AM,9,9,19,75,75
72719,24th St&Castro St NW-FS/BZ,24STCTR0,24STCTRO,3462,37.75136,-122.434248,,CASTRO ST,24TH ST,FS,NW,BZ,0,1729767266000,15727504,147,8,POINT (-122.434248 37.75136),11/02/2024 08:47:21 PM,11/04/2024 09:42:39 AM,3,5,22,84,84
74500,30th St&Mission St NW-FS/BZ,30STMIS1,30STMISS,3540,37.742408,-122.422037,,MISSION ST,30TH ST,FS,NW,BZ,1,1729767266000,15734317,147,9,POINT (-122.422037 37.742408),11/02/2024 08:47:21 PM,11/04/2024 09:42:39 AM,9,2,2,83,83
74690,Park Presidio Blvd&Fulton St NW-NS,PKPRFUL2,PKPRFULT,5951,37.77327,-122.47191,1,FULTON ST,PARK PRESIDIO BLVD,NS,NW,FL,1,1729767266000,15737528,147,1,POINT (-122.47191 37.77327),11/02/2024 08:47:21 PM,11/04/2024 09:42:39 AM,8,4,29,5,5
75174,Wilde Ave&Brussels St NW-FS/PS,WILDBRU1,WILDBRUS,6944,37.716356999999995,-122.401237,,WILDE AVE,BRUSSELS ST,FS,EA,,0,1729767266000,15738022,147,10,POINT (-122.401237 37.716357),11/02/2024 08:47:21 PM,11/04/2024 09:42:39 AM,9,9,40,91,91
73958,Jefferson St&Divisadero St SW-NS/PS,JEFFDIV0,JEFFDIVI,5173,37.804556999999996,-122.443892,,DIVISADERO ST,JEFFERSON ST,NS,SW,,0,1729767266000,15731207,147,2,POINT (-122.443892 37.804557),11/02/2024 08:47:21 PM,11/04/2024 09:42:39 AM,4,6,13,17,17
74176,Columbus Ave&Mason St E-NS/BZ,COLMMAS0,COLMMASN,4115,37.802088999999995,-122.41266,,MASON ST,COLUMBUS AVE,NS,EA,BZ,1,1729767266000,15732868,147,3,POINT (-122.41266 37.802089),11/02/2024 08:47:21 PM,11/04/2024 09:42:39 AM,6,3,23,106,106
75228,Grafton Ave&Capitol Ave NE-NS/PS,GRAFCAP1,,7194,37.720104,-122.45907199999999,,CAPITOL AVE,GRAFTON AVE,,NE,,0,1729767266000,15736484,147,11,POINT (-122.459072 37.720104),11/02/2024 08:47:21 PM,11/04/2024 09:42:39 AM,10,1,24,64,64
72768,Cortland Ave&Bronte St SW-NS/PS,CORTBNTE,,7213,37.739711,-122.41017,,BRONTE ST,CORTLAND AVE,,SW,,0,1729767266000,15727733,147,9,POINT (-122.41017 37.739711),11/02/2024 08:47:21 PM,11/04/2024 09:42:39 AM,9,2,2,83,83
74921,Turk St&Larkin St NE-NS/BZ,TURKLAR0,TURKLARK,6720,37.782461,-122.417197,,LARKIN ST,TURK ST,NS,NE,BZ,0,1729767266000,15734640,147,5,POINT (-122.417197 37.782461),11/02/2024 08:47:21 PM,11/04/2024 09:42:39 AM,5,10,36,20,20
73012,46th Ave&Quintara St NW-NS/PS,46AVQUI0,46AVQUIN,3592,37.747457,-122.5051,,QUINTARA ST,46TH AVE,NS,NW,,0,1729767266000,15728395,147,4,POINT (-122.5051 37.747457),11/02/2024 08:47:21 PM,11/04/2024 09:42:39 AM,10,7,35,39,39
73321,Columbus Ave&Union St NE-FS/BZ,COLMUNIO,COLMUNIN,4119,37.8005,-122.41035600000001,,UNION ST,COLUMBUS AVE,FS,NE,BZ,0,1729767266000,15729643,147,3,POINT (-122.410356 37.8005),11/02/2024 08:47:21 PM,11/04/2024 09:42:39 AM,6,3,23,106,106
73553,Castro St&23RD St E-MI/SB,CTRO23S1,CTRO23ST,4324,37.752779,-122.434156,,23RD ST,CASTRO ST,MI,EA,,0,1729767266000,15730211,147,8,POINT (-122.434156 37.752779),11/02/2024 08:47:21 PM,11/04/2024 09:42:39 AM,3,5,22,84,84
74055,Lincoln Way&29th Ave NW-FS/BZ,LWAY29A0,LWAY29AV,5318,37.765032,-122.48826700000001,,29TH AVE,LINCOLN WY,FS,NW,BZ,0,1729767266000,15731845,147,4,POINT (-122.488267 37.765032),11/02/2024 08:47:21 PM,11/04/2024 09:42:39 AM,10,4,12,9,9
73350,Castro St&19TH St SE-NS/PS,CTRO19S1,CTRO19ST,4317,37.75916,-122.43478999999999,,19TH ST,CASTRO ST,NS,SE,,0,1729767266000,15729341,147,8,POINT (-122.43479 37.75916),11/02/2024 08:47:21 PM,11/04/2024 09:42:39 AM,3,5,5,115,115
74773,Polk St&Sacramento St NE-FS/BZ,POLKSAC1,POLKSACO,5999,37.791741,-122.420827,,SACRAMENTO ST,POLK ST,FS,NE,BZ,0,1729767266000,15736045,147,3,POINT (-122.420827 37.791741),11/02/2024 08:47:21 PM,11/04/2024 09:42:39 AM,4,3,21,105,105
72797,19th Ave&Eucalyptus Dr SW-FS-BB,19AVEUC0,19AVEUCA,3354,37.730813,-122.47501199999999,1,OCEAN AVE,19TH AVE,NS,NW,BZ,0,1729767266000,15728091,147,4,POINT (-122.475012 37.730813),11/02/2024 08:47:21 PM,11/04/2024 09:42:39 AM,10,8,16,41,41
74551,Geary St&Kearny St NW-FS/BB,GEARKRN0,GEARKRNY,4301,37.787997,-122.403656,1,KEARNY ST,GEARY ST,FS,NW,BZ,0,1729767266000,15737383,147,3,POINT (-122.403656 37.787997),11/02/2024 08:47:21 PM,11/04/2024 09:42:39 AM,6,3,8,19,19
75528,Ocean Ave&Persia Ave SE-FS/PS,OCENPER1,OCENPERS,5801,37.723819999999996,-122.43589,,PERSIA AVE,OCEAN AVE,FS,SE,,0,1729767266000,15735226,147,11,POINT (-122.43589 37.72382),11/02/2024 08:47:21 PM,11/04/2024 09:42:39 AM,9,1,28,80,80
73139,Geary Blvd&Divisadero St SW-NS/BB,GEARDIV1,GEARDIVI,4294,37.783178,-122.439572,1,DIVISADERO ST,GEARY BLVD,NS,SW,BZ,0,1729767266000,15729158,147,2,POINT (-122.439572 37.783178),11/02/2024 08:47:21 PM,11/04/2024 09:42:39 AM,8,11,39,13,13
74831,Turk St&Masonic Ave SW-NS/BZ,TURKMSI1,TURKMSIC,6725,37.778548,-122.447138,,MASONIC AVE,TURK BLVD,NS,SW,BZ,0,1729767266000,15734569,147,1,POINT (-122.447138 37.778548),11/02/2024 08:47:21 PM,11/04/2024 09:42:39 AM,7,4,18,12,12
75718,Rhode Island St&17th St NW-NS/PS,R IS17S0,R IS17ST,6191,37.76489,-122.40271,,17TH ST,RHODE ISLAND ST,NS,NW,,0,1729767266000,15733888,147,10,POINT (-122.40271 37.76489),11/02/2024 08:47:21 PM,11/04/2024 09:42:39 AM,1,9,4,54,54
74334,Ulloa St&Forest Side Ave NE-NS/PS,ULOAFRS0,ULOAFRSD,6736,37.741535,-122.46847,,FOREST SIDE AVE,ULLOA ST,NS,NE,,0,1729767266000,15737157,147,7,POINT (-122.46847 37.741535),11/02/2024 08:47:21 PM,11/04/2024 09:42:39 AM,10,8,41,46,46
73727,Innes Ave&Arelious Walker St W-NS//PS,INESARE0,INESFTCH,5100,37.730931999999996,-122.37403499999999,,FITCH ST,INNES AVE,NS,WE,,0,1729767266000,15730429,147,10,POINT (-122.374035 37.730932),11/02/2024 08:47:21 PM,11/04/2024 09:42:39 AM,2,9,1,78,78
72830,19th Ave&Rivera St SW-FS/BB,19AVRVR0,19AVRVRA,3389,37.746469999999995,-122.47601,1,RIVERA ST,19TH AVE,FS,SW,BZ,0,1729767266000,15728188,147,4,POINT (-122.47601 37.74647),11/02/2024 08:47:21 PM,11/04/2024 09:42:39 AM,10,7,35,40,40
73144,Geary St&Leavenworth St NW-FS/BB,GEARLEA0,GEARLEAV,4303,37.786556,-122.414971,1,LEAVENWORTH ST,GEARY ST,NS,NE,BZ,0,1729767266000,15729166,147,3,POINT (-122.414971 37.786556),11/02/2024 08:47:21 PM,11/04/2024 09:42:39 AM,6,10,36,50,50
74260,Cortland Ave&Ellsworth St NE-NS/PS,CORTEWT1,CORTEWTH,4151,37.73892,-122.41454999999999,,ELLSWORTH ST,CORTLAND AVE,NS,NE,,0,1729767266000,15732782,147,9,POINT (-122.41455 37.73892),11/02/2024 08:47:21 PM,11/04/2024 09:42:39 AM,9,2,2,83,83
73245,Connecticut St&26TH St NE-FS/SB,CONN26S1,CONN26ST,4129,37.751332,-122.39638,,26TH ST,CONNECTICUT ST,FS,NE,,0,1729767266000,15729044,147,10,POINT (-122.39638 37.751332),11/02/2024 08:47:21 PM,11/04/2024 09:42:39 AM,2,9,1,54,54
75909,22St & Illinois SW/-NS/PS,22STILLI,22STILLI,8133,37.757959,-122.387524,,ILLINOIS ST,22ND ST,NS,SW,PS,0,1729767266000,15739256,147,10,POINT (-122.387524 37.757959),11/02/2024 08:47:21 PM,11/04/2024 09:42:39 AM,2,9,26,55,55
73113,30th St&Church St NE-NS/BZ,30STCHU1,30STCHUR,3535,37.742159,-122.426369,,CHURCH ST,30TH ST,NS,NE,BZ,0,1729767266000,15728687,147,8,POINT (-122.426369 37.742159),11/02/2024 08:47:21 PM,11/04/2024 09:42:39 AM,9,5,22,84,84
74368,Pennsylvania AVE&25 ST NS NW,PENN25S0,,7524,37.752624,-122.392758,,I-280 S OFF RAMP,PENNSYLVANIA AVE,,,,0,1729767266000,15738740,147,10,POINT (-122.392758 37.752624),11/02/2024 08:47:21 PM,11/04/2024 09:42:39 AM,2,9,26,54,54
73148,Castro St&15TH St SE-NS/PS,CTRO15S1,CTRO15ST,4310,37.765609999999995,-122.43538,,15TH ST,CASTRO ST,NS,SE,,1,1729767266000,15729172,147,8,POINT (-122.43538 37.76561),11/02/2024 08:47:21 PM,11/04/2024 09:42:39 AM,7,5,5,28,28
73429,Eddy St&Fillmore St NE-NS/BZ,EDDYFIL0,EDDYFILL,4475,37.7815,-122.432236,,FILLMORE ST,EDDY ST,NS,NE,BZ,0,1729767266000,15729975,147,5,POINT (-122.432236 37.7815),11/02/2024 08:47:21 PM,11/04/2024 09:42:39 AM,4,11,39,97,97
75588,Turk St&Chabot Ter SE-FS/BZ,TURKCBO1,TURKCBOT,6715,37.778012,-122.451367,,CHABOT TER,TURK BLVD,FS,SE,BZ,1,1729767266000,15738382,147,1,POINT (-122.451367 37.778012),11/02/2024 08:47:21 PM,11/04/2024 09:42:39 AM,7,4,18,12,12
73432,Eddy St&Hyde St SE-FS/BZ,EDDYHYD1,EDDYHYDE,4479,37.783477999999995,-122.415718,,HYDE ST,EDDY ST,FS,SE,BZ,0,1729767266000,15729981,147,5,POINT (-122.415718 37.783478),11/02/2024 08:47:21 PM,11/04/2024 09:42:39 AM,5,10,36,20,20
75354,Cortland Ave&Bradford St N-MB/PS,CORTBRF1,CORTBRFD,4147,37.739791,-122.409746,,BRADFORD ST,CORTLAND AVE,MB,NO,,0,1729767266000,15736630,147,9,POINT (-122.409746 37.739791),11/02/2024 08:47:21 PM,11/04/2024 09:42:39 AM,9,2,2,83,83
73779,Lombard St&Laguna St NW-FS/SB,LOMBLGN1,LOMBLGNA,5280,37.800505,-122.431326,1,BUCHANAN ST,LOMBARD ST,NS,NE,,0,1729767266000,15731062,147,2,POINT (-122.431326 37.800505),11/02/2024 08:47:21 PM,11/04/2024 09:42:39 AM,4,6,13,17,17
75293,Persia Ave&Paris St W-NS/SB,PERSPAR0,PERSPARS,5919,37.722379,-122.434563,,PARIS ST,PERSIA AVE,NS,WE,,0,1729767266000,15733552,147,11,POINT (-122.434563 37.722379),11/02/2024 08:47:21 PM,11/04/2024 09:42:39 AM,9,1,7,90,90
73962,Lincoln Way&Great Hwy NE-NS/SB,LWAYGHW1,LWAYGHWY,5328,37.764131,-122.510052,,GREAT HWY,LINCOLN WY,NS,NE,,0,1729767266000,15731220,147,4,POINT (-122.510052 37.764131),11/02/2024 08:47:21 PM,11/04/2024 09:42:39 AM,8,4,12,9,9
73450,Geary St&Taylor St NW-FS/BZ,GEARTAY0,GEARTAYL,4767,37.786983,-122.411681,1,TAYLOR ST,GEARY ST,FS,NW,BZ,1,1729767266000,15730029,147,3,POINT (-122.411681 37.786983),11/02/2024 08:47:21 PM,11/04/2024 09:42:39 AM,6,3,36,50,50
73545,Evans Ave&Marin St W-FS/SB,EVANMAR0,EVANCHAV,4549,37.748289,-122.396714,,MARIN ST,EVANS AVE,FS,SW,BZ,0,1729767266000,15730195,147,10,POINT (-122.396714 37.748289),11/02/2024 08:47:21 PM,11/04/2024 09:42:39 AM,2,9,1,85,85
74223,Quintara St&28th Ave SW-NS/PS,QUIN28A1,QUIN28AV,6151,37.74816,-122.48586,,28TH AVE,QUINTARA ST,NS,SW,FL,0,1729767266000,15732662,147,4,POINT (-122.48586 37.74816),11/02/2024 08:47:21 PM,11/04/2024 09:42:39 AM,10,7,35,40,40
75881,Townsend & Lusk E-NS/BZ,TOWNLUS1,,8109,37.777875,-122.393908,,04TH ST,TOWNSEND ST,,,,0,1729767266000,15739166,147,6,POINT (-122.393908 37.777875),11/02/2024 08:47:21 PM,11/04/2024 09:42:39 AM,1,10,4,34,34
75320,Portola Dr&San Pablo Ave S-MI/BZ,PORTPAB1,PORTPABL,6117,37.74023,-122.46083,,SAN PABLO AVE,PORTOLA DR,MI,SO,BZ,0,1729767266000,15735087,147,7,POINT (-122.46083 37.74023),11/02/2024 08:47:21 PM,11/04/2024 09:42:39 AM,10,8,41,117,117
74345,Divisadero St&Sutter St NE-FS/BZ,DIVISUT1,DIVISUTT,4434,37.785337999999996,-122.439813,,SUTTER ST,DIVISADERO ST,FS,NE,BZ,0,1729767266000,15737202,147,2,POINT (-122.439813 37.785338),11/02/2024 08:47:21 PM,11/04/2024 09:42:39 AM,4,6,30,103,103
74710,Chestnut St&Gough St SW-NS/BZ,CHESGOU3,,7856,37.801825,-122.42810399999999,,GOUGH ST,CHESTNUT ST,,,,0,1729767266000,15739078,147,2,POINT (-122.428104 37.801825),11/02/2024 08:47:21 PM,11/04/2024 09:42:39 AM,4,6,13,17,17
73994,Mission St&Highland Ave NE-FS/BZ,MISSHIG1,MISSHIGH,5596,37.737448,-122.423963,,HIGHLAND AVE,MISSION ST,FS,NE,BZ,0,1729767266000,15731656,147,9,POINT (-122.423963 37.737448),11/02/2024 08:47:21 PM,11/04/2024 09:42:39 AM,9,2,2,61,61
73302,Geary Blvd&Divisadero St NE-NS/BB,GEARDIV0,GEARDIVI,4293,37.783428,-122.439366,1,DIVISADERO ST,GEARY BLVD,NS,NE,BB,0,1729767266000,15729599,147,5,POINT (-122.439366 37.783428),11/02/2024 08:47:21 PM,11/04/2024 09:42:39 AM,4,11,15,103,103
75168,Sloat Blvd&41st Ave S-FS/BZ,SLOA41A0,SLOA41AV,6447,37.73413,-122.498961,,41ST AVE,SLOAT BLVD,FS,SO,BZ,0,1729767266000,15738003,147,7,POINT (-122.498961 37.73413),11/02/2024 08:47:21 PM,11/04/2024 09:42:39 AM,10,8,16,43,43
73784,Lombard St&Pierce St NW-FS/BZ,LOMBPIE0,LOMBPIER,5285,37.799479999999996,-122.439559,1,PIERCE ST,LOMBARD ST,NS,NE,BZ,0,1729767266000,15731078,147,2,POINT (-122.439559 37.79948),11/02/2024 08:47:21 PM,11/04/2024 09:42:39 AM,4,6,13,17,17
74993,46th Ave&Ortega St SE-NS/SB,46AVORT1,46AVORTG,3589,37.751017,-122.505194,,ORTEGA ST,46TH AVE,NS,SE,,0,1729767266000,15737806,147,4,POINT (-122.505194 37.751017),11/02/2024 08:47:21 PM,11/04/2024 09:42:39 AM,10,7,35,39,39
75600,Palou Ave&Quint St W-NS/PS,PALUQUN0,PALUQUNT,5882,37.737216,-122.396722,,QUINT ST,PALOU AVE,NS,WE,,0,1729767266000,15733781,147,10,POINT (-122.396722 37.737216),11/02/2024 08:47:21 PM,11/04/2024 09:42:39 AM,2,9,1,87,87
75921,Mason St - Sports Basement NS NE/PS,SPRTBSMO,,8151,37.803678,-122.458867,,,,,,,0,1729767266000,15739282,147,2,POINT (-122.458867 37.803678),11/02/2024 08:47:21 PM,11/04/2024 09:42:39 AM,,6,27,3,3
75688,Rhode Island St&25th St NW-NS/SB,R IS25S0,R IS25ST,6199,37.75211,-122.401467,,25TH ST,RHODE ISLAND ST,NS,NW,,0,1729767266000,15738438,147,10,POINT (-122.401467 37.75211),11/02/2024 08:47:21 PM,11/04/2024 09:42:39 AM,2,9,26,54,54
75022,Great Hwy&Ocean Beach W-MB/SB,GHWYOBC0,GHWYOBCH,4780,37.76737,-122.510456,,,GREAT HWY,MB,WE,,0,1729767266000,15733240,147,4,POINT (-122.510456 37.76737),11/02/2024 08:47:21 PM,11/04/2024 09:42:39 AM,8,4,12,9,9
74680,Mission St&16th St SW-FS/BB,MISS16S0,MISS16ST,5552,37.764804,-122.419737,,16TH ST,MISSION ST,FS,SW,BB,1,1729767266000,15737477,147,9,POINT (-122.419737 37.764804),11/02/2024 08:47:21 PM,11/04/2024 09:42:39 AM,3,2,20,53,53
74555,Geary Blvd&33RD Ave SW-NS/BZ,GEAR33A1,GEAR33AV,4279,37.779574,-122.493399,1,33RD AVE,GEARY BLVD,NS,SW,BZ,0,1729767266000,15737389,147,1,POINT (-122.493399 37.779574),11/02/2024 08:47:21 PM,11/04/2024 09:42:39 AM,8,4,29,8,8
72823,25th Ave&El Camino Del Mar SW-FS/SB,25AVECD0,25AVECDM,3498,37.787366999999996,-122.485356,,EL CAMINO DEL MAR,25TH AVE,FS,SW,,0,1729767266000,15728163,147,1,POINT (-122.485356 37.787367),11/02/2024 08:47:21 PM,11/04/2024 09:42:39 AM,8,6,33,1,1
72833,46th Ave&Santiago St NW-NS/PS,46AVSNT0,46AVSNTG,3596,37.743736999999996,-122.504834,,SANTIAGO ST,46TH AVE,NS,NW,,1,1729767266000,15728200,147,4,POINT (-122.504834 37.743737),11/02/2024 08:47:21 PM,11/04/2024 09:42:39 AM,10,7,35,39,39
74815,Geary Blvd&Stanyan Blvd SW-NS/BZ,GEARSTA1,GEARSTAN,4764,37.781259999999996,-122.456434,1,STANYAN ST,GEARY BLVD,NS,SW,BZ,0,1729767266000,15733065,147,2,POINT (-122.456434 37.78126),11/02/2024 08:47:21 PM,11/04/2024 09:42:39 AM,8,4,18,12,12
74608,Rhode Island St&Alameda St NW-NS/SB,R ISALA0,R ISALAM,6201,37.76878,-122.40307,,ALAMEDA ST,RHODE ISLAND ST,NS,NW,,0,1729767266000,15734361,147,6,POINT (-122.40307 37.76878),11/02/2024 08:47:21 PM,11/04/2024 09:42:39 AM,1,9,4,33,33
72689,Broderick St&Jefferson St SE-NS/PS,BDRKJEF0,BDRKJEFF,3076,37.804342999999996,-122.44536,,JEFFERSON ST,BRODERICK ST,NS,SE,,0,1729767266000,15727359,147,2,POINT (-122.44536 37.804343),11/02/2024 08:47:21 PM,11/04/2024 09:42:39 AM,4,6,13,17,17
73548,Larkin St&Beach St SE-NS/SB,LARKBEC1,LARKBECH,4845,37.806348,-122.422083,,NORTH POINT ST,LARKIN ST,NS,SE,,0,1729767266000,15730206,147,2,POINT (-122.422083 37.806348),11/02/2024 08:47:21 PM,11/04/2024 09:42:39 AM,6,6,32,98,98
73163,Geary Blvd&28TH Ave SW-NS/BZ,GEAR28A1,GEAR28AV,4272,37.779862,-122.488046,1,28TH AVE,GEARY BLVD,NS,SW,BZ,0,1729767266000,15729203,147,1,POINT (-122.488046 37.779862),11/02/2024 08:47:21 PM,11/04/2024 09:42:39 AM,8,4,29,8,8
73886,Industrial St&Bayshore Blvd NE-NS,INDSBSH1,INDSBSHR,5092,37.738147999999995,-122.406539,,BAYSHORE BLVD,INDUSTRIAL ST,NS,NE,,0,1729767266000,15731409,147,10,POINT (-122.406539 37.738148),11/02/2024 08:47:21 PM,11/04/2024 09:42:39 AM,2,9,1,82,82
72686,South Van Ness Ave&Market St NS-S/SI,SOVNMRKT,,8088,37.7751,-122.41924,,MARKET ST,SOUTH VAN NESS AVE,,,,0,1729767266000,15727845,147,6,POINT (-122.41924 37.7751),11/02/2024 08:47:21 PM,11/04/2024 09:42:39 AM,1,10,20,32,32
75004,Rhode Island St&Southern Height NW,R ISSHG0,R ISSHGT,6204,37.758499,-122.40207,,SOUTHERN HEIGHTS AVE,RHODE ISLAND ST,NS,NW,,0,1729767266000,15733190,147,10,POINT (-122.40207 37.758499),11/02/2024 08:47:21 PM,11/04/2024 09:42:39 AM,2,9,26,54,54
73594,Fillmore St&Jackson St SW-FS/BZ,FILLJAC0,FILLJACK,4624,37.792386,-122.434607,,JACKSON ST,FILLMORE ST,FS,SW,BZ,0,1729767266000,15730281,147,2,POINT (-122.434607 37.792386),11/02/2024 08:47:21 PM,11/04/2024 09:42:39 AM,4,6,30,102,102
72822,25th Ave&Clement St NW-NS/BZ,25AVCLM0,25AVCLMT,3495,37.782146999999995,-122.48497499999999,,CLEMENT ST,25TH AVE,NS,NW,BZ,1,1729767266000,15728161,147,1,POINT (-122.484975 37.782147),11/02/2024 08:47:21 PM,11/04/2024 09:42:39 AM,8,4,29,8,8
73869,Lincoln Blvd&Pershing Dr SE-NS/SB,LINCPRS0,LINCPRSH,5269,37.792088,-122.480968,,PERSHING DR,LINCOLN BLVD,,,,0,1729767266000,15731340,147,2,POINT (-122.480968 37.792088),11/02/2024 08:47:21 PM,11/04/2024 09:42:39 AM,,6,27,3,3
72702,19th Ave&Ortega St NE-FS/BB,19AVORT1,19AVORTG,3379,37.75272,-122.47619,1,ORTEGA ST,19TH AVE,FS,NE,BZ,0,1729767266000,15727434,147,7,POINT (-122.47619 37.75272),11/02/2024 08:47:21 PM,11/04/2024 09:42:39 AM,10,8,14,44,44
72648,Balboa St&6TH Ave NW-FS/BZ,BBOA 6A0,BBOA 6AV,3034,37.777288999999996,-122.464158,,6TH AVE,BALBOA ST,FS,NW,BZ,1,1729767266000,15727766,147,1,POINT (-122.464158 37.777289),11/02/2024 08:47:21 PM,11/04/2024 09:42:39 AM,8,4,11,5,5
74077,Ocean Ave&Balboa Park BART S-MB/BZ,OCENBAR1,OCENBART,5781,37.722941999999996,-122.447493,,I-280 N ON RAMP,OCEAN AVE,MB,SO,BZ,0,1729767266000,15731965,147,11,POINT (-122.447493 37.722942),11/02/2024 08:47:21 PM,11/04/2024 09:42:39 AM,9,1,28,94,94
74868,Point Lobos Ave&46th Ave NW-FS/PS,PTLO46A0,PTLO46AV,6129,37.780041,-122.50744,1,46TH AVE,POINT LOBOS AVE,FS,NW,,0,1729767266000,15736110,147,1,POINT (-122.50744 37.780041),11/02/2024 08:47:21 PM,11/04/2024 09:42:39 AM,8,4,29,6,6
74242,24th St&Bryant St NW-FS/BZ,24STBRY0,24STBRYT,3458,37.752853,-122.40928099999999,,BRYANT ST,24TH ST,FS,NW,BZ,1,1729767266000,15732727,147,9,POINT (-122.409281 37.752853),11/02/2024 08:47:21 PM,11/04/2024 09:42:39 AM,3,2,20,53,53
73426,Eddy St&Buchanan St NE-NS/BZ,EDDYBUC0,EDDYBUCH,4472,37.781918999999995,-122.428946,,BUCHANAN ST,EDDY ST,NS,NE,BZ,0,1729767266000,15729968,147,5,POINT (-122.428946 37.781919),11/02/2024 08:47:21 PM,11/04/2024 09:42:39 AM,4,11,39,97,97
75259,Quintara St&31st Ave NE-NS,QUIN31A0,QUIN31AV,6154,37.74814,-122.48881,,31ST AVE,QUINTARA ST,NS,NE,,0,1729767266000,15738104,147,4,POINT (-122.48881 37.74814),11/02/2024 08:47:21 PM,11/04/2024 09:42:39 AM,10,7,35,39,39
74070,Market St&1st St S-NS/BZ,MRKT.1S1,MRKT.1ST,5638,37.790485,-122.399723,1,BATTERY ST,MARKET ST,NS,SO,BZ,0,1729767266000,15731866,147,6,POINT (-122.399723 37.790485),11/02/2024 08:47:21 PM,11/04/2024 09:42:39 AM,6,10,8,108,108
74577,Geary Blvd & Fillmore St SE-MB/BZ,GEARFLM1,,7954,37.784382,-122.432052,1,FILLMORE ST,GEARY BLVD,,,,0,1729767266000,15738946,147,5,POINT (-122.432052 37.784382),11/02/2024 08:47:21 PM,11/04/2024 09:42:39 AM,4,11,39,101,101
74744,Van Ness Ave& Clay St NS-S/SI,V N CLA3,,8093,37.792134,-122.422661,,CLAY ST,VAN NESS AVE,,,,0,1729767266000,15734484,147,3,POINT (-122.422661 37.792134),11/02/2024 08:47:21 PM,11/04/2024 09:42:39 AM,4,3,21,105,105
74499,46th Ave&Ulloa St NW-NS/PS,46AVULO0,46AVULOA,3600,37.739998,-122.504579,1,ULLOA ST,46TH AVE,NS,NW,,1,1729767266000,15734306,147,4,POINT (-122.504579 37.739998),11/02/2024 08:47:21 PM,11/04/2024 09:42:39 AM,10,7,35,39,39
75571,Sunset Blvd&Ortega St SW-FS/SB,SUNSORT0,SUNSORTG,6544,37.751307,-122.495169,,ORTEGA ST,SUNSET BLVD,FS,SW,,0,1729767266000,15738328,147,4,POINT (-122.495169 37.751307),11/02/2024 08:47:21 PM,11/04/2024 09:42:39 AM,10,7,35,39,39
75010,Innes Ave&Griffith St E-NS/PS,INESGRI1,INESGRIF,5101,37.732003999999996,-122.375614,,GRIFFITH ST,INNES AVE,NS,EA,,0,1729767266000,15733207,147,10,POINT (-122.375614 37.732004),11/02/2024 08:47:21 PM,11/04/2024 09:42:39 AM,2,9,1,76,76
72643,4th St&Mission St OB S-FS/BZ,.4STMIS0,.4STMISS,3160,37.784259,-122.404117,,MISSION ST,4TH ST,FS,SO,BZ,0,1729767266000,15727755,147,6,POINT (-122.404117 37.784259),11/02/2024 08:47:21 PM,11/04/2024 09:42:39 AM,1,10,34,32,32
74138,O'Farrell St&Leavenworth St SE-NS,OFARLEA1,OFARLEAV,5814,37.785537999999995,-122.414445,1,LEAVENWORTH ST,OFARRELL ST,FS,SE,BZ,1,1729767266000,15732282,147,5,POINT (-122.414445 37.785538),11/02/2024 08:47:21 PM,11/04/2024 09:42:39 AM,5,10,36,20,20
75288,Polk St&Washington St NE-FS/BZ,POLKWAS1,POLKWASH,6006,37.793499,-122.421193,,WASHINGTON ST,POLK ST,FS,NE,BZ,0,1729767266000,15733539,147,3,POINT (-122.421193 37.793499),11/02/2024 08:47:21 PM,11/04/2024 09:42:39 AM,4,3,32,105,105
73402,Divisadero St&Francisco St NW-NS/PS,DIVIFNC0,DIVIFNCO,4418,37.80097,-122.443136,,FRANCISCO ST,DIVISADERO ST,NS,NW,,0,1729767266000,15729476,147,2,POINT (-122.443136 37.80097),11/02/2024 08:47:21 PM,11/04/2024 09:42:39 AM,4,6,13,17,17
72849,8th St&Harrison St S-FS/BI,.8STHAR0,8STHARR,3206,37.773536,-122.408376,,HARRISON ST,8TH ST,FS,SO,BZ,0,1729767266000,15727857,147,6,POINT (-122.408376 37.773536),11/02/2024 08:47:21 PM,11/04/2024 09:42:39 AM,1,10,34,32,32
74271,17th Ave&Quintara St SE-NS/PS,17AVQUIN,,7572,37.748591999999995,-122.473834,,QUINTARA ST,17TH AVE,,,,0,1729767266000,15738659,147,7,POINT (-122.473834 37.748592),11/02/2024 08:47:21 PM,11/04/2024 09:42:39 AM,10,8,41,44,44
74638,30th St&Church St SE-FS/PS,30STCHU0,30STCHUR,3536,37.742039999999996,-122.42676,,CHURCH ST,30TH ST,FS,SE,,0,1729767266000,15735894,147,8,POINT (-122.42676 37.74204),11/02/2024 08:47:21 PM,11/04/2024 09:42:39 AM,9,5,10,59,59
73060,Cortland Ave&Ellsworth St SW-NS/BZ,CORTEWT0,CORTEWTH,4152,37.738828999999996,-122.414615,,ELLSWORTH ST,CORTLAND AVE,NS,SW,BZ,0,1729767266000,15728869,147,9,POINT (-122.414615 37.738829),11/02/2024 08:47:21 PM,11/04/2024 09:42:39 AM,9,2,2,83,83
75247,Balboa St&19TH Ave NE-NS/BZ,BBOA19A0,BBOA19AV,3045,37.776662,-122.477912,,19TH AVE,BALBOA ST,NS,NE,BZ,1,1729767266000,15738046,147,1,POINT (-122.477912 37.776662),11/02/2024 08:47:21 PM,11/04/2024 09:42:39 AM,8,4,29,5,5
75595,Portola Dr&Glenview Dr NW-FS/SB,PORTGLV0,PORTGLVW,6015,37.746462,-122.447917,1,GLENVIEW DR,PORTOLA DR,FS,NW,FL,0,1729767266000,15738396,147,8,POINT (-122.447917 37.746462),11/02/2024 08:47:21 PM,11/04/2024 09:42:39 AM,9,5,10,48,48
74344,Divisadero St&McAllister St NE-FS,DIVIMCA1,DIVIMCAL,4428,37.77786,-122.43830000000001,,MCALLISTER ST,DIVISADERO ST,FS,NE,BZ,0,1729767266000,15737201,147,5,POINT (-122.4383 37.77786),11/02/2024 08:47:21 PM,11/04/2024 09:42:39 AM,4,11,39,97,97
72653,Balboa St&12TH Ave NE-NS/PS,BBOA12A0,BBOA12AV,3040,37.777001999999996,-122.470313,,12TH AVE,BALBOA ST,NS,NE,,0,1729767266000,15727776,147,1,POINT (-122.470313 37.777002),11/02/2024 08:47:21 PM,11/04/2024 09:42:39 AM,8,4,11,5,5
73392,Executive Park W-MB/SB,EXECPAR1,EXECPARK,4575,37.709831,-122.392893,,,THOMAS MELLON CIR,MB,WE,,0,1729767266000,15729462,147,10,POINT (-122.392893 37.709831),11/02/2024 08:47:21 PM,11/04/2024 09:42:39 AM,2,9,1,79,79
73329,Eddy St&Polk St SE-FS/BZ,EDDYPOL1,EDDYPOLK,4490,37.783059,-122.41901899999999,,POLK ST,EDDY ST,FS,SE,BZ,1,1729767266000,15729674,147,5,POINT (-122.419019 37.783059),11/02/2024 08:47:21 PM,11/04/2024 09:42:39 AM,5,10,36,20,20
73325,Eddy St&Laguna St NE-NS/BZ,EDDYLGN0,EDDYLGNA,4484,37.782133,-122.427296,,LAGUNA ST,EDDY ST,NS,NE,BZ,1,1729767266000,15729665,147,2,POINT (-122.427296 37.782133),11/02/2024 08:47:21 PM,11/04/2024 09:42:39 AM,4,11,39,100,100
73107,30th Ave&Rivera St SE-NS/PS,30AVRVR1,30AVRVRA,3529,37.746159999999996,-122.48767,,RIVERA ST,30TH AVE,NS,SE,FL,0,1729767266000,15728681,147,4,POINT (-122.48767 37.74616),11/02/2024 08:47:21 PM,11/04/2024 09:42:39 AM,10,7,35,40,40
73806,Cortland Ave&Bayshore Blvd SW-NS/BZ,CORTBSHR,,8081,37.739684,-122.407769,,HILTON ST,CORTLAND AVE,,,,0,1729767266000,15731119,147,9,POINT (-122.407769 37.739684),11/02/2024 08:47:21 PM,11/04/2024 09:42:39 AM,2,2,2,82,82
72716,24th St&Bryant St SE-FS/BZ,24STBRY1,24STBRYT,3459,37.752755,-122.408971,,BRYANT ST,24TH ST,FS,SE,BZ,1,1729767266000,15727498,147,9,POINT (-122.408971 37.752755),11/02/2024 08:47:21 PM,11/04/2024 09:42:39 AM,3,2,20,53,53
73377,Geary Blvd&9TH Ave NW-FS/BZ,GEAR 9A0,GEAR 9AV,4259,37.780982,-122.467644,1,10TH AVE,GEARY BLVD,FS,NW,BZ,0,1729767266000,15729443,147,1,POINT (-122.467644 37.780982),11/02/2024 08:47:21 PM,11/04/2024 09:42:39 AM,8,4,11,5,5
75115,Sunset Blvd&Taraval St NW-NS/SB,SUNSTAR0,SUNSTARA,6555,37.742349,-122.494545,,TARAVAL ST,SUNSET BLVD,NS,NW,,1,1729767266000,15734884,147,4,POINT (-122.494545 37.742349),11/02/2024 08:47:21 PM,11/04/2024 09:42:39 AM,10,7,35,39,39
74374,8th St&Howard St S-FS/BZ,.8STHWRD,8STHWRD,7677,37.776133,-122.411606,,,8 TH ST,FS,SO,BZ,0,1729767266000,15738756,147,6,POINT (-122.411606 37.776133),11/02/2024 08:47:21 PM,11/04/2024 09:42:39 AM,1,10,34,32,32
75078,Persia Ave&Paris St E-NS/SB,PERSPAR1,PERSPARS,5918,37.722406,-122.434276,,LISBON ST,PERSIA AVE,NS,EA,,0,1729767266000,15736347,147,11,POINT (-122.434276 37.722406),11/02/2024 08:47:21 PM,11/04/2024 09:42:39 AM,9,1,7,90,90
74705,Clipper St&Grand View Ave N-NS/PS,CLIPGRV0,,8067,37.748291,-122.442452,,CLIPPER TER,CLIPPER ST,NS,NO,,0,1729767266000,15739061,147,8,POINT (-122.442452 37.748291),11/02/2024 08:47:21 PM,11/04/2024 09:42:39 AM,3,5,22,51,51
75230,Turk St&Central Ave SW-NS/SB,TURKCEN1,TURKCENT,6717,37.778762,-122.445441,,CENTRAL AVE,TURK BLVD,NS,SW,,0,1729767266000,15736488,147,2,POINT (-122.445441 37.778762),11/02/2024 08:47:21 PM,11/04/2024 09:42:39 AM,7,11,18,97,97
74221,Quintara St&26th Ave SE-FS/PS,QUIN26A1,QUIN26AV,6147,37.748277,-122.483469,,26TH AVE,QUINTARA ST,FS,SE,FL,0,1729767266000,15732656,147,4,POINT (-122.483469 37.748277),11/02/2024 08:47:21 PM,11/04/2024 09:42:39 AM,10,7,35,40,40
75223,Paul Ave&Crane St NE-NS/PS,PAULCRA1,PAULCRAN,5901,37.723289,-122.39908,,CRANE ST,PAUL AVE,NS,NE,,0,1729767266000,15736473,147,10,POINT (-122.39908 37.723289),11/02/2024 08:47:21 PM,11/04/2024 09:42:39 AM,2,9,1,86,86
75364,Divisadero St&Oak St NE-FS/BZ,DIVIOAK1,DIVIOAK,4431,37.773185,-122.43735,,OAK ST,DIVISADERO ST,FS,NE,BZ,0,1729767266000,15736652,147,5,POINT (-122.43735 37.773185),11/02/2024 08:47:21 PM,11/04/2024 09:42:39 AM,4,11,9,26,26
73845,Holloway Ave&Beverly St SW-NS/SB,HOLLBEV0,HOLLBEVR,5034,37.72161,-122.471797,,BEVERLY ST,HOLLOWAY AVE,NS,SW,,0,1729767266000,15730876,147,11,POINT (-122.471797 37.72161),11/02/2024 08:47:21 PM,11/04/2024 09:42:39 AM,10,1,24,64,64
72854,9th Ave&Judah St SW-FS/BZ,.9AVJUD0,.9AVJUDA,3215,37.76204,-122.466241,,JUDAH ST,9TH AVE,FS,SW,BZ,0,1729767266000,15727870,147,7,POINT (-122.466241 37.76204),11/02/2024 08:47:21 PM,11/04/2024 09:42:39 AM,10,8,14,109,109
73155,Geary Blvd&17TH Ave SE-FS/BZ,GEAR17A1,GEAR17AV,4264,37.780463,-122.475977,1,17TH AVE,GEARY BLVD,NS,SW,BZ,0,1729767266000,15729181,147,1,POINT (-122.475977 37.780463),11/02/2024 08:47:21 PM,11/04/2024 09:42:39 AM,8,4,29,5,5
74004,Mission St&22nd St NE-FS/BB,MISS22S1,MISS22ST,5561,37.75582,-122.41871,,22ND ST,MISSION ST,FS,NE,BB,0,1729767266000,15731685,147,9,POINT (-122.41871 37.75582),11/02/2024 08:47:21 PM,11/04/2024 09:42:39 AM,3,2,20,53,53
75355,Castro St&16TH St NE-FS/BZ,CTRO16S1,CTRO16ST,4311,37.764164,-122.435254,,16TH ST,CASTRO ST,FS,NE,BZ,0,1729767266000,15736631,147,8,POINT (-122.435254 37.764164),11/02/2024 08:47:21 PM,11/04/2024 09:42:39 AM,7,5,5,28,28
74214,Quintara St&19th Ave NE-NS/PS,QUIN19A0,QUIN19AV,6140,37.748709999999996,-122.47584,,19TH AVE,QUINTARA ST,NS,NE,,0,1729767266000,15732633,147,7,POINT (-122.47584 37.74871),11/02/2024 08:47:21 PM,11/04/2024 09:42:39 AM,10,8,14,44,44
72960,33rd Ave&Balboa St NW-NS/BZ,33AVBBO0,33AVBBOA,3554,37.775997,-122.493133,1,BALBOA ST,33RD AVE,NS,NW,BZ,0,1729767266000,15728249,147,1,POINT (-122.493133 37.775997),11/02/2024 08:47:21 PM,11/04/2024 09:42:39 AM,8,4,29,8,8
73953,Jackson St&Steiner St SW-NS/BZ,JACKSTE1,JACKSTEI,5163,37.792201,-122.43632,,STEINER ST,JACKSON ST,NS,SW,BZ,0,1729767266000,15731196,147,2,POINT (-122.43632 37.792201),11/02/2024 08:47:21 PM,11/04/2024 09:42:39 AM,4,6,30,102,102
74814,Geary St&Powell St NW-FS/BZ,GEARPOW0,GEARPOWL,4757,37.787400999999996,-122.408391,1,POWELL ST,GEARY ST,FS,NW,BZ,0,1729767266000,15733063,147,3,POINT (-122.408391 37.787401),11/02/2024 08:47:21 PM,11/04/2024 09:42:39 AM,6,3,36,19,19
73873,Noe St&27th St NW-NS/PS,NOE 27S0,NOE 27ST,5732,37.74668,-122.43148,,27TH ST,NOE ST,NS,NW,,0,1729767266000,15731384,147,8,POINT (-122.43148 37.74668),11/02/2024 08:47:21 PM,11/04/2024 09:42:39 AM,9,5,22,84,84
73768,Legion of Honor SW-FS/SB,LHONWES0,LHONWEST,4874,37.78498,-122.49969,,EL CAMINO DEL MAR,LEGION OF HONOR DR,FS,SW,,0,1729767266000,15731001,147,1,POINT (-122.49969 37.78498),11/02/2024 08:47:21 PM,11/04/2024 09:42:39 AM,8,4,17,7,7
75463,Legion of Honor Dr&Clement St NW-NS,LHONCLM0,LHONCLMT,5261,37.781653,-122.494615,,CLEMENT ST,LEGION OF HONOR DR,NS,NW,,0,1729767266000,15736690,147,1,POINT (-122.494615 37.781653),11/02/2024 08:47:21 PM,11/04/2024 09:42:39 AM,8,4,17,8,8
75253,Persia Ave&Moscow St E-NS/PS,PERSMSC1,PERSMSCW,5914,37.719727999999996,-122.428676,,MOSCOW ST,PERSIA AVE,NS,EA,FL,0,1729767266000,15738062,147,11,POINT (-122.428676 37.719728),11/02/2024 08:47:21 PM,11/04/2024 09:42:39 AM,9,1,7,90,90
73774,Kansas St&25th St SE-NS/PS,KANS25S1,KANS25ST,5228,37.751886999999996,-122.40222299999999,,25TH ST,KANSAS ST,NS,SE,,0,1729767266000,15731039,147,10,POINT (-122.402223 37.751887),11/02/2024 08:47:21 PM,11/04/2024 09:42:39 AM,2,9,26,54,54
72778,Van Ness Ave&McAllister St NS-S/SI,V N MCA3,,8089,37.780035,-122.42022399999999,,MCALLISTER ST,VAN NESS AVE,,,,0,1729767266000,15728053,147,5,POINT (-122.420224 37.780035),11/02/2024 08:47:21 PM,11/04/2024 09:42:39 AM,4,10,36,21,21
75241,Portola Dr&O'Shaughnessy W-NS/BZ,PORTTER1,PORTTERE,6121,37.74532,-122.45190000000001,1,TERESITA BLVD,PORTOLA DR,FS,EA,,0,1729767266000,15736544,147,7,POINT (-122.4519 37.74532),11/02/2024 08:47:21 PM,11/04/2024 09:42:39 AM,9,8,41,72,72
75765,Sunset Blvd&Noriega St NW-NS/SB,SUNSNOR0,SUNSNORI,6539,37.753538,-122.495319,,NORIEGA ST,SUNSET BLVD,NS,NW,,1,1729767266000,15735487,147,4,POINT (-122.495319 37.753538),11/02/2024 08:47:21 PM,11/04/2024 09:42:39 AM,10,7,35,39,39
72755,Balboa St&28TH Ave NE-NS/BZ,BBOA28A0,BBOA28AV,3053,37.776222,-122.487551,,28TH AVE,BALBOA ST,NS,NE,BZ,1,1729767266000,15727693,147,1,POINT (-122.487551 37.776222),11/02/2024 08:47:21 PM,11/04/2024 09:42:39 AM,8,4,29,8,8
75799,Wilde Ave&Delta St E-NS/PS,WILDDLT0,WILDDLTA,6945,37.717819999999996,-122.40718,,DELTA ST,WILDE AVE,NS,EA,,0,1729767266000,15738545,147,10,POINT (-122.40718 37.71782),11/02/2024 08:47:21 PM,11/04/2024 09:42:39 AM,9,9,40,75,75
74738,Quintara St&31st Ave SW-NS,QUIN31A1,QUIN31AV,6155,37.748000000000005,-122.48904999999999,,31ST AVE,QUINTARA ST,NS,SW,,0,1729767266000,15734473,147,4,POINT (-122.48905 37.748),11/02/2024 08:47:21 PM,11/04/2024 09:42:39 AM,10,7,35,40,40
74137,O'Farrell St&Larkin St SE-FS/BZ,OFARLAR1,OFARLARK,5813,37.785137999999996,-122.41770000000001,1,LARKIN ST,OFARRELL ST,FS,SE,BZ,0,1729767266000,15732281,147,5,POINT (-122.4177 37.785138),11/02/2024 08:47:21 PM,11/04/2024 09:42:39 AM,5,10,36,20,20
73496,Castro St&21ST St E-MI/SB,CTRO21S1,CTRO21ST,4320,37.755955,-122.434465,,21ST ST,CASTRO ST,MI,EA,,0,1729767266000,15729755,147,8,POINT (-122.434465 37.755955),11/02/2024 08:47:21 PM,11/04/2024 09:42:39 AM,3,5,22,115,115
72801,46th Ave&Judah St SE-NS/PS,46AVJUD1,46AVJUDA,3577,37.760394999999995,-122.505901,,JUDAH ST,46TH AVE,NS,SE,,1,1729767266000,15728119,147,4,POINT (-122.505901 37.760395),11/02/2024 08:47:21 PM,11/04/2024 09:42:39 AM,10,7,35,39,39
74174,Geary Blvd&32ND Ave SE-FS/BZ,GEAR32A1,GEAR32AV,4275,37.779629,-122.491714,1,32ND AVE,GEARY BLVD,FS,SE,BZ,1,1729767266000,15732863,147,1,POINT (-122.491714 37.779629),11/02/2024 08:47:21 PM,11/04/2024 09:42:39 AM,8,4,29,8,8
75538,North Point St&Polk St NW-FS/BZ,N.PTPOL0,N.PTPOLK,5468,37.805313,-122.423987,1,POLK ST,NORTH POINT ST,FS,NW,BZ,0,1729767266000,15735270,147,2,POINT (-122.423987 37.805313),11/02/2024 08:47:21 PM,11/04/2024 09:42:39 AM,6,6,32,98,98
72796,19th Ave&Buckingham Way NW-NS/BZ,19AVBUC1,19AVBUCK,3352,37.725901,-122.475235,,WINSTON DR,19TH AVE,NS,NW,BZ,0,1729767266000,15728087,147,7,POINT (-122.475235 37.725901),11/02/2024 08:47:21 PM,11/04/2024 09:42:39 AM,10,8,16,41,41
73525,Lawton St&Funston Ave NE-NS/PS,LAWTFUN0,LAWTFUNS,4858,37.7583,-122.47008,,FUNSTON AVE,LAWTON ST,NS,NE,FL,0,1729767266000,15729821,147,7,POINT (-122.47008 37.7583),11/02/2024 08:47:21 PM,11/04/2024 09:42:39 AM,10,8,14,109,109
72961,33rd Ave&Clement St SE-NS/BZ,33AVCLM1,33AVCLMT,3555,37.781537,-122.493354,1,CLEMENT ST,33RD AVE,NS,SE,BZ,0,1729767266000,15728251,147,1,POINT (-122.493354 37.781537),11/02/2024 08:47:21 PM,11/04/2024 09:42:39 AM,8,4,29,8,8
73327,Eddy St&Pierce St SW-NS/BZ,EDDYPIE1,EDDYPIER,4488,37.780929,-122.435709,,PIERCE ST,EDDY ST,NS,SW,BZ,1,1729767266000,15729670,147,5,POINT (-122.435709 37.780929),11/02/2024 08:47:21 PM,11/04/2024 09:42:39 AM,4,11,39,97,97
72963,33rd Ave&Geary Blvd SW-FS/BZ,33AVGEAR,33AVGEAR,3560,37.779565999999996,-122.493376,1,GEARY BLVD,33RD AVE,FS,SW,BZ,0,1729767266000,15728259,147,1,POINT (-122.493376 37.779566),11/02/2024 08:47:21 PM,11/04/2024 09:42:39 AM,8,4,29,8,8
75013,Holloway Ave&Junipero Serra NW-FS,HOLLJ S1,HOLLJ S,5036,37.721592,-122.472954,,JUNIPERO SERRA BLVD,HOLLOWAY AVE,FS,NW,,0,1729767266000,15733214,147,7,POINT (-122.472954 37.721592),11/02/2024 08:47:21 PM,11/04/2024 09:42:39 AM,10,8,41,41,41
75715,Rhode Island St&15th St SE-NS/SB,R IS15S1,R IS15ST,6188,37.76725,-122.40272999999999,,15TH ST,RHODE ISLAND ST,NS,SE,,1,1729767266000,15733882,147,6,POINT (-122.40273 37.76725),11/02/2024 08:47:21 PM,11/04/2024 09:42:39 AM,1,9,4,33,33
73449,Geary St&Stockton St NE-NS/BB,GEARSTO0,GEARSTOK,4766,37.787633,-122.406568,1,STOCKTON ST,GEARY ST,NS,NE,BB,0,1729767266000,15730027,147,3,POINT (-122.406568 37.787633),11/02/2024 08:47:21 PM,11/04/2024 09:42:39 AM,6,3,8,19,19
74599,Mission St&Power St NE-FS/BZ,MISSPOWR,,7841,37.746245,-122.419401,,PRECITA AVE,MISSION ST,,,,0,1729767266000,15739005,147,9,POINT (-122.419401 37.746245),11/02/2024 08:47:21 PM,11/04/2024 09:42:39 AM,9,2,2,83,83
73034,Chestnut St&Laguna St SW-NS/BZ,CHESLGN1,CHESLGNA,3948,37.80137,-122.431406,,LAGUNA ST,CHESTNUT ST,NS,SW,BZ,0,1729767266000,15728778,147,2,POINT (-122.431406 37.80137),11/02/2024 08:47:21 PM,11/04/2024 09:42:39 AM,4,6,13,17,17
74567,Castro St&Market St SW-FS/BB,CTROMRK0,CTROMRKT,4334,37.762397,-122.435266,,18TH ST,CASTRO ST,FS,SW,BB,0,1729767266000,15737423,147,8,POINT (-122.435266 37.762397),11/02/2024 08:47:21 PM,11/04/2024 09:42:39 AM,3,5,5,38,38
75358,Columbus Ave&Filbert St W-NS/BZ,COLMFIL1,COLMFILB,4105,37.801187999999996,-122.411605,,FILBERT ST,COLUMBUS AVE,NS,WE,BZ,0,1729767266000,15736635,147,3,POINT (-122.411605 37.801188),11/02/2024 08:47:21 PM,11/04/2024 09:42:39 AM,6,3,6,107,107
74595,Ulloa St&West Portal Ave SE-FS/BZ,ULOAW.P1,,7976,37.740733,-122.46564000000001,1,,ULLOA ST,,,,0,1729767266000,15738989,147,7,POINT (-122.46564 37.740733),11/02/2024 08:47:21 PM,11/04/2024 09:42:39 AM,10,8,41,46,46
73328,Eddy St&Polk St NE-NS/SB,EDDYPOL0,EDDYPOLK,4489,37.783184,-122.41904199999999,,POLK ST,EDDY ST,NS,NE,,1,1729767266000,15729672,147,5,POINT (-122.419042 37.783184),11/02/2024 08:47:21 PM,11/04/2024 09:42:39 AM,5,10,36,20,20
74570,Clipper St&Douglass St. NS SW/SB,CLIPDOU1,,8035,37.748621,-122.438373,,DOUGLASS ST,CLIPPER ST,,,,0,1729767266000,15738932,147,8,POINT (-122.438373 37.748621),11/02/2024 08:47:21 PM,11/04/2024 09:42:39 AM,3,5,22,57,57
74180,Eddy St&Jones St SE-FS/BZ,EDDYJON1,EDDYJONE,4480,37.783878,-122.412428,,TAYLOR ST,EDDY ST,FS,SE,BZ,0,1729767266000,15732885,147,5,POINT (-122.412428 37.783878),11/02/2024 08:47:21 PM,11/04/2024 09:42:39 AM,5,10,36,20,20
74723,Van Ness Ave&Eddy St NS-N/SI,V N EDD2,,8103,37.782917,-122.42086499999999,,EDDY ST,VAN NESS AVE,,,,0,1729767266000,15739121,147,5,POINT (-122.420865 37.782917),11/02/2024 08:47:21 PM,11/04/2024 09:42:39 AM,4,11,39,100,100
74833,7th St&Bryant St N-FS/BB,.7STBRY0,7STBRYT,6999,37.774587,-122.405005,,BRYANT ST,7TH ST,NS,EA,,0,1729767266000,15734573,147,6,POINT (-122.405005 37.774587),11/02/2024 08:47:21 PM,11/04/2024 09:42:39 AM,1,10,34,32,32
75454,Ocean Ave&Lee St NE-NS/SI,OCENLEE1,OCENLEE,5794,37.723459,-122.453999,1,LEE AVE,OCEAN AVE,NS,NE,SI,0,1729767266000,15735178,147,11,POINT (-122.453999 37.723459),11/02/2024 08:47:21 PM,11/04/2024 09:42:39 AM,10,8,41,71,71
74721,Van Ness Ave&Sutter St NS-N/SI,V N SUT2,,8101,37.787574,-122.42178,,SUTTER ST,VAN NESS AVE,,,,0,1729767266000,15739117,147,3,POINT (-122.42178 37.787574),11/02/2024 08:47:21 PM,11/04/2024 09:42:39 AM,4,6,21,100,100
75356,Geary Blvd&30TH Ave SW-NS/BZ,GEAR30A1,GEAR30AV,4274,37.779727,-122.49019,1,30TH AVE,GEARY BLVD,NS,SW,BZ,0,1729767266000,15736632,147,1,POINT (-122.49019 37.779727),11/02/2024 08:47:21 PM,11/04/2024 09:42:39 AM,8,4,29,8,8
75719,Rhode Island St&19th St NW-MI/SB,R IS19S0,R IS19ST,6193,37.76088,-122.40233,,19TH ST,RHODE ISLAND ST,MI,NW,,0,1729767266000,15733889,147,10,POINT (-122.40233 37.76088),11/02/2024 08:47:21 PM,11/04/2024 09:42:39 AM,2,9,26,54,54
75041,Rutland St&Leland Ave S-NS/PS,RUTLLEL1,RUTLLELD,6243,37.712451,-122.407389,,LELAND AVE,RUTLAND ST,NS,SE,,0,1729767266000,15734739,147,10,POINT (-122.407389 37.712451),11/02/2024 08:47:21 PM,11/04/2024 09:42:39 AM,9,9,40,75,75
75593,Portola Dr&Del Sur Ave S-NS/BZ,PORTDLS1,PORTDLSR,6013,37.741974,-122.455776,,DEL SUR AVE,PORTOLA DR,NS,SO,BZ,0,1729767266000,15738391,147,7,POINT (-122.455776 37.741974),11/02/2024 08:47:21 PM,11/04/2024 09:42:39 AM,9,8,41,72,72
74343,Divisadero St&Geary Blvd SW-FS/BZ,DIVIGEA0,DIVIGEAR,4422,37.783159999999995,-122.439526,,GEARY BLVD,DIVISADERO ST,FS,SW,BZ,0,1729767266000,15737200,147,2,POINT (-122.439526 37.78316),11/02/2024 08:47:21 PM,11/04/2024 09:42:39 AM,4,11,39,13,13
75343,Wilde Ave&Girard St NW-FS/BZ,WILDGIR1,WILDGIRD,6946,37.716615,-122.400252,,WILDE AVE,GIRARD ST,FS,NW,,0,1729767266000,15736602,147,10,POINT (-122.400252 37.716615),11/02/2024 08:47:21 PM,11/04/2024 09:42:39 AM,9,9,40,91,91
75159,Quintara St&29th Ave NE-NS/PS,QUIN29A0,QUIN29AV,6152,37.748219999999996,-122.48666,,29TH AVE,QUINTARA ST,NS,NE,FL,0,1729767266000,15737979,147,4,POINT (-122.48666 37.74822),11/02/2024 08:47:21 PM,11/04/2024 09:42:39 AM,10,7,35,39,39
72756,Balboa St&30TH Ave SW-NS/SB,BBOA30A1,BBOA30AV,3056,37.775988999999996,-122.489912,,30TH AVE,BALBOA ST,NS,SW,,0,1729767266000,15727695,147,1,POINT (-122.489912 37.775989),11/02/2024 08:47:21 PM,11/04/2024 09:42:39 AM,8,4,29,8,8
73878,Noe St&30th St NW-NS/PS,NOE 30S0,NOE 30ST,5738,37.74201,-122.43101,,30TH ST,NOE ST,NS,NW,,1,1729767266000,15731389,147,8,POINT (-122.43101 37.74201),11/02/2024 08:47:21 PM,11/04/2024 09:42:39 AM,9,5,22,84,84
74706,Lombard St & Gough St NW-FS/SB,LOMBGOU,,7800,37.800942,-122.42806999999999,1,GOUGH ST,LOMBARD ST,,,,0,1729767266000,15739062,147,2,POINT (-122.42807 37.800942),11/02/2024 08:47:21 PM,11/04/2024 09:42:39 AM,4,6,13,17,17
74000,Mission St&16th St NE-FS/BZ,MISS16S1,MISS16ST,5551,37.765125,-122.419668,,16TH ST,MISSION ST,FS,NE,BZ,1,1729767266000,15731673,147,9,POINT (-122.419668 37.765125),11/02/2024 08:47:21 PM,11/04/2024 09:42:39 AM,3,2,20,53,53
72857,9th Ave&Lawton St NW-NS/RC,.9AVLAW0,9AVLAWT,3218,37.758533,-122.466022,,LAWTON ST,9TH AVE,NS,NW,Red Curb painted,1,1729767266000,15727885,147,7,POINT (-122.466022 37.758533),11/02/2024 08:47:21 PM,11/04/2024 09:42:39 AM,10,8,14,109,109
72887,14th Ave&Ulloa St NE-FS,14AVULO0,14AVULOA,3251,37.7416,-122.47004,,ULLOA ST,14TH AVE,FS,NE,,0,1729767266000,15728038,147,7,POINT (-122.47004 37.7416),11/02/2024 08:47:21 PM,11/04/2024 09:42:39 AM,10,8,41,46,46
75237,Portola Dr&Laguna Honda Blvd N-NS,PORTLGH0,PORTLGHN,6113,37.743097999999996,-122.45526100000001,,LAGUNA HONDA BLVD,PORTOLA DR,NS,NO,,0,1729767266000,15736528,147,7,POINT (-122.455261 37.743098),11/02/2024 08:47:21 PM,11/04/2024 09:42:39 AM,9,8,41,72,72
72762,Balboa St&40TH Ave NE-NS/PS,BBOA40A0,BBOA40AV,3063,37.775636999999996,-122.500399,,40TH AVE,BALBOA ST,NS,NE,,0,1729767266000,15727710,147,1,POINT (-122.500399 37.775637),11/02/2024 08:47:21 PM,11/04/2024 09:42:39 AM,8,4,29,8,8
74898,Stockton St&Clay St E-MB/BB,STOKCLA0,STOKCLAY,6511,37.79381,-122.40779,,CLAY ST,STOCKTON ST,MB,EA,BB,0,1729767266000,15737723,147,3,POINT (-122.40779 37.79381),11/02/2024 08:47:21 PM,11/04/2024 09:42:39 AM,6,3,6,104,104
73433,Castro St&24TH St SW-FS/BZ,CTRO24S0,CTRO24ST,4327,37.751315,-122.43411,,24TH ST,CASTRO ST,FS,SW,BZ,0,1729767266000,15729983,147,8,POINT (-122.43411 37.751315),11/02/2024 08:47:21 PM,11/04/2024 09:42:39 AM,3,5,22,84,84
75334,Divisadero St&Geary Blvd NE-FS/BZ,DIVIGEA1,DIVIGEAR,4421,37.783375,-122.439412,,GEARY BLVD,DIVISADERO ST,FS,NE,BZ,0,1729767266000,15736571,147,5,POINT (-122.439412 37.783375),11/02/2024 08:47:21 PM,11/04/2024 09:42:39 AM,4,11,15,103,103
75136,Plymouth Ave&Holloway Ave SE-NS/PS,PLYMHOL0,PLYMHOLL,5962,37.72177,-122.4561,,HOLLOWAY AVE,PLYMOUTH AVE,NS,SE,,0,1729767266000,15736448,147,11,POINT (-122.4561 37.72177),11/02/2024 08:47:21 PM,11/04/2024 09:42:39 AM,10,1,24,64,64
74078,Ocean Ave&Cayuga Ave SE-FS/BZ,OCENCAY1,OCENCAYU,5783,37.723569999999995,-122.43853,,CAYUGA AVE,OCEAN AVE,FS,SE,BZ,0,1729767266000,15731968,147,11,POINT (-122.43853 37.72357),11/02/2024 08:47:21 PM,11/04/2024 09:42:39 AM,9,1,28,80,80
75583,Geary Blvd&Baker St NW-FS/BZ,GEARBAK0,GEARBAKR,4289,37.782973,-122.442965,1,BAKER ST,GEARY BLVD,FS,NW,BZ,0,1729767266000,15738375,147,2,POINT (-122.442965 37.782973),11/02/2024 08:47:21 PM,11/04/2024 09:42:39 AM,8,6,31,103,103
73159,Geary Blvd&23RD Ave SE-FS/BZ,GEAR23A1,GEAR23AV,4268,37.780167,-122.48243,1,23RD AVE,GEARY BLVD,NS,SW,BZ,0,1729767266000,15729191,147,1,POINT (-122.48243 37.780167),11/02/2024 08:47:21 PM,11/04/2024 09:42:39 AM,8,4,29,8,8
75880,Lincoln Way & 34th Ave SE-FS/BZ,LWAY34A1,,7853,37.764708999999996,-122.493413,,34TH AVE,LINCOLN WY,,,,0,1729767266000,15739164,147,4,POINT (-122.493413 37.764709),11/02/2024 08:47:21 PM,11/04/2024 09:42:39 AM,10,7,35,39,39
73110,30th Ave&Taraval St NW-NS/PS,30AVTAR0,30AVTARA,3532,37.742646,-122.487545,,TARAVAL ST,30TH AVE,NS,NW,FL,0,1729767266000,15728684,147,4,POINT (-122.487545 37.742646),11/02/2024 08:47:21 PM,11/04/2024 09:42:39 AM,10,7,35,40,40
74009,Mission St&30th St NE-FS/BB,MISS30S1,MISS30ST,5571,37.742408,-122.421945,,GODEUS ST,MISSION ST,FS,NE,BB,0,1729767266000,15731701,147,9,POINT (-122.421945 37.742408),11/02/2024 08:47:21 PM,11/04/2024 09:42:39 AM,9,2,2,83,83
72848,8th St&Folsom St S-FS/BZ,.8STFOL0,8STFOLS,3205,37.774767,-122.409922,,FOLSOM ST,8TH ST,FS,SO,BZ,0,1729767266000,15727855,147,6,POINT (-122.409922 37.774767),11/02/2024 08:47:21 PM,11/04/2024 09:42:39 AM,1,10,34,32,32
74191,Mission St&Richland Ave SW-FS/BZ,MISSRIC0,MISSRICH,5614,37.73562,-122.4247,,RICHLAND AVE,MISSION ST,FS,SW,BZ,1,1729767266000,15732920,147,8,POINT (-122.4247 37.73562),11/02/2024 08:47:21 PM,11/04/2024 09:42:39 AM,9,5,2,93,93
73405,Divisadero St&Hayes St NE-FS/BZ,DIVIHAY1,DIVIHAYS,4425,37.775059,-122.437739,,HAYES ST,DIVISADERO ST,FS,NE,BZ,0,1729767266000,15729484,147,5,POINT (-122.437739 37.775059),11/02/2024 08:47:21 PM,11/04/2024 09:42:39 AM,4,11,9,23,23
75227,Persia Ave&Athens St E-NS,PERSATH0,PERSATHN,5906,37.720138999999996,-122.429501,,ATHENS ST,PERSIA AVE,NS,EA,FL,0,1729767266000,15736481,147,11,POINT (-122.429501 37.720139),11/02/2024 08:47:21 PM,11/04/2024 09:42:39 AM,9,1,7,90,90
74559,De Haro St&19TH St SE-NS/PS,DHRO19S1,DHRO19ST,4353,37.760934,-122.401117,,19TH ST,DE HARO ST,NS,SE,,0,1729767266000,15737402,147,10,POINT (-122.401117 37.760934),11/02/2024 08:47:21 PM,11/04/2024 09:42:39 AM,2,9,26,54,54
74720,Van Ness Ave&Sacramento St NS-N/SI,V N SAC2,,8100,37.791312999999995,-122.42257000000001,,CLAY ST,VAN NESS AVE,,,,0,1729767266000,15739115,147,3,POINT (-122.42257 37.791313),11/02/2024 08:47:21 PM,11/04/2024 09:42:39 AM,4,6,30,102,102
74427,Persia Ave&Athens St E-NS/PS,PERSATH1,PERSATHN,5907,37.720112,-122.429467,,ATHENS ST,PERSIA AVE,NS,WE,,0,1729767266000,15737286,147,11,POINT (-122.429467 37.720112),11/02/2024 08:47:21 PM,11/04/2024 09:42:39 AM,9,1,7,90,90
74631,Quintara St&46th Ave NE-NS,QUIN46A0,QUIN46AV,6166,37.74743,-122.50487,,46TH AVE,QUINTARA ST,NS,NE,,0,1729767266000,15734429,147,4,POINT (-122.50487 37.74743),11/02/2024 08:47:21 PM,11/04/2024 09:42:39 AM,10,7,35,39,39
75108,Visitacion Valley Middle Sch SE-MB,VIVASCH1,VIVASCHL,7057,37.71621,-122.413938,,,VISITACION AVE,MB,SE,BZ,0,1729767266000,15734870,147,10,POINT (-122.413938 37.71621),11/02/2024 08:47:21 PM,11/04/2024 09:42:39 AM,9,9,19,75,75
73322,Columbus Ave&Union St NW-NS/BZ,COLMUNI1,COLMUNIN,4120,37.800384,-122.410505,,POWELL ST,COLUMBUS AVE,NS,NW,BZ,0,1729767266000,15729652,147,3,POINT (-122.410505 37.800384),11/02/2024 08:47:21 PM,11/04/2024 09:42:39 AM,6,3,6,106,106
72658,Balboa St&21ST Ave SW-NS/PS,BBOA21A1,BBOA21AV,3048,37.776429,-122.480273,,21ST AVE,BALBOA ST,NS,SW,,0,1729767266000,15727786,147,1,POINT (-122.480273 37.776429),11/02/2024 08:47:21 PM,11/04/2024 09:42:39 AM,8,4,29,8,8
74675,Mission St&Silver Ave W-FS/BZ,MISSSIL0,MISSSILV,5621,37.728722999999995,-122.431354,,SILVER AVE,MISSION ST,FS,WE,BZ,1,1729767266000,15737461,147,11,POINT (-122.431354 37.728723),11/02/2024 08:47:21 PM,11/04/2024 09:42:39 AM,9,1,28,94,94
74220,Quintara St&26th Ave NE-NS/SB,QUIN26A0,QUIN26AV,6146,37.74838,-122.48345,,26TH AVE,QUINTARA ST,NS,NE,FL,0,1729767266000,15732653,147,4,POINT (-122.48345 37.74838),11/02/2024 08:47:21 PM,11/04/2024 09:42:39 AM,10,7,35,39,39
72685,7th St&Market St S-NS/SI,.7STMRK1,.7STMRKT,3196,37.780308999999995,-122.412395,,MARKET ST,7TH ST,NS,SO,SI,0,1729767266000,15727844,147,6,POINT (-122.412395 37.780309),11/02/2024 08:47:21 PM,11/04/2024 09:42:39 AM,5,10,34,32,32
74050,Lincoln Way&19th Ave NW-FS/BZ,LWAY19AV,LWAY19AV,5309,37.765526,-122.47761,,19TH AVE,LINCOLN WY,FS,NW,BZ,1,1729767266000,15731827,147,4,POINT (-122.47761 37.765526),11/02/2024 08:47:21 PM,11/04/2024 09:42:39 AM,8,4,12,9,9
72700,19th Ave&Lawton St SW-FS/BB,19AVLAW2,19AVLAWT,3369,37.757889,-122.476782,1,LAWTON ST,19TH AVE,FS,SW,BZ,0,1729767266000,15727406,147,4,POINT (-122.476782 37.757889),11/02/2024 08:47:21 PM,11/04/2024 09:42:39 AM,10,7,35,39,39
73552,Castro St&22ND St SE-NS/PS,CTRO22S1,CTRO22ST,4323,37.75441,-122.43431,,22ND ST,CASTRO ST,NS,SE,,1,1729767266000,15730210,147,8,POINT (-122.43431 37.75441),11/02/2024 08:47:21 PM,11/04/2024 09:42:39 AM,3,5,22,84,84
75127,Richardson Ave&Francisco St SE-NS,RCHNFNC0,RCHNFNCO,6182,37.800328,-122.446954,1,FRANCISCO ST,RICHARDSON AVE,NS,SE,BZ,0,1729767266000,15736422,147,2,POINT (-122.446954 37.800328),11/02/2024 08:47:21 PM,11/04/2024 09:42:39 AM,4,6,13,17,17
75672,Turk St&Mason St NW-FS/BZ,TURKMASN,TURKTAYL,6733,37.783476,-122.409379,,KITTREDGE TER,TURK ST,MB,NO,BZ,0,1729767266000,15736940,147,5,POINT (-122.409379 37.783476),11/02/2024 08:47:21 PM,11/04/2024 09:42:39 AM,5,10,36,20,20
75120,Sunnydale Ave&Schwerin St SW-NS,SUNYSHW0,SUNYSHWN,6582,37.710589999999996,-122.4115,,SCHWERIN ST,SUNNYDALE AVE,NS,SW,,0,1729767266000,15734916,147,10,POINT (-122.4115 37.71059),11/02/2024 08:47:21 PM,11/04/2024 09:42:39 AM,9,9,40,75,75
73728,Innes Ave&Griffith St W-NS/SB,INESGRI0,INESGRIF,5102,37.731989999999996,-122.37588,,GRIFFITH ST,INNES AVE,NS,WE,,0,1729767266000,15730430,147,10,POINT (-122.37588 37.73199),11/02/2024 08:47:21 PM,11/04/2024 09:42:39 AM,2,9,1,78,78
74996,Chestnut St&Pierce St NW-FS/BZ,CHESPIE0,CHESPIER,3952,37.800506,-122.439352,,PIERCE ST,CHESTNUT ST,FS,NW,BZ,1,1729767266000,15737815,147,2,POINT (-122.439352 37.800506),11/02/2024 08:47:21 PM,11/04/2024 09:42:39 AM,4,6,13,17,17
73170,Cortland Ave&Mission St S-FS/BZ,CORTMIS0,CORTMISS,4157,37.74085,-122.42251,,MISSION ST,CORTLAND AVE,FS,SO,BZ,1,1729767266000,15729224,147,9,POINT (-122.42251 37.74085),11/02/2024 08:47:21 PM,11/04/2024 09:42:39 AM,9,2,2,61,61
75375,Rhode Island St&20th St SW-FS/SB,R IS20S0,R IS20ST,6195,37.75943,-122.40218,,20TH ST,RHODE ISLAND ST,FS,SW,,0,1729767266000,15738162,147,10,POINT (-122.40218 37.75943),11/02/2024 08:47:21 PM,11/04/2024 09:42:39 AM,2,9,26,54,54
73436,Castro St&Duboce Ave SE-NS/BZ,CTRODUB1,CTRODUBO,4331,37.76895,-122.43571,,DUBOCE AVE,CASTRO ST,NS,SE,BZ,1,1729767266000,15729988,147,8,POINT (-122.43571 37.76895),11/02/2024 08:47:21 PM,11/04/2024 09:42:39 AM,7,5,5,28,28
75464,Noe St&29th St NW-FS/PS,NOE 29S0,NOE 29ST,5736,37.743311,-122.431179,,29TH ST,NOE ST,NS,NW,,0,1729767266000,15736692,147,8,POINT (-122.431179 37.743311),11/02/2024 08:47:21 PM,11/04/2024 09:42:39 AM,9,5,22,84,84
72741,3rd St&Folsom St N-FS/BZ,.3STFOL0,3STFOLS,3124,37.784203999999995,-122.399326,1,CLEMENTINA ST,03RD ST,FS,NO,BZ,1,1729767266000,15727582,147,6,POINT (-122.399326 37.784204),11/02/2024 08:47:21 PM,11/04/2024 09:42:39 AM,1,10,8,32,32
74371,Pennsylvania AVE & 23rd ST NS  SE,PENN23S1,,7527,37.755015,-122.392791,,23RD ST,PENNSYLVANIA AVE,,,,0,1729767266000,15738746,147,10,POINT (-122.392791 37.755015),11/02/2024 08:47:21 PM,11/04/2024 09:42:39 AM,2,9,26,54,54
72965,37th Ave&Lincoln Way SW-FS/PS,37AVLWA0,37AVLWAY,3562,37.764359999999996,-122.496621,,LINCOLN WY,37TH AVE,FS,SW,,0,1729767266000,15728262,147,4,POINT (-122.496621 37.76436),11/02/2024 08:47:21 PM,11/04/2024 09:42:39 AM,10,7,35,39,39
73680,Mansell St&San Bruno Ave W-FS/BZ,MANSSBR1,MANSSBRO,5350,37.721540999999995,-122.401394,,SAN BRUNO AVE,MANSELL ST,FS,WE,BZ,0,1729767266000,15730617,147,9,POINT (-122.401394 37.721541),11/02/2024 08:47:21 PM,11/04/2024 09:42:39 AM,2,9,25,91,91
72718,24th St&Church St SW-NS/BZ,24STCHU1,24STCHUR,3461,37.751644,-122.427545,,CHURCH ST,24TH ST,NS,SW,BZ,1,1729767266000,15727502,147,8,POINT (-122.427545 37.751644),11/02/2024 08:47:21 PM,11/04/2024 09:42:39 AM,3,5,22,84,84
75050,Lincoln Way&27th Ave SE-FS/BZ,LWAY27A1,LWAY27AV,5317,37.765015999999996,-122.485506,,27TH AVE,LINCOLN WY,FS,SE,BZ,0,1729767266000,15734773,147,4,POINT (-122.485506 37.765016),11/02/2024 08:47:21 PM,11/04/2024 09:42:39 AM,10,7,35,39,39
75788,33rd Ave&Clement St SW-FS/BZ,33AVCLM0,33AVCLMT,3556,37.781501999999996,-122.493515,1,CLEMENT ST,33RD AVE,FS,SW,BZ,0,1729767266000,15738511,147,1,POINT (-122.493515 37.781502),11/02/2024 08:47:21 PM,11/04/2024 09:42:39 AM,8,4,29,8,8
73668,Ingerson Ave&Griffith St E-MI/SB,INGRGRI1,INGRGRIF,5115,37.717012,-122.389212,,GRIFFITH ST,INGERSON AVE,MI,EA,,0,1729767266000,15730574,147,10,POINT (-122.389212 37.717012),11/02/2024 08:47:21 PM,11/04/2024 09:42:39 AM,2,9,1,88,88
72931,45th Ave&Balboa St SW-FS/BZ,45AVBBO0,45AVBBOA,3571,37.775206,-122.50595799999999,,BALBOA ST,45TH AVE,FS,SW,,0,1729767266000,15728566,147,1,POINT (-122.505958 37.775206),11/02/2024 08:47:21 PM,11/04/2024 09:42:39 AM,8,4,29,8,8
73816,Holloway Ave&Junipero Serra SW-NS,HOLLJ S0,HOLLJ S,5037,37.721485,-122.472713,,JUNIPERO SERRA BLVD,HOLLOWAY AVE,NS,SW,,0,1729767266000,15730783,147,7,POINT (-122.472713 37.721485),11/02/2024 08:47:21 PM,11/04/2024 09:42:39 AM,10,8,41,41,41
75503,4080 Mission St NW-MB/BZ,MISS4080,MISS4080,5573,37.732169999999996,-122.42800000000001,,,MISSION ST,MB,NW,BZ,0,1729767266000,15733689,147,8,POINT (-122.428 37.73217),11/02/2024 08:47:21 PM,11/04/2024 09:42:39 AM,9,5,28,93,93
72806,46th Ave&Lincoln Way SW-FS/PS,46AVLWA0,46AVLWAY,3583,37.764053,-122.50627,,LINCOLN WY,46TH AVE,FS,SW,,1,1729767266000,15728126,147,4,POINT (-122.50627 37.764053),11/02/2024 08:47:21 PM,11/04/2024 09:42:39 AM,10,7,35,39,39
74313,Castro St&22ND St NW-NS/PS,CTRO22S0,CTRO22ST,4322,37.754639999999995,-122.43448000000001,,22ND ST,CASTRO ST,NS,NW,,0,1729767266000,15734134,147,8,POINT (-122.43448 37.75464),11/02/2024 08:47:21 PM,11/04/2024 09:42:39 AM,3,5,22,115,115
73283,Donahue St&Innes Ave E-FS/PS,DNHUINE0,DNHUINES,4440,37.729002,-122.369913,,,,FS,EA,,0,1729767266000,15729565,147,10,POINT (-122.369913 37.729002),11/02/2024 08:47:21 PM,11/04/2024 09:42:39 AM,2,9,1,78,78
73755,Hahn St&Sunnydale Ave N-NS/PS,HAHNSUNY,HAHNSUNY,4938,37.712025,-122.41604699999999,,SUNNYDALE AVE,HAHN ST,NS,NW,,0,1729767266000,15730945,147,10,POINT (-122.416047 37.712025),11/02/2024 08:47:21 PM,11/04/2024 09:42:39 AM,9,9,40,74,74
75515,Sloat Blvd&45th Ave SE-FS/BZ,SLOA45A0,SLOA45AV,6451,37.735368,-122.502777,,45TH AVE,SLOAT BLVD,FS,SE,BZ,1,1729767266000,15733730,147,7,POINT (-122.502777 37.735368),11/02/2024 08:47:21 PM,11/04/2024 09:42:39 AM,10,8,16,43,43
73396,Divisadero St&California St NE-FS,DIVICAL1,DIVICALI,4409,37.788184,-122.44038499999999,,CALIFORNIA ST,DIVISADERO ST,FS,NE,BZ,0,1729767266000,15729468,147,2,POINT (-122.440385 37.788184),11/02/2024 08:47:21 PM,11/04/2024 09:42:39 AM,4,6,30,102,102
72738,3rd St&Brannan St. E-MB/BB,.3STBRA1,3STBRAN,3114,37.779285,-122.393185,1,BRANNAN ST,3RD ST,MB,E,BB,0,1729767266000,15727562,147,6,POINT (-122.393185 37.779285),11/02/2024 08:47:21 PM,11/04/2024 09:42:39 AM,1,10,8,31,31
75312,Chestnut St&Divisadero St NE-NS/BZ,CHESDIV0,CHESDIVI,3940,37.800050999999996,-122.442746,,DIVISADERO ST,CHESTNUT ST,NS,NE,BZ,0,1729767266000,15735052,147,2,POINT (-122.442746 37.800051),11/02/2024 08:47:21 PM,11/04/2024 09:42:39 AM,4,6,13,17,17
72874,23rd St&Utah St NE-NS/BZ,23STUTA0,23STUTAH,3453,37.754419999999996,-122.40494,,UTAH ST,23RD ST,NS,NE,BZ,1,1729767266000,15727976,147,10,POINT (-122.40494 37.75442),11/02/2024 08:47:21 PM,11/04/2024 09:42:39 AM,3,9,20,54,54
75053,Park Presidio&California NE-FS/SB,PKPRCAL1,PKPRCALI,5949,37.784497,-122.472528,1,LAKE ST,PARK PRESIDIO BLVD,FS,NE,FL,0,1729767266000,15734796,147,1,POINT (-122.472528 37.784497),11/02/2024 08:47:21 PM,11/04/2024 09:42:39 AM,8,4,11,5,5
74670,Industrial St&Bayshore Blvd SE-FS,INDSBSH0,INDSBSHR,5093,37.737943,-122.40678,,BAYSHORE BLVD,INDUSTRIAL ST,FS,SE,BZ,1,1729767266000,15737452,147,10,POINT (-122.40678 37.737943),11/02/2024 08:47:21 PM,11/04/2024 09:42:39 AM,2,9,1,82,82
72676,17th Ave&Rivera St SE-NS,17AVRVR0,17AVRVRA,3305,37.746745,-122.47370699999999,,RIVERA ST,17TH AVE,NS,SE,,1,1729767266000,15727830,147,7,POINT (-122.473707 37.746745),11/02/2024 08:47:21 PM,11/04/2024 09:42:39 AM,10,8,41,44,44
73300,Geary Blvd&Collins St NE-NS/BZ,GEARCLN0,GEARCLNS,4290,37.782242,-122.449992,1,COLLINS ST,GEARY BLVD,NS,NE,BZ,0,1729767266000,15729595,147,2,POINT (-122.449992 37.782242),11/02/2024 08:47:21 PM,11/04/2024 09:42:39 AM,8,6,31,11,11
72758,Balboa St&32ND Ave SW-NS/PS,BBOA32A1,BBOA32AV,3058,37.77589,-122.49205599999999,,32ND AVE,BALBOA ST,NS,SW,,0,1729767266000,15727699,147,1,POINT (-122.492056 37.77589),11/02/2024 08:47:21 PM,11/04/2024 09:42:39 AM,8,4,29,8,8
74397,Quintara St&41st Ave NE-NS,QUIN41A0,QUIN41AV,6162,37.747679999999995,-122.49952,,41ST AVE,QUINTARA ST,NS,NE,,0,1729767266000,15734212,147,4,POINT (-122.49952 37.74768),11/02/2024 08:47:21 PM,11/04/2024 09:42:39 AM,10,7,35,39,39
72981,20th Ave&Winston Dr SE-NS/SB,20AVWIN1,20AVWINS,3408,37.726873999999995,-122.475945,,WINSTON DR,20TH AVE,NS,SE,,0,1729767266000,15728310,147,7,POINT (-122.475945 37.726874),11/02/2024 08:47:21 PM,11/04/2024 09:42:39 AM,10,8,16,41,41
74955,Sutter St&Kearny St NW-FS/BZ,SUTTKRN0,SUTTKRNY,6596,37.789818,-122.404378,,KEARNY ST,SUTTER ST,FS,NW,BZ,0,1729767266000,15736224,147,3,POINT (-122.404378 37.789818),11/02/2024 08:47:21 PM,11/04/2024 09:42:39 AM,6,3,8,19,19
74333,Ulloa St&30th Ave NE-NS/PS,ULOA30A1,ULOA30AV,6735,37.740719999999996,-122.48722000000001,,30TH AVE,ULLOA ST,NS,NE,FL,0,1729767266000,15737156,147,4,POINT (-122.48722 37.74072),11/02/2024 08:47:21 PM,11/04/2024 09:42:39 AM,10,7,35,40,40
72831,19th Ave&Sloat Blvd SW-FS/SB,19AVSLO0,19AVSLOA,3390,37.734556,-122.475203,1,OCEAN AVE,19TH AVE,FS,SW,BZ,0,1729767266000,15728193,147,4,POINT (-122.475203 37.734556),11/02/2024 08:47:21 PM,11/04/2024 09:42:39 AM,10,8,35,62,62
74215,Quintara St&19th Ave SW-NS/PS,QUIN19A1,QUIN19AV,6141,37.74858,-122.47622,,19TH AVE,QUINTARA ST,NS,SW,FL,1,1729767266000,15732636,147,4,POINT (-122.47622 37.74858),11/02/2024 08:47:21 PM,11/04/2024 09:42:39 AM,10,7,35,40,40
74032,Mission St&Trumbull St SE-NS/BZ,MISSTRU1,MISSTRUM,5624,37.73066,-122.42927,,TRUMBULL ST,MISSION ST,NS,SE,BZ,1,1729767266000,15731582,147,11,POINT (-122.42927 37.73066),11/02/2024 08:47:21 PM,11/04/2024 09:42:39 AM,9,1,7,94,94
73054,Cortland Ave&Andover St NE-NS/PS,CORTAND1,CORTANDV,4142,37.73909,-122.41639,,ANDOVER ST,CORTLAND AVE,NS,NE,,0,1729767266000,15728862,147,9,POINT (-122.41639 37.73909),11/02/2024 08:47:21 PM,11/04/2024 09:42:39 AM,9,2,2,83,83
73285,De Haro St&17TH St SE-NS/SB,DHRO17S1,DHRO17ST,4351,37.764762,-122.401516,,17TH ST,DE HARO ST,NS,SE,,0,1729767266000,15729567,147,10,POINT (-122.401516 37.764762),11/02/2024 08:47:21 PM,11/04/2024 09:42:39 AM,1,9,26,54,54
75773,Raymond Ave&Sawyer St NE-NS/BZ,RAYMSAW1,,7332,37.715032,-122.41346899999999,,SAWYER ST,RAYMOND AVE,,,,0,1729767266000,15736965,147,10,POINT (-122.413469 37.715032),11/02/2024 08:47:21 PM,11/04/2024 09:42:39 AM,9,9,19,75,75
73167,Geary Blvd&36TH Ave SW-NS/BZ,GEAR36A1,GEAR36AV,4281,37.779438999999996,-122.49662000000001,1,36TH AVE,GEARY BLVD,NS,SW,BZ,0,1729767266000,15729215,147,1,POINT (-122.49662 37.779439),11/02/2024 08:47:21 PM,11/04/2024 09:42:39 AM,8,4,29,8,8
73067,De Haro St&Southern Heights Ave SE,DHROSHG1,DHROSHGT,4358,37.758016999999995,-122.400867,,SOUTHERN HEIGHTS AVE,DE HARO ST,NS,SE,,1,1729767266000,15728878,147,10,POINT (-122.400867 37.758017),11/02/2024 08:47:21 PM,11/04/2024 09:42:39 AM,2,9,26,54,54
75190,Van Ness Ave&Pacific St NS-S/SI,V N PAC3,,8094,37.794784,-122.423199,,PACIFIC AVE,VAN NESS AVE,,,,0,1729767266000,15733436,147,3,POINT (-122.423199 37.794784),11/02/2024 08:47:21 PM,11/04/2024 09:42:39 AM,4,3,32,105,105
74400,Point Lobos Ave&42nd Ave NE-NS/BZ,PTLO42A0,PTLO42AV,6109,37.779651,-122.502855,1,42ND AVE,GEARY BLVD,NS,NE,BZ,0,1729767266000,15734219,147,1,POINT (-122.502855 37.779651),11/02/2024 08:47:21 PM,11/04/2024 09:42:39 AM,8,4,29,8,8
73930,Lincoln Way&47th Ave NW-FS/SB,LWAY47A1,LWAY47AV,5324,37.764185999999995,-122.507405,,47TH AVE,LINCOLN WY,FS,NW,,0,1729767266000,15731521,147,4,POINT (-122.507405 37.764186),11/02/2024 08:47:21 PM,11/04/2024 09:42:39 AM,10,4,12,9,9
73447,Geary Blvd&Spruce St NE-NS/BZ,GEARSPR0,GEARSPRC,4762,37.781849,-122.453075,1,SPRUCE ST,GEARY BLVD,NS,NE,BZ,0,1729767266000,15730023,147,2,POINT (-122.453075 37.781849),11/02/2024 08:47:21 PM,11/04/2024 09:42:39 AM,8,6,31,11,11
75482,Lincoln Way&30th Ave SE-FS/BZ,LWAY30A1,LWAY30AV,5319,37.764880999999995,-122.488714,,30TH AVE,LINCOLN WY,FS,SE,BZ,0,1729767266000,15738241,147,4,POINT (-122.488714 37.764881),11/02/2024 08:47:21 PM,11/04/2024 09:42:39 AM,10,7,35,39,39
72839,30th St&Mission St SW-NS/BZ,30STMIS0,30STMISS,3541,37.742309999999996,-122.42217,,MISSION ST,30TH ST,NS,SW,BZ,1,1729767266000,15728227,147,9,POINT (-122.42217 37.74231),11/02/2024 08:47:21 PM,11/04/2024 09:42:39 AM,9,2,2,83,83
72872,16th Ave&Ortega St SE-NS/PS,16AVORT1,16AVORTG,3279,37.7524,-122.47309,,ORTEGA ST,16TH AVE,NS,SE,FL,0,1729767266000,15727971,147,7,POINT (-122.47309 37.7524),11/02/2024 08:47:21 PM,11/04/2024 09:42:39 AM,10,8,14,44,44
73917,Newhall St&Oakdale Ave N-NS/SB,NEWHOAK1,NEWHOAKD,5491,37.735796,-122.392175,,OAKDALE AVE,NEWHALL ST,NS,NO,,0,1729767266000,15731488,147,10,POINT (-122.392175 37.735796),11/02/2024 08:47:21 PM,11/04/2024 09:42:39 AM,2,9,1,86,86
73116,30th St&Dolores St SW-NS/PS,30STDLR0,30STDLRS,3538,37.74217,-122.424457,,DOLORES ST,30TH ST,NS,SW,BZ,0,1729767266000,15728699,147,8,POINT (-122.424457 37.74217),11/02/2024 08:47:21 PM,11/04/2024 09:42:39 AM,9,5,10,59,59
75283,46th Ave&Noriega St SW-FS/PS,46AVNOR0,46AVNORI,3587,37.752837,-122.505482,,NORIEGA ST,46TH AVE,FS,SW,,1,1729767266000,15733532,147,4,POINT (-122.505482 37.752837),11/02/2024 08:47:21 PM,11/04/2024 09:42:39 AM,10,7,35,39,39
73804,Galvez Ave&Hill Ave MB-NS/BZ,GLVZHILL,MNSUHUSY,5633,37.728795,-122.36702700000001,,ROBINSON ST,GALVEZ AVE,NS,SW,,0,1729767266000,15731116,147,10,POINT (-122.367027 37.728795),11/02/2024 08:47:21 PM,11/04/2024 09:42:39 AM,2,9,1,78,78
72901,46th Ave&Vicente St SE-NS/PS,46AVVCT1,46AVVCTE,3603,37.737973,-122.504268,1,VICENTE ST,46TH AVE,NS,SE,,0,1729767266000,15728478,147,4,POINT (-122.504268 37.737973),11/02/2024 08:47:21 PM,11/04/2024 09:42:39 AM,10,7,35,40,40
75753,Turk St&Stanyan St SE-FS/BZ,TURKSTA1,TURKSTAN,6732,37.777557,-122.455035,,STANYAN ST,TURK BLVD,FS,SE,BZ,0,1729767266000,15735461,147,1,POINT (-122.455035 37.777557),11/02/2024 08:47:21 PM,11/04/2024 09:42:39 AM,7,4,18,12,12
72875,Broderick St&North Point St SE-NS/PS,BDRKN P0,BDRKN PT,3077,37.802478,-122.444982,,NORTH POINT ST,BRODERICK ST,NS,SE,,0,1729767266000,15727979,147,2,POINT (-122.444982 37.802478),11/02/2024 08:47:21 PM,11/04/2024 09:42:39 AM,4,6,13,17,17
