STOPID,STOPNAME,LATITUDE,School Name,LONGITUDE,time_difference,route_id,NAMELSAD
5351,Mansell St&Somerset St S-NS/PS,37.720418,"Burton, Phillip And Sala Burton High School",-122.405094,0 days 00:00:27.318181818,29,Census Tract 259
5351,Mansell St&Somerset St S-NS/PS,37.720418,"Burton, Phillip And Sala Burton High School",-122.405094,0 days 00:01:40,56,Census Tract 259
5351,Mansell St&Somerset St S-NS/PS,37.720418,"Burton, Phillip And Sala Burton High School",-122.405094,0 days 00:00:13.772727272,29,Census Tract 259
5351,Mansell St&Somerset St S-NS/PS,37.720418,"Burton, Phillip And Sala Burton High School",-122.405094,0 days 00:01:04,56,Census Tract 259
5351,Mansell St&Somerset St S-NS/PS,37.720418,"Burton, Phillip And Sala Burton High School",-122.405094,0 days 00:00:28,56,Census Tract 259
4783,Gilman Ave&3rd St E-NS/PS,37.722458,"Burton, Phillip And Sala Burton High School",-122.395415,0 days 00:04:06.391304347,29,Census Tract 234
4783,Gilman Ave&3rd St E-NS/PS,37.722458,"Burton, Phillip And Sala Burton High School",-122.395415,0 days 00:05:42.173913043,29,Census Tract 234
4783,Gilman Ave&3rd St E-NS/PS,37.722458,"Burton, Phillip And Sala Burton High School",-122.395415,0 days 00:04:27.217391304,29,Census Tract 234
4783,Gilman Ave&3rd St E-NS/PS,37.722458,"Burton, Phillip And Sala Burton High School",-122.395415,0 days 00:05:09.434782608,29,Census Tract 234
4783,Gilman Ave&3rd St E-NS/PS,37.722458,"Burton, Phillip And Sala Burton High School",-122.395415,0 days 00:04:40.130434782,29,Census Tract 234
3071,Balboa St&Park Presidio Blvd SW-NS,37.776788,Gateway High School / Kipp Sf Bay Academy,-122.472411,0 days 00:11:51.333333333,31,Census Tract 476
3071,Balboa St&Park Presidio Blvd SW-NS,37.776788,Gateway High School / Kipp Sf Bay Academy,-122.472411,0 days 00:13:02.833333333,31,Census Tract 476
3071,Balboa St&Park Presidio Blvd SW-NS,37.776788,Gateway High School / Kipp Sf Bay Academy,-122.472411,0 days 00:12:24.333333333,31,Census Tract 476
5274,Lombard St&Fillmore St SE-FS/BZ,37.799818,Galileo High School,-122.435878,0 days 00:07:03,28,Census Tract 129.02
5274,Lombard St&Fillmore St SE-FS/BZ,37.799818,Galileo High School,-122.435878,0 days 00:06:13.125000,28,Census Tract 129.02
5274,Lombard St&Fillmore St SE-FS/BZ,37.799818,Galileo High School,-122.435878,0 days 00:04:36.750000,28,Census Tract 129.02
5274,Lombard St&Fillmore St SE-FS/BZ,37.799818,Galileo High School,-122.435878,0 days 00:05:26.250000,28,Census Tract 129.02
4329,Castro St&25TH St SE-NS/BZ,37.7496,Gateway High School / Kipp Sf Bay Academy,-122.43383,0 days 00:15:46.263157894,24,Census Tract 214
4329,Castro St&25TH St SE-NS/BZ,37.7496,Gateway High School / Kipp Sf Bay Academy,-122.43383,0 days 00:17:49.421052631,24,Census Tract 214
4329,Castro St&25TH St SE-NS/BZ,37.7496,Gateway High School / Kipp Sf Bay Academy,-122.43383,0 days 00:18:55.736842105,24,Census Tract 214
3273,16th Ave&Lawton St NW-NS/PS,37.7593,"Lincoln, Abraham Lincoln High School",-122.4737,0 days 00:04:35.888888888,66,Census Tract 303.01
3273,16th Ave&Lawton St NW-NS/PS,37.7593,"Lincoln, Abraham Lincoln High School",-122.4737,0 days 00:05:03.777777777,66,Census Tract 303.01
3273,16th Ave&Lawton St NW-NS/PS,37.7593,"Lincoln, Abraham Lincoln High School",-122.4737,0 days 00:05:27.500000,66,Census Tract 303.01
5904,Paul Ave&San Bruno Ave N-MB/SB,37.723879,"Burton, Phillip And Sala Burton High School",-122.401576,0 days 00:01:57.565217391,29,Census Tract 257.02
5904,Paul Ave&San Bruno Ave N-MB/SB,37.723879,"Burton, Phillip And Sala Burton High School",-122.401576,0 days 00:03:33.347826086,29,Census Tract 257.02
5904,Paul Ave&San Bruno Ave N-MB/SB,37.723879,"Burton, Phillip And Sala Burton High School",-122.401576,0 days 00:02:18.391304347,29,Census Tract 257.02
5904,Paul Ave&San Bruno Ave N-MB/SB,37.723879,"Burton, Phillip And Sala Burton High School",-122.401576,0 days 00:03:00.608695652,29,Census Tract 257.02
5904,Paul Ave&San Bruno Ave N-MB/SB,37.723879,"Burton, Phillip And Sala Burton High School",-122.401576,0 days 00:02:31.304347826,29,Census Tract 257.02
3593,46th Ave&Quintara St SE-NS/PS,37.747288,"Washington, George Washington High School",-122.504928,0 days 00:15:53,18,Census Tract 354
3593,46th Ave&Quintara St SE-NS/PS,37.747288,"Washington, George Washington High School",-122.504928,0 days 00:17:00,18,Census Tract 354
3593,46th Ave&Quintara St SE-NS/PS,37.747288,"Washington, George Washington High School",-122.504928,0 days 00:16:18,18,Census Tract 354
3593,46th Ave&Quintara St SE-NS/PS,37.747288,"Washington, George Washington High School",-122.504928,0 days 00:17:54,18,Census Tract 354
3593,46th Ave&Quintara St SE-NS/PS,37.747288,"Lincoln, Abraham Lincoln High School",-122.504928,0 days 00:09:06.923076923,48,Census Tract 354
3593,46th Ave&Quintara St SE-NS/PS,37.747288,"Lincoln, Abraham Lincoln High School",-122.504928,0 days 00:08:27.428571428,48,Census Tract 354
3593,46th Ave&Quintara St SE-NS/PS,37.747288,"Lincoln, Abraham Lincoln High School",-122.504928,0 days 00:07:52.428571428,48,Census Tract 354
6323,Sagamore St&Capitol Ave SW-NS,37.71129,"Burton, Phillip And Sala Burton High School",-122.45913,0 days 00:24:39.272727272,54,Census Tract 314.01
6323,Sagamore St&Capitol Ave SW-NS,37.71129,"Burton, Phillip And Sala Burton High School",-122.45913,0 days 00:24:56.636363636,54,Census Tract 314.01
7423,Market St&Hyde St N-NS/BZ,37.778784,Galileo High School,-122.414723,0 days 00:19:14.090909090,19,Census Tract 176.04
7423,Market St&Hyde St N-NS/BZ,37.778784,Galileo High School,-122.414723,0 days 00:18:46.272727272,19,Census Tract 176.04
7423,Market St&Hyde St N-NS/BZ,37.778784,Galileo High School,-122.414723,0 days 00:17:48.363636363,19,Census Tract 176.04
7423,Market St&Hyde St N-NS/BZ,37.778784,Galileo High School,-122.414723,0 days 00:16:56.545454545,19,Census Tract 176.04
7423,Market St&Hyde St N-NS/BZ,37.778784,Galileo High School,-122.414723,0 days 00:15:52.818181818,19,Census Tract 176.04
5988,Polk St&Francisco St NW-NS/BZ,37.80353,Galileo High School,-122.42341,0 days 00:00:55.437500,19,Census Tract 102.02
6951,Winston Dr&20th Ave SE-FS/BZ,37.726883,"Burton, Phillip And Sala Burton High School",-122.475739,0 days 00:25:49,29,Census Tract 332.01
6951,Winston Dr&20th Ave SE-FS/BZ,37.726883,"Burton, Phillip And Sala Burton High School",-122.475739,0 days 00:24:24.066666666,29,Census Tract 332.01
6951,Winston Dr&20th Ave SE-FS/BZ,37.726883,"Burton, Phillip And Sala Burton High School",-122.475739,0 days 00:25:35.200000,29,Census Tract 332.01
6951,Winston Dr&20th Ave SE-FS/BZ,37.726883,"Burton, Phillip And Sala Burton High School",-122.475739,0 days 00:24:52.133333333,29,Census Tract 332.01
6951,Winston Dr&20th Ave SE-FS/BZ,37.726883,"Burton, Phillip And Sala Burton High School",-122.475739,0 days 00:25:21.066666666,29,Census Tract 332.01
5620,Mission St&Silver Ave S-NS/BZ,37.728723,Galileo High School,-122.43132,0 days 00:39:47.142857142,49,Census Tract 255.02
5620,Mission St&Silver Ave S-NS/BZ,37.728723,Galileo High School,-122.43132,0 days 00:40:20.210526315,49,Census Tract 255.02
5620,Mission St&Silver Ave S-NS/BZ,37.728723,Galileo High School,-122.43132,0 days 00:40:44.210526315,49,Census Tract 255.02
5281,Lombard St&Laguna St SE-FS/SB,37.800442,Galileo High School,-122.430937,0 days 00:05:17.250000,28,Census Tract 129.02
5281,Lombard St&Laguna St SE-FS/SB,37.800442,Galileo High School,-122.430937,0 days 00:04:27.375000,28,Census Tract 129.02
5281,Lombard St&Laguna St SE-FS/SB,37.800442,Galileo High School,-122.430937,0 days 00:02:51,28,Census Tract 129.02
5281,Lombard St&Laguna St SE-FS/SB,37.800442,Galileo High School,-122.430937,0 days 00:03:40.500000,28,Census Tract 129.02
6181,Richardson Ave&Francisco St NW-NS,37.800408,Galileo High School,-122.447447,0 days 00:09:03.125000,28,Census Tract 127
6181,Richardson Ave&Francisco St NW-NS,37.800408,Galileo High School,-122.447447,0 days 00:08:13.250000,28,Census Tract 127
6181,Richardson Ave&Francisco St NW-NS,37.800408,Galileo High School,-122.447447,0 days 00:06:36.875000,28,Census Tract 127
6181,Richardson Ave&Francisco St NW-NS,37.800408,Galileo High School,-122.447447,0 days 00:07:26.375000,28,Census Tract 127
6159,Quintara St&35th Ave SW-NS,37.74783,"Lincoln, Abraham Lincoln High School",-122.49334,0 days 00:04:19,48,Census Tract 329.01
6159,Quintara St&35th Ave SW-NS,37.74783,"Lincoln, Abraham Lincoln High School",-122.49334,0 days 00:03:39,48,Census Tract 329.01
6159,Quintara St&35th Ave SW-NS,37.74783,"Lincoln, Abraham Lincoln High School",-122.49334,0 days 00:03:04,48,Census Tract 329.01
6721,Turk St&Leavenworth St NW-FS/BZ,37.782835,"Washington, George Washington High School",-122.414217,0 days 00:26:04,31,Census Tract 124.04
6721,Turk St&Leavenworth St NW-FS/BZ,37.782835,"Washington, George Washington High School",-122.414217,0 days 00:26:42.750000,31,Census Tract 124.04
6721,Turk St&Leavenworth St NW-FS/BZ,37.782835,"Washington, George Washington High School",-122.414217,0 days 00:27:13.250000,31,Census Tract 124.04
6721,Turk St&Leavenworth St NW-FS/BZ,37.782835,"Washington, George Washington High School",-122.414217,0 days 00:27:58,31,Census Tract 124.04
6721,Turk St&Leavenworth St NW-FS/BZ,37.782835,Gateway High School / Kipp Sf Bay Academy,-122.414217,0 days 00:11:45.111111111,31,Census Tract 124.04
6721,Turk St&Leavenworth St NW-FS/BZ,37.782835,Gateway High School / Kipp Sf Bay Academy,-122.414217,0 days 00:10:30.666666666,31,Census Tract 124.04
6721,Turk St&Leavenworth St NW-FS/BZ,37.782835,Gateway High School / Kipp Sf Bay Academy,-122.414217,0 days 00:11:06.222222222,31,Census Tract 124.04
6523,Stockton St&Sutter St NE-FS/BB,37.79013,Galileo High School,-122.40705,0 days 00:14:02.538461538,30,Census Tract 117
6523,Stockton St&Sutter St NE-FS/BB,37.79013,Galileo High School,-122.40705,0 days 00:14:56.307692307,30,Census Tract 117
6523,Stockton St&Sutter St NE-FS/BB,37.79013,Galileo High School,-122.40705,0 days 00:16:47.250000,30,Census Tract 117
6523,Stockton St&Sutter St NE-FS/BB,37.79013,Galileo High School,-122.40705,0 days 00:15:43.846153846,30,Census Tract 117
6523,Stockton St&Sutter St NE-FS/BB,37.79013,Galileo High School,-122.40705,0 days 00:18:07.500000,30,Census Tract 117
6163,Quintara St&41st Ave SW-NS,37.74754,"Lincoln, Abraham Lincoln High School",-122.49981,0 days 00:07:35.538461538,48,Census Tract 353
6163,Quintara St&41st Ave SW-NS,37.74754,"Lincoln, Abraham Lincoln High School",-122.49981,0 days 00:06:55.857142857,48,Census Tract 353
6163,Quintara St&41st Ave SW-NS,37.74754,"Lincoln, Abraham Lincoln High School",-122.49981,0 days 00:06:20.857142857,48,Census Tract 353
4283,Geary Blvd&39TH Ave SW-NS/BZ,37.779286,"Washington, George Washington High School",-122.499829,0 days 00:03:11.769230769,38,Census Tract 479.02
4283,Geary Blvd&39TH Ave SW-NS/BZ,37.779286,"Washington, George Washington High School",-122.499829,0 days 00:02:24.923076923,38,Census Tract 479.02
4283,Geary Blvd&39TH Ave SW-NS/BZ,37.779286,"Washington, George Washington High School",-122.499829,0 days 00:01:51.461538461,38,Census Tract 479.02
4283,Geary Blvd&39TH Ave SW-NS/BZ,37.779286,"Washington, George Washington High School",-122.499829,0 days 00:01:15,38,Census Tract 479.02
4283,Geary Blvd&39TH Ave SW-NS/BZ,37.779286,"Washington, George Washington High School",-122.499829,0 days 00:02:01,38R,Census Tract 479.02
4283,Geary Blvd&39TH Ave SW-NS/BZ,37.779286,Gateway High School / Kipp Sf Bay Academy,-122.499829,0 days 00:21:38.900000,38,Census Tract 479.02
4283,Geary Blvd&39TH Ave SW-NS/BZ,37.779286,Gateway High School / Kipp Sf Bay Academy,-122.499829,0 days 00:17:47.461538461,38R,Census Tract 479.02
4283,Geary Blvd&39TH Ave SW-NS/BZ,37.779286,Gateway High School / Kipp Sf Bay Academy,-122.499829,0 days 00:22:26.700000,38,Census Tract 479.02
6486,Steiner St&California St NW-NS/BZ,37.78884,"Washington, George Washington High School",-122.43561,0 days 00:19:58.428571428,1,Census Tract 134.01
6486,Steiner St&California St NW-NS/BZ,37.78884,"Washington, George Washington High School",-122.43561,0 days 00:20:24.142857142,1,Census Tract 134.01
6529,Sunset Blvd&Judah St NW-NS/SB,37.761006,"Burton, Phillip And Sala Burton High School",-122.495851,0 days 00:39:18.071428571,29,Census Tract 351.01
6529,Sunset Blvd&Judah St NW-NS/SB,37.761006,"Burton, Phillip And Sala Burton High School",-122.495851,0 days 00:37:53.214285714,29,Census Tract 351.01
6529,Sunset Blvd&Judah St NW-NS/SB,37.761006,"Burton, Phillip And Sala Burton High School",-122.495851,0 days 00:39:04.285714285,29,Census Tract 351.01
6529,Sunset Blvd&Judah St NW-NS/SB,37.761006,"Burton, Phillip And Sala Burton High School",-122.495851,0 days 00:38:21.214285714,29,Census Tract 351.01
6529,Sunset Blvd&Judah St NW-NS/SB,37.761006,"Burton, Phillip And Sala Burton High School",-122.495851,0 days 00:38:50.142857142,29,Census Tract 351.01
3480,24th St&Potrero Ave NW-FS/BZ,37.75299,"Lincoln, Abraham Lincoln High School",-122.40669,0 days 00:29:24,48,Census Tract 229.03
3480,24th St&Potrero Ave NW-FS/BZ,37.75299,"Lincoln, Abraham Lincoln High School",-122.40669,0 days 00:30:03.769230769,48,Census Tract 229.03
3480,24th St&Potrero Ave NW-FS/BZ,37.75299,"Lincoln, Abraham Lincoln High School",-122.40669,0 days 00:30:43.538461538,48,Census Tract 229.03
7854,Geary Blvd&Arguello Blvd NW-FS/BB,37.781313,"Washington, George Washington High School",-122.458955,0 days 00:14:42.333333333,38,Census Tract 451
7854,Geary Blvd&Arguello Blvd NW-FS/BB,37.781313,"Washington, George Washington High School",-122.458955,0 days 00:15:24.666666666,38,Census Tract 451
7854,Geary Blvd&Arguello Blvd NW-FS/BB,37.781313,"Washington, George Washington High School",-122.458955,0 days 00:14:03.666666666,38,Census Tract 451
7854,Geary Blvd&Arguello Blvd NW-FS/BB,37.781313,"Washington, George Washington High School",-122.458955,0 days 00:11:45.578947368,38,Census Tract 451
7854,Geary Blvd&Arguello Blvd NW-FS/BB,37.781313,"Washington, George Washington High School",-122.458955,0 days 00:12:39.473684210,38,Census Tract 451
7854,Geary Blvd&Arguello Blvd NW-FS/BB,37.781313,"Washington, George Washington High School",-122.458955,0 days 00:16:43.666666666,38,Census Tract 451
7854,Geary Blvd&Arguello Blvd NW-FS/BB,37.781313,"Washington, George Washington High School",-122.458955,0 days 00:14:10.272727272,38,Census Tract 451
7854,Geary Blvd&Arguello Blvd NW-FS/BB,37.781313,"Washington, George Washington High School",-122.458955,0 days 00:11:34.615384615,38R,Census Tract 451
4430,Divisadero St&North Point St NW-NS,37.802844,Galileo High School,-122.443514,0 days 00:08:10.785714285,30,Census Tract 127
4430,Divisadero St&North Point St NW-NS,37.802844,Galileo High School,-122.443514,0 days 00:11:41.384615384,30,Census Tract 127
4430,Divisadero St&North Point St NW-NS,37.802844,Galileo High School,-122.443514,0 days 00:10:30.214285714,30,Census Tract 127
4430,Divisadero St&North Point St NW-NS,37.802844,Galileo High School,-122.443514,0 days 00:09:49.785714285,30,Census Tract 127
4430,Divisadero St&North Point St NW-NS,37.802844,Galileo High School,-122.443514,0 days 00:09:14.357142857,30,Census Tract 127
4435,Divisadero St&Sutter St SW-FS/BZ,37.78515,Gateway High School / Kipp Sf Bay Academy,-122.439939,0 days 00:03:00,24,Census Tract 155
4435,Divisadero St&Sutter St SW-FS/BZ,37.78515,Gateway High School / Kipp Sf Bay Academy,-122.439939,0 days 00:01:18.076923076,24,Census Tract 155
3394,19th Ave&Taraval St NE-FS/BB,37.74331,"Lincoln, Abraham Lincoln High School",-122.47554,0 days 00:01:32.526315789,28,Census Tract 304
3394,19th Ave&Taraval St NE-FS/BB,37.74331,Galileo High School,-122.47554,0 days 00:35:20.800000,28,Census Tract 304
3394,19th Ave&Taraval St NE-FS/BB,37.74331,Galileo High School,-122.47554,0 days 00:34:29.800000,28,Census Tract 304
3394,19th Ave&Taraval St NE-FS/BB,37.74331,Galileo High School,-122.47554,0 days 00:32:51.800000,28,Census Tract 304
3394,19th Ave&Taraval St NE-FS/BB,37.74331,Galileo High School,-122.47554,0 days 00:33:41.800000,28,Census Tract 304
4915,Grafton Ave&Plymouth Ave SW-NS/PS,37.719962,"Burton, Phillip And Sala Burton High School",-122.456232,0 days 00:15:28.944444444,29,Census Tract 312.02
4915,Grafton Ave&Plymouth Ave SW-NS/PS,37.719962,"Burton, Phillip And Sala Burton High School",-122.456232,0 days 00:14:05,29,Census Tract 312.02
4915,Grafton Ave&Plymouth Ave SW-NS/PS,37.719962,"Burton, Phillip And Sala Burton High School",-122.456232,0 days 00:15:15.277777777,29,Census Tract 312.02
4915,Grafton Ave&Plymouth Ave SW-NS/PS,37.719962,"Burton, Phillip And Sala Burton High School",-122.456232,0 days 00:14:32.722222222,29,Census Tract 312.02
4915,Grafton Ave&Plymouth Ave SW-NS/PS,37.719962,"Burton, Phillip And Sala Burton High School",-122.456232,0 days 00:15:01.333333333,29,Census Tract 312.02
4131,Connecticut St&Cesar Chavez St NE-FS,37.750002,Galileo High School,-122.39622,0 days 00:41:42.857142857,19,Census Tract 9809
4131,Connecticut St&Cesar Chavez St NE-FS,37.750002,Galileo High School,-122.39622,0 days 00:41:14,19,Census Tract 9809
4131,Connecticut St&Cesar Chavez St NE-FS,37.750002,Galileo High School,-122.39622,0 days 00:40:13.571428571,19,Census Tract 9809
4131,Connecticut St&Cesar Chavez St NE-FS,37.750002,Galileo High School,-122.39622,0 days 00:39:19.571428571,19,Census Tract 9809
4131,Connecticut St&Cesar Chavez St NE-FS,37.750002,Galileo High School,-122.39622,0 days 00:38:13.142857142,19,Census Tract 9809
3585,46th Ave&Moraga St SE-NS/SB,37.754756,"Washington, George Washington High School",-122.505449,0 days 00:13:05.750000,18,Census Tract 352.01
3585,46th Ave&Moraga St SE-NS/SB,37.754756,"Washington, George Washington High School",-122.505449,0 days 00:14:12.750000,18,Census Tract 352.01
3585,46th Ave&Moraga St SE-NS/SB,37.754756,"Washington, George Washington High School",-122.505449,0 days 00:13:30.750000,18,Census Tract 352.01
3585,46th Ave&Moraga St SE-NS/SB,37.754756,"Washington, George Washington High School",-122.505449,0 days 00:15:06.750000,18,Census Tract 352.01
5017,Hermann St&Fillmore St NE-NS/BZ,37.770307,Gateway High School / Kipp Sf Bay Academy,-122.429929,0 days 00:10:02.843750,22,Census Tract 168.01
5017,Hermann St&Fillmore St NE-NS/BZ,37.770307,Gateway High School / Kipp Sf Bay Academy,-122.429929,0 days 00:08:57.718750,22,Census Tract 168.01
5162,Jackson St&Steiner St NE-NS/AB,37.79235,Gateway High School / Kipp Sf Bay Academy,-122.436109,0 days 00:08:12.818181818,24,Census Tract 132
5162,Jackson St&Steiner St NE-NS/AB,37.79235,Gateway High School / Kipp Sf Bay Academy,-122.436109,0 days 00:06:30.818181818,24,Census Tract 132
5162,Jackson St&Steiner St NE-NS/AB,37.79235,Gateway High School / Kipp Sf Bay Academy,-122.436109,0 days 00:05:14.173913043,24,Census Tract 132
3070,Balboa St&Park Presidio Blvd NW-FS,37.776895,"Washington, George Washington High School",-122.472227,0 days 00:04:04.642857142,31,Census Tract 476
3070,Balboa St&Park Presidio Blvd NW-FS,37.776895,"Washington, George Washington High School",-122.472227,0 days 00:04:42.857142857,31,Census Tract 476
3070,Balboa St&Park Presidio Blvd NW-FS,37.776895,"Washington, George Washington High School",-122.472227,0 days 00:05:12.857142857,31,Census Tract 476
3070,Balboa St&Park Presidio Blvd NW-FS,37.776895,"Washington, George Washington High School",-122.472227,0 days 00:05:56.928571428,31,Census Tract 476
5913,Persia Ave&Mission St S-FS/BZ,37.722941,"Burton, Phillip And Sala Burton High School",-122.435765,0 days 00:08:13.789473684,29,Census Tract 260.01
5913,Persia Ave&Mission St S-FS/BZ,37.722941,"Burton, Phillip And Sala Burton High School",-122.435765,0 days 00:06:50.105263157,29,Census Tract 260.01
5913,Persia Ave&Mission St S-FS/BZ,37.722941,"Burton, Phillip And Sala Burton High School",-122.435765,0 days 00:08:00.157894736,29,Census Tract 260.01
5913,Persia Ave&Mission St S-FS/BZ,37.722941,"Burton, Phillip And Sala Burton High School",-122.435765,0 days 00:07:17.736842105,29,Census Tract 260.01
5913,Persia Ave&Mission St S-FS/BZ,37.722941,"Burton, Phillip And Sala Burton High School",-122.435765,0 days 00:07:46.263157894,29,Census Tract 260.01
3581,46th Ave&Lawton St SE-NS/PS,37.756612,"Washington, George Washington High School",-122.505577,0 days 00:12:26,18,Census Tract 352.01
3581,46th Ave&Lawton St SE-NS/PS,37.756612,"Washington, George Washington High School",-122.505577,0 days 00:13:33,18,Census Tract 352.01
3581,46th Ave&Lawton St SE-NS/PS,37.756612,"Washington, George Washington High School",-122.505577,0 days 00:12:51,18,Census Tract 352.01
3581,46th Ave&Lawton St SE-NS/PS,37.756612,"Washington, George Washington High School",-122.505577,0 days 00:14:27,18,Census Tract 352.01
3041,Balboa St&12TH Ave SW-NS/PS,37.776868,Gateway High School / Kipp Sf Bay Academy,-122.470531,0 days 00:11:18,31,Census Tract 452.01
3041,Balboa St&12TH Ave SW-NS/PS,37.776868,Gateway High School / Kipp Sf Bay Academy,-122.470531,0 days 00:12:29.500000,31,Census Tract 452.01
3041,Balboa St&12TH Ave SW-NS/PS,37.776868,Gateway High School / Kipp Sf Bay Academy,-122.470531,0 days 00:11:51,31,Census Tract 452.01
4873,Legion of Honor SE-NS/BZ,37.785015,"Washington, George Washington High School",-122.499592,0 days 00:05:06,18,Census Tract 9802
4873,Legion of Honor SE-NS/BZ,37.785015,"Washington, George Washington High School",-122.499592,0 days 00:03:49,18,Census Tract 9802
4873,Legion of Honor SE-NS/BZ,37.785015,"Washington, George Washington High School",-122.499592,0 days 00:04:35,18,Census Tract 9802
4873,Legion of Honor SE-NS/BZ,37.785015,"Washington, George Washington High School",-122.499592,0 days 00:03:00,18,Census Tract 9802
7983,Moscow St&Brazil Ave E-NS/PS,37.721138,"Burton, Phillip And Sala Burton High School",-122.427622,0 days 00:07:16.083333333,54,Census Tract 260.03
7983,Moscow St&Brazil Ave E-NS/PS,37.721138,"Burton, Phillip And Sala Burton High School",-122.427622,0 days 00:07:33.500000,54,Census Tract 260.03
5684,Market St&Montgomery St W-FS/BZ,37.78849,"Washington, George Washington High School",-122.40248,0 days 00:41:49.200000,38,Census Tract 117
5684,Market St&Montgomery St W-FS/BZ,37.78849,"Washington, George Washington High School",-122.40248,0 days 00:42:30,38,Census Tract 117
5684,Market St&Montgomery St W-FS/BZ,37.78849,"Washington, George Washington High School",-122.40248,0 days 00:41:12,38,Census Tract 117
5684,Market St&Montgomery St W-FS/BZ,37.78849,"Washington, George Washington High School",-122.40248,0 days 00:39:33.933333333,38,Census Tract 117
5684,Market St&Montgomery St W-FS/BZ,37.78849,"Washington, George Washington High School",-122.40248,0 days 00:40:28.200000,38,Census Tract 117
5684,Market St&Montgomery St W-FS/BZ,37.78849,"Washington, George Washington High School",-122.40248,0 days 00:43:48,38,Census Tract 117
5684,Market St&Montgomery St W-FS/BZ,37.78849,"Washington, George Washington High School",-122.40248,0 days 00:41:45,38,Census Tract 117
5684,Market St&Montgomery St W-FS/BZ,37.78849,"Washington, George Washington High School",-122.40248,0 days 00:32:30,38R,Census Tract 117
5684,Market St&Montgomery St W-FS/BZ,37.78849,Gateway High School / Kipp Sf Bay Academy,-122.40248,0 days 00:18:39.909090909,38,Census Tract 117
5684,Market St&Montgomery St W-FS/BZ,37.78849,Gateway High School / Kipp Sf Bay Academy,-122.40248,0 days 00:14:09.880000,38R,Census Tract 117
5684,Market St&Montgomery St W-FS/BZ,37.78849,Gateway High School / Kipp Sf Bay Academy,-122.40248,0 days 00:15:38.181818181,38,Census Tract 117
5684,Market St&Montgomery St W-FS/BZ,37.78849,Gateway High School / Kipp Sf Bay Academy,-122.40248,0 days 00:12:02.222222222,38R,Census Tract 117
5684,Market St&Montgomery St W-FS/BZ,37.78849,Gateway High School / Kipp Sf Bay Academy,-122.40248,0 days 00:17:52.090909090,38,Census Tract 117
6709,Turk St&Arguello Blvd SE-FS/BZ,37.77715,Gateway High School / Kipp Sf Bay Academy,-122.45818,0 days 00:07:20,31,Census Tract 156
6709,Turk St&Arguello Blvd SE-FS/BZ,37.77715,Gateway High School / Kipp Sf Bay Academy,-122.45818,0 days 00:08:31.500000,31,Census Tract 156
6709,Turk St&Arguello Blvd SE-FS/BZ,37.77715,Gateway High School / Kipp Sf Bay Academy,-122.45818,0 days 00:07:53,31,Census Tract 156
7766,Mission Bay South & 4th St,37.770513,Gateway High School / Kipp Sf Bay Academy,-122.391037,0 days 00:31:28.588235294,22,Census Tract 607.01
7766,Mission Bay South & 4th St,37.770513,Gateway High School / Kipp Sf Bay Academy,-122.391037,0 days 00:30:22.647058823,22,Census Tract 607.01
4647,Fitzgerald Ave&Jennings St W-NS/PS,37.722028,"Burton, Phillip And Sala Burton High School",-122.39332,0 days 00:12:12.545454545,29,Census Tract 234
4647,Fitzgerald Ave&Jennings St W-NS/PS,37.722028,"Burton, Phillip And Sala Burton High School",-122.39332,0 days 00:13:48.272727272,29,Census Tract 234
4647,Fitzgerald Ave&Jennings St W-NS/PS,37.722028,"Burton, Phillip And Sala Burton High School",-122.39332,0 days 00:12:33.363636363,29,Census Tract 234
4647,Fitzgerald Ave&Jennings St W-NS/PS,37.722028,"Burton, Phillip And Sala Burton High School",-122.39332,0 days 00:13:15.545454545,29,Census Tract 234
4647,Fitzgerald Ave&Jennings St W-NS/PS,37.722028,"Burton, Phillip And Sala Burton High School",-122.39332,0 days 00:12:46.272727272,29,Census Tract 234
7204,Cabrillo St&La Playa SE-FS/BZ,37.773206,"Washington, George Washington High School",-122.509876,0 days 00:07:14.333333333,31,Census Tract 479.04
7204,Cabrillo St&La Playa SE-FS/BZ,37.773206,"Washington, George Washington High School",-122.509876,0 days 00:06:36.666666666,31,Census Tract 479.04
7204,Cabrillo St&La Playa SE-FS/BZ,37.773206,"Washington, George Washington High School",-122.509876,0 days 00:05:59,31,Census Tract 479.04
7204,Cabrillo St&La Playa SE-FS/BZ,37.773206,"Washington, George Washington High School",-122.509876,0 days 00:05:59,18,Census Tract 479.04
7204,Cabrillo St&La Playa SE-FS/BZ,37.773206,"Washington, George Washington High School",-122.509876,0 days 00:05:21.333333333,31,Census Tract 479.04
7204,Cabrillo St&La Playa SE-FS/BZ,37.773206,"Washington, George Washington High School",-122.509876,0 days 00:07:06,18,Census Tract 479.04
7204,Cabrillo St&La Playa SE-FS/BZ,37.773206,"Washington, George Washington High School",-122.509876,0 days 00:06:24,18,Census Tract 479.04
7204,Cabrillo St&La Playa SE-FS/BZ,37.773206,"Washington, George Washington High School",-122.509876,0 days 00:08:00,18,Census Tract 479.04
7204,Cabrillo St&La Playa SE-FS/BZ,37.773206,Gateway High School / Kipp Sf Bay Academy,-122.509876,0 days 00:23:37.333333333,31,Census Tract 479.04
7204,Cabrillo St&La Playa SE-FS/BZ,37.773206,Gateway High School / Kipp Sf Bay Academy,-122.509876,0 days 00:24:48.833333333,31,Census Tract 479.04
7204,Cabrillo St&La Playa SE-FS/BZ,37.773206,Gateway High School / Kipp Sf Bay Academy,-122.509876,0 days 00:24:10.333333333,31,Census Tract 479.04
4848,Larkin St&Grove St NE-FS/BZ,37.778901,Galileo High School,-122.416545,0 days 00:17:29.090909090,19,Census Tract 124.05
4848,Larkin St&Grove St NE-FS/BZ,37.778901,Galileo High School,-122.416545,0 days 00:17:01.272727272,19,Census Tract 124.05
4848,Larkin St&Grove St NE-FS/BZ,37.778901,Galileo High School,-122.416545,0 days 00:16:03.363636363,19,Census Tract 124.05
4848,Larkin St&Grove St NE-FS/BZ,37.778901,Galileo High School,-122.416545,0 days 00:15:11.545454545,19,Census Tract 124.05
4848,Larkin St&Grove St NE-FS/BZ,37.778901,Galileo High School,-122.416545,0 days 00:14:07.818181818,19,Census Tract 124.05
6593,Sutter St&Gough St NE-NS/BZ,37.787207,Gateway High School / Kipp Sf Bay Academy,-122.424924,0 days 00:06:32.545454545,2,Census Tract 151
6593,Sutter St&Gough St NE-NS/BZ,37.787207,Gateway High School / Kipp Sf Bay Academy,-122.424924,0 days 00:06:04.833333333,2,Census Tract 151
6593,Sutter St&Gough St NE-NS/BZ,37.787207,Gateway High School / Kipp Sf Bay Academy,-122.424924,0 days 00:04:44.833333333,2,Census Tract 151
5469,North Point St&Polk St SE-FS/BZ,37.805241,Galileo High School,-122.423494,0 days 00:01:24,19,Census Tract 102.02
5469,North Point St&Polk St SE-FS/BZ,37.805241,Galileo High School,-122.423494,0 days 00:00:56.714285714,19,Census Tract 102.02
5469,North Point St&Polk St SE-FS/BZ,37.805241,Galileo High School,-122.423494,0 days 00:00:49.764705882,28,Census Tract 102.02
5469,North Point St&Polk St SE-FS/BZ,37.805241,Galileo High School,-122.423494,0 days 00:01:23.909090909,30,Census Tract 102.02
3828,California St&10TH Ave NW-FS/PS,37.784665,"Washington, George Washington High School",-122.469159,0 days 00:08:24.269230769,1,Census Tract 402
3828,California St&10TH Ave NW-FS/PS,37.784665,"Washington, George Washington High School",-122.469159,0 days 00:08:49.615384615,1,Census Tract 402
4838,Lake Merced&Middlefield Dr NE-NS,37.729628,"Washington, George Washington High School",-122.486404,0 days 00:25:34,18,Census Tract 332.01
4838,Lake Merced&Middlefield Dr NE-NS,37.729628,"Washington, George Washington High School",-122.486404,0 days 00:26:41,18,Census Tract 332.01
4838,Lake Merced&Middlefield Dr NE-NS,37.729628,"Washington, George Washington High School",-122.486404,0 days 00:25:59,18,Census Tract 332.01
4838,Lake Merced&Middlefield Dr NE-NS,37.729628,"Washington, George Washington High School",-122.486404,0 days 00:27:35,18,Census Tract 332.01
6297,Sacramento St&Franklin St NE-NS/BZ,37.79118,"Washington, George Washington High School",-122.42407,0 days 00:25:09.250000,1,Census Tract 131.01
6297,Sacramento St&Franklin St NE-NS/BZ,37.79118,"Washington, George Washington High School",-122.42407,0 days 00:25:35.100000,1,Census Tract 131.01
6961,Wisconsin St&25th St NW-NS/SB,37.752287,Galileo High School,-122.398556,0 days 00:39:23.857142857,19,Census Tract 614.01
6961,Wisconsin St&25th St NW-NS/SB,37.752287,Galileo High School,-122.398556,0 days 00:38:55,19,Census Tract 614.01
6961,Wisconsin St&25th St NW-NS/SB,37.752287,Galileo High School,-122.398556,0 days 00:37:54.571428571,19,Census Tract 614.01
6961,Wisconsin St&25th St NW-NS/SB,37.752287,Galileo High School,-122.398556,0 days 00:37:00.571428571,19,Census Tract 614.01
6961,Wisconsin St&25th St NW-NS/SB,37.752287,Galileo High School,-122.398556,0 days 00:35:54.142857142,19,Census Tract 614.01
4768,Geary Blvd&Van Ness Ave NW-FS/BB,37.785745,"Washington, George Washington High School",-122.421575,0 days 00:31:38.666666666,38,Census Tract 151
4768,Geary Blvd&Van Ness Ave NW-FS/BB,37.785745,"Washington, George Washington High School",-122.421575,0 days 00:32:21,38,Census Tract 151
4768,Geary Blvd&Van Ness Ave NW-FS/BB,37.785745,"Washington, George Washington High School",-122.421575,0 days 00:31:00,38,Census Tract 151
4768,Geary Blvd&Van Ness Ave NW-FS/BB,37.785745,"Washington, George Washington High School",-122.421575,0 days 00:29:19.625000,38,Census Tract 151
4768,Geary Blvd&Van Ness Ave NW-FS/BB,37.785745,"Washington, George Washington High School",-122.421575,0 days 00:30:13.625000,38,Census Tract 151
4768,Geary Blvd&Van Ness Ave NW-FS/BB,37.785745,"Washington, George Washington High School",-122.421575,0 days 00:33:40,38,Census Tract 151
4768,Geary Blvd&Van Ness Ave NW-FS/BB,37.785745,"Washington, George Washington High School",-122.421575,0 days 00:31:45,38,Census Tract 151
4768,Geary Blvd&Van Ness Ave NW-FS/BB,37.785745,"Washington, George Washington High School",-122.421575,0 days 00:24:31.304347826,38R,Census Tract 151
4768,Geary Blvd&Van Ness Ave NW-FS/BB,37.785745,Gateway High School / Kipp Sf Bay Academy,-122.421575,0 days 00:08:32.391304347,38,Census Tract 151
4768,Geary Blvd&Van Ness Ave NW-FS/BB,37.785745,Gateway High School / Kipp Sf Bay Academy,-122.421575,0 days 00:06:12,38R,Census Tract 151
4768,Geary Blvd&Van Ness Ave NW-FS/BB,37.785745,Gateway High School / Kipp Sf Bay Academy,-122.421575,0 days 00:05:31.304347826,38,Census Tract 151
4768,Geary Blvd&Van Ness Ave NW-FS/BB,37.785745,Gateway High School / Kipp Sf Bay Academy,-122.421575,0 days 00:04:00,38R,Census Tract 151
4768,Geary Blvd&Van Ness Ave NW-FS/BB,37.785745,Gateway High School / Kipp Sf Bay Academy,-122.421575,0 days 00:07:44.739130434,38,Census Tract 151
6724,Turk St&Masonic Ave NW-FS/BZ,37.778664,"Washington, George Washington High School",-122.447206,0 days 00:11:00.357142857,31,Census Tract 157.01
6724,Turk St&Masonic Ave NW-FS/BZ,37.778664,"Washington, George Washington High School",-122.447206,0 days 00:11:38.571428571,31,Census Tract 157.01
6724,Turk St&Masonic Ave NW-FS/BZ,37.778664,"Washington, George Washington High School",-122.447206,0 days 00:12:08.571428571,31,Census Tract 157.01
6724,Turk St&Masonic Ave NW-FS/BZ,37.778664,"Washington, George Washington High School",-122.447206,0 days 00:12:52.642857142,31,Census Tract 157.01
5547,Mission St&14th St NE-FS/BZ,37.76862,Galileo High School,-122.41993,0 days 00:17:30.241379310,49,Census Tract 201.01
5547,Mission St&14th St NE-FS/BZ,37.76862,Galileo High School,-122.41993,0 days 00:18:07.666666666,49,Census Tract 201.01
5547,Mission St&14th St NE-FS/BZ,37.76862,Galileo High School,-122.41993,0 days 00:18:31.666666666,49,Census Tract 201.01
3628,Alemany Blvd&St Charles Ave SW-NS/SB,37.710359,"Burton, Phillip And Sala Burton High School",-122.469458,0 days 00:28:03.666666666,54,Census Tract 313.02
3628,Alemany Blvd&St Charles Ave SW-NS/SB,37.710359,"Burton, Phillip And Sala Burton High School",-122.469458,0 days 00:28:21.333333333,54,Census Tract 313.02
5733,Noe St&27th St SE-NS/PS,37.74654,Gateway High School / Kipp Sf Bay Academy,-122.43132,0 days 00:18:22.117647058,24,Census Tract 215
5733,Noe St&27th St SE-NS/PS,37.74654,Gateway High School / Kipp Sf Bay Academy,-122.43132,0 days 00:20:26,24,Census Tract 215
5733,Noe St&27th St SE-NS/PS,37.74654,Gateway High School / Kipp Sf Bay Academy,-122.43132,0 days 00:21:32.705882352,24,Census Tract 215
7151,Portola Dr&Claremont Blvd NE-NS,37.73985,"Lincoln, Abraham Lincoln High School",-122.46504,0 days 00:07:55.812500,48,Census Tract 308
7151,Portola Dr&Claremont Blvd NE-NS,37.73985,"Lincoln, Abraham Lincoln High School",-122.46504,0 days 00:08:35.062500,48,Census Tract 308
7151,Portola Dr&Claremont Blvd NE-NS,37.73985,"Lincoln, Abraham Lincoln High School",-122.46504,0 days 00:09:14.312500,48,Census Tract 308
3216,9th Ave&Kirkham St NW-NS/BZ,37.760407,"Lincoln, Abraham Lincoln High School",-122.466149,0 days 00:07:46.111111111,66,Census Tract 302.02
3216,9th Ave&Kirkham St NW-NS/BZ,37.760407,"Lincoln, Abraham Lincoln High School",-122.466149,0 days 00:08:14,66,Census Tract 302.02
3216,9th Ave&Kirkham St NW-NS/BZ,37.760407,"Lincoln, Abraham Lincoln High School",-122.466149,0 days 00:08:37,66,Census Tract 302.02
7325,Garfield St&Byxbee St SW-NS/SB,37.719585,"Burton, Phillip And Sala Burton High School",-122.469953,0 days 00:19:45.944444444,29,Census Tract 313.01
7325,Garfield St&Byxbee St SW-NS/SB,37.719585,"Burton, Phillip And Sala Burton High School",-122.469953,0 days 00:18:22,29,Census Tract 313.01
7325,Garfield St&Byxbee St SW-NS/SB,37.719585,"Burton, Phillip And Sala Burton High School",-122.469953,0 days 00:19:32.277777777,29,Census Tract 313.01
7325,Garfield St&Byxbee St SW-NS/SB,37.719585,"Burton, Phillip And Sala Burton High School",-122.469953,0 days 00:18:49.722222222,29,Census Tract 313.01
7325,Garfield St&Byxbee St SW-NS/SB,37.719585,"Burton, Phillip And Sala Burton High School",-122.469953,0 days 00:19:18.333333333,29,Census Tract 313.01
3049,Balboa St&23RD Ave NE-NS/PS,37.77647,"Washington, George Washington High School",-122.48219,0 days 00:01:25.500000,31,Census Tract 477.01
3049,Balboa St&23RD Ave NE-NS/PS,37.77647,"Washington, George Washington High School",-122.48219,0 days 00:02:03.714285714,31,Census Tract 477.01
3049,Balboa St&23RD Ave NE-NS/PS,37.77647,"Washington, George Washington High School",-122.48219,0 days 00:02:33.714285714,31,Census Tract 477.01
3049,Balboa St&23RD Ave NE-NS/PS,37.77647,"Washington, George Washington High School",-122.48219,0 days 00:03:17.785714285,31,Census Tract 477.01
3942,Chestnut St&Fillmore St SW-NS/BZ,37.800738,Galileo High School,-122.436371,0 days 00:04:23.176470588,30,Census Tract 128.02
3942,Chestnut St&Fillmore St SW-NS/BZ,37.800738,Galileo High School,-122.436371,0 days 00:07:53.875000,30,Census Tract 128.02
3942,Chestnut St&Fillmore St SW-NS/BZ,37.800738,Galileo High School,-122.436371,0 days 00:06:39.764705882,30,Census Tract 128.02
3942,Chestnut St&Fillmore St SW-NS/BZ,37.800738,Galileo High School,-122.436371,0 days 00:06:00,30,Census Tract 128.02
3942,Chestnut St&Fillmore St SW-NS/BZ,37.800738,Galileo High School,-122.436371,0 days 00:05:25.294117647,30,Census Tract 128.02
3499,25th Ave&Fulton St NW-NS/PS,37.772689,"Burton, Phillip And Sala Burton High School",-122.484295,0 days 00:49:44.600000,29,Census Tract 477.02
3499,25th Ave&Fulton St NW-NS/PS,37.772689,"Burton, Phillip And Sala Burton High School",-122.484295,0 days 00:48:19.600000,29,Census Tract 477.02
3499,25th Ave&Fulton St NW-NS/PS,37.772689,"Burton, Phillip And Sala Burton High School",-122.484295,0 days 00:49:30.800000,29,Census Tract 477.02
3499,25th Ave&Fulton St NW-NS/PS,37.772689,"Burton, Phillip And Sala Burton High School",-122.484295,0 days 00:48:47.600000,29,Census Tract 477.02
3499,25th Ave&Fulton St NW-NS/PS,37.772689,"Burton, Phillip And Sala Burton High School",-122.484295,0 days 00:49:16.600000,29,Census Tract 477.02
6702,Topeka Ave&Bridge View Dr E-NS,37.7333,"Burton, Phillip And Sala Burton High School",-122.39762,0 days 00:06:25.071428571,54,Census Tract 230.03
6702,Topeka Ave&Bridge View Dr E-NS,37.7333,"Burton, Phillip And Sala Burton High School",-122.39762,0 days 00:06:08.571428571,54,Census Tract 230.03
6835,Vicente St&30th Ave SE-FS/BZ,37.738765,"Lincoln, Abraham Lincoln High School",-122.487131,0 days 00:05:44.666666666,66,Census Tract 330.02
6835,Vicente St&30th Ave SE-FS/BZ,37.738765,"Lincoln, Abraham Lincoln High School",-122.487131,0 days 00:05:14,66,Census Tract 330.02
6835,Vicente St&30th Ave SE-FS/BZ,37.738765,"Lincoln, Abraham Lincoln High School",-122.487131,0 days 00:04:47,66,Census Tract 330.02
4839,Lake Merced&Middlefield Dr SE-FS/SB,37.729441,"Burton, Phillip And Sala Burton High School",-122.48629,0 days 00:28:50.666666666,29,Census Tract 604
4839,Lake Merced&Middlefield Dr SE-FS/SB,37.729441,"Burton, Phillip And Sala Burton High School",-122.48629,0 days 00:27:25.733333333,29,Census Tract 604
4839,Lake Merced&Middlefield Dr SE-FS/SB,37.729441,"Burton, Phillip And Sala Burton High School",-122.48629,0 days 00:28:36.866666666,29,Census Tract 604
4839,Lake Merced&Middlefield Dr SE-FS/SB,37.729441,"Burton, Phillip And Sala Burton High School",-122.48629,0 days 00:27:53.800000,29,Census Tract 604
4839,Lake Merced&Middlefield Dr SE-FS/SB,37.729441,"Burton, Phillip And Sala Burton High School",-122.48629,0 days 00:28:22.733333333,29,Census Tract 604
3478,24th St&Noe St NE-NS/BZ,37.751511,"Lincoln, Abraham Lincoln High School",-122.431773,0 days 00:17:58.933333333,48,Census Tract 211
3478,24th St&Noe St NE-NS/BZ,37.751511,"Lincoln, Abraham Lincoln High School",-122.431773,0 days 00:18:38.333333333,48,Census Tract 211
3478,24th St&Noe St NE-NS/BZ,37.751511,"Lincoln, Abraham Lincoln High School",-122.431773,0 days 00:19:17.733333333,48,Census Tract 211
6149,Quintara St&27th Ave SW-NS/PS,37.74822,"Lincoln, Abraham Lincoln High School",-122.48477,0 days 00:01:39,48,Census Tract 328.01
6149,Quintara St&27th Ave SW-NS/PS,37.74822,"Lincoln, Abraham Lincoln High School",-122.48477,0 days 00:01:16,66,Census Tract 328.01
6149,Quintara St&27th Ave SW-NS/PS,37.74822,"Lincoln, Abraham Lincoln High School",-122.48477,0 days 00:00:59,48,Census Tract 328.01
6149,Quintara St&27th Ave SW-NS/PS,37.74822,"Lincoln, Abraham Lincoln High School",-122.48477,0 days 00:00:45.333333333,66,Census Tract 328.01
6149,Quintara St&27th Ave SW-NS/PS,37.74822,"Lincoln, Abraham Lincoln High School",-122.48477,0 days 00:00:24,48,Census Tract 328.01
6149,Quintara St&27th Ave SW-NS/PS,37.74822,"Lincoln, Abraham Lincoln High School",-122.48477,0 days 00:00:18.333333333,66,Census Tract 328.01
5145,Jackson St&Divisadero St NE-NS/PS,37.791724,Gateway High School / Kipp Sf Bay Academy,-122.440888,0 days 00:06:22.636363636,24,Census Tract 132
5145,Jackson St&Divisadero St NE-NS/PS,37.791724,Gateway High School / Kipp Sf Bay Academy,-122.440888,0 days 00:04:40.636363636,24,Census Tract 132
5145,Jackson St&Divisadero St NE-NS/PS,37.791724,Gateway High School / Kipp Sf Bay Academy,-122.440888,0 days 00:03:23.521739130,24,Census Tract 132
3551,33rd Ave&Anza St NW-NS/SB,37.777861,"Washington, George Washington High School",-122.493249,0 days 00:01:17,18,Census Tract 478.02
3551,33rd Ave&Anza St NW-NS/SB,37.777861,"Washington, George Washington High School",-122.493249,0 days 00:00:46,18,Census Tract 478.02
3551,33rd Ave&Anza St NW-NS/SB,37.777861,"Washington, George Washington High School",-122.493249,0 days 00:00:43.428571428,38,Census Tract 478.02
3551,33rd Ave&Anza St NW-NS/SB,37.777861,"Washington, George Washington High School",-122.493249,0 days 00:02:03.142857142,38,Census Tract 478.02
5446,Mt Vernon Ave&Howth St W-NS,37.71969,"Burton, Phillip And Sala Burton High School",-122.45177,0 days 00:19:19.272727272,54,Census Tract 312.02
5446,Mt Vernon Ave&Howth St W-NS,37.71969,"Burton, Phillip And Sala Burton High School",-122.45177,0 days 00:19:36.636363636,54,Census Tract 312.02
3129,3rd St&Innes Ave SW-FS/BZ,37.73932,"Burton, Phillip And Sala Burton High School",-122.38926,0 days 00:18:38.363636363,54,Census Tract 9809
3129,3rd St&Innes Ave SW-FS/BZ,37.73932,"Burton, Phillip And Sala Burton High School",-122.38926,0 days 00:18:21.727272727,54,Census Tract 9809
5320,Lincoln Way&31st Ave NW-FS/BZ,37.764943,"Burton, Phillip And Sala Burton High School",-122.490422,0 days 00:42:19.636363636,29,Census Tract 9803
5320,Lincoln Way&31st Ave NW-FS/BZ,37.764943,"Burton, Phillip And Sala Burton High School",-122.490422,0 days 00:40:53.818181818,29,Census Tract 9803
5320,Lincoln Way&31st Ave NW-FS/BZ,37.764943,"Burton, Phillip And Sala Burton High School",-122.490422,0 days 00:42:05.727272727,29,Census Tract 9803
5320,Lincoln Way&31st Ave NW-FS/BZ,37.764943,"Burton, Phillip And Sala Burton High School",-122.490422,0 days 00:41:22.090909090,29,Census Tract 9803
5320,Lincoln Way&31st Ave NW-FS/BZ,37.764943,"Burton, Phillip And Sala Burton High School",-122.490422,0 days 00:41:51.363636363,29,Census Tract 9803
3579,46th Ave&Kirkham St SE-NS/PS,37.758485,"Washington, George Washington High School",-122.505716,0 days 00:11:46,18,Census Tract 352.01
3579,46th Ave&Kirkham St SE-NS/PS,37.758485,"Washington, George Washington High School",-122.505716,0 days 00:12:53,18,Census Tract 352.01
3579,46th Ave&Kirkham St SE-NS/PS,37.758485,"Washington, George Washington High School",-122.505716,0 days 00:12:11,18,Census Tract 352.01
3579,46th Ave&Kirkham St SE-NS/PS,37.758485,"Washington, George Washington High School",-122.505716,0 days 00:13:47,18,Census Tract 352.01
4584,Felton St&Cambridge St SW-NS,37.72637,"Burton, Phillip And Sala Burton High School",-122.41851,0 days 00:03:52.583333333,54,Census Tract 256
4584,Felton St&Cambridge St SW-NS,37.72637,"Burton, Phillip And Sala Burton High School",-122.41851,0 days 00:04:10,54,Census Tract 256
7038,Powell St&Beach St SE-NS/BZ,37.807639,"Lincoln, Abraham Lincoln High School",-122.412141,0 days 00:34:24.833333333,28,Census Tract 101.01
7038,Powell St&Beach St SE-NS/BZ,37.807639,Galileo High School,-122.412141,0 days 00:04:26.571428571,28,Census Tract 101.01
7038,Powell St&Beach St SE-NS/BZ,37.807639,Galileo High School,-122.412141,0 days 00:05:17.857142857,28,Census Tract 101.01
7038,Powell St&Beach St SE-NS/BZ,37.807639,Galileo High School,-122.412141,0 days 00:06:59.315789473,28,Census Tract 101.01
7038,Powell St&Beach St SE-NS/BZ,37.807639,Galileo High School,-122.412141,0 days 00:06:00,28,Census Tract 101.01
4474,Eddy St&Divisadero St SE-FS/BZ,37.780546,Gateway High School / Kipp Sf Bay Academy,-122.438759,0 days 00:01:10.200000,31,Census Tract 158.01
4474,Eddy St&Divisadero St SE-FS/BZ,37.780546,Gateway High School / Kipp Sf Bay Academy,-122.438759,0 days 00:00:32.400000,31,Census Tract 158.01
6723,Turk St&Lyon St SW-NS/SB,37.778958,Gateway High School / Kipp Sf Bay Academy,-122.443791,0 days 00:02:27.200000,31,Census Tract 157.02
6723,Turk St&Lyon St SW-NS/SB,37.778958,Gateway High School / Kipp Sf Bay Academy,-122.443791,0 days 00:03:37.400000,31,Census Tract 157.02
6723,Turk St&Lyon St SW-NS/SB,37.778958,Gateway High School / Kipp Sf Bay Academy,-122.443791,0 days 00:02:59.600000,31,Census Tract 157.02
6602,Sutter St&Octavia St NW-FS/BZ,37.786933,Gateway High School / Kipp Sf Bay Academy,-122.427062,0 days 00:05:31.545454545,2,Census Tract 152.01
6602,Sutter St&Octavia St NW-FS/BZ,37.786933,Gateway High School / Kipp Sf Bay Academy,-122.427062,0 days 00:05:01.583333333,2,Census Tract 152.01
6602,Sutter St&Octavia St NW-FS/BZ,37.786933,Gateway High School / Kipp Sf Bay Academy,-122.427062,0 days 00:03:41.583333333,2,Census Tract 152.01
8090,Van Ness Ave&Eddy St NS-S/SI,37.782854,Galileo High School,-122.420785,0 days 00:09:31.156250,49,Census Tract 124.06
8090,Van Ness Ave&Eddy St NS-S/SI,37.782854,Galileo High School,-122.420785,0 days 00:10:13.033333333,49,Census Tract 124.06
8090,Van Ness Ave&Eddy St NS-S/SI,37.782854,Galileo High School,-122.420785,0 days 00:10:37.033333333,49,Census Tract 124.06
3839,California St&25TH Ave NE-NS/PS,37.78395,"Washington, George Washington High School",-122.48482,0 days 00:03:42.076923076,1,Census Tract 427
3839,California St&25TH Ave NE-NS/PS,37.78395,"Washington, George Washington High School",-122.48482,0 days 00:04:07.423076923,1,Census Tract 427
4805,Balboa Park BART Station SW-MB/BZ,37.720952,"Burton, Phillip And Sala Burton High School",-122.447379,0 days 00:17:18.545454545,54,Census Tract 261
4805,Balboa Park BART Station SW-MB/BZ,37.720952,"Burton, Phillip And Sala Burton High School",-122.447379,0 days 00:17:35.909090909,54,Census Tract 261
6953,Winston Dr&Buckingham Way NW-NS/BZ,37.728294,"Burton, Phillip And Sala Burton High School",-122.478929,0 days 00:26:44.533333333,29,Census Tract 332.01
6953,Winston Dr&Buckingham Way NW-NS/BZ,37.728294,"Burton, Phillip And Sala Burton High School",-122.478929,0 days 00:25:19.600000,29,Census Tract 332.01
6953,Winston Dr&Buckingham Way NW-NS/BZ,37.728294,"Burton, Phillip And Sala Burton High School",-122.478929,0 days 00:26:30.733333333,29,Census Tract 332.01
6953,Winston Dr&Buckingham Way NW-NS/BZ,37.728294,"Burton, Phillip And Sala Burton High School",-122.478929,0 days 00:25:47.666666666,29,Census Tract 332.01
6953,Winston Dr&Buckingham Way NW-NS/BZ,37.728294,"Burton, Phillip And Sala Burton High School",-122.478929,0 days 00:26:16.600000,29,Census Tract 332.01
5464,North Point St&Larkin St NE-NS/BZ,37.80559,"Lincoln, Abraham Lincoln High School",-122.42189,0 days 00:30:09.083333333,28,Census Tract 102.02
5464,North Point St&Larkin St NE-NS/BZ,37.80559,Galileo High School,-122.42189,0 days 00:00:51.285714285,28,Census Tract 102.02
5464,North Point St&Larkin St NE-NS/BZ,37.80559,Galileo High School,-122.42189,0 days 00:00:52.793103448,30,Census Tract 102.02
5464,North Point St&Larkin St NE-NS/BZ,37.80559,Galileo High School,-122.42189,0 days 00:02:32.684210526,28,Census Tract 102.02
5464,North Point St&Larkin St NE-NS/BZ,37.80559,Galileo High School,-122.42189,0 days 00:02:47.789473684,30,Census Tract 102.02
5464,North Point St&Larkin St NE-NS/BZ,37.80559,Galileo High School,-122.42189,0 days 00:01:33.428571428,28,Census Tract 102.02
5464,North Point St&Larkin St NE-NS/BZ,37.80559,Galileo High School,-122.42189,0 days 00:01:39.344827586,30,Census Tract 102.02
5464,North Point St&Larkin St NE-NS/BZ,37.80559,Galileo High School,-122.42189,0 days 00:04:06.842105263,30,Census Tract 102.02
6601,Sutter St&Mason St NW-FS/BZ,37.789062,Gateway High School / Kipp Sf Bay Academy,-122.410316,0 days 00:12:31.272727272,2,Census Tract 121
6601,Sutter St&Mason St NW-FS/BZ,37.789062,Gateway High School / Kipp Sf Bay Academy,-122.410316,0 days 00:12:11.583333333,2,Census Tract 121
6601,Sutter St&Mason St NW-FS/BZ,37.789062,Gateway High School / Kipp Sf Bay Academy,-122.410316,0 days 00:10:51.583333333,2,Census Tract 121
3368,19th Ave&Lawton St NE-FS/BB,37.758076,Galileo High School,-122.476633,0 days 00:29:12.230769230,28,Census Tract 303.01
3368,19th Ave&Lawton St NE-FS/BB,37.758076,Galileo High School,-122.476633,0 days 00:28:21.923076923,28,Census Tract 303.01
3368,19th Ave&Lawton St NE-FS/BB,37.758076,Galileo High School,-122.476633,0 days 00:26:44.923076923,28,Census Tract 303.01
3368,19th Ave&Lawton St NE-FS/BB,37.758076,Galileo High School,-122.476633,0 days 00:27:34.615384615,28,Census Tract 303.01
3543,30th St&Sanchez St NE-NS/BZ,37.74202,Gateway High School / Kipp Sf Bay Academy,-122.4286,0 days 00:21:29.470588235,24,Census Tract 215
3543,30th St&Sanchez St NE-NS/BZ,37.74202,Gateway High School / Kipp Sf Bay Academy,-122.4286,0 days 00:23:33.352941176,24,Census Tract 215
3543,30th St&Sanchez St NE-NS/BZ,37.74202,Gateway High School / Kipp Sf Bay Academy,-122.4286,0 days 00:24:40.058823529,24,Census Tract 215
4492,Eddy St&Scott St SW-NS/PS,37.780724,Gateway High School / Kipp Sf Bay Academy,-122.43736,0 days 00:00:37.800000,31,Census Tract 158.01
3300,16th St&Valencia St NE-NS/BZ,37.764987,Gateway High School / Kipp Sf Bay Academy,-122.421746,0 days 00:16:45.633333333,22,Census Tract 201.02
3300,16th St&Valencia St NE-NS/BZ,37.764987,Gateway High School / Kipp Sf Bay Academy,-122.421746,0 days 00:15:40.233333333,22,Census Tract 201.02
5995,Polk St&Pine St NE-FS/BZ,37.789769,Galileo High School,-122.420427,0 days 00:09:21,19,Census Tract 111.02
5995,Polk St&Pine St NE-FS/BZ,37.789769,Galileo High School,-122.420427,0 days 00:08:53.769230769,19,Census Tract 111.02
5995,Polk St&Pine St NE-FS/BZ,37.789769,Galileo High School,-122.420427,0 days 00:07:57.076923076,19,Census Tract 111.02
5995,Polk St&Pine St NE-FS/BZ,37.789769,Galileo High School,-122.420427,0 days 00:07:06.307692307,19,Census Tract 111.02
5995,Polk St&Pine St NE-FS/BZ,37.789769,Galileo High School,-122.420427,0 days 00:06:03.923076923,19,Census Tract 111.02
4491,Eddy St&Scott St NE-NS/PS,37.780876,"Washington, George Washington High School",-122.437165,0 days 00:14:52.454545454,31,Census Tract 158.01
4491,Eddy St&Scott St NE-NS/PS,37.780876,"Washington, George Washington High School",-122.437165,0 days 00:15:30.454545454,31,Census Tract 158.01
4491,Eddy St&Scott St NE-NS/PS,37.780876,"Washington, George Washington High School",-122.437165,0 days 00:16:00.272727272,31,Census Tract 158.01
4491,Eddy St&Scott St NE-NS/PS,37.780876,"Washington, George Washington High School",-122.437165,0 days 00:16:44.090909090,31,Census Tract 158.01
4491,Eddy St&Scott St NE-NS/PS,37.780876,Gateway High School / Kipp Sf Bay Academy,-122.437165,0 days 00:00:38,31,Census Tract 158.01
3018,Bacon St&San Bruno Ave N-MB/BZ,37.727859,"Burton, Phillip And Sala Burton High School",-122.402994,0 days 00:02:53.071428571,54,Census Tract 257.02
3018,Bacon St&San Bruno Ave N-MB/BZ,37.727859,"Burton, Phillip And Sala Burton High School",-122.402994,0 days 00:02:36.571428571,54,Census Tract 257.02
5577,Mission St&Appleton Ave E-FS/BZ,37.738867,Galileo High School,-122.423871,0 days 00:33:44.500000,49,Census Tract 254.01
5577,Mission St&Appleton Ave E-FS/BZ,37.738867,Galileo High School,-122.423871,0 days 00:34:19,49,Census Tract 254.01
5577,Mission St&Appleton Ave E-FS/BZ,37.738867,Galileo High School,-122.423871,0 days 00:34:43,49,Census Tract 254.01
3383,19th Ave&Quintara St SE-NS/BZ,37.74853,Galileo High School,-122.4759,0 days 00:32:49,28,Census Tract 304
3383,19th Ave&Quintara St SE-NS/BZ,37.74853,Galileo High School,-122.4759,0 days 00:31:58.500000,28,Census Tract 304
3383,19th Ave&Quintara St SE-NS/BZ,37.74853,Galileo High School,-122.4759,0 days 00:30:21.666666666,28,Census Tract 304
3383,19th Ave&Quintara St SE-NS/BZ,37.74853,Galileo High School,-122.4759,0 days 00:31:11,28,Census Tract 304
4613,Fillmore St&Golden Gate Ave NE-FS,37.779859,Gateway High School / Kipp Sf Bay Academy,-122.431955,0 days 00:03:25.257142857,22,Census Tract 161.01
4613,Fillmore St&Golden Gate Ave NE-FS,37.779859,Gateway High School / Kipp Sf Bay Academy,-122.431955,0 days 00:02:20.485714285,22,Census Tract 161.01
7852,Lake Merced & Lakeshore N-NS/SB,37.729492,"Washington, George Washington High School",-122.49409,0 days 00:23:46,18,Census Tract 331
7852,Lake Merced & Lakeshore N-NS/SB,37.729492,"Washington, George Washington High School",-122.49409,0 days 00:24:53,18,Census Tract 331
7852,Lake Merced & Lakeshore N-NS/SB,37.729492,"Washington, George Washington High School",-122.49409,0 days 00:24:11,18,Census Tract 331
7852,Lake Merced & Lakeshore N-NS/SB,37.729492,"Washington, George Washington High School",-122.49409,0 days 00:25:47,18,Census Tract 331
5955,Gilman Ave&Bill Walsh Way W-NS/SB,37.717502,"Burton, Phillip And Sala Burton High School",-122.38699,0 days 00:08:57.363636363,29,Census Tract 234
5955,Gilman Ave&Bill Walsh Way W-NS/SB,37.717502,"Burton, Phillip And Sala Burton High School",-122.38699,0 days 00:10:33.090909090,29,Census Tract 234
5955,Gilman Ave&Bill Walsh Way W-NS/SB,37.717502,"Burton, Phillip And Sala Burton High School",-122.38699,0 days 00:09:18.181818181,29,Census Tract 234
5955,Gilman Ave&Bill Walsh Way W-NS/SB,37.717502,"Burton, Phillip And Sala Burton High School",-122.38699,0 days 00:10:00.363636363,29,Census Tract 234
5955,Gilman Ave&Bill Walsh Way W-NS/SB,37.717502,"Burton, Phillip And Sala Burton High School",-122.38699,0 days 00:09:31.090909090,29,Census Tract 234
6970,Williams Ave&Reddy St NE-NS,37.72973,"Burton, Phillip And Sala Burton High School",-122.39525,0 days 00:08:28.750000,54,Census Tract 230.03
6970,Williams Ave&Reddy St NE-NS,37.72973,"Burton, Phillip And Sala Burton High School",-122.39525,0 days 00:08:12,54,Census Tract 230.03
4116,Columbus Ave&North Point St E-MB/BZ,37.80549,Galileo High School,-122.417589,0 days 00:01:53.827586206,30,Census Tract 101.01
4116,Columbus Ave&North Point St E-MB/BZ,37.80549,Galileo High School,-122.417589,0 days 00:02:46.620689655,30,Census Tract 101.01
4116,Columbus Ave&North Point St E-MB/BZ,37.80549,Galileo High School,-122.417589,0 days 00:04:38.789473684,30,Census Tract 101.01
4116,Columbus Ave&North Point St E-MB/BZ,37.80549,Galileo High School,-122.417589,0 days 00:03:33.172413793,30,Census Tract 101.01
4116,Columbus Ave&North Point St E-MB/BZ,37.80549,Galileo High School,-122.417589,0 days 00:05:57.842105263,30,Census Tract 101.01
4786,Gilman Ave&Jennings St E-NS/PS,37.721413,"Burton, Phillip And Sala Burton High School",-122.393595,0 days 00:04:51.782608695,29,Census Tract 234
4786,Gilman Ave&Jennings St E-NS/PS,37.721413,"Burton, Phillip And Sala Burton High School",-122.393595,0 days 00:06:27.565217391,29,Census Tract 234
4786,Gilman Ave&Jennings St E-NS/PS,37.721413,"Burton, Phillip And Sala Burton High School",-122.393595,0 days 00:05:12.608695652,29,Census Tract 234
4786,Gilman Ave&Jennings St E-NS/PS,37.721413,"Burton, Phillip And Sala Burton High School",-122.393595,0 days 00:05:54.826086956,29,Census Tract 234
4786,Gilman Ave&Jennings St E-NS/PS,37.721413,"Burton, Phillip And Sala Burton High School",-122.393595,0 days 00:05:25.521739130,29,Census Tract 234
4628,Fillmore St&McAllister St SE-NS/BZ,37.77854,Gateway High School / Kipp Sf Bay Academy,-122.431687,0 days 00:04:20.400000,22,Census Tract 161.01
4628,Fillmore St&McAllister St SE-NS/BZ,37.77854,Gateway High School / Kipp Sf Bay Academy,-122.431687,0 days 00:03:15.628571428,22,Census Tract 161.01
8095,Van Ness Ave&Vallejo St FS-N/SI,37.796801,Galileo High School,-122.4236,0 days 00:02:44.057142857,49,Census Tract 109.02
8095,Van Ness Ave&Vallejo St FS-N/SI,37.796801,Galileo High School,-122.4236,0 days 00:03:29.696969696,49,Census Tract 109.02
8095,Van Ness Ave&Vallejo St FS-N/SI,37.796801,Galileo High School,-122.4236,0 days 00:03:53.696969696,49,Census Tract 109.02
5557,Mission St&20th St NE-FS/BZ,37.75911,Galileo High School,-122.41902,0 days 00:23:01,49,Census Tract 208.01
5557,Mission St&20th St NE-FS/BZ,37.75911,Galileo High School,-122.41902,0 days 00:23:36.333333333,49,Census Tract 208.01
5557,Mission St&20th St NE-FS/BZ,37.75911,Galileo High School,-122.41902,0 days 00:24:00.333333333,49,Census Tract 208.01
7758,Cross Over Dr&Lincoln St NE-FS/SB,37.765544,Galileo High School,-122.477243,0 days 00:26:44.769230769,28,Census Tract 9803
7758,Cross Over Dr&Lincoln St NE-FS/SB,37.765544,Galileo High School,-122.477243,0 days 00:25:54.461538461,28,Census Tract 9803
7758,Cross Over Dr&Lincoln St NE-FS/SB,37.765544,Galileo High School,-122.477243,0 days 00:24:17.461538461,28,Census Tract 9803
7758,Cross Over Dr&Lincoln St NE-FS/SB,37.765544,Galileo High School,-122.477243,0 days 00:25:07.153846153,28,Census Tract 9803
4286,Geary Blvd&45TH Ave SW-NS/PS,37.779043,"Washington, George Washington High School",-122.506259,0 days 00:04:01,38R,Census Tract 479.02
4286,Geary Blvd&45TH Ave SW-NS/PS,37.779043,Gateway High School / Kipp Sf Bay Academy,-122.506259,0 days 00:19:47.461538461,38R,Census Tract 479.02
8027,Mason St - Tunnel Tops Park FS SE/PS,37.804146,Galileo High School,-122.454418,0 days 00:12:56.285714285,30,Census Tract 601
8027,Mason St - Tunnel Tops Park FS SE/PS,37.804146,Galileo High School,-122.454418,0 days 00:16:25.538461538,30,Census Tract 601
8027,Mason St - Tunnel Tops Park FS SE/PS,37.804146,Galileo High School,-122.454418,0 days 00:15:15.714285714,30,Census Tract 601
8027,Mason St - Tunnel Tops Park FS SE/PS,37.804146,Galileo High School,-122.454418,0 days 00:14:35.285714285,30,Census Tract 601
8027,Mason St - Tunnel Tops Park FS SE/PS,37.804146,Galileo High School,-122.454418,0 days 00:13:59.857142857,30,Census Tract 601
4625,Fillmore St&Jefferson St NE-FS/BZ,37.805609,Gateway High School / Kipp Sf Bay Academy,-122.437207,0 days 00:13:15.666666666,22,Census Tract 126.02
4625,Fillmore St&Jefferson St NE-FS/BZ,37.805609,Gateway High School / Kipp Sf Bay Academy,-122.437207,0 days 00:13:50.703703703,22,Census Tract 126.02
5227,Kansas St&23rd St IB SE-NS/BZ,37.75443,Galileo High School,-122.402485,0 days 00:35:48,19,Census Tract 614.01
5227,Kansas St&23rd St IB SE-NS/BZ,37.75443,Galileo High School,-122.402485,0 days 00:35:20.200000,19,Census Tract 614.01
5227,Kansas St&23rd St IB SE-NS/BZ,37.75443,Galileo High School,-122.402485,0 days 00:34:22.200000,19,Census Tract 614.01
5227,Kansas St&23rd St IB SE-NS/BZ,37.75443,Galileo High School,-122.402485,0 days 00:33:30.300000,19,Census Tract 614.01
5227,Kansas St&23rd St IB SE-NS/BZ,37.75443,Galileo High School,-122.402485,0 days 00:32:26.500000,19,Census Tract 614.01
5227,Kansas St&23rd St IB SE-NS/BZ,37.75443,"Lincoln, Abraham Lincoln High School",-122.402485,0 days 00:32:38.846153846,48,Census Tract 614.01
5227,Kansas St&23rd St IB SE-NS/BZ,37.75443,"Lincoln, Abraham Lincoln High School",-122.402485,0 days 00:33:18.615384615,48,Census Tract 614.01
5227,Kansas St&23rd St IB SE-NS/BZ,37.75443,"Lincoln, Abraham Lincoln High School",-122.402485,0 days 00:33:58.384615384,48,Census Tract 614.01
5899,Paul Ave&Bayshore Blvd NE-NS/PS,37.723647,"Burton, Phillip And Sala Burton High School",-122.400591,0 days 00:02:18.260869565,29,Census Tract 233
5899,Paul Ave&Bayshore Blvd NE-NS/PS,37.723647,"Burton, Phillip And Sala Burton High School",-122.400591,0 days 00:03:54.043478260,29,Census Tract 233
5899,Paul Ave&Bayshore Blvd NE-NS/PS,37.723647,"Burton, Phillip And Sala Burton High School",-122.400591,0 days 00:02:39.086956521,29,Census Tract 233
5899,Paul Ave&Bayshore Blvd NE-NS/PS,37.723647,"Burton, Phillip And Sala Burton High School",-122.400591,0 days 00:03:21.304347826,29,Census Tract 233
5899,Paul Ave&Bayshore Blvd NE-NS/PS,37.723647,"Burton, Phillip And Sala Burton High School",-122.400591,0 days 00:02:52,29,Census Tract 233
3835,California St&19TH Ave NE-NS/BZ,37.784241,"Washington, George Washington High School",-122.478446,0 days 00:05:37,1,Census Tract 426.02
3835,California St&19TH Ave NE-NS/BZ,37.784241,"Washington, George Washington High School",-122.478446,0 days 00:06:02.346153846,1,Census Tract 426.02
3086,Broadway&Steiner St SE-FS/PS,37.794056,Gateway High School / Kipp Sf Bay Academy,-122.436278,0 days 00:06:11,22,Census Tract 132
3086,Broadway&Steiner St SE-FS/PS,37.794056,Gateway High School / Kipp Sf Bay Academy,-122.436278,0 days 00:06:46.037037037,22,Census Tract 132
3057,Balboa St&32ND Ave NE-NS/PS,37.776024,"Washington, George Washington High School",-122.491838,0 days 00:00:44.066666666,31,Census Tract 478.01
7787,Lombard St & Gough St SE-NS/BZ,37.800861,Galileo High School,-122.42768,0 days 00:04:08.235294117,28,Census Tract 129.01
7787,Lombard St & Gough St SE-NS/BZ,37.800861,Galileo High School,-122.42768,0 days 00:03:18.470588235,28,Census Tract 129.01
7787,Lombard St & Gough St SE-NS/BZ,37.800861,Galileo High School,-122.42768,0 days 00:01:41.941176470,28,Census Tract 129.01
7787,Lombard St & Gough St SE-NS/BZ,37.800861,Galileo High School,-122.42768,0 days 00:02:31.705882352,28,Census Tract 129.01
5737,Noe St&29th St SE-NS/PS,37.743300000000005,Gateway High School / Kipp Sf Bay Academy,-122.43104,0 days 00:19:55.470588235,24,Census Tract 215
5737,Noe St&29th St SE-NS/PS,37.743300000000005,Gateway High School / Kipp Sf Bay Academy,-122.43104,0 days 00:21:59.352941176,24,Census Tract 215
5737,Noe St&29th St SE-NS/PS,37.743300000000005,Gateway High School / Kipp Sf Bay Academy,-122.43104,0 days 00:23:06.058823529,24,Census Tract 215
7925,D.C. Bart Parking Lot E-MB/BZ,37.705969,"Lincoln, Abraham Lincoln High School",-122.468769,0 days 00:17:38.111111111,28,
7925,D.C. Bart Parking Lot E-MB/BZ,37.705969,Galileo High School,-122.468769,0 days 00:50:53,28,
7925,D.C. Bart Parking Lot E-MB/BZ,37.705969,Galileo High School,-122.468769,0 days 00:50:01.666666666,28,
7925,D.C. Bart Parking Lot E-MB/BZ,37.705969,Galileo High School,-122.468769,0 days 00:48:23.777777777,28,
7925,D.C. Bart Parking Lot E-MB/BZ,37.705969,Galileo High School,-122.468769,0 days 00:49:13.333333333,28,
3144,3rd St&Bryant St N-FS/BZ,37.781651,Galileo High School,-122.396198,0 days 00:21:51.437500,30,Census Tract 615.02
3144,3rd St&Bryant St N-FS/BZ,37.781651,Galileo High School,-122.396198,0 days 00:22:45.250000,30,Census Tract 615.02
3144,3rd St&Bryant St N-FS/BZ,37.781651,Galileo High School,-122.396198,0 days 00:24:33.800000,30,Census Tract 615.02
3144,3rd St&Bryant St N-FS/BZ,37.781651,Galileo High School,-122.396198,0 days 00:23:30.687500,30,Census Tract 615.02
3144,3rd St&Bryant St N-FS/BZ,37.781651,Galileo High School,-122.396198,0 days 00:25:53.933333333,30,Census Tract 615.02
6245,Rivera St&37th Ave SW-NS,37.74585,"Lincoln, Abraham Lincoln High School",-122.49536,0 days 00:05:40.615384615,48,Census Tract 353
6245,Rivera St&37th Ave SW-NS,37.74585,"Lincoln, Abraham Lincoln High School",-122.49536,0 days 00:05:00.714285714,48,Census Tract 353
6245,Rivera St&37th Ave SW-NS,37.74585,"Lincoln, Abraham Lincoln High School",-122.49536,0 days 00:04:25.714285714,48,Census Tract 353
8092,Van Ness Ave&Bush St NS-S/SI,37.788449,Galileo High School,-122.421918,0 days 00:06:44.800000,49,Census Tract 120.01
8092,Van Ness Ave&Bush St NS-S/SI,37.788449,Galileo High School,-122.421918,0 days 00:07:28.242424242,49,Census Tract 120.01
8092,Van Ness Ave&Bush St NS-S/SI,37.788449,Galileo High School,-122.421918,0 days 00:07:52.242424242,49,Census Tract 120.01
5140,Junipero Serra Blvd&Palmetto Av FS,37.71091,"Lincoln, Abraham Lincoln High School",-122.47099,0 days 00:13:26.166666666,28,Census Tract 313.02
5140,Junipero Serra Blvd&Palmetto Av FS,37.71091,Galileo High School,-122.47099,0 days 00:46:42.444444444,28,Census Tract 313.02
5140,Junipero Serra Blvd&Palmetto Av FS,37.71091,Galileo High School,-122.47099,0 days 00:45:51.111111111,28,Census Tract 313.02
5140,Junipero Serra Blvd&Palmetto Av FS,37.71091,Galileo High School,-122.47099,0 days 00:44:13.222222222,28,Census Tract 313.02
5140,Junipero Serra Blvd&Palmetto Av FS,37.71091,Galileo High School,-122.47099,0 days 00:45:02.777777777,28,Census Tract 313.02
5097,Innes Ave&Earl St E-NS/SB,37.729878,Galileo High School,-122.371871,0 days 00:51:36.571428571,19,Census Tract 9806
5097,Innes Ave&Earl St E-NS/SB,37.729878,Galileo High School,-122.371871,0 days 00:51:07.714285714,19,Census Tract 9806
5097,Innes Ave&Earl St E-NS/SB,37.729878,Galileo High School,-122.371871,0 days 00:50:07.285714285,19,Census Tract 9806
5097,Innes Ave&Earl St E-NS/SB,37.729878,Galileo High School,-122.371871,0 days 00:49:13.285714285,19,Census Tract 9806
5097,Innes Ave&Earl St E-NS/SB,37.729878,Galileo High School,-122.371871,0 days 00:48:06.857142857,19,Census Tract 9806
5316,Lincoln Way&27th Ave NW-FS/BZ,37.765131,"Burton, Phillip And Sala Burton High School",-122.486136,0 days 00:43:16.727272727,29,Census Tract 9803
5316,Lincoln Way&27th Ave NW-FS/BZ,37.765131,"Burton, Phillip And Sala Burton High School",-122.486136,0 days 00:41:50.909090909,29,Census Tract 9803
5316,Lincoln Way&27th Ave NW-FS/BZ,37.765131,"Burton, Phillip And Sala Burton High School",-122.486136,0 days 00:43:02.818181818,29,Census Tract 9803
5316,Lincoln Way&27th Ave NW-FS/BZ,37.765131,"Burton, Phillip And Sala Burton High School",-122.486136,0 days 00:42:19.181818181,29,Census Tract 9803
5316,Lincoln Way&27th Ave NW-FS/BZ,37.765131,"Burton, Phillip And Sala Burton High School",-122.486136,0 days 00:42:48.454545454,29,Census Tract 9803
7235,Townsend & 4th E-FS/BZ,37.777278,"Washington, George Washington High School",-122.394631,0 days 00:44:12,31,Census Tract 607.03
7235,Townsend & 4th E-FS/BZ,37.777278,"Washington, George Washington High School",-122.394631,0 days 00:44:53,31,Census Tract 607.03
7235,Townsend & 4th E-FS/BZ,37.777278,"Washington, George Washington High School",-122.394631,0 days 00:45:25,31,Census Tract 607.03
7235,Townsend & 4th E-FS/BZ,37.777278,"Washington, George Washington High School",-122.394631,0 days 00:46:12,31,Census Tract 607.03
7235,Townsend & 4th E-FS/BZ,37.777278,Gateway High School / Kipp Sf Bay Academy,-122.394631,0 days 00:29:03,31,Census Tract 607.03
7235,Townsend & 4th E-FS/BZ,37.777278,Gateway High School / Kipp Sf Bay Academy,-122.394631,0 days 00:27:40.333333333,31,Census Tract 607.03
7235,Townsend & 4th E-FS/BZ,37.777278,Gateway High School / Kipp Sf Bay Academy,-122.394631,0 days 00:28:19.666666666,31,Census Tract 607.03
6955,Winston Dr&Lake Merced Blvd SE-FS/BZ,37.726979,"Burton, Phillip And Sala Burton High School",-122.48331,0 days 00:27:51.200000,29,Census Tract 332.01
6955,Winston Dr&Lake Merced Blvd SE-FS/BZ,37.726979,"Burton, Phillip And Sala Burton High School",-122.48331,0 days 00:26:26.266666666,29,Census Tract 332.01
6955,Winston Dr&Lake Merced Blvd SE-FS/BZ,37.726979,"Burton, Phillip And Sala Burton High School",-122.48331,0 days 00:27:37.400000,29,Census Tract 332.01
6955,Winston Dr&Lake Merced Blvd SE-FS/BZ,37.726979,"Burton, Phillip And Sala Burton High School",-122.48331,0 days 00:26:54.333333333,29,Census Tract 332.01
6955,Winston Dr&Lake Merced Blvd SE-FS/BZ,37.726979,"Burton, Phillip And Sala Burton High School",-122.48331,0 days 00:27:23.266666666,29,Census Tract 332.01
4811,Geneva Ave&Cayuga Ave S-FS/BZ,37.718722,"Burton, Phillip And Sala Burton High School",-122.443554,0 days 00:15:30.545454545,54,Census Tract 261
4811,Geneva Ave&Cayuga Ave S-FS/BZ,37.718722,"Burton, Phillip And Sala Burton High School",-122.443554,0 days 00:15:47.909090909,54,Census Tract 261
4357,De Haro St&Mariposa St SE-NS/SB,37.763504,Galileo High School,-122.401368,0 days 00:31:34.900000,19,Census Tract 227.04
4357,De Haro St&Mariposa St SE-NS/SB,37.763504,Galileo High School,-122.401368,0 days 00:31:07.100000,19,Census Tract 227.04
4357,De Haro St&Mariposa St SE-NS/SB,37.763504,Galileo High School,-122.401368,0 days 00:30:09.100000,19,Census Tract 227.04
4357,De Haro St&Mariposa St SE-NS/SB,37.763504,Galileo High School,-122.401368,0 days 00:29:17.200000,19,Census Tract 227.04
4357,De Haro St&Mariposa St SE-NS/SB,37.763504,Galileo High School,-122.401368,0 days 00:28:13.400000,19,Census Tract 227.04
4648,Fitzgerald Ave&Keith St S-FS/BZ,37.722895,"Burton, Phillip And Sala Burton High School",-122.394842,0 days 00:12:49.636363636,29,Census Tract 234
4648,Fitzgerald Ave&Keith St S-FS/BZ,37.722895,"Burton, Phillip And Sala Burton High School",-122.394842,0 days 00:14:25.363636363,29,Census Tract 234
4648,Fitzgerald Ave&Keith St S-FS/BZ,37.722895,"Burton, Phillip And Sala Burton High School",-122.394842,0 days 00:13:10.454545454,29,Census Tract 234
4648,Fitzgerald Ave&Keith St S-FS/BZ,37.722895,"Burton, Phillip And Sala Burton High School",-122.394842,0 days 00:13:52.636363636,29,Census Tract 234
4648,Fitzgerald Ave&Keith St S-FS/BZ,37.722895,"Burton, Phillip And Sala Burton High School",-122.394842,0 days 00:13:23.363636363,29,Census Tract 234
8011,5th Street&Natoma Ave N-FS/BZ,37.782065,"Washington, George Washington High School",-122.405517,0 days 00:34:50,31,Census Tract 176.02
8011,5th Street&Natoma Ave N-FS/BZ,37.782065,"Washington, George Washington High School",-122.405517,0 days 00:35:31,31,Census Tract 176.02
8011,5th Street&Natoma Ave N-FS/BZ,37.782065,"Washington, George Washington High School",-122.405517,0 days 00:36:03,31,Census Tract 176.02
8011,5th Street&Natoma Ave N-FS/BZ,37.782065,"Washington, George Washington High School",-122.405517,0 days 00:36:50,31,Census Tract 176.02
8011,5th Street&Natoma Ave N-FS/BZ,37.782065,Gateway High School / Kipp Sf Bay Academy,-122.405517,0 days 00:19:41,31,Census Tract 176.02
8011,5th Street&Natoma Ave N-FS/BZ,37.782065,Gateway High School / Kipp Sf Bay Academy,-122.405517,0 days 00:18:18.333333333,31,Census Tract 176.02
8011,5th Street&Natoma Ave N-FS/BZ,37.782065,Gateway High School / Kipp Sf Bay Academy,-122.405517,0 days 00:18:57.666666666,31,Census Tract 176.02
6303,Sacramento St&Larkin St NW-FS/BZ,37.79175,"Washington, George Washington High School",-122.4195,0 days 00:27:11.944444444,1,Census Tract 111.01
6303,Sacramento St&Larkin St NW-FS/BZ,37.79175,"Washington, George Washington High School",-122.4195,0 days 00:27:38,1,Census Tract 111.01
4769,Geary Blvd&Webster St NE-NS/BZ,37.784641,"Washington, George Washington High School",-122.431021,0 days 00:27:17,38,Census Tract 159
4769,Geary Blvd&Webster St NE-NS/BZ,37.784641,"Washington, George Washington High School",-122.431021,0 days 00:27:59.333333333,38,Census Tract 159
4769,Geary Blvd&Webster St NE-NS/BZ,37.784641,"Washington, George Washington High School",-122.431021,0 days 00:26:38.333333333,38,Census Tract 159
4769,Geary Blvd&Webster St NE-NS/BZ,37.784641,"Washington, George Washington High School",-122.431021,0 days 00:24:49.625000,38,Census Tract 159
4769,Geary Blvd&Webster St NE-NS/BZ,37.784641,"Washington, George Washington High School",-122.431021,0 days 00:25:43.625000,38,Census Tract 159
4769,Geary Blvd&Webster St NE-NS/BZ,37.784641,"Washington, George Washington High School",-122.431021,0 days 00:29:18.333333333,38,Census Tract 159
4769,Geary Blvd&Webster St NE-NS/BZ,37.784641,"Washington, George Washington High School",-122.431021,0 days 00:27:15,38,Census Tract 159
4769,Geary Blvd&Webster St NE-NS/BZ,37.784641,Gateway High School / Kipp Sf Bay Academy,-122.431021,0 days 00:04:01.304347826,38,Census Tract 159
4769,Geary Blvd&Webster St NE-NS/BZ,37.784641,Gateway High School / Kipp Sf Bay Academy,-122.431021,0 days 00:01:00.217391304,38,Census Tract 159
4769,Geary Blvd&Webster St NE-NS/BZ,37.784641,Gateway High School / Kipp Sf Bay Academy,-122.431021,0 days 00:03:13.652173913,38,Census Tract 159
5546,Mission St&13th St NE-FS/BZ,37.77047,Galileo High School,-122.41978,0 days 00:16:22.965517241,49,Census Tract 201.01
5546,Mission St&13th St NE-FS/BZ,37.77047,Galileo High School,-122.41978,0 days 00:17:01.037037037,49,Census Tract 201.01
5546,Mission St&13th St NE-FS/BZ,37.77047,Galileo High School,-122.41978,0 days 00:17:25.037037037,49,Census Tract 201.01
4257,Geary Blvd&6TH Ave NE-FS/BB,37.781108,"Washington, George Washington High School",-122.464125,0 days 00:12:22,38,Census Tract 401
4257,Geary Blvd&6TH Ave NE-FS/BB,37.781108,"Washington, George Washington High School",-122.464125,0 days 00:13:04.333333333,38,Census Tract 401
4257,Geary Blvd&6TH Ave NE-FS/BB,37.781108,"Washington, George Washington High School",-122.464125,0 days 00:11:43.333333333,38,Census Tract 401
4257,Geary Blvd&6TH Ave NE-FS/BB,37.781108,"Washington, George Washington High School",-122.464125,0 days 00:09:18.684210526,38,Census Tract 401
4257,Geary Blvd&6TH Ave NE-FS/BB,37.781108,"Washington, George Washington High School",-122.464125,0 days 00:10:12.578947368,38,Census Tract 401
4257,Geary Blvd&6TH Ave NE-FS/BB,37.781108,"Washington, George Washington High School",-122.464125,0 days 00:14:23.333333333,38,Census Tract 401
4257,Geary Blvd&6TH Ave NE-FS/BB,37.781108,"Washington, George Washington High School",-122.464125,0 days 00:11:42.727272727,38,Census Tract 401
4257,Geary Blvd&6TH Ave NE-FS/BB,37.781108,"Washington, George Washington High School",-122.464125,0 days 00:09:36.615384615,38R,Census Tract 401
5341,Mansell St&Goettingen St S-NS/PS,37.720677,"Burton, Phillip And Sala Burton High School",-122.404098,0 days 00:00:13.545454545,29,Census Tract 259
7769,16th Street & Wisconsin St NW-FS/BZ,37.766287,Gateway High School / Kipp Sf Bay Academy,-122.399842,0 days 00:25:23.350000,22,Census Tract 607.02
7769,16th Street & Wisconsin St NW-FS/BZ,37.766287,Gateway High School / Kipp Sf Bay Academy,-122.399842,0 days 00:24:18.150000,22,Census Tract 607.02
3359,19th Ave&Irving St NW-NS/BB,37.76368,"Lincoln, Abraham Lincoln High School",-122.47731,0 days 00:05:24.625000,28,Census Tract 326.01
4271,Geary Blvd&28TH Ave NE-NS/BZ,37.780005,"Washington, George Washington High School",-122.487806,0 days 00:03:03.285714285,38,Census Tract 477.01
4271,Geary Blvd&28TH Ave NE-NS/BZ,37.780005,"Washington, George Washington High School",-122.487806,0 days 00:03:46.714285714,38,Census Tract 477.01
4271,Geary Blvd&28TH Ave NE-NS/BZ,37.780005,"Washington, George Washington High School",-122.487806,0 days 00:02:23.571428571,38,Census Tract 477.01
4271,Geary Blvd&28TH Ave NE-NS/BZ,37.780005,"Washington, George Washington High School",-122.487806,0 days 00:00:53.818181818,38,Census Tract 477.01
4271,Geary Blvd&28TH Ave NE-NS/BZ,37.780005,"Washington, George Washington High School",-122.487806,0 days 00:05:06.428571428,38,Census Tract 477.01
4271,Geary Blvd&28TH Ave NE-NS/BZ,37.780005,"Washington, George Washington High School",-122.487806,0 days 00:02:25,38,Census Tract 477.01
4558,Evans Ave&USPO NE-MB/BZ,37.740003,Galileo High School,-122.382973,0 days 00:47:18.428571428,19,Census Tract 9809
4558,Evans Ave&USPO NE-MB/BZ,37.740003,Galileo High School,-122.382973,0 days 00:46:49.571428571,19,Census Tract 9809
4558,Evans Ave&USPO NE-MB/BZ,37.740003,Galileo High School,-122.382973,0 days 00:45:49.142857142,19,Census Tract 9809
4558,Evans Ave&USPO NE-MB/BZ,37.740003,Galileo High School,-122.382973,0 days 00:44:55.142857142,19,Census Tract 9809
4558,Evans Ave&USPO NE-MB/BZ,37.740003,Galileo High School,-122.382973,0 days 00:43:48.714285714,19,Census Tract 9809
7765,Mission Bay North & 3rd St N-MB/BZ,37.771146,Gateway High School / Kipp Sf Bay Academy,-122.389936,0 days 00:32:07.529411764,22,Census Tract 607.01
7765,Mission Bay North & 3rd St N-MB/BZ,37.771146,Gateway High School / Kipp Sf Bay Academy,-122.389936,0 days 00:31:01.588235294,22,Census Tract 607.01
6594,Sutter St&Hyde St NW-FS/BZ,37.788216,Gateway High School / Kipp Sf Bay Academy,-122.416908,0 days 00:09:59.636363636,2,Census Tract 120.01
6594,Sutter St&Hyde St NW-FS/BZ,37.788216,Gateway High School / Kipp Sf Bay Academy,-122.416908,0 days 00:09:37.416666666,2,Census Tract 120.01
6594,Sutter St&Hyde St NW-FS/BZ,37.788216,Gateway High School / Kipp Sf Bay Academy,-122.416908,0 days 00:08:17.416666666,2,Census Tract 120.01
3033,Balboa St&4TH Ave SW-NS/BZ,37.777262,Gateway High School / Kipp Sf Bay Academy,-122.461969,0 days 00:08:32.666666666,31,Census Tract 451
3033,Balboa St&4TH Ave SW-NS/BZ,37.777262,Gateway High School / Kipp Sf Bay Academy,-122.461969,0 days 00:09:44.166666666,31,Census Tract 451
3033,Balboa St&4TH Ave SW-NS/BZ,37.777262,Gateway High School / Kipp Sf Bay Academy,-122.461969,0 days 00:09:05.666666666,31,Census Tract 451
5466,North Point St&Mason St NW-FS/BZ,37.80656,"Lincoln, Abraham Lincoln High School",-122.41424,0 days 00:33:08.083333333,28,Census Tract 101.01
5466,North Point St&Mason St NW-FS/BZ,37.80656,Galileo High School,-122.41424,0 days 00:03:06.571428571,28,Census Tract 101.01
5466,North Point St&Mason St NW-FS/BZ,37.80656,Galileo High School,-122.41424,0 days 00:03:57.857142857,28,Census Tract 101.01
5466,North Point St&Mason St NW-FS/BZ,37.80656,Galileo High School,-122.41424,0 days 00:05:39.315789473,28,Census Tract 101.01
5466,North Point St&Mason St NW-FS/BZ,37.80656,Galileo High School,-122.41424,0 days 00:04:40,28,Census Tract 101.01
5275,Lombard St&Fillmore St NW-FS/BZ,37.799845,"Lincoln, Abraham Lincoln High School",-122.436268,0 days 00:23:40.846153846,28,Census Tract 128.02
3262,15th Ave&Noriega St SW-FS/PS,37.75411,"Lincoln, Abraham Lincoln High School",-122.47217,0 days 00:03:03.777777777,66,Census Tract 303.02
3262,15th Ave&Noriega St SW-FS/PS,37.75411,"Lincoln, Abraham Lincoln High School",-122.47217,0 days 00:03:31.666666666,66,Census Tract 303.02
3262,15th Ave&Noriega St SW-FS/PS,37.75411,"Lincoln, Abraham Lincoln High School",-122.47217,0 days 00:03:56.500000,66,Census Tract 303.02
6142,Quintara St&22nd Ave NE-NS/SB,37.74855,"Lincoln, Abraham Lincoln High School",-122.47917,0 days 00:00:39.250000,48,Census Tract 328.01
6142,Quintara St&22nd Ave NE-NS/SB,37.74855,"Lincoln, Abraham Lincoln High School",-122.47917,0 days 00:00:27.888888888,66,Census Tract 328.01
6142,Quintara St&22nd Ave NE-NS/SB,37.74855,"Lincoln, Abraham Lincoln High School",-122.47917,0 days 00:01:18.500000,48,Census Tract 328.01
6142,Quintara St&22nd Ave NE-NS/SB,37.74855,"Lincoln, Abraham Lincoln High School",-122.47917,0 days 00:00:55,66,Census Tract 328.01
6317,Sacramento St&Van Ness Ave NE-NS,37.79141,"Washington, George Washington High School",-122.42227,0 days 00:26:02.944444444,1,Census Tract 111.01
6317,Sacramento St&Van Ness Ave NE-NS,37.79141,"Washington, George Washington High School",-122.42227,0 days 00:26:29,1,Census Tract 111.01
8034,Clipper St&Douglass St. FS NW/SB,37.748728,"Lincoln, Abraham Lincoln High School",-122.43843,0 days 00:15:15.187500,48,Census Tract 213
8034,Clipper St&Douglass St. FS NW/SB,37.748728,"Lincoln, Abraham Lincoln High School",-122.43843,0 days 00:15:54.437500,48,Census Tract 213
8034,Clipper St&Douglass St. FS NW/SB,37.748728,"Lincoln, Abraham Lincoln High School",-122.43843,0 days 00:16:33.687500,48,Census Tract 213
5567,Mission St&26th St NE-FS/BZ,37.74951,Galileo High School,-122.4181,0 days 00:28:06.520000,49,Census Tract 209
5567,Mission St&26th St NE-FS/BZ,37.74951,Galileo High School,-122.4181,0 days 00:28:41.608695652,49,Census Tract 209
5567,Mission St&26th St NE-FS/BZ,37.74951,Galileo High School,-122.4181,0 days 00:29:05.608695652,49,Census Tract 209
4844,La Playa St&Fulton St NE-FS/BZ,37.77169,"Washington, George Washington High School",-122.50984,0 days 00:06:32,18,Census Tract 479.04
4844,La Playa St&Fulton St NE-FS/BZ,37.77169,"Washington, George Washington High School",-122.50984,0 days 00:07:39,18,Census Tract 479.04
4844,La Playa St&Fulton St NE-FS/BZ,37.77169,"Washington, George Washington High School",-122.50984,0 days 00:06:57,18,Census Tract 479.04
4844,La Playa St&Fulton St NE-FS/BZ,37.77169,"Washington, George Washington High School",-122.50984,0 days 00:08:33,18,Census Tract 479.04
3537,30th St&Dolores St NE-NS/PS,37.742304,Gateway High School / Kipp Sf Bay Academy,-122.424026,0 days 00:23:07.750000,24,Census Tract 215
3537,30th St&Dolores St NE-NS/PS,37.742304,Gateway High School / Kipp Sf Bay Academy,-122.424026,0 days 00:25:12.062500,24,Census Tract 215
3537,30th St&Dolores St NE-NS/PS,37.742304,Gateway High School / Kipp Sf Bay Academy,-122.424026,0 days 00:26:19,24,Census Tract 215
6728,Turk St&Parker Ave SW-NS/BZ,37.777754,Gateway High School / Kipp Sf Bay Academy,-122.453476,0 days 00:05:51.333333333,31,Census Tract 157.01
6728,Turk St&Parker Ave SW-NS/BZ,37.777754,Gateway High School / Kipp Sf Bay Academy,-122.453476,0 days 00:07:02.833333333,31,Census Tract 157.01
6728,Turk St&Parker Ave SW-NS/BZ,37.777754,Gateway High School / Kipp Sf Bay Academy,-122.453476,0 days 00:06:24.333333333,31,Census Tract 157.01
5352,Mansell St&Somerset St W-FS/PS,37.72057,"Burton, Phillip And Sala Burton High School",-122.405152,0 days 00:01:02.043478260,29,Census Tract 259
5352,Mansell St&Somerset St W-FS/PS,37.72057,"Burton, Phillip And Sala Burton High School",-122.405152,0 days 00:01:12,56,Census Tract 259
5352,Mansell St&Somerset St W-FS/PS,37.72057,"Burton, Phillip And Sala Burton High School",-122.405152,0 days 00:00:29.304347826,29,Census Tract 259
5352,Mansell St&Somerset St W-FS/PS,37.72057,"Burton, Phillip And Sala Burton High School",-122.405152,0 days 00:00:36,56,Census Tract 259
3295,16th St&Potrero Ave NW-FS/BZ,37.7658,Gateway High School / Kipp Sf Bay Academy,-122.407624,0 days 00:22:43.150000,22,Census Tract 177
3295,16th St&Potrero Ave NW-FS/BZ,37.7658,Gateway High School / Kipp Sf Bay Academy,-122.407624,0 days 00:21:37.950000,22,Census Tract 177
3852,California St&Cherry St NW-FS/BZ,37.786042,"Washington, George Washington High School",-122.456835,0 days 00:12:16.208333333,1,Census Tract 133
3852,California St&Cherry St NW-FS/BZ,37.786042,"Washington, George Washington High School",-122.456835,0 days 00:12:41.666666666,1,Census Tract 133
3622,Alemany Blvd&Arch St SW-NS/BZ,37.711418,"Burton, Phillip And Sala Burton High School",-122.46717,0 days 00:27:30.666666666,54,Census Tract 313.02
3622,Alemany Blvd&Arch St SW-NS/BZ,37.711418,"Burton, Phillip And Sala Burton High School",-122.46717,0 days 00:27:48.333333333,54,Census Tract 313.02
4407,Divisadero St&Beach St NW-NS/SB,37.803772,Galileo High School,-122.443697,0 days 00:08:34.785714285,30,Census Tract 127
4407,Divisadero St&Beach St NW-NS/SB,37.803772,Galileo High School,-122.443697,0 days 00:12:05.307692307,30,Census Tract 127
4407,Divisadero St&Beach St NW-NS/SB,37.803772,Galileo High School,-122.443697,0 days 00:10:54.214285714,30,Census Tract 127
4407,Divisadero St&Beach St NW-NS/SB,37.803772,Galileo High School,-122.443697,0 days 00:10:13.785714285,30,Census Tract 127
4407,Divisadero St&Beach St NW-NS/SB,37.803772,Galileo High School,-122.443697,0 days 00:09:38.357142857,30,Census Tract 127
4609,Fillmore St&Chestnut St NW-NS/BZ,37.800891,Gateway High School / Kipp Sf Bay Academy,-122.436469,0 days 00:10:40.777777777,22,Census Tract 126.01
4609,Fillmore St&Chestnut St NW-NS/BZ,37.800891,Gateway High School / Kipp Sf Bay Academy,-122.436469,0 days 00:11:15.814814814,22,Census Tract 126.01
3263,15th Ave&Ortega St NW-NS/PS,37.75268,"Lincoln, Abraham Lincoln High School",-122.47206,0 days 00:02:40,66,Census Tract 303.02
3263,15th Ave&Ortega St NW-NS/PS,37.75268,"Lincoln, Abraham Lincoln High School",-122.47206,0 days 00:03:07.888888888,66,Census Tract 303.02
3263,15th Ave&Ortega St NW-NS/PS,37.75268,"Lincoln, Abraham Lincoln High School",-122.47206,0 days 00:03:33,66,Census Tract 303.02
4773,Golden Gate Br. Parking Lot N-NS/SB,37.807561,"Lincoln, Abraham Lincoln High School",-122.475024,0 days 00:16:23.466666666,28,Census Tract 601
4773,Golden Gate Br. Parking Lot N-NS/SB,37.807561,Galileo High School,-122.475024,0 days 00:14:40.375000,28,Census Tract 601
4773,Golden Gate Br. Parking Lot N-NS/SB,37.807561,Galileo High School,-122.475024,0 days 00:13:50.500000,28,Census Tract 601
4773,Golden Gate Br. Parking Lot N-NS/SB,37.807561,Galileo High School,-122.475024,0 days 00:12:14.125000,28,Census Tract 601
4773,Golden Gate Br. Parking Lot N-NS/SB,37.807561,Galileo High School,-122.475024,0 days 00:13:03.625000,28,Census Tract 601
4908,Grafton Ave&Capitol Ave SW-NS/PS,37.719953,"Burton, Phillip And Sala Burton High School",-122.45929,0 days 00:16:25.777777777,29,Census Tract 312.01
4908,Grafton Ave&Capitol Ave SW-NS/PS,37.719953,"Burton, Phillip And Sala Burton High School",-122.45929,0 days 00:15:01.833333333,29,Census Tract 312.01
4908,Grafton Ave&Capitol Ave SW-NS/PS,37.719953,"Burton, Phillip And Sala Burton High School",-122.45929,0 days 00:16:12.111111111,29,Census Tract 312.01
4908,Grafton Ave&Capitol Ave SW-NS/PS,37.719953,"Burton, Phillip And Sala Burton High School",-122.45929,0 days 00:15:29.555555555,29,Census Tract 312.01
4908,Grafton Ave&Capitol Ave SW-NS/PS,37.719953,"Burton, Phillip And Sala Burton High School",-122.45929,0 days 00:15:58.166666666,29,Census Tract 312.01
4550,Evans Ave&Keith St E-NS/PS,37.73877,Galileo High School,-122.380797,0 days 00:47:55.571428571,19,Census Tract 231.03
4550,Evans Ave&Keith St E-NS/PS,37.73877,Galileo High School,-122.380797,0 days 00:47:26.714285714,19,Census Tract 231.03
4550,Evans Ave&Keith St E-NS/PS,37.73877,Galileo High School,-122.380797,0 days 00:46:26.285714285,19,Census Tract 231.03
4550,Evans Ave&Keith St E-NS/PS,37.73877,Galileo High School,-122.380797,0 days 00:45:32.285714285,19,Census Tract 231.03
4550,Evans Ave&Keith St E-NS/PS,37.73877,Galileo High School,-122.380797,0 days 00:44:25.857142857,19,Census Tract 231.03
6590,Sutter St&Divisadero St SE-FS/BZ,37.785259,Gateway High School / Kipp Sf Bay Academy,-122.43943,0 days 00:00:21.933333333,2,Census Tract 155
6590,Sutter St&Divisadero St SE-FS/BZ,37.785259,Gateway High School / Kipp Sf Bay Academy,-122.43943,0 days 00:01:26.933333333,2,Census Tract 155
6246,Rivera St&46th Ave SW-NS,37.74543,"Lincoln, Abraham Lincoln High School",-122.50504,0 days 00:09:47.846153846,48,Census Tract 354
6246,Rivera St&46th Ave SW-NS,37.74543,"Lincoln, Abraham Lincoln High School",-122.50504,0 days 00:09:08.428571428,48,Census Tract 354
6246,Rivera St&46th Ave SW-NS,37.74543,"Lincoln, Abraham Lincoln High School",-122.50504,0 days 00:08:33.428571428,48,Census Tract 354
3570,45th Ave&Balboa St SE-NS/PS,37.775242,"Washington, George Washington High School",-122.505798,0 days 00:05:21.666666666,31,Census Tract 479.03
3570,45th Ave&Balboa St SE-NS/PS,37.775242,"Washington, George Washington High School",-122.505798,0 days 00:04:44,31,Census Tract 479.03
3570,45th Ave&Balboa St SE-NS/PS,37.775242,"Washington, George Washington High School",-122.505798,0 days 00:04:06.333333333,31,Census Tract 479.03
3570,45th Ave&Balboa St SE-NS/PS,37.775242,"Washington, George Washington High School",-122.505798,0 days 00:03:54,18,Census Tract 479.03
3570,45th Ave&Balboa St SE-NS/PS,37.775242,"Washington, George Washington High School",-122.505798,0 days 00:03:28.666666666,31,Census Tract 479.03
3570,45th Ave&Balboa St SE-NS/PS,37.775242,"Washington, George Washington High School",-122.505798,0 days 00:05:01,18,Census Tract 479.03
3570,45th Ave&Balboa St SE-NS/PS,37.775242,"Washington, George Washington High School",-122.505798,0 days 00:04:19,18,Census Tract 479.03
3570,45th Ave&Balboa St SE-NS/PS,37.775242,"Washington, George Washington High School",-122.505798,0 days 00:05:55,18,Census Tract 479.03
3570,45th Ave&Balboa St SE-NS/PS,37.775242,Gateway High School / Kipp Sf Bay Academy,-122.505798,0 days 00:21:44.666666666,31,Census Tract 479.03
3570,45th Ave&Balboa St SE-NS/PS,37.775242,Gateway High School / Kipp Sf Bay Academy,-122.505798,0 days 00:22:56.166666666,31,Census Tract 479.03
3570,45th Ave&Balboa St SE-NS/PS,37.775242,Gateway High School / Kipp Sf Bay Academy,-122.505798,0 days 00:22:17.666666666,31,Census Tract 479.03
4847,Larkin St&Golden Gate Ave NE-FS/BZ,37.781693,Galileo High School,-122.417106,0 days 00:15:47.272727272,19,Census Tract 124.03
4847,Larkin St&Golden Gate Ave NE-FS/BZ,37.781693,Galileo High School,-122.417106,0 days 00:15:19.454545454,19,Census Tract 124.03
4847,Larkin St&Golden Gate Ave NE-FS/BZ,37.781693,Galileo High School,-122.417106,0 days 00:14:21.545454545,19,Census Tract 124.03
4847,Larkin St&Golden Gate Ave NE-FS/BZ,37.781693,Galileo High School,-122.417106,0 days 00:13:29.727272727,19,Census Tract 124.03
4847,Larkin St&Golden Gate Ave NE-FS/BZ,37.781693,Galileo High School,-122.417106,0 days 00:12:26,19,Census Tract 124.03
4267,Geary Blvd&22ND Ave NW-FS/BZ,37.780247,"Washington, George Washington High School",-122.481754,0 days 00:05:34.285714285,38,Census Tract 477.01
4267,Geary Blvd&22ND Ave NW-FS/BZ,37.780247,"Washington, George Washington High School",-122.481754,0 days 00:06:17.714285714,38,Census Tract 477.01
4267,Geary Blvd&22ND Ave NW-FS/BZ,37.780247,"Washington, George Washington High School",-122.481754,0 days 00:04:54.571428571,38,Census Tract 477.01
4267,Geary Blvd&22ND Ave NW-FS/BZ,37.780247,"Washington, George Washington High School",-122.481754,0 days 00:02:35.500000,38,Census Tract 477.01
4267,Geary Blvd&22ND Ave NW-FS/BZ,37.780247,"Washington, George Washington High School",-122.481754,0 days 00:03:29.318181818,38,Census Tract 477.01
4267,Geary Blvd&22ND Ave NW-FS/BZ,37.780247,"Washington, George Washington High School",-122.481754,0 days 00:07:37.428571428,38,Census Tract 477.01
4267,Geary Blvd&22ND Ave NW-FS/BZ,37.780247,"Washington, George Washington High School",-122.481754,0 days 00:05:01.769230769,38,Census Tract 477.01
5284,Lombard St&Pierce St SE-FS/BZ,37.799399,Galileo High School,-122.439157,0 days 00:07:37.250000,28,Census Tract 128.02
5284,Lombard St&Pierce St SE-FS/BZ,37.799399,Galileo High School,-122.439157,0 days 00:06:47.375000,28,Census Tract 128.02
5284,Lombard St&Pierce St SE-FS/BZ,37.799399,Galileo High School,-122.439157,0 days 00:05:11,28,Census Tract 128.02
5284,Lombard St&Pierce St SE-FS/BZ,37.799399,Galileo High School,-122.439157,0 days 00:06:00.500000,28,Census Tract 128.02
5958,Plymouth Ave&Grafton Ave SE-NS,37.719881,"Burton, Phillip And Sala Burton High School",-122.456015,0 days 00:20:40.181818181,54,Census Tract 312.02
5958,Plymouth Ave&Grafton Ave SE-NS,37.719881,"Burton, Phillip And Sala Burton High School",-122.456015,0 days 00:20:57.545454545,54,Census Tract 312.02
7214,5th St&Folsom St N-FS/BZ,37.78044,"Washington, George Washington High School",-122.403466,0 days 00:36:06,31,Census Tract 178.01
7214,5th St&Folsom St N-FS/BZ,37.78044,"Washington, George Washington High School",-122.403466,0 days 00:36:47,31,Census Tract 178.01
7214,5th St&Folsom St N-FS/BZ,37.78044,"Washington, George Washington High School",-122.403466,0 days 00:37:19,31,Census Tract 178.01
7214,5th St&Folsom St N-FS/BZ,37.78044,"Washington, George Washington High School",-122.403466,0 days 00:38:06,31,Census Tract 178.01
7214,5th St&Folsom St N-FS/BZ,37.78044,Gateway High School / Kipp Sf Bay Academy,-122.403466,0 days 00:20:57,31,Census Tract 178.01
7214,5th St&Folsom St N-FS/BZ,37.78044,Gateway High School / Kipp Sf Bay Academy,-122.403466,0 days 00:19:34.333333333,31,Census Tract 178.01
7214,5th St&Folsom St N-FS/BZ,37.78044,Gateway High School / Kipp Sf Bay Academy,-122.403466,0 days 00:20:13.666666666,31,Census Tract 178.01
5883,Palou Ave&Rankin St E-NS/SB,37.73821,Gateway High School / Kipp Sf Bay Academy,-122.39824,0 days 00:35:21.461538461,24,Census Tract 230.01
5883,Palou Ave&Rankin St E-NS/SB,37.73821,Gateway High School / Kipp Sf Bay Academy,-122.39824,0 days 00:37:27.461538461,24,Census Tract 230.01
5883,Palou Ave&Rankin St E-NS/SB,37.73821,Gateway High School / Kipp Sf Bay Academy,-122.39824,0 days 00:38:35.307692307,24,Census Tract 230.01
6972,Woolsey St&Bowdoin St SW-NS,37.72338,"Burton, Phillip And Sala Burton High School",-122.40961,0 days 00:00:17.214285714,54,Census Tract 259
4410,Divisadero St&California St SW-FS,37.787988,Gateway High School / Kipp Sf Bay Academy,-122.4405,0 days 00:04:27.454545454,24,Census Tract 153
4410,Divisadero St&California St SW-FS,37.787988,Gateway High School / Kipp Sf Bay Academy,-122.4405,0 days 00:02:45.454545454,24,Census Tract 153
4410,Divisadero St&California St SW-FS,37.787988,Gateway High School / Kipp Sf Bay Academy,-122.4405,0 days 00:01:27.869565217,24,Census Tract 153
3558,33rd Ave&Geary Blvd NW-NS/BZ,37.779815,"Washington, George Washington High School",-122.493388,0 days 00:02:06,18,Census Tract 478.02
3558,33rd Ave&Geary Blvd NW-NS/BZ,37.779815,"Washington, George Washington High School",-122.493388,0 days 00:00:49,18,Census Tract 478.02
3558,33rd Ave&Geary Blvd NW-NS/BZ,37.779815,"Washington, George Washington High School",-122.493388,0 days 00:01:35,18,Census Tract 478.02
3953,Chestnut St&Pierce St SW-NS/BZ,37.80031,Galileo High School,-122.439616,0 days 00:05:33.500000,30,Census Tract 128.02
3953,Chestnut St&Pierce St SW-NS/BZ,37.80031,Galileo High School,-122.439616,0 days 00:09:02.200000,30,Census Tract 128.02
3953,Chestnut St&Pierce St SW-NS/BZ,37.80031,Galileo High School,-122.439616,0 days 00:07:50,30,Census Tract 128.02
3953,Chestnut St&Pierce St SW-NS/BZ,37.80031,Galileo High School,-122.439616,0 days 00:07:10.250000,30,Census Tract 128.02
3953,Chestnut St&Pierce St SW-NS/BZ,37.80031,Galileo High School,-122.439616,0 days 00:06:35.625000,30,Census Tract 128.02
3565,39th Ave&Rivera St NW-NS,37.74596,"Lincoln, Abraham Lincoln High School",-122.49747,0 days 00:06:18.538461538,48,Census Tract 353
3565,39th Ave&Rivera St NW-NS,37.74596,"Lincoln, Abraham Lincoln High School",-122.49747,0 days 00:05:38.714285714,48,Census Tract 353
3565,39th Ave&Rivera St NW-NS,37.74596,"Lincoln, Abraham Lincoln High School",-122.49747,0 days 00:05:03.714285714,48,Census Tract 353
3483,24th St&South Van Ness Ave NE-NS,37.752445,"Lincoln, Abraham Lincoln High School",-122.416156,0 days 00:24:16.384615384,48,Census Tract 229.01
3483,24th St&South Van Ness Ave NE-NS,37.752445,"Lincoln, Abraham Lincoln High School",-122.416156,0 days 00:24:56.153846153,48,Census Tract 229.01
3483,24th St&South Van Ness Ave NE-NS,37.752445,"Lincoln, Abraham Lincoln High School",-122.416156,0 days 00:25:35.923076923,48,Census Tract 229.01
5950,Park Presidio Blvd&Fulton St NE-FS,37.773219,Galileo High School,-122.471653,0 days 00:23:19.153846153,28,Census Tract 452.01
5950,Park Presidio Blvd&Fulton St NE-FS,37.773219,Galileo High School,-122.471653,0 days 00:22:28.846153846,28,Census Tract 452.01
5950,Park Presidio Blvd&Fulton St NE-FS,37.773219,Galileo High School,-122.471653,0 days 00:20:51.846153846,28,Census Tract 452.01
5950,Park Presidio Blvd&Fulton St NE-FS,37.773219,Galileo High School,-122.471653,0 days 00:21:41.538461538,28,Census Tract 452.01
7953,Geary Blvd & Masonic St SE-FS/BZ,37.782197,Gateway High School / Kipp Sf Bay Academy,-122.447034,0 days 00:02:59.900000,38,Census Tract 157.02
7953,Geary Blvd & Masonic St SE-FS/BZ,37.782197,Gateway High School / Kipp Sf Bay Academy,-122.447034,0 days 00:02:12,38R,Census Tract 157.02
7953,Geary Blvd & Masonic St SE-FS/BZ,37.782197,Gateway High School / Kipp Sf Bay Academy,-122.447034,0 days 00:03:45.947368421,38,Census Tract 157.02
5867,Palou Ave&Industrial St E-NS/SB,37.739529,Gateway High School / Kipp Sf Bay Academy,-122.400547,0 days 00:34:20.923076923,24,Census Tract 230.01
5867,Palou Ave&Industrial St E-NS/SB,37.739529,Gateway High School / Kipp Sf Bay Academy,-122.400547,0 days 00:36:26.923076923,24,Census Tract 230.01
5867,Palou Ave&Industrial St E-NS/SB,37.739529,Gateway High School / Kipp Sf Bay Academy,-122.400547,0 days 00:37:34.769230769,24,Census Tract 230.01
3384,19th Ave&Quintara St SW-FS/BB,37.7483,"Lincoln, Abraham Lincoln High School",-122.47614,0 days 00:00:35.352941176,28,Census Tract 328.01
6184,Reddy St&Thornton Ave SE-NS,37.73098,"Burton, Phillip And Sala Burton High School",-122.39504,0 days 00:07:46.500000,54,Census Tract 230.03
6184,Reddy St&Thornton Ave SE-NS,37.73098,"Burton, Phillip And Sala Burton High School",-122.39504,0 days 00:07:30,54,Census Tract 230.03
4765,Geary Blvd&St Joseph's Ave SE-FS/BZ,37.782795,Gateway High School / Kipp Sf Bay Academy,-122.442541,0 days 00:01:11.250000,38,Census Tract 158.01
4765,Geary Blvd&St Joseph's Ave SE-FS/BZ,37.782795,Gateway High School / Kipp Sf Bay Academy,-122.442541,0 days 00:01:58.105263157,38,Census Tract 158.01
6564,Sunset Blvd&Yorba St SW-FS/SB,37.734783,"Burton, Phillip And Sala Burton High School",-122.494059,0 days 00:32:04.357142857,29,Census Tract 353
6564,Sunset Blvd&Yorba St SW-FS/SB,37.734783,"Burton, Phillip And Sala Burton High School",-122.494059,0 days 00:30:39.500000,29,Census Tract 353
6564,Sunset Blvd&Yorba St SW-FS/SB,37.734783,"Burton, Phillip And Sala Burton High School",-122.494059,0 days 00:31:50.571428571,29,Census Tract 353
6564,Sunset Blvd&Yorba St SW-FS/SB,37.734783,"Burton, Phillip And Sala Burton High School",-122.494059,0 days 00:31:07.500000,29,Census Tract 353
6564,Sunset Blvd&Yorba St SW-FS/SB,37.734783,"Burton, Phillip And Sala Burton High School",-122.494059,0 days 00:31:36.428571428,29,Census Tract 353
3473,24th St&Harrison St NW-FS/BZ,37.752694,"Lincoln, Abraham Lincoln High School",-122.412054,0 days 00:26:29.461538461,48,Census Tract 229.01
3473,24th St&Harrison St NW-FS/BZ,37.752694,"Lincoln, Abraham Lincoln High School",-122.412054,0 days 00:27:09.230769230,48,Census Tract 229.01
3473,24th St&Harrison St NW-FS/BZ,37.752694,"Lincoln, Abraham Lincoln High School",-122.412054,0 days 00:27:49,48,Census Tract 229.01
3248,14th Ave&Santiago St SE-NS/PS,37.74503,"Lincoln, Abraham Lincoln High School",-122.4703,0 days 00:04:05.937500,48,Census Tract 304
3248,14th Ave&Santiago St SE-NS/PS,37.74503,"Lincoln, Abraham Lincoln High School",-122.4703,0 days 00:04:45.187500,48,Census Tract 304
3248,14th Ave&Santiago St SE-NS/PS,37.74503,"Lincoln, Abraham Lincoln High School",-122.4703,0 days 00:05:24.437500,48,Census Tract 304
6252,Revere Ave&Jennings St W-NS,37.72956,"Burton, Phillip And Sala Burton High School",-122.38656,0 days 00:13:43.727272727,54,Census Tract 232
6252,Revere Ave&Jennings St W-NS,37.72956,"Burton, Phillip And Sala Burton High School",-122.38656,0 days 00:13:27.090909090,54,Census Tract 232
3037,Balboa St&8TH Ave SW-NS/PS,37.777065,Gateway High School / Kipp Sf Bay Academy,-122.466256,0 days 00:10:02.666666666,31,Census Tract 452.02
3037,Balboa St&8TH Ave SW-NS/PS,37.777065,Gateway High School / Kipp Sf Bay Academy,-122.466256,0 days 00:11:14.166666666,31,Census Tract 452.02
3037,Balboa St&8TH Ave SW-NS/PS,37.777065,Gateway High School / Kipp Sf Bay Academy,-122.466256,0 days 00:10:35.666666666,31,Census Tract 452.02
4856,Lawton St&11th Ave NE-NS/SB,37.7584,"Lincoln, Abraham Lincoln High School",-122.46793,0 days 00:06:14.111111111,66,Census Tract 303.01
4856,Lawton St&11th Ave NE-NS/SB,37.7584,"Lincoln, Abraham Lincoln High School",-122.46793,0 days 00:06:42,66,Census Tract 303.01
4856,Lawton St&11th Ave NE-NS/SB,37.7584,"Lincoln, Abraham Lincoln High School",-122.46793,0 days 00:07:05,66,Census Tract 303.01
3705,Lincoln Blvd&Bowley St SW-FS/SB,37.788465,"Burton, Phillip And Sala Burton High School",-122.482617,0 days 00:55:31,29,Census Tract 601
3705,Lincoln Blvd&Bowley St SW-FS/SB,37.788465,"Burton, Phillip And Sala Burton High School",-122.482617,0 days 00:54:07,29,Census Tract 601
3705,Lincoln Blvd&Bowley St SW-FS/SB,37.788465,"Burton, Phillip And Sala Burton High School",-122.482617,0 days 00:55:17.333333333,29,Census Tract 601
3705,Lincoln Blvd&Bowley St SW-FS/SB,37.788465,"Burton, Phillip And Sala Burton High School",-122.482617,0 days 00:54:34.666666666,29,Census Tract 601
3705,Lincoln Blvd&Bowley St SW-FS/SB,37.788465,"Burton, Phillip And Sala Burton High School",-122.482617,0 days 00:55:03.333333333,29,Census Tract 601
3706,Bowley St & Lincoln Blvd,37.792079,"Burton, Phillip And Sala Burton High School",-122.481575,0 days 00:56:16,29,Census Tract 601
3706,Bowley St & Lincoln Blvd,37.792079,"Burton, Phillip And Sala Burton High School",-122.481575,0 days 00:54:52,29,Census Tract 601
3706,Bowley St & Lincoln Blvd,37.792079,"Burton, Phillip And Sala Burton High School",-122.481575,0 days 00:56:02.333333333,29,Census Tract 601
3706,Bowley St & Lincoln Blvd,37.792079,"Burton, Phillip And Sala Burton High School",-122.481575,0 days 00:55:19.666666666,29,Census Tract 601
3706,Bowley St & Lincoln Blvd,37.792079,"Burton, Phillip And Sala Burton High School",-122.481575,0 days 00:55:48.333333333,29,Census Tract 601
3471,24th St&Guerrero St NE-NS/BZ,37.752045,"Lincoln, Abraham Lincoln High School",-122.422767,0 days 00:21:28,48,Census Tract 210
3471,24th St&Guerrero St NE-NS/BZ,37.752045,"Lincoln, Abraham Lincoln High School",-122.422767,0 days 00:22:07.769230769,48,Census Tract 210
3471,24th St&Guerrero St NE-NS/BZ,37.752045,"Lincoln, Abraham Lincoln High School",-122.422767,0 days 00:22:47.538461538,48,Census Tract 210
4481,Eddy St&Larkin St NW-FS/BZ,37.783353,"Washington, George Washington High School",-122.41769,0 days 00:23:03.625000,31,Census Tract 124.06
4481,Eddy St&Larkin St NW-FS/BZ,37.783353,"Washington, George Washington High School",-122.41769,0 days 00:23:42.375000,31,Census Tract 124.06
4481,Eddy St&Larkin St NW-FS/BZ,37.783353,"Washington, George Washington High School",-122.41769,0 days 00:24:12.875000,31,Census Tract 124.06
4481,Eddy St&Larkin St NW-FS/BZ,37.783353,"Washington, George Washington High School",-122.41769,0 days 00:24:57.625000,31,Census Tract 124.06
4481,Eddy St&Larkin St NW-FS/BZ,37.783353,Gateway High School / Kipp Sf Bay Academy,-122.41769,0 days 00:08:41.222222222,31,Census Tract 124.06
4481,Eddy St&Larkin St NW-FS/BZ,37.783353,Gateway High School / Kipp Sf Bay Academy,-122.41769,0 days 00:07:26.777777777,31,Census Tract 124.06
4481,Eddy St&Larkin St NW-FS/BZ,37.783353,Gateway High School / Kipp Sf Bay Academy,-122.41769,0 days 00:08:02.333333333,31,Census Tract 124.06
4153,Cortland Ave&Folsom St NW-FS/BZ,37.739,Gateway High School / Kipp Sf Bay Academy,-122.41366,0 days 00:28:15.125000,24,Census Tract 252
4153,Cortland Ave&Folsom St NW-FS/BZ,37.739,Gateway High School / Kipp Sf Bay Academy,-122.41366,0 days 00:30:19.437500,24,Census Tract 252
4153,Cortland Ave&Folsom St NW-FS/BZ,37.739,Gateway High School / Kipp Sf Bay Academy,-122.41366,0 days 00:31:26.375000,24,Census Tract 252
4494,Eddy St&Van Ness Ave NE-NS/BZ,37.782988,"Washington, George Washington High School",-122.420613,0 days 00:20:38.272727272,31,Census Tract 124.06
4494,Eddy St&Van Ness Ave NE-NS/BZ,37.782988,"Washington, George Washington High School",-122.420613,0 days 00:21:16.272727272,31,Census Tract 124.06
4494,Eddy St&Van Ness Ave NE-NS/BZ,37.782988,"Washington, George Washington High School",-122.420613,0 days 00:21:46.090909090,31,Census Tract 124.06
4494,Eddy St&Van Ness Ave NE-NS/BZ,37.782988,"Washington, George Washington High School",-122.420613,0 days 00:22:29.909090909,31,Census Tract 124.06
4494,Eddy St&Van Ness Ave NE-NS/BZ,37.782988,Gateway High School / Kipp Sf Bay Academy,-122.420613,0 days 00:06:30.250000,31,Census Tract 124.06
4494,Eddy St&Van Ness Ave NE-NS/BZ,37.782988,Gateway High School / Kipp Sf Bay Academy,-122.420613,0 days 00:05:17.500000,31,Census Tract 124.06
4494,Eddy St&Van Ness Ave NE-NS/BZ,37.782988,Gateway High School / Kipp Sf Bay Academy,-122.420613,0 days 00:05:52.250000,31,Census Tract 124.06
4645,Fitzgerald Ave&Hawes St W-NS/PS,37.719921,"Burton, Phillip And Sala Burton High School",-122.389587,0 days 00:10:36.272727272,29,Census Tract 234
4645,Fitzgerald Ave&Hawes St W-NS/PS,37.719921,"Burton, Phillip And Sala Burton High School",-122.389587,0 days 00:12:12,29,Census Tract 234
4645,Fitzgerald Ave&Hawes St W-NS/PS,37.719921,"Burton, Phillip And Sala Burton High School",-122.389587,0 days 00:10:57.090909090,29,Census Tract 234
4645,Fitzgerald Ave&Hawes St W-NS/PS,37.719921,"Burton, Phillip And Sala Burton High School",-122.389587,0 days 00:11:39.272727272,29,Census Tract 234
4645,Fitzgerald Ave&Hawes St W-NS/PS,37.719921,"Burton, Phillip And Sala Burton High School",-122.389587,0 days 00:11:10,29,Census Tract 234
5881,Palou Ave&Quint St E-NS/SB,37.737163,Gateway High School / Kipp Sf Bay Academy,-122.396367,0 days 00:36:10.769230769,24,Census Tract 612
5881,Palou Ave&Quint St E-NS/SB,37.737163,Gateway High School / Kipp Sf Bay Academy,-122.396367,0 days 00:38:16.769230769,24,Census Tract 612
5881,Palou Ave&Quint St E-NS/SB,37.737163,Gateway High School / Kipp Sf Bay Academy,-122.396367,0 days 00:39:24.615384615,24,Census Tract 612
4254,Garfield St&Victoria St SW-NS/PS,37.719613,"Burton, Phillip And Sala Burton High School",-122.465452,0 days 00:18:21.777777777,29,Census Tract 313.01
4254,Garfield St&Victoria St SW-NS/PS,37.719613,"Burton, Phillip And Sala Burton High School",-122.465452,0 days 00:16:57.833333333,29,Census Tract 313.01
4254,Garfield St&Victoria St SW-NS/PS,37.719613,"Burton, Phillip And Sala Burton High School",-122.465452,0 days 00:18:08.111111111,29,Census Tract 313.01
4254,Garfield St&Victoria St SW-NS/PS,37.719613,"Burton, Phillip And Sala Burton High School",-122.465452,0 days 00:17:25.555555555,29,Census Tract 313.01
4254,Garfield St&Victoria St SW-NS/PS,37.719613,"Burton, Phillip And Sala Burton High School",-122.465452,0 days 00:17:54.166666666,29,Census Tract 313.01
4304,Geary Blvd&Laguna St NE-NS/BZ,37.785033,"Washington, George Washington High School",-122.427811,0 days 00:28:45.666666666,38,Census Tract 159
4304,Geary Blvd&Laguna St NE-NS/BZ,37.785033,"Washington, George Washington High School",-122.427811,0 days 00:29:28,38,Census Tract 159
4304,Geary Blvd&Laguna St NE-NS/BZ,37.785033,"Washington, George Washington High School",-122.427811,0 days 00:28:07,38,Census Tract 159
4304,Geary Blvd&Laguna St NE-NS/BZ,37.785033,"Washington, George Washington High School",-122.427811,0 days 00:26:21.125000,38,Census Tract 159
4304,Geary Blvd&Laguna St NE-NS/BZ,37.785033,"Washington, George Washington High School",-122.427811,0 days 00:27:15.125000,38,Census Tract 159
4304,Geary Blvd&Laguna St NE-NS/BZ,37.785033,"Washington, George Washington High School",-122.427811,0 days 00:30:47,38,Census Tract 159
4304,Geary Blvd&Laguna St NE-NS/BZ,37.785033,"Washington, George Washington High School",-122.427811,0 days 00:28:46.500000,38,Census Tract 159
4304,Geary Blvd&Laguna St NE-NS/BZ,37.785033,"Washington, George Washington High School",-122.427811,0 days 00:22:21.304347826,38R,Census Tract 159
4304,Geary Blvd&Laguna St NE-NS/BZ,37.785033,Gateway High School / Kipp Sf Bay Academy,-122.427811,0 days 00:05:33.173913043,38,Census Tract 159
4304,Geary Blvd&Laguna St NE-NS/BZ,37.785033,Gateway High School / Kipp Sf Bay Academy,-122.427811,0 days 00:04:02,38R,Census Tract 159
4304,Geary Blvd&Laguna St NE-NS/BZ,37.785033,Gateway High School / Kipp Sf Bay Academy,-122.427811,0 days 00:02:32.086956521,38,Census Tract 159
4304,Geary Blvd&Laguna St NE-NS/BZ,37.785033,Gateway High School / Kipp Sf Bay Academy,-122.427811,0 days 00:01:50,38R,Census Tract 159
4304,Geary Blvd&Laguna St NE-NS/BZ,37.785033,Gateway High School / Kipp Sf Bay Academy,-122.427811,0 days 00:04:45.521739130,38,Census Tract 159
6446,Sloat Blvd&41st Ave N-FS/BZ,37.734567,"Washington, George Washington High School",-122.499294,0 days 00:21:14,18,Census Tract 353
6446,Sloat Blvd&41st Ave N-FS/BZ,37.734567,"Washington, George Washington High School",-122.499294,0 days 00:22:21,18,Census Tract 353
6446,Sloat Blvd&41st Ave N-FS/BZ,37.734567,"Washington, George Washington High School",-122.499294,0 days 00:21:39,18,Census Tract 353
6446,Sloat Blvd&41st Ave N-FS/BZ,37.734567,"Washington, George Washington High School",-122.499294,0 days 00:23:15,18,Census Tract 353
6165,Quintara St&44th Ave SW-NS,37.74742,"Lincoln, Abraham Lincoln High School",-122.50304,0 days 00:08:31,48,Census Tract 354
6165,Quintara St&44th Ave SW-NS,37.74742,"Lincoln, Abraham Lincoln High School",-122.50304,0 days 00:07:51.428571428,48,Census Tract 354
6165,Quintara St&44th Ave SW-NS,37.74742,"Lincoln, Abraham Lincoln High School",-122.50304,0 days 00:07:16.428571428,48,Census Tract 354
4968,Harrison St&4th St W-FS/BZ,37.780671,"Washington, George Washington High School",-122.399913,0 days 00:38:24,31,Census Tract 178.01
4968,Harrison St&4th St W-FS/BZ,37.780671,"Washington, George Washington High School",-122.399913,0 days 00:39:05,31,Census Tract 178.01
4968,Harrison St&4th St W-FS/BZ,37.780671,"Washington, George Washington High School",-122.399913,0 days 00:39:37,31,Census Tract 178.01
4968,Harrison St&4th St W-FS/BZ,37.780671,"Washington, George Washington High School",-122.399913,0 days 00:40:24,31,Census Tract 178.01
4968,Harrison St&4th St W-FS/BZ,37.780671,Gateway High School / Kipp Sf Bay Academy,-122.399913,0 days 00:23:15,31,Census Tract 178.01
4968,Harrison St&4th St W-FS/BZ,37.780671,Gateway High School / Kipp Sf Bay Academy,-122.399913,0 days 00:21:52.333333333,31,Census Tract 178.01
4968,Harrison St&4th St W-FS/BZ,37.780671,Gateway High School / Kipp Sf Bay Academy,-122.399913,0 days 00:22:31.666666666,31,Census Tract 178.01
6291,Sacramento St&Buchanan St NE-NS/BZ,37.79036,"Washington, George Washington High School",-122.4306,0 days 00:22:26.476190476,1,Census Tract 135
6291,Sacramento St&Buchanan St NE-NS/BZ,37.79036,"Washington, George Washington High School",-122.4306,0 days 00:22:52.190476190,1,Census Tract 135
3391,19th Ave&Sloat Blvd NE-FS/BZ,37.734717,"Lincoln, Abraham Lincoln High School",-122.474974,0 days 00:04:58.684210526,28,Census Tract 309
3391,19th Ave&Sloat Blvd NE-FS/BZ,37.734717,Galileo High School,-122.474974,0 days 00:38:39.300000,28,Census Tract 309
3391,19th Ave&Sloat Blvd NE-FS/BZ,37.734717,Galileo High School,-122.474974,0 days 00:37:48.300000,28,Census Tract 309
3391,19th Ave&Sloat Blvd NE-FS/BZ,37.734717,Galileo High School,-122.474974,0 days 00:36:10.300000,28,Census Tract 309
3391,19th Ave&Sloat Blvd NE-FS/BZ,37.734717,Galileo High School,-122.474974,0 days 00:37:00.300000,28,Census Tract 309
6716,Turk St&Central Ave NE-NS/SB,37.778914,"Washington, George Washington High School",-122.445246,0 days 00:11:35.454545454,31,Census Tract 157.02
6716,Turk St&Central Ave NE-NS/SB,37.778914,"Washington, George Washington High School",-122.445246,0 days 00:12:13.454545454,31,Census Tract 157.02
6716,Turk St&Central Ave NE-NS/SB,37.778914,"Washington, George Washington High School",-122.445246,0 days 00:12:43.272727272,31,Census Tract 157.02
6716,Turk St&Central Ave NE-NS/SB,37.778914,"Washington, George Washington High School",-122.445246,0 days 00:13:27.090909090,31,Census Tract 157.02
3043,Balboa St&17TH Ave NE-NS/PS,37.77676,"Washington, George Washington High School",-122.475769,0 days 00:03:08.142857142,31,Census Tract 476
3043,Balboa St&17TH Ave NE-NS/PS,37.77676,"Washington, George Washington High School",-122.475769,0 days 00:03:46.357142857,31,Census Tract 476
3043,Balboa St&17TH Ave NE-NS/PS,37.77676,"Washington, George Washington High School",-122.475769,0 days 00:04:16.357142857,31,Census Tract 476
3043,Balboa St&17TH Ave NE-NS/PS,37.77676,"Washington, George Washington High School",-122.475769,0 days 00:05:00.428571428,31,Census Tract 476
7077,Evans Ave&Mendell St N-FS/BZ,37.740905,Galileo High School,-122.384564,0 days 00:46:51.714285714,19,Census Tract 9809
7077,Evans Ave&Mendell St N-FS/BZ,37.740905,Galileo High School,-122.384564,0 days 00:46:22.857142857,19,Census Tract 9809
7077,Evans Ave&Mendell St N-FS/BZ,37.740905,Galileo High School,-122.384564,0 days 00:45:22.428571428,19,Census Tract 9809
7077,Evans Ave&Mendell St N-FS/BZ,37.740905,Galileo High School,-122.384564,0 days 00:44:28.428571428,19,Census Tract 9809
7077,Evans Ave&Mendell St N-FS/BZ,37.740905,Galileo High School,-122.384564,0 days 00:43:22,19,Census Tract 9809
6084,Prague St&Russia Ave E-FS,37.71756,"Burton, Phillip And Sala Burton High School",-122.4282,0 days 00:08:59.250000,54,Census Tract 260.03
6084,Prague St&Russia Ave E-FS,37.71756,"Burton, Phillip And Sala Burton High School",-122.4282,0 days 00:09:16.666666666,54,Census Tract 260.03
6837,Vicente St&West Portal Dr E-NS,37.73968,"Lincoln, Abraham Lincoln High School",-122.46677,0 days 00:07:25.312500,48,Census Tract 308
6837,Vicente St&West Portal Dr E-NS,37.73968,"Lincoln, Abraham Lincoln High School",-122.46677,0 days 00:08:04.562500,48,Census Tract 308
6837,Vicente St&West Portal Dr E-NS,37.73968,"Lincoln, Abraham Lincoln High School",-122.46677,0 days 00:08:43.812500,48,Census Tract 308
5791,Ocean Ave&Howth St SE-FS/BZ,37.72286,"Burton, Phillip And Sala Burton High School",-122.44929,0 days 00:11:42.315789473,29,Census Tract 312.02
5791,Ocean Ave&Howth St SE-FS/BZ,37.72286,"Burton, Phillip And Sala Burton High School",-122.44929,0 days 00:10:18.631578947,29,Census Tract 312.02
5791,Ocean Ave&Howth St SE-FS/BZ,37.72286,"Burton, Phillip And Sala Burton High School",-122.44929,0 days 00:11:28.684210526,29,Census Tract 312.02
5791,Ocean Ave&Howth St SE-FS/BZ,37.72286,"Burton, Phillip And Sala Burton High School",-122.44929,0 days 00:10:46.263157894,29,Census Tract 312.02
5791,Ocean Ave&Howth St SE-FS/BZ,37.72286,"Burton, Phillip And Sala Burton High School",-122.44929,0 days 00:11:14.789473684,29,Census Tract 312.02
5791,Ocean Ave&Howth St SE-FS/BZ,37.72286,Galileo High School,-122.44929,0 days 00:48:30.666666666,49,Census Tract 312.02
5791,Ocean Ave&Howth St SE-FS/BZ,37.72286,Galileo High School,-122.44929,0 days 00:49:03.750000,49,Census Tract 312.02
5791,Ocean Ave&Howth St SE-FS/BZ,37.72286,Galileo High School,-122.44929,0 days 00:49:27.750000,49,Census Tract 312.02
3038,Balboa St&10TH Ave NE-NS/PS,37.777101,"Washington, George Washington High School",-122.46817,0 days 00:05:09.214285714,31,Census Tract 452.01
3038,Balboa St&10TH Ave NE-NS/PS,37.777101,"Washington, George Washington High School",-122.46817,0 days 00:05:47.428571428,31,Census Tract 452.01
3038,Balboa St&10TH Ave NE-NS/PS,37.777101,"Washington, George Washington High School",-122.46817,0 days 00:06:17.428571428,31,Census Tract 452.01
3038,Balboa St&10TH Ave NE-NS/PS,37.777101,"Washington, George Washington High School",-122.46817,0 days 00:07:01.500000,31,Census Tract 452.01
5739,Noriega St&16th Ave SE-FS/PS,37.75526,"Lincoln, Abraham Lincoln High School",-122.47312,0 days 00:03:27.555555555,66,Census Tract 303.02
5739,Noriega St&16th Ave SE-FS/PS,37.75526,"Lincoln, Abraham Lincoln High School",-122.47312,0 days 00:03:55.444444444,66,Census Tract 303.02
5739,Noriega St&16th Ave SE-FS/PS,37.75526,"Lincoln, Abraham Lincoln High School",-122.47312,0 days 00:04:20,66,Census Tract 303.02
3489,25th Ave&Balboa St NW-NS/PS,37.776419,"Burton, Phillip And Sala Burton High School",-122.48456,0 days 00:51:21.600000,29,Census Tract 477.01
3489,25th Ave&Balboa St NW-NS/PS,37.776419,"Burton, Phillip And Sala Burton High School",-122.48456,0 days 00:49:56.600000,29,Census Tract 477.01
3489,25th Ave&Balboa St NW-NS/PS,37.776419,"Burton, Phillip And Sala Burton High School",-122.48456,0 days 00:51:07.800000,29,Census Tract 477.01
3489,25th Ave&Balboa St NW-NS/PS,37.776419,"Burton, Phillip And Sala Burton High School",-122.48456,0 days 00:50:24.600000,29,Census Tract 477.01
3489,25th Ave&Balboa St NW-NS/PS,37.776419,"Burton, Phillip And Sala Burton High School",-122.48456,0 days 00:50:53.600000,29,Census Tract 477.01
4332,Castro St&Elizabeth St E-MI/SB,37.751886,Gateway High School / Kipp Sf Bay Academy,-122.434053,0 days 00:14:40.684210526,24,Census Tract 211
4332,Castro St&Elizabeth St E-MI/SB,37.751886,Gateway High School / Kipp Sf Bay Academy,-122.434053,0 days 00:16:43.842105263,24,Census Tract 211
4332,Castro St&Elizabeth St E-MI/SB,37.751886,Gateway High School / Kipp Sf Bay Academy,-122.434053,0 days 00:17:50.157894736,24,Census Tract 211
3612,Cyril Magnin St(5th St N)&Market St NW-NS/BZ,37.784011,"Washington, George Washington High School",-122.40821,0 days 00:30:26.250000,31,Census Tract 125.03
3612,Cyril Magnin St(5th St N)&Market St NW-NS/BZ,37.784011,"Washington, George Washington High School",-122.40821,0 days 00:31:05,31,Census Tract 125.03
3612,Cyril Magnin St(5th St N)&Market St NW-NS/BZ,37.784011,"Washington, George Washington High School",-122.40821,0 days 00:31:35.500000,31,Census Tract 125.03
3612,Cyril Magnin St(5th St N)&Market St NW-NS/BZ,37.784011,"Washington, George Washington High School",-122.40821,0 days 00:32:20.250000,31,Census Tract 125.03
3612,Cyril Magnin St(5th St N)&Market St NW-NS/BZ,37.784011,Gateway High School / Kipp Sf Bay Academy,-122.40821,0 days 00:16:12.333333333,31,Census Tract 125.03
3612,Cyril Magnin St(5th St N)&Market St NW-NS/BZ,37.784011,Gateway High School / Kipp Sf Bay Academy,-122.40821,0 days 00:14:57.888888888,31,Census Tract 125.03
3612,Cyril Magnin St(5th St N)&Market St NW-NS/BZ,37.784011,Gateway High School / Kipp Sf Bay Academy,-122.40821,0 days 00:15:33.444444444,31,Census Tract 125.03
4616,Fillmore St&Grove St NE-FS/BZ,37.776998,Gateway High School / Kipp Sf Bay Academy,-122.431369,0 days 00:05:26.457142857,22,Census Tract 163
4616,Fillmore St&Grove St NE-FS/BZ,37.776998,Gateway High School / Kipp Sf Bay Academy,-122.431369,0 days 00:04:21.685714285,22,Census Tract 163
3575,46th Ave&Irving St SE-NS/PS,37.762206,"Washington, George Washington High School",-122.505971,0 days 00:10:28,18,Census Tract 352.02
3575,46th Ave&Irving St SE-NS/PS,37.762206,"Washington, George Washington High School",-122.505971,0 days 00:11:35,18,Census Tract 352.02
3575,46th Ave&Irving St SE-NS/PS,37.762206,"Washington, George Washington High School",-122.505971,0 days 00:10:53,18,Census Tract 352.02
3575,46th Ave&Irving St SE-NS/PS,37.762206,"Washington, George Washington High School",-122.505971,0 days 00:12:29,18,Census Tract 352.02
3093,Beach St&Polk St N-MB/BZ,37.806375,Galileo High School,-122.423195,0 days 00:01:35.687500,19,Census Tract 102.02
3093,Beach St&Polk St N-MB/BZ,37.806375,Galileo High School,-122.423195,0 days 00:02:31.125000,19,Census Tract 102.02
3093,Beach St&Polk St N-MB/BZ,37.806375,Galileo High School,-122.423195,0 days 00:00:51.062500,19,Census Tract 102.02
7984,Moscow St&Excelsior Ave E-NS/PS,37.722717,"Burton, Phillip And Sala Burton High School",-122.426454,0 days 00:06:36.416666666,54,Census Tract 260.03
7984,Moscow St&Excelsior Ave E-NS/PS,37.722717,"Burton, Phillip And Sala Burton High School",-122.426454,0 days 00:06:53.833333333,54,Census Tract 260.03
8096,Van Ness Ave&Union St NS-S/SI,37.798514,Galileo High School,-122.423955,0 days 00:01:50,49,Census Tract 109.02
8096,Van Ness Ave&Union St NS-S/SI,37.798514,Galileo High School,-122.423955,0 days 00:02:36,49,Census Tract 109.02
8096,Van Ness Ave&Union St NS-S/SI,37.798514,Galileo High School,-122.423955,0 days 00:03:00,49,Census Tract 109.02
4258,Geary Blvd&6TH Ave SE-FS/BZ,37.781,Gateway High School / Kipp Sf Bay Academy,-122.464125,0 days 00:09:47.850000,38,Census Tract 451
4258,Geary Blvd&6TH Ave SE-FS/BZ,37.781,Gateway High School / Kipp Sf Bay Academy,-122.464125,0 days 00:07:24.400000,38R,Census Tract 451
4258,Geary Blvd&6TH Ave SE-FS/BZ,37.781,Gateway High School / Kipp Sf Bay Academy,-122.464125,0 days 00:10:33.526315789,38,Census Tract 451
5992,Polk St&North Point St SW-FS/BZ,37.805018,Galileo High School,-122.4237,0 days 00:00:44.625000,19,Census Tract 102.02
5992,Polk St&North Point St SW-FS/BZ,37.805018,Galileo High School,-122.4237,0 days 00:01:40.062500,19,Census Tract 102.02
3050,Balboa St&23RD Ave SW-NS/SB,37.77633,Gateway High School / Kipp Sf Bay Academy,-122.482417,0 days 00:14:48,31,Census Tract 477.02
3050,Balboa St&23RD Ave SW-NS/SB,37.77633,Gateway High School / Kipp Sf Bay Academy,-122.482417,0 days 00:15:59.500000,31,Census Tract 477.02
3050,Balboa St&23RD Ave SW-NS/SB,37.77633,Gateway High School / Kipp Sf Bay Academy,-122.482417,0 days 00:15:21,31,Census Tract 477.02
6710,Turk St&Baker St NW-FS/PS,37.779288,"Washington, George Washington High School",-122.442174,0 days 00:12:39,31,Census Tract 157.02
6710,Turk St&Baker St NW-FS/PS,37.779288,"Washington, George Washington High School",-122.442174,0 days 00:13:17,31,Census Tract 157.02
6710,Turk St&Baker St NW-FS/PS,37.779288,"Washington, George Washington High School",-122.442174,0 days 00:13:46.818181818,31,Census Tract 157.02
6710,Turk St&Baker St NW-FS/PS,37.779288,"Washington, George Washington High School",-122.442174,0 days 00:14:30.636363636,31,Census Tract 157.02
6968,Williams Ave&3rd St N-FS,37.72938,"Burton, Phillip And Sala Burton High School",-122.39295,0 days 00:09:15.750000,54,Census Tract 230.03
6968,Williams Ave&3rd St N-FS,37.72938,"Burton, Phillip And Sala Burton High School",-122.39295,0 days 00:08:59,54,Census Tract 230.03
6450,Sloat Blvd&45th Ave NW-FS/BZ,37.735600000000005,"Washington, George Washington High School",-122.503407,0 days 00:20:23,18,Census Tract 354
6450,Sloat Blvd&45th Ave NW-FS/BZ,37.735600000000005,"Washington, George Washington High School",-122.503407,0 days 00:21:30,18,Census Tract 354
6450,Sloat Blvd&45th Ave NW-FS/BZ,37.735600000000005,"Washington, George Washington High School",-122.503407,0 days 00:20:48,18,Census Tract 354
6450,Sloat Blvd&45th Ave NW-FS/BZ,37.735600000000005,"Washington, George Washington High School",-122.503407,0 days 00:22:24,18,Census Tract 354
3886,California St&Park Presidio Blvd NW,37.784514,"Washington, George Washington High School",-122.472952,0 days 00:07:10.538461538,1,Census Tract 426.02
3886,California St&Park Presidio Blvd NW,37.784514,"Washington, George Washington High School",-122.472952,0 days 00:07:35.884615384,1,Census Tract 426.02
3481,24th St&Sanchez St NE-NS,37.751645,"Lincoln, Abraham Lincoln High School",-122.42955,0 days 00:19:04.076923076,48,Census Tract 211
3481,24th St&Sanchez St NE-NS,37.751645,"Lincoln, Abraham Lincoln High School",-122.42955,0 days 00:19:43.846153846,48,Census Tract 211
3481,24th St&Sanchez St NE-NS,37.751645,"Lincoln, Abraham Lincoln High School",-122.42955,0 days 00:20:23.615384615,48,Census Tract 211
6541,Sunset Blvd&Ocean Ave NW-NS/SB,37.732026,"Burton, Phillip And Sala Burton High School",-122.493862,0 days 00:31:15.133333333,29,Census Tract 331
6541,Sunset Blvd&Ocean Ave NW-NS/SB,37.732026,"Burton, Phillip And Sala Burton High School",-122.493862,0 days 00:29:50.200000,29,Census Tract 331
6541,Sunset Blvd&Ocean Ave NW-NS/SB,37.732026,"Burton, Phillip And Sala Burton High School",-122.493862,0 days 00:31:01.333333333,29,Census Tract 331
6541,Sunset Blvd&Ocean Ave NW-NS/SB,37.732026,"Burton, Phillip And Sala Burton High School",-122.493862,0 days 00:30:18.266666666,29,Census Tract 331
6541,Sunset Blvd&Ocean Ave NW-NS/SB,37.732026,"Burton, Phillip And Sala Burton High School",-122.493862,0 days 00:30:47.200000,29,Census Tract 331
7767,16th Street & 4th Street NW/FS/BZ,37.766864,Gateway High School / Kipp Sf Bay Academy,-122.390891,0 days 00:28:41.352941176,22,Census Tract 607.01
7767,16th Street & 4th Street NW/FS/BZ,37.766864,Gateway High School / Kipp Sf Bay Academy,-122.390891,0 days 00:27:35.411764705,22,Census Tract 607.01
3277,16th Ave&Moraga St NW-NS/SB,37.75636,"Lincoln, Abraham Lincoln High School",-122.47368,0 days 00:03:47.333333333,66,Census Tract 303.01
3277,16th Ave&Moraga St NW-NS/SB,37.75636,"Lincoln, Abraham Lincoln High School",-122.47368,0 days 00:04:15.222222222,66,Census Tract 303.01
3277,16th Ave&Moraga St NW-NS/SB,37.75636,"Lincoln, Abraham Lincoln High School",-122.47368,0 days 00:04:39.500000,66,Census Tract 303.01
4414,Divisadero St&Eddy St SE-NS/BZ,37.780591,Gateway High School / Kipp Sf Bay Academy,-122.438942,0 days 00:02:02.571428571,24,Census Tract 158.01
4414,Divisadero St&Eddy St SE-NS/BZ,37.780591,Gateway High School / Kipp Sf Bay Academy,-122.438942,0 days 00:03:08.571428571,24,Census Tract 158.01
3512,25th St&Wisconsin St NE-NS/PS,37.75224,"Lincoln, Abraham Lincoln High School",-122.39831,0 days 00:35:44.833333333,48,Census Tract 614.01
3512,25th St&Wisconsin St NE-NS/PS,37.75224,"Lincoln, Abraham Lincoln High School",-122.39831,0 days 00:36:24.833333333,48,Census Tract 614.01
3512,25th St&Wisconsin St NE-NS/PS,37.75224,"Lincoln, Abraham Lincoln High School",-122.39831,0 days 00:37:04.833333333,48,Census Tract 614.01
4785,Gilman Ave&Ingalls St E-NS/SB,37.72035,"Burton, Phillip And Sala Burton High School",-122.391729,0 days 00:05:38.173913043,29,Census Tract 234
4785,Gilman Ave&Ingalls St E-NS/SB,37.72035,"Burton, Phillip And Sala Burton High School",-122.391729,0 days 00:07:13.956521739,29,Census Tract 234
4785,Gilman Ave&Ingalls St E-NS/SB,37.72035,"Burton, Phillip And Sala Burton High School",-122.391729,0 days 00:05:59,29,Census Tract 234
4785,Gilman Ave&Ingalls St E-NS/SB,37.72035,"Burton, Phillip And Sala Burton High School",-122.391729,0 days 00:06:41.217391304,29,Census Tract 234
4785,Gilman Ave&Ingalls St E-NS/SB,37.72035,"Burton, Phillip And Sala Burton High School",-122.391729,0 days 00:06:11.913043478,29,Census Tract 234
3516,26th St&De Haro St NE-NS/SB,37.75086,Galileo High School,-122.40015,0 days 00:38:27.857142857,19,Census Tract 614.01
3516,26th St&De Haro St NE-NS/SB,37.75086,Galileo High School,-122.40015,0 days 00:37:59,19,Census Tract 614.01
3516,26th St&De Haro St NE-NS/SB,37.75086,Galileo High School,-122.40015,0 days 00:36:58.571428571,19,Census Tract 614.01
3516,26th St&De Haro St NE-NS/SB,37.75086,Galileo High School,-122.40015,0 days 00:36:04.571428571,19,Census Tract 614.01
3516,26th St&De Haro St NE-NS/SB,37.75086,Galileo High School,-122.40015,0 days 00:34:58.142857142,19,Census Tract 614.01
3516,26th St&De Haro St NE-NS/SB,37.75086,"Lincoln, Abraham Lincoln High School",-122.40015,0 days 00:34:45.833333333,48,Census Tract 614.01
3516,26th St&De Haro St NE-NS/SB,37.75086,"Lincoln, Abraham Lincoln High School",-122.40015,0 days 00:35:25.833333333,48,Census Tract 614.01
3516,26th St&De Haro St NE-NS/SB,37.75086,"Lincoln, Abraham Lincoln High School",-122.40015,0 days 00:36:05.833333333,48,Census Tract 614.01
3192,7th St&Folsom St N-FS/SI,37.776864,Galileo High School,-122.407904,0 days 00:23:31.600000,19,Census Tract 178.04
3192,7th St&Folsom St N-FS/SI,37.776864,Galileo High School,-122.407904,0 days 00:23:03.800000,19,Census Tract 178.04
3192,7th St&Folsom St N-FS/SI,37.776864,Galileo High School,-122.407904,0 days 00:22:05.800000,19,Census Tract 178.04
3192,7th St&Folsom St N-FS/SI,37.776864,Galileo High School,-122.407904,0 days 00:21:13.900000,19,Census Tract 178.04
3192,7th St&Folsom St N-FS/SI,37.776864,Galileo High School,-122.407904,0 days 00:20:10.100000,19,Census Tract 178.04
3402,19th Ave&Winston Dr NE-FS/SB,37.72719,"Lincoln, Abraham Lincoln High School",-122.47468,0 days 00:07:58.368421052,28,Census Tract 309
3402,19th Ave&Winston Dr NE-FS/SB,37.72719,Galileo High School,-122.47468,0 days 00:41:32.100000,28,Census Tract 309
3402,19th Ave&Winston Dr NE-FS/SB,37.72719,Galileo High School,-122.47468,0 days 00:40:41.100000,28,Census Tract 309
3402,19th Ave&Winston Dr NE-FS/SB,37.72719,Galileo High School,-122.47468,0 days 00:39:03.100000,28,Census Tract 309
3402,19th Ave&Winston Dr NE-FS/SB,37.72719,Galileo High School,-122.47468,0 days 00:39:53.100000,28,Census Tract 309
4160,Cortland Ave&Prospect Ave N-FS/BZ,37.740294,Gateway High School / Kipp Sf Bay Academy,-122.420904,0 days 00:25:28.437500,24,Census Tract 253
4160,Cortland Ave&Prospect Ave N-FS/BZ,37.740294,Gateway High School / Kipp Sf Bay Academy,-122.420904,0 days 00:27:32.750000,24,Census Tract 253
4160,Cortland Ave&Prospect Ave N-FS/BZ,37.740294,Gateway High School / Kipp Sf Bay Academy,-122.420904,0 days 00:28:39.687500,24,Census Tract 253
3455,23rd St&Vermont St NW-FS/BZ,37.75448,"Lincoln, Abraham Lincoln High School",-122.40391,0 days 00:31:51.769230769,48,Census Tract 228.02
3455,23rd St&Vermont St NW-FS/BZ,37.75448,"Lincoln, Abraham Lincoln High School",-122.40391,0 days 00:32:31.538461538,48,Census Tract 228.02
3455,23rd St&Vermont St NW-FS/BZ,37.75448,"Lincoln, Abraham Lincoln High School",-122.40391,0 days 00:33:11.307692307,48,Census Tract 228.02
7231,16th Ave & Lawton St. SW-FS/SB,37.758023,"Lincoln, Abraham Lincoln High School",-122.473791,0 days 00:04:14.666666666,66,Census Tract 303.01
7231,16th Ave & Lawton St. SW-FS/SB,37.758023,"Lincoln, Abraham Lincoln High School",-122.473791,0 days 00:04:42.555555555,66,Census Tract 303.01
7231,16th Ave & Lawton St. SW-FS/SB,37.758023,"Lincoln, Abraham Lincoln High School",-122.473791,0 days 00:05:06.500000,66,Census Tract 303.01
3514,26th St&Castro St NE-NS/PS,37.74815,Gateway High School / Kipp Sf Bay Academy,-122.43363,0 days 00:16:47.705882352,24,Census Tract 214
3514,26th St&Castro St NE-NS/PS,37.74815,Gateway High School / Kipp Sf Bay Academy,-122.43363,0 days 00:18:51.588235294,24,Census Tract 214
3514,26th St&Castro St NE-NS/PS,37.74815,Gateway High School / Kipp Sf Bay Academy,-122.43363,0 days 00:19:58.294117647,24,Census Tract 214
3500,25th Ave&Geary Blvd NW-NS/BZ,37.780255,"Burton, Phillip And Sala Burton High School",-122.484837,0 days 00:53:01.600000,29,Census Tract 427
3500,25th Ave&Geary Blvd NW-NS/BZ,37.780255,"Burton, Phillip And Sala Burton High School",-122.484837,0 days 00:51:36.600000,29,Census Tract 427
3500,25th Ave&Geary Blvd NW-NS/BZ,37.780255,"Burton, Phillip And Sala Burton High School",-122.484837,0 days 00:52:47.800000,29,Census Tract 427
3500,25th Ave&Geary Blvd NW-NS/BZ,37.780255,"Burton, Phillip And Sala Burton High School",-122.484837,0 days 00:52:04.600000,29,Census Tract 427
3500,25th Ave&Geary Blvd NW-NS/BZ,37.780255,"Burton, Phillip And Sala Burton High School",-122.484837,0 days 00:52:33.600000,29,Census Tract 427
8135,25th Ave&California St SW-FS/BZ,37.78361,"Burton, Phillip And Sala Burton High School",-122.485079,0 days 00:54:28.200000,29,Census Tract 427
8135,25th Ave&California St SW-FS/BZ,37.78361,"Burton, Phillip And Sala Burton High School",-122.485079,0 days 00:53:03.200000,29,Census Tract 427
8135,25th Ave&California St SW-FS/BZ,37.78361,"Burton, Phillip And Sala Burton High School",-122.485079,0 days 00:54:14.400000,29,Census Tract 427
8135,25th Ave&California St SW-FS/BZ,37.78361,"Burton, Phillip And Sala Burton High School",-122.485079,0 days 00:53:31.200000,29,Census Tract 427
8135,25th Ave&California St SW-FS/BZ,37.78361,"Burton, Phillip And Sala Burton High School",-122.485079,0 days 00:54:00.200000,29,Census Tract 427
6839,Van Dyke Ave&Jennings St E-NS,37.72703,"Burton, Phillip And Sala Burton High School",-122.38854,0 days 00:11:00,54,Census Tract 232
6839,Van Dyke Ave&Jennings St E-NS,37.72703,"Burton, Phillip And Sala Burton High School",-122.38854,0 days 00:10:43.363636363,54,Census Tract 232
4851,Larkin St&O'Farrell St SE-NS/BZ,37.785084,Galileo High School,-122.417792,0 days 00:13:43.181818181,19,Census Tract 122.03
4851,Larkin St&O'Farrell St SE-NS/BZ,37.785084,Galileo High School,-122.417792,0 days 00:13:15.363636363,19,Census Tract 122.03
4851,Larkin St&O'Farrell St SE-NS/BZ,37.785084,Galileo High School,-122.417792,0 days 00:12:17.454545454,19,Census Tract 122.03
4851,Larkin St&O'Farrell St SE-NS/BZ,37.785084,Galileo High School,-122.417792,0 days 00:11:25.636363636,19,Census Tract 122.03
4851,Larkin St&O'Farrell St SE-NS/BZ,37.785084,Galileo High School,-122.417792,0 days 00:10:21.909090909,19,Census Tract 122.03
5583,Mission St&Cortland Ave E-FS/BZ,37.741052,Galileo High School,-122.422759,0 days 00:32:29.840000,49,Census Tract 253
5583,Mission St&Cortland Ave E-FS/BZ,37.741052,Galileo High School,-122.422759,0 days 00:33:04.608695652,49,Census Tract 253
5583,Mission St&Cortland Ave E-FS/BZ,37.741052,Galileo High School,-122.422759,0 days 00:33:28.608695652,49,Census Tract 253
6729,Turk St&Roselyn Ter SE-FS/BZ,37.778235,Gateway High School / Kipp Sf Bay Academy,-122.44959,0 days 00:04:37.076923076,31,Census Tract 157.01
6729,Turk St&Roselyn Ter SE-FS/BZ,37.778235,Gateway High School / Kipp Sf Bay Academy,-122.44959,0 days 00:05:48.076923076,31,Census Tract 157.01
6729,Turk St&Roselyn Ter SE-FS/BZ,37.778235,Gateway High School / Kipp Sf Bay Academy,-122.44959,0 days 00:05:09.846153846,31,Census Tract 157.01
5116,Ingerson Ave&Hawes St E-NS/SB,37.718039,"Burton, Phillip And Sala Burton High School",-122.390998,0 days 00:07:04.090909090,29,Census Tract 234
5116,Ingerson Ave&Hawes St E-NS/SB,37.718039,"Burton, Phillip And Sala Burton High School",-122.390998,0 days 00:08:39.818181818,29,Census Tract 234
5116,Ingerson Ave&Hawes St E-NS/SB,37.718039,"Burton, Phillip And Sala Burton High School",-122.390998,0 days 00:07:24.909090909,29,Census Tract 234
5116,Ingerson Ave&Hawes St E-NS/SB,37.718039,"Burton, Phillip And Sala Burton High School",-122.390998,0 days 00:08:07.090909090,29,Census Tract 234
5116,Ingerson Ave&Hawes St E-NS/SB,37.718039,"Burton, Phillip And Sala Burton High School",-122.390998,0 days 00:07:37.818181818,29,Census Tract 234
3875,California St&Laurel St NE-NS/BZ,37.786923,"Washington, George Washington High School",-122.449957,0 days 00:14:30.521739130,1,Census Tract 133
3875,California St&Laurel St NE-NS/BZ,37.786923,"Washington, George Washington High School",-122.449957,0 days 00:14:56.086956521,1,Census Tract 133
3531,30th Ave&Santiago St SE-NS/PS,37.74427,"Lincoln, Abraham Lincoln High School",-122.48756,0 days 00:03:10.666666666,66,Census Tract 329.01
3531,30th Ave&Santiago St SE-NS/PS,37.74427,"Lincoln, Abraham Lincoln High School",-122.48756,0 days 00:02:40,66,Census Tract 329.01
3531,30th Ave&Santiago St SE-NS/PS,37.74427,"Lincoln, Abraham Lincoln High School",-122.48756,0 days 00:02:13,66,Census Tract 329.01
3542,30th St&Noe St NE-NS/PS,37.74188,Gateway High School / Kipp Sf Bay Academy,-122.43079,0 days 00:20:40.294117647,24,Census Tract 215
3542,30th St&Noe St NE-NS/PS,37.74188,Gateway High School / Kipp Sf Bay Academy,-122.43079,0 days 00:22:44.176470588,24,Census Tract 215
3542,30th St&Noe St NE-NS/PS,37.74188,Gateway High School / Kipp Sf Bay Academy,-122.43079,0 days 00:23:50.882352941,24,Census Tract 215
390,19th Ave&Holloway Ave NE-FS/BB,37.72119,"Lincoln, Abraham Lincoln High School",-122.475153,0 days 00:10:22.842105263,28,Census Tract 309
390,19th Ave&Holloway Ave NE-FS/BB,37.72119,Galileo High School,-122.475153,0 days 00:43:51,28,Census Tract 309
390,19th Ave&Holloway Ave NE-FS/BB,37.72119,Galileo High School,-122.475153,0 days 00:43:00,28,Census Tract 309
390,19th Ave&Holloway Ave NE-FS/BB,37.72119,Galileo High School,-122.475153,0 days 00:41:22,28,Census Tract 309
390,19th Ave&Holloway Ave NE-FS/BB,37.72119,Galileo High School,-122.475153,0 days 00:42:12,28,Census Tract 309
4298,Geary Blvd&Gough St NW-FS/BZ,37.785434,"Washington, George Washington High School",-122.425082,0 days 00:30:01.333333333,38,Census Tract 155
4298,Geary Blvd&Gough St NW-FS/BZ,37.785434,"Washington, George Washington High School",-122.425082,0 days 00:30:43.666666666,38,Census Tract 155
4298,Geary Blvd&Gough St NW-FS/BZ,37.785434,"Washington, George Washington High School",-122.425082,0 days 00:29:22.666666666,38,Census Tract 155
4298,Geary Blvd&Gough St NW-FS/BZ,37.785434,"Washington, George Washington High School",-122.425082,0 days 00:27:39.125000,38,Census Tract 155
4298,Geary Blvd&Gough St NW-FS/BZ,37.785434,"Washington, George Washington High School",-122.425082,0 days 00:28:33.125000,38,Census Tract 155
4298,Geary Blvd&Gough St NW-FS/BZ,37.785434,"Washington, George Washington High School",-122.425082,0 days 00:32:02.666666666,38,Census Tract 155
4298,Geary Blvd&Gough St NW-FS/BZ,37.785434,"Washington, George Washington High School",-122.425082,0 days 00:30:04.500000,38,Census Tract 155
4298,Geary Blvd&Gough St NW-FS/BZ,37.785434,Gateway High School / Kipp Sf Bay Academy,-122.425082,0 days 00:06:51.478260869,38,Census Tract 155
4298,Geary Blvd&Gough St NW-FS/BZ,37.785434,Gateway High School / Kipp Sf Bay Academy,-122.425082,0 days 00:03:50.391304347,38,Census Tract 155
4298,Geary Blvd&Gough St NW-FS/BZ,37.785434,Gateway High School / Kipp Sf Bay Academy,-122.425082,0 days 00:06:03.826086956,38,Census Tract 155
6754,Union St&Fillmore St NW-FS/BZ,37.797124,Gateway High School / Kipp Sf Bay Academy,-122.435661,0 days 00:08:27.777777777,22,Census Tract 130.02
6754,Union St&Fillmore St NW-FS/BZ,37.797124,Gateway High School / Kipp Sf Bay Academy,-122.435661,0 days 00:09:02.814814814,22,Census Tract 130.02
3552,33rd Ave&Anza St SE-NS/PS,37.777692,"Washington, George Washington High School",-122.493077,0 days 00:00:54,18,Census Tract 478.01
3264,15th Ave&Pacheco St NW-NS/PS,37.75081,"Lincoln, Abraham Lincoln High School",-122.47196,0 days 00:02:09.111111111,66,Census Tract 303.02
3264,15th Ave&Pacheco St NW-NS/PS,37.75081,"Lincoln, Abraham Lincoln High School",-122.47196,0 days 00:02:37,66,Census Tract 303.02
3264,15th Ave&Pacheco St NW-NS/PS,37.75081,"Lincoln, Abraham Lincoln High School",-122.47196,0 days 00:03:02.500000,66,Census Tract 303.02
4913,Grafton Ave&Lee St SW-NS,37.71999,"Burton, Phillip And Sala Burton High School",-122.45421,0 days 00:20:03.454545454,54,Census Tract 312.02
4913,Grafton Ave&Lee St SW-NS,37.71999,"Burton, Phillip And Sala Burton High School",-122.45421,0 days 00:20:20.818181818,54,Census Tract 312.02
3525,29th Ave&Vicente St NE-FS/PS,37.73896,"Lincoln, Abraham Lincoln High School",-122.48611,0 days 00:05:25.666666666,66,Census Tract 330.01
3525,29th Ave&Vicente St NE-FS/PS,37.73896,"Lincoln, Abraham Lincoln High School",-122.48611,0 days 00:04:55,66,Census Tract 330.01
3525,29th Ave&Vicente St NE-FS/PS,37.73896,"Lincoln, Abraham Lincoln High School",-122.48611,0 days 00:04:28,66,Census Tract 330.01
4976,Hawes St&Gilman Ave S-NS/SB,37.719198,"Burton, Phillip And Sala Burton High School",-122.390012,0 days 00:06:23.565217391,29,Census Tract 234
4976,Hawes St&Gilman Ave S-NS/SB,37.719198,"Burton, Phillip And Sala Burton High School",-122.390012,0 days 00:07:59.347826086,29,Census Tract 234
4976,Hawes St&Gilman Ave S-NS/SB,37.719198,"Burton, Phillip And Sala Burton High School",-122.390012,0 days 00:06:44.391304347,29,Census Tract 234
4976,Hawes St&Gilman Ave S-NS/SB,37.719198,"Burton, Phillip And Sala Burton High School",-122.390012,0 days 00:07:26.608695652,29,Census Tract 234
4976,Hawes St&Gilman Ave S-NS/SB,37.719198,"Burton, Phillip And Sala Burton High School",-122.390012,0 days 00:06:57.304347826,29,Census Tract 234
5147,Jackson St&Fillmore St NW-FS/BZ,37.792529,Gateway High School / Kipp Sf Bay Academy,-122.434676,0 days 00:08:45.636363636,24,Census Tract 132
5147,Jackson St&Fillmore St NW-FS/BZ,37.792529,Gateway High School / Kipp Sf Bay Academy,-122.434676,0 days 00:07:03.636363636,24,Census Tract 132
5147,Jackson St&Fillmore St NW-FS/BZ,37.792529,Gateway High School / Kipp Sf Bay Academy,-122.434676,0 days 00:05:47.130434782,24,Census Tract 132
3504,25th St&Connecticut St NE-NS/PS,37.75236,"Lincoln, Abraham Lincoln High School",-122.39634,0 days 00:36:18.833333333,48,Census Tract 614.01
3504,25th St&Connecticut St NE-NS/PS,37.75236,"Lincoln, Abraham Lincoln High School",-122.39634,0 days 00:36:58.833333333,48,Census Tract 614.01
3504,25th St&Connecticut St NE-NS/PS,37.75236,"Lincoln, Abraham Lincoln High School",-122.39634,0 days 00:37:38.833333333,48,Census Tract 614.01
4103,Columbus Ave&Chestnut St N-FS/BZ,37.803794,Galileo High School,-122.415136,0 days 00:03:18.555555555,30,Census Tract 101.02
4103,Columbus Ave&Chestnut St N-FS/BZ,37.803794,Galileo High School,-122.415136,0 days 00:04:12.148148148,30,Census Tract 101.02
4103,Columbus Ave&Chestnut St N-FS/BZ,37.803794,Galileo High School,-122.415136,0 days 00:06:05.705882352,30,Census Tract 101.02
4103,Columbus Ave&Chestnut St N-FS/BZ,37.803794,Galileo High School,-122.415136,0 days 00:04:59.481481481,30,Census Tract 101.02
4103,Columbus Ave&Chestnut St N-FS/BZ,37.803794,Galileo High School,-122.415136,0 days 00:07:26.058823529,30,Census Tract 101.02
6316,Sacramento St&Stockton St NE-NS/BZ,37.79328,"Washington, George Washington High School",-122.40755,0 days 00:32:16.111111111,1,Census Tract 118
6316,Sacramento St&Stockton St NE-NS/BZ,37.79328,"Washington, George Washington High School",-122.40755,0 days 00:32:42.166666666,1,Census Tract 118
5565,Mission St&24th St NE-FS/BB,37.752356,Galileo High School,-122.418401,0 days 00:26:40.769230769,49,Census Tract 209
5565,Mission St&24th St NE-FS/BB,37.752356,Galileo High School,-122.418401,0 days 00:27:16,49,Census Tract 209
5565,Mission St&24th St NE-FS/BB,37.752356,Galileo High School,-122.418401,0 days 00:27:40,49,Census Tract 209
6599,Sutter St&Laguna St NW-FS/BZ,37.786724,Gateway High School / Kipp Sf Bay Academy,-122.428706,0 days 00:04:44.909090909,2,Census Tract 152.02
6599,Sutter St&Laguna St NW-FS/BZ,37.786724,Gateway High School / Kipp Sf Bay Academy,-122.428706,0 days 00:04:13.166666666,2,Census Tract 152.02
6599,Sutter St&Laguna St NW-FS/BZ,37.786724,Gateway High School / Kipp Sf Bay Academy,-122.428706,0 days 00:02:53.166666666,2,Census Tract 152.02
3927,Cabrillo St&La Playa NE-NS/SI,37.773562,"Washington, George Washington High School",-122.50998,0 days 00:07:25,31,Census Tract 479.04
3927,Cabrillo St&La Playa NE-NS/SI,37.773562,"Washington, George Washington High School",-122.50998,0 days 00:06:47.333333333,31,Census Tract 479.04
3927,Cabrillo St&La Playa NE-NS/SI,37.773562,"Washington, George Washington High School",-122.50998,0 days 00:06:09.666666666,31,Census Tract 479.04
3927,Cabrillo St&La Playa NE-NS/SI,37.773562,"Washington, George Washington High School",-122.50998,0 days 00:05:32,31,Census Tract 479.04
3927,Cabrillo St&La Playa NE-NS/SI,37.773562,Gateway High School / Kipp Sf Bay Academy,-122.50998,0 days 00:23:48,31,Census Tract 479.04
3927,Cabrillo St&La Playa NE-NS/SI,37.773562,Gateway High School / Kipp Sf Bay Academy,-122.50998,0 days 00:24:59.500000,31,Census Tract 479.04
3927,Cabrillo St&La Playa NE-NS/SI,37.773562,Gateway High School / Kipp Sf Bay Academy,-122.50998,0 days 00:24:21,31,Census Tract 479.04
7770,16th Street & Rhode Island St NW-FS/BZ,37.76611,Gateway High School / Kipp Sf Bay Academy,-122.402822,0 days 00:24:23.850000,22,Census Tract 607.02
7770,16th Street & Rhode Island St NW-FS/BZ,37.76611,Gateway High School / Kipp Sf Bay Academy,-122.402822,0 days 00:23:18.650000,22,Census Tract 607.02
3601,46th Ave&Ulloa St SE-NS/PS,37.739829,"Washington, George Washington High School",-122.504407,0 days 00:18:37,18,Census Tract 354
3601,46th Ave&Ulloa St SE-NS/PS,37.739829,"Washington, George Washington High School",-122.504407,0 days 00:19:44,18,Census Tract 354
3601,46th Ave&Ulloa St SE-NS/PS,37.739829,"Washington, George Washington High School",-122.504407,0 days 00:19:02,18,Census Tract 354
3601,46th Ave&Ulloa St SE-NS/PS,37.739829,"Washington, George Washington High School",-122.504407,0 days 00:20:38,18,Census Tract 354
6157,Quintara St&33rd Ave SW-NS,37.74791,"Lincoln, Abraham Lincoln High School",-122.49121,0 days 00:03:39,48,Census Tract 329.01
6157,Quintara St&33rd Ave SW-NS,37.74791,"Lincoln, Abraham Lincoln High School",-122.49121,0 days 00:02:59,48,Census Tract 329.01
6157,Quintara St&33rd Ave SW-NS,37.74791,"Lincoln, Abraham Lincoln High School",-122.49121,0 days 00:02:24,48,Census Tract 329.01
3466,24th St&Dolores St NW-FS/BZ,37.751903,"Lincoln, Abraham Lincoln High School",-122.425311,0 days 00:20:33.923076923,48,Census Tract 211
3466,24th St&Dolores St NW-FS/BZ,37.751903,"Lincoln, Abraham Lincoln High School",-122.425311,0 days 00:21:13.692307692,48,Census Tract 211
3466,24th St&Dolores St NW-FS/BZ,37.751903,"Lincoln, Abraham Lincoln High School",-122.425311,0 days 00:21:53.461538461,48,Census Tract 211
3135,3rd St&Kirkwood Ave SW-FS/BB,37.737927,"Burton, Phillip And Sala Burton High School",-122.389619,0 days 00:17:45.181818181,54,Census Tract 612
3135,3rd St&Kirkwood Ave SW-FS/BB,37.737927,"Burton, Phillip And Sala Burton High School",-122.389619,0 days 00:17:28.545454545,54,Census Tract 612
5947,Park Presidio Blvd&Balboa St SW-FS,37.77648,"Lincoln, Abraham Lincoln High School",-122.47214,0 days 00:09:38.937500,28,Census Tract 476
4725,Fremont St&Market St E-NS/SI,37.791645,"Washington, George Washington High School",-122.398151,0 days 00:45:25.200000,38,Census Tract 615.01
4725,Fremont St&Market St E-NS/SI,37.791645,"Washington, George Washington High School",-122.398151,0 days 00:46:06,38,Census Tract 615.01
4725,Fremont St&Market St E-NS/SI,37.791645,"Washington, George Washington High School",-122.398151,0 days 00:44:48,38,Census Tract 615.01
4725,Fremont St&Market St E-NS/SI,37.791645,"Washington, George Washington High School",-122.398151,0 days 00:42:59.166666666,38,Census Tract 615.01
4725,Fremont St&Market St E-NS/SI,37.791645,"Washington, George Washington High School",-122.398151,0 days 00:43:53.666666666,38,Census Tract 615.01
4725,Fremont St&Market St E-NS/SI,37.791645,"Washington, George Washington High School",-122.398151,0 days 00:47:24,38,Census Tract 615.01
4725,Fremont St&Market St E-NS/SI,37.791645,"Washington, George Washington High School",-122.398151,0 days 00:44:48,38,Census Tract 615.01
4725,Fremont St&Market St E-NS/SI,37.791645,"Washington, George Washington High School",-122.398151,0 days 00:36:16.052631578,38R,Census Tract 615.01
4725,Fremont St&Market St E-NS/SI,37.791645,Gateway High School / Kipp Sf Bay Academy,-122.398151,0 days 00:22:13.842105263,38,Census Tract 615.01
4725,Fremont St&Market St E-NS/SI,37.791645,Gateway High School / Kipp Sf Bay Academy,-122.398151,0 days 00:17:51.083333333,38R,Census Tract 615.01
4725,Fremont St&Market St E-NS/SI,37.791645,Gateway High School / Kipp Sf Bay Academy,-122.398151,0 days 00:19:12.631578947,38,Census Tract 615.01
4725,Fremont St&Market St E-NS/SI,37.791645,Gateway High School / Kipp Sf Bay Academy,-122.398151,0 days 00:15:42.307692307,38R,Census Tract 615.01
4725,Fremont St&Market St E-NS/SI,37.791645,Gateway High School / Kipp Sf Bay Academy,-122.398151,0 days 00:21:26.157894736,38,Census Tract 615.01
7287,Larkin St & Mcallister St,37.780382,Galileo High School,-122.416843,0 days 00:16:35,19,Census Tract 124.05
7287,Larkin St & Mcallister St,37.780382,Galileo High School,-122.416843,0 days 00:16:07.181818181,19,Census Tract 124.05
7287,Larkin St & Mcallister St,37.780382,Galileo High School,-122.416843,0 days 00:15:09.272727272,19,Census Tract 124.05
7287,Larkin St & Mcallister St,37.780382,Galileo High School,-122.416843,0 days 00:14:17.454545454,19,Census Tract 124.05
7287,Larkin St & Mcallister St,37.780382,Galileo High School,-122.416843,0 days 00:13:13.727272727,19,Census Tract 124.05
5976,Plymouth Ave&Sagamore St NE-FS,37.7117,"Burton, Phillip And Sala Burton High School",-122.45599,0 days 00:23:39.909090909,54,Census Tract 314.01
5976,Plymouth Ave&Sagamore St NE-FS,37.7117,"Burton, Phillip And Sala Burton High School",-122.45599,0 days 00:23:57.272727272,54,Census Tract 314.01
6703,Topeka Ave&Newhall St NE-NS,37.7318,"Burton, Phillip And Sala Burton High School",-122.39555,0 days 00:07:22,54,Census Tract 230.03
6703,Topeka Ave&Newhall St NE-NS,37.7318,"Burton, Phillip And Sala Burton High School",-122.39555,0 days 00:07:05.500000,54,Census Tract 230.03
4256,Geary Blvd&3RD Ave SW-NS/BZ,37.781045,Gateway High School / Kipp Sf Bay Academy,-122.461156,0 days 00:08:35,38,Census Tract 451
4256,Geary Blvd&3RD Ave SW-NS/BZ,37.781045,Gateway High School / Kipp Sf Bay Academy,-122.461156,0 days 00:09:20.578947368,38,Census Tract 451
4582,Felton St&Amherst St SW-NS,37.72688,"Burton, Phillip And Sala Burton High School",-122.41653,0 days 00:03:17.416666666,54,Census Tract 259
4582,Felton St&Amherst St SW-NS,37.72688,"Burton, Phillip And Sala Burton High School",-122.41653,0 days 00:03:34.833333333,54,Census Tract 259
5586,Mission St&Excelsior Ave E-FS/BZ,37.726355,Galileo High School,-122.43351,0 days 00:41:13.142857142,49,Census Tract 260.01
5586,Mission St&Excelsior Ave E-FS/BZ,37.726355,Galileo High School,-122.43351,0 days 00:41:46.210526315,49,Census Tract 260.01
5586,Mission St&Excelsior Ave E-FS/BZ,37.726355,Galileo High School,-122.43351,0 days 00:42:10.210526315,49,Census Tract 260.01
5926,City College Terminal NW-FS/SI,37.723718,Galileo High School,-122.45259,0 days 00:50:06.666666666,49,Census Tract 310
5926,City College Terminal NW-FS/SI,37.723718,Galileo High School,-122.45259,0 days 00:50:39.750000,49,Census Tract 310
5926,City College Terminal NW-FS/SI,37.723718,Galileo High School,-122.45259,0 days 00:51:03.750000,49,Census Tract 310
6788,University St&Bacon St NW-NS,37.72514,"Burton, Phillip And Sala Burton High School",-122.41354,0 days 00:01:46.285714285,54,Census Tract 259
6788,University St&Bacon St NW-NS,37.72514,"Burton, Phillip And Sala Burton High School",-122.41354,0 days 00:02:03.500000,54,Census Tract 259
6294,Sacramento St&Davis St NE-NS/BZ,37.79455,"Washington, George Washington High School",-122.3976,0 days 00:37:29.466666666,1,Census Tract 105
6294,Sacramento St&Davis St NE-NS/BZ,37.79455,"Washington, George Washington High School",-122.3976,0 days 00:37:56,1,Census Tract 105
6954,Winston Dr&Lake Merced Blvd NE-NS,37.727122,"Washington, George Washington High School",-122.483299,0 days 00:26:33,18,Census Tract 332.01
6954,Winston Dr&Lake Merced Blvd NE-NS,37.727122,"Washington, George Washington High School",-122.483299,0 days 00:27:40,18,Census Tract 332.01
6954,Winston Dr&Lake Merced Blvd NE-NS,37.727122,"Washington, George Washington High School",-122.483299,0 days 00:26:58,18,Census Tract 332.01
6954,Winston Dr&Lake Merced Blvd NE-NS,37.727122,"Washington, George Washington High School",-122.483299,0 days 00:28:34,18,Census Tract 332.01
4603,Fillmore St&Bay St SE-NS/BZ,37.802585,Gateway High School / Kipp Sf Bay Academy,-122.43668,0 days 00:14:27.444444444,22,Census Tract 129.02
4603,Fillmore St&Bay St SE-NS/BZ,37.802585,Gateway High School / Kipp Sf Bay Academy,-122.43668,0 days 00:15:02.481481481,22,Census Tract 129.02
4477,Eddy St&Gough St NW-FS/BZ,37.782516,"Washington, George Washington High School",-122.42427,0 days 00:19:21.727272727,31,Census Tract 159
4477,Eddy St&Gough St NW-FS/BZ,37.782516,"Washington, George Washington High School",-122.42427,0 days 00:19:59.727272727,31,Census Tract 159
4477,Eddy St&Gough St NW-FS/BZ,37.782516,"Washington, George Washington High School",-122.42427,0 days 00:20:29.545454545,31,Census Tract 159
4477,Eddy St&Gough St NW-FS/BZ,37.782516,"Washington, George Washington High School",-122.42427,0 days 00:21:13.363636363,31,Census Tract 159
4477,Eddy St&Gough St NW-FS/BZ,37.782516,Gateway High School / Kipp Sf Bay Academy,-122.42427,0 days 00:05:12.250000,31,Census Tract 159
4477,Eddy St&Gough St NW-FS/BZ,37.782516,Gateway High School / Kipp Sf Bay Academy,-122.42427,0 days 00:03:59.500000,31,Census Tract 159
4477,Eddy St&Gough St NW-FS/BZ,37.782516,Gateway High School / Kipp Sf Bay Academy,-122.42427,0 days 00:04:34.250000,31,Census Tract 159
6731,Turk St&Stanyan St NW-FS/BZ,37.777637,"Washington, George Washington High School",-122.455367,0 days 00:08:44.857142857,31,Census Tract 156
6731,Turk St&Stanyan St NW-FS/BZ,37.777637,"Washington, George Washington High School",-122.455367,0 days 00:09:23.071428571,31,Census Tract 156
6731,Turk St&Stanyan St NW-FS/BZ,37.777637,"Washington, George Washington High School",-122.455367,0 days 00:09:53.071428571,31,Census Tract 156
6731,Turk St&Stanyan St NW-FS/BZ,37.777637,"Washington, George Washington High School",-122.455367,0 days 00:10:37.142857142,31,Census Tract 156
3586,46th Ave&Noriega St SE-NS/PS,37.752829,"Washington, George Washington High School",-122.505322,0 days 00:13:46.750000,18,Census Tract 352.01
3586,46th Ave&Noriega St SE-NS/PS,37.752829,"Washington, George Washington High School",-122.505322,0 days 00:14:53.750000,18,Census Tract 352.01
3586,46th Ave&Noriega St SE-NS/PS,37.752829,"Washington, George Washington High School",-122.505322,0 days 00:14:11.750000,18,Census Tract 352.01
3586,46th Ave&Noriega St SE-NS/PS,37.752829,"Washington, George Washington High School",-122.505322,0 days 00:15:47.750000,18,Census Tract 352.01
6491,Steiner St&Union St SW-FS/BZ,37.79668,Gateway High School / Kipp Sf Bay Academy,-122.43721,0 days 00:07:40.777777777,22,Census Tract 128.02
6491,Steiner St&Union St SW-FS/BZ,37.79668,Gateway High School / Kipp Sf Bay Academy,-122.43721,0 days 00:08:15.814814814,22,Census Tract 128.02
4295,Geary Blvd&Fillmore St NW-FS/BZ,37.784391,"Washington, George Washington High School",-122.43305,0 days 00:26:18.666666666,38,Census Tract 159
4295,Geary Blvd&Fillmore St NW-FS/BZ,37.784391,"Washington, George Washington High School",-122.43305,0 days 00:27:01,38,Census Tract 159
4295,Geary Blvd&Fillmore St NW-FS/BZ,37.784391,"Washington, George Washington High School",-122.43305,0 days 00:25:40,38,Census Tract 159
4295,Geary Blvd&Fillmore St NW-FS/BZ,37.784391,"Washington, George Washington High School",-122.43305,0 days 00:23:49.625000,38,Census Tract 159
4295,Geary Blvd&Fillmore St NW-FS/BZ,37.784391,"Washington, George Washington High School",-122.43305,0 days 00:24:43.625000,38,Census Tract 159
4295,Geary Blvd&Fillmore St NW-FS/BZ,37.784391,"Washington, George Washington High School",-122.43305,0 days 00:28:20,38,Census Tract 159
4295,Geary Blvd&Fillmore St NW-FS/BZ,37.784391,"Washington, George Washington High School",-122.43305,0 days 00:26:15,38,Census Tract 159
4295,Geary Blvd&Fillmore St NW-FS/BZ,37.784391,"Washington, George Washington High School",-122.43305,0 days 00:20:31.304347826,38R,Census Tract 159
4295,Geary Blvd&Fillmore St NW-FS/BZ,37.784391,Gateway High School / Kipp Sf Bay Academy,-122.43305,0 days 00:03:01.086956521,38,Census Tract 159
4295,Geary Blvd&Fillmore St NW-FS/BZ,37.784391,Gateway High School / Kipp Sf Bay Academy,-122.43305,0 days 00:02:12,38R,Census Tract 159
4295,Geary Blvd&Fillmore St NW-FS/BZ,37.784391,Gateway High School / Kipp Sf Bay Academy,-122.43305,0 days 00:02:13.434782608,38,Census Tract 159
6844,Vesta St&Phelps St NW-NS,37.73037,"Burton, Phillip And Sala Burton High School",-122.39991,0 days 00:04:40.857142857,54,Census Tract 230.01
6844,Vesta St&Phelps St NW-NS,37.73037,"Burton, Phillip And Sala Burton High School",-122.39991,0 days 00:04:24.357142857,54,Census Tract 230.01
4559,Evans Ave&Phelps St E-NS/BZ,37.742994,Galileo High School,-122.388309,0 days 00:45:42.857142857,19,Census Tract 9809
4559,Evans Ave&Phelps St E-NS/BZ,37.742994,Galileo High School,-122.388309,0 days 00:45:14,19,Census Tract 9809
4559,Evans Ave&Phelps St E-NS/BZ,37.742994,Galileo High School,-122.388309,0 days 00:44:13.571428571,19,Census Tract 9809
4559,Evans Ave&Phelps St E-NS/BZ,37.742994,Galileo High School,-122.388309,0 days 00:43:19.571428571,19,Census Tract 9809
4559,Evans Ave&Phelps St E-NS/BZ,37.742994,Galileo High School,-122.388309,0 days 00:42:13.142857142,19,Census Tract 9809
4288,Geary Blvd&Arguello Blvd SE-FS/BZ,37.781153,Gateway High School / Kipp Sf Bay Academy,-122.458692,0 days 00:07:37.200000,38,Census Tract 156
4288,Geary Blvd&Arguello Blvd SE-FS/BZ,37.781153,Gateway High School / Kipp Sf Bay Academy,-122.458692,0 days 00:05:46.466666666,38R,Census Tract 156
4288,Geary Blvd&Arguello Blvd SE-FS/BZ,37.781153,Gateway High School / Kipp Sf Bay Academy,-122.458692,0 days 00:08:22.842105263,38,Census Tract 156
3362,19th Ave&Junipero Serra Blvd N-FS,37.71805,"Lincoln, Abraham Lincoln High School",-122.47318,0 days 00:11:25.736842105,28,Census Tract 309
3362,19th Ave&Junipero Serra Blvd N-FS,37.71805,Galileo High School,-122.47318,0 days 00:44:53.200000,28,Census Tract 309
3362,19th Ave&Junipero Serra Blvd N-FS,37.71805,Galileo High School,-122.47318,0 days 00:44:02.200000,28,Census Tract 309
3362,19th Ave&Junipero Serra Blvd N-FS,37.71805,Galileo High School,-122.47318,0 days 00:42:24.200000,28,Census Tract 309
3362,19th Ave&Junipero Serra Blvd N-FS,37.71805,Galileo High School,-122.47318,0 days 00:43:14.200000,28,Census Tract 309
3526,30th Ave&Quintara St SE-NS/PS,37.74799,"Lincoln, Abraham Lincoln High School",-122.4878,0 days 00:02:02.333333333,66,Census Tract 329.01
3526,30th Ave&Quintara St SE-NS/PS,37.74799,"Lincoln, Abraham Lincoln High School",-122.4878,0 days 00:01:31.666666666,66,Census Tract 329.01
3526,30th Ave&Quintara St SE-NS/PS,37.74799,"Lincoln, Abraham Lincoln High School",-122.4878,0 days 00:01:04.666666666,66,Census Tract 329.01
4145,Cortland Ave&Bocana St NE-NS/BZ,37.7393,Gateway High School / Kipp Sf Bay Academy,-122.41846,0 days 00:26:28.687500,24,Census Tract 252
4145,Cortland Ave&Bocana St NE-NS/BZ,37.7393,Gateway High School / Kipp Sf Bay Academy,-122.41846,0 days 00:28:33,24,Census Tract 252
4145,Cortland Ave&Bocana St NE-NS/BZ,37.7393,Gateway High School / Kipp Sf Bay Academy,-122.41846,0 days 00:29:39.937500,24,Census Tract 252
5931,Phelps St&Carroll Ave W-FS,37.72912,"Burton, Phillip And Sala Burton High School",-122.40101,0 days 00:04:01.500000,54,Census Tract 230.01
5931,Phelps St&Carroll Ave W-FS,37.72912,"Burton, Phillip And Sala Burton High School",-122.40101,0 days 00:03:45,54,Census Tract 230.01
3380,19th Ave&Ortega St SW-FS/BB,37.75206,"Lincoln, Abraham Lincoln High School",-122.4764,0 days 00:01:48.562500,28,Census Tract 328.02
3452,23rd St&Rhode Island St SW-NS/PS,37.75451,Galileo High School,-122.401694,0 days 00:35:32,19,Census Tract 614.01
3452,23rd St&Rhode Island St SW-NS/PS,37.75451,Galileo High School,-122.401694,0 days 00:35:04.200000,19,Census Tract 614.01
3452,23rd St&Rhode Island St SW-NS/PS,37.75451,Galileo High School,-122.401694,0 days 00:34:06.200000,19,Census Tract 614.01
3452,23rd St&Rhode Island St SW-NS/PS,37.75451,Galileo High School,-122.401694,0 days 00:33:14.300000,19,Census Tract 614.01
3452,23rd St&Rhode Island St SW-NS/PS,37.75451,Galileo High School,-122.401694,0 days 00:32:10.500000,19,Census Tract 614.01
3051,Balboa St&25TH Ave NW-FS/BZ,37.776356,"Washington, George Washington High School",-122.484606,0 days 00:00:47.285714285,31,Census Tract 477.01
3051,Balboa St&25TH Ave NW-FS/BZ,37.776356,"Washington, George Washington High School",-122.484606,0 days 00:01:25.500000,31,Census Tract 477.01
3051,Balboa St&25TH Ave NW-FS/BZ,37.776356,"Washington, George Washington High School",-122.484606,0 days 00:01:55.500000,31,Census Tract 477.01
3051,Balboa St&25TH Ave NW-FS/BZ,37.776356,"Washington, George Washington High School",-122.484606,0 days 00:02:39.571428571,31,Census Tract 477.01
6606,Sutter St&Sansome St NW-FS/BZ,37.790298,Gateway High School / Kipp Sf Bay Academy,-122.400674,0 days 00:16:09.090909090,2,Census Tract 117
6606,Sutter St&Sansome St NW-FS/BZ,37.790298,Gateway High School / Kipp Sf Bay Academy,-122.400674,0 days 00:15:55,2,Census Tract 117
6606,Sutter St&Sansome St NW-FS/BZ,37.790298,Gateway High School / Kipp Sf Bay Academy,-122.400674,0 days 00:14:35,2,Census Tract 117
5987,Polk St&Francisco St NE-FS/BZ,37.803653,Galileo High School,-122.423231,0 days 00:02:14.785714285,19,Census Tract 102.02
5987,Polk St&Francisco St NE-FS/BZ,37.803653,Galileo High School,-122.423231,0 days 00:01:47.500000,19,Census Tract 102.02
5987,Polk St&Francisco St NE-FS/BZ,37.803653,Galileo High School,-122.423231,0 days 00:00:50.785714285,19,Census Tract 102.02
5229,Kansas St&26th St NE-FS/SB,37.750834,Galileo High School,-122.402121,0 days 00:37:47.857142857,19,Census Tract 614.01
5229,Kansas St&26th St NE-FS/SB,37.750834,Galileo High School,-122.402121,0 days 00:37:19,19,Census Tract 614.01
5229,Kansas St&26th St NE-FS/SB,37.750834,Galileo High School,-122.402121,0 days 00:36:18.571428571,19,Census Tract 614.01
5229,Kansas St&26th St NE-FS/SB,37.750834,Galileo High School,-122.402121,0 days 00:35:24.571428571,19,Census Tract 614.01
5229,Kansas St&26th St NE-FS/SB,37.750834,Galileo High School,-122.402121,0 days 00:34:18.142857142,19,Census Tract 614.01
5229,Kansas St&26th St NE-FS/SB,37.750834,"Lincoln, Abraham Lincoln High School",-122.402121,0 days 00:34:03.833333333,48,Census Tract 614.01
5229,Kansas St&26th St NE-FS/SB,37.750834,"Lincoln, Abraham Lincoln High School",-122.402121,0 days 00:34:43.833333333,48,Census Tract 614.01
5229,Kansas St&26th St NE-FS/SB,37.750834,"Lincoln, Abraham Lincoln High School",-122.402121,0 days 00:35:23.833333333,48,Census Tract 614.01
6089,Presidio Ave&California St NW-NS/BZ,37.787676,Gateway High School / Kipp Sf Bay Academy,-122.446965,0 days 00:04:17,2,Census Tract 133
6089,Presidio Ave&California St NW-NS/BZ,37.787676,Gateway High School / Kipp Sf Bay Academy,-122.446965,0 days 00:04:39.777777777,2,Census Tract 133
6089,Presidio Ave&California St NW-NS/BZ,37.787676,Gateway High School / Kipp Sf Bay Academy,-122.446965,0 days 00:05:46.111111111,2,Census Tract 133
6730,Turk St&Roselyn Ter NW-FS/BZ,37.778343,"Washington, George Washington High School",-122.449923,0 days 00:10:15.071428571,31,Census Tract 157.01
6730,Turk St&Roselyn Ter NW-FS/BZ,37.778343,"Washington, George Washington High School",-122.449923,0 days 00:10:53.285714285,31,Census Tract 157.01
6730,Turk St&Roselyn Ter NW-FS/BZ,37.778343,"Washington, George Washington High School",-122.449923,0 days 00:11:23.285714285,31,Census Tract 157.01
6730,Turk St&Roselyn Ter NW-FS/BZ,37.778343,"Washington, George Washington High School",-122.449923,0 days 00:12:07.357142857,31,Census Tract 157.01
5343,Mansell St&Hamilton St N-NS/BZ,37.720098,"Burton, Phillip And Sala Burton High School",-122.406916,0 days 00:00:32.739130434,29,Census Tract 259
5343,Mansell St&Hamilton St N-NS/BZ,37.720098,"Burton, Phillip And Sala Burton High School",-122.406916,0 days 00:00:36,56,Census Tract 259
8153,Crissy Field Transit Center NS SW/PS,37.802778,Galileo High School,-122.461552,0 days 00:15:25.285714285,30,Census Tract 601
8153,Crissy Field Transit Center NS SW/PS,37.802778,Galileo High School,-122.461552,0 days 00:18:53.846153846,30,Census Tract 601
8153,Crissy Field Transit Center NS SW/PS,37.802778,Galileo High School,-122.461552,0 days 00:17:44.714285714,30,Census Tract 601
8153,Crissy Field Transit Center NS SW/PS,37.802778,Galileo High School,-122.461552,0 days 00:17:04.285714285,30,Census Tract 601
8153,Crissy Field Transit Center NS SW/PS,37.802778,Galileo High School,-122.461552,0 days 00:16:28.857142857,30,Census Tract 601
3685,Bacon St&Girard St NE-NS,37.72744,"Burton, Phillip And Sala Burton High School",-122.40451,0 days 00:02:30.571428571,54,Census Tract 257.02
3685,Bacon St&Girard St NE-NS,37.72744,"Burton, Phillip And Sala Burton High School",-122.40451,0 days 00:02:14.071428571,54,Census Tract 257.02
4350,De Haro St&16TH St SE-NS/SB,37.766056,Galileo High School,-122.40163,0 days 00:30:33.200000,19,Census Tract 607.02
4350,De Haro St&16TH St SE-NS/SB,37.766056,Galileo High School,-122.40163,0 days 00:30:05.400000,19,Census Tract 607.02
4350,De Haro St&16TH St SE-NS/SB,37.766056,Galileo High School,-122.40163,0 days 00:29:07.400000,19,Census Tract 607.02
4350,De Haro St&16TH St SE-NS/SB,37.766056,Galileo High School,-122.40163,0 days 00:28:15.500000,19,Census Tract 607.02
4350,De Haro St&16TH St SE-NS/SB,37.766056,Galileo High School,-122.40163,0 days 00:27:11.700000,19,Census Tract 607.02
3896,California St&Spruce St NE-NS/BZ,37.786462,"Washington, George Washington High School",-122.453522,0 days 00:13:22.608695652,1,Census Tract 133
3896,California St&Spruce St NE-NS/BZ,37.786462,"Washington, George Washington High School",-122.453522,0 days 00:13:48.173913043,1,Census Tract 133
3364,19th Ave&Judah St NE-FS/BB,37.76177,Galileo High School,-122.476955,0 days 00:27:42.230769230,28,Census Tract 302.01
3364,19th Ave&Judah St NE-FS/BB,37.76177,Galileo High School,-122.476955,0 days 00:26:51.923076923,28,Census Tract 302.01
3364,19th Ave&Judah St NE-FS/BB,37.76177,Galileo High School,-122.476955,0 days 00:25:14.923076923,28,Census Tract 302.01
3364,19th Ave&Judah St NE-FS/BB,37.76177,Galileo High School,-122.476955,0 days 00:26:04.615384615,28,Census Tract 302.01
4779,Great Hwy&Ocean Beach E-MB/SB,37.767879,"Washington, George Washington High School",-122.510284,0 days 00:07:53,18,Census Tract 9803
4779,Great Hwy&Ocean Beach E-MB/SB,37.767879,"Washington, George Washington High School",-122.510284,0 days 00:09:00,18,Census Tract 9803
4779,Great Hwy&Ocean Beach E-MB/SB,37.767879,"Washington, George Washington High School",-122.510284,0 days 00:08:18,18,Census Tract 9803
4779,Great Hwy&Ocean Beach E-MB/SB,37.767879,"Washington, George Washington High School",-122.510284,0 days 00:09:54,18,Census Tract 9803
3843,California St&30TH Ave NW-FS/BZ,37.783671,"Washington, George Washington High School",-122.490513,0 days 00:01:59.538461538,1,Census Tract 428
3843,California St&30TH Ave NW-FS/BZ,37.783671,"Washington, George Washington High School",-122.490513,0 days 00:02:24.884615384,1,Census Tract 428
4910,Grafton Ave&Granada Ave SW-NS/SB,37.719962,"Burton, Phillip And Sala Burton High School",-122.457251,0 days 00:15:47.777777777,29,Census Tract 312.02
4910,Grafton Ave&Granada Ave SW-NS/SB,37.719962,"Burton, Phillip And Sala Burton High School",-122.457251,0 days 00:14:23.833333333,29,Census Tract 312.02
4910,Grafton Ave&Granada Ave SW-NS/SB,37.719962,"Burton, Phillip And Sala Burton High School",-122.457251,0 days 00:15:34.111111111,29,Census Tract 312.02
4910,Grafton Ave&Granada Ave SW-NS/SB,37.719962,"Burton, Phillip And Sala Burton High School",-122.457251,0 days 00:14:51.555555555,29,Census Tract 312.02
4910,Grafton Ave&Granada Ave SW-NS/SB,37.719962,"Burton, Phillip And Sala Burton High School",-122.457251,0 days 00:15:20.166666666,29,Census Tract 312.02
4588,Felton St&Harvard St SW-NS,37.72586,"Burton, Phillip And Sala Burton High School",-122.42046,0 days 00:04:27.416666666,54,Census Tract 256
4588,Felton St&Harvard St SW-NS,37.72586,"Burton, Phillip And Sala Burton High School",-122.42046,0 days 00:04:44.833333333,54,Census Tract 256
4605,Fillmore St&Broadway SW-FS/BZ,37.793805,Gateway High School / Kipp Sf Bay Academy,-122.434878,0 days 00:05:22.962962962,22,Census Tract 132
4605,Fillmore St&Broadway SW-FS/BZ,37.793805,Gateway High School / Kipp Sf Bay Academy,-122.434878,0 days 00:05:58,22,Census Tract 132
6548,Sunset Blvd&Quintara St SW-FS/SB,37.747578,"Burton, Phillip And Sala Burton High School",-122.494915,0 days 00:35:36.285714285,29,Census Tract 353
6548,Sunset Blvd&Quintara St SW-FS/SB,37.747578,"Burton, Phillip And Sala Burton High School",-122.494915,0 days 00:34:11.428571428,29,Census Tract 353
6548,Sunset Blvd&Quintara St SW-FS/SB,37.747578,"Burton, Phillip And Sala Burton High School",-122.494915,0 days 00:35:22.500000,29,Census Tract 353
6548,Sunset Blvd&Quintara St SW-FS/SB,37.747578,"Burton, Phillip And Sala Burton High School",-122.494915,0 days 00:34:39.428571428,29,Census Tract 353
6548,Sunset Blvd&Quintara St SW-FS/SB,37.747578,"Burton, Phillip And Sala Burton High School",-122.494915,0 days 00:35:08.357142857,29,Census Tract 353
5954,Plymouth Ave&Broad St NE-FS,37.71334,"Burton, Phillip And Sala Burton High School",-122.45601,0 days 00:23:04,54,Census Tract 314.01
5954,Plymouth Ave&Broad St NE-FS,37.71334,"Burton, Phillip And Sala Burton High School",-122.45601,0 days 00:23:21.363636363,54,Census Tract 314.01
3193,7th St&Harrison St N-FS/BZ,37.77573,Galileo High School,-122.40646,0 days 00:24:22.400000,19,Census Tract 178.04
3193,7th St&Harrison St N-FS/BZ,37.77573,Galileo High School,-122.40646,0 days 00:23:54.600000,19,Census Tract 178.04
3193,7th St&Harrison St N-FS/BZ,37.77573,Galileo High School,-122.40646,0 days 00:22:56.600000,19,Census Tract 178.04
3193,7th St&Harrison St N-FS/BZ,37.77573,Galileo High School,-122.40646,0 days 00:22:04.700000,19,Census Tract 178.04
3193,7th St&Harrison St N-FS/BZ,37.77573,Galileo High School,-122.40646,0 days 00:21:00.900000,19,Census Tract 178.04
5337,Mansell St&Brussels St NW-MI/PS,37.721096,"Burton, Phillip And Sala Burton High School",-122.403067,0 days 00:01:35.782608695,29,Census Tract 259
5337,Mansell St&Brussels St NW-MI/PS,37.721096,"Burton, Phillip And Sala Burton High School",-122.403067,0 days 00:00:20.826086956,29,Census Tract 259
5337,Mansell St&Brussels St NW-MI/PS,37.721096,"Burton, Phillip And Sala Burton High School",-122.403067,0 days 00:01:03.043478260,29,Census Tract 259
5337,Mansell St&Brussels St NW-MI/PS,37.721096,"Burton, Phillip And Sala Burton High School",-122.403067,0 days 00:00:33.739130434,29,Census Tract 259
6604,Sutter St&Powell St NW-FS/BZ,37.789266,Gateway High School / Kipp Sf Bay Academy,-122.408677,0 days 00:13:09.090909090,2,Census Tract 121
6604,Sutter St&Powell St NW-FS/BZ,37.789266,Gateway High School / Kipp Sf Bay Academy,-122.408677,0 days 00:12:50,2,Census Tract 121
6604,Sutter St&Powell St NW-FS/BZ,37.789266,Gateway High School / Kipp Sf Bay Academy,-122.408677,0 days 00:11:30,2,Census Tract 121
4326,Castro St&24TH St SE-NS/BZ,37.7512,Gateway High School / Kipp Sf Bay Academy,-122.43401,0 days 00:14:56.842105263,24,Census Tract 214
4326,Castro St&24TH St SE-NS/BZ,37.7512,Gateway High School / Kipp Sf Bay Academy,-122.43401,0 days 00:17:00,24,Census Tract 214
4326,Castro St&24TH St SE-NS/BZ,37.7512,Gateway High School / Kipp Sf Bay Academy,-122.43401,0 days 00:18:06.315789473,24,Census Tract 214
3064,Balboa St&40TH Ave SW-NS/PS,37.775503,"Washington, George Washington High School",-122.500617,0 days 00:03:46.333333333,31,Census Tract 479.03
3064,Balboa St&40TH Ave SW-NS/PS,37.775503,"Washington, George Washington High School",-122.500617,0 days 00:03:08.666666666,31,Census Tract 479.03
3064,Balboa St&40TH Ave SW-NS/PS,37.775503,"Washington, George Washington High School",-122.500617,0 days 00:02:31,31,Census Tract 479.03
3064,Balboa St&40TH Ave SW-NS/PS,37.775503,"Washington, George Washington High School",-122.500617,0 days 00:02:07,18,Census Tract 479.03
3064,Balboa St&40TH Ave SW-NS/PS,37.775503,"Washington, George Washington High School",-122.500617,0 days 00:01:53.333333333,31,Census Tract 479.03
3064,Balboa St&40TH Ave SW-NS/PS,37.775503,"Washington, George Washington High School",-122.500617,0 days 00:03:14,18,Census Tract 479.03
3064,Balboa St&40TH Ave SW-NS/PS,37.775503,"Washington, George Washington High School",-122.500617,0 days 00:02:32,18,Census Tract 479.03
3064,Balboa St&40TH Ave SW-NS/PS,37.775503,"Washington, George Washington High School",-122.500617,0 days 00:04:08,18,Census Tract 479.03
3064,Balboa St&40TH Ave SW-NS/PS,37.775503,Gateway High School / Kipp Sf Bay Academy,-122.500617,0 days 00:20:09.333333333,31,Census Tract 479.03
3064,Balboa St&40TH Ave SW-NS/PS,37.775503,Gateway High School / Kipp Sf Bay Academy,-122.500617,0 days 00:21:20.833333333,31,Census Tract 479.03
3064,Balboa St&40TH Ave SW-NS/PS,37.775503,Gateway High School / Kipp Sf Bay Academy,-122.500617,0 days 00:20:42.333333333,31,Census Tract 479.03
3136,3rd St&Mission St NE-FS/BZ,37.786373,Galileo High School,-122.40211,0 days 00:18:02,30,Census Tract 615.01
3136,3rd St&Mission St NE-FS/BZ,37.786373,Galileo High School,-122.40211,0 days 00:18:55.812500,30,Census Tract 615.01
3136,3rd St&Mission St NE-FS/BZ,37.786373,Galileo High School,-122.40211,0 days 00:20:49.400000,30,Census Tract 615.01
3136,3rd St&Mission St NE-FS/BZ,37.786373,Galileo High School,-122.40211,0 days 00:19:41.250000,30,Census Tract 615.01
3136,3rd St&Mission St NE-FS/BZ,37.786373,Galileo High School,-122.40211,0 days 00:22:09.533333333,30,Census Tract 615.01
4756,Geary Blvd&Park Presidio Blvd SE-FS,37.780642,Gateway High School / Kipp Sf Bay Academy,-122.471827,0 days 00:12:37.411764705,38,Census Tract 452.01
4756,Geary Blvd&Park Presidio Blvd SE-FS,37.780642,Gateway High School / Kipp Sf Bay Academy,-122.471827,0 days 00:09:44.666666666,38R,Census Tract 452.01
4756,Geary Blvd&Park Presidio Blvd SE-FS,37.780642,Gateway High School / Kipp Sf Bay Academy,-122.471827,0 days 00:13:22.375000,38,Census Tract 452.01
7568,Divisadero St&Bay St. NW-NS/PS,37.801907,Galileo High School,-122.443331,0 days 00:07:46.785714285,30,Census Tract 127
7568,Divisadero St&Bay St. NW-NS/PS,37.801907,Galileo High School,-122.443331,0 days 00:11:17.461538461,30,Census Tract 127
7568,Divisadero St&Bay St. NW-NS/PS,37.801907,Galileo High School,-122.443331,0 days 00:10:06.214285714,30,Census Tract 127
7568,Divisadero St&Bay St. NW-NS/PS,37.801907,Galileo High School,-122.443331,0 days 00:09:25.785714285,30,Census Tract 127
7568,Divisadero St&Bay St. NW-NS/PS,37.801907,Galileo High School,-122.443331,0 days 00:08:50.357142857,30,Census Tract 127
6718,Turk St&Hyde St NW-FS/BZ,37.782621,"Washington, George Washington High School",-122.415856,0 days 00:24:58.125000,31,Census Tract 124.03
6718,Turk St&Hyde St NW-FS/BZ,37.782621,"Washington, George Washington High School",-122.415856,0 days 00:25:36.875000,31,Census Tract 124.03
6718,Turk St&Hyde St NW-FS/BZ,37.782621,"Washington, George Washington High School",-122.415856,0 days 00:26:07.375000,31,Census Tract 124.03
6718,Turk St&Hyde St NW-FS/BZ,37.782621,"Washington, George Washington High School",-122.415856,0 days 00:26:52.125000,31,Census Tract 124.03
6718,Turk St&Hyde St NW-FS/BZ,37.782621,Gateway High School / Kipp Sf Bay Academy,-122.415856,0 days 00:10:37.888888888,31,Census Tract 124.03
6718,Turk St&Hyde St NW-FS/BZ,37.782621,Gateway High School / Kipp Sf Bay Academy,-122.415856,0 days 00:09:23.444444444,31,Census Tract 124.03
6718,Turk St&Hyde St NW-FS/BZ,37.782621,Gateway High School / Kipp Sf Bay Academy,-122.415856,0 days 00:09:59,31,Census Tract 124.03
7865,16th Street & Owen St NW/FS-BZ,37.766722,Gateway High School / Kipp Sf Bay Academy,-122.392805,0 days 00:27:43.210526315,22,Census Tract 607.01
7865,16th Street & Owen St NW/FS-BZ,37.766722,Gateway High School / Kipp Sf Bay Academy,-122.392805,0 days 00:26:37.789473684,22,Census Tract 607.01
4319,Castro St&20TH St SE-NS/PS,37.757632,Gateway High School / Kipp Sf Bay Academy,-122.434636,0 days 00:12:26.400000,24,Census Tract 206.02
4319,Castro St&20TH St SE-NS/PS,37.757632,Gateway High School / Kipp Sf Bay Academy,-122.434636,0 days 00:14:29.250000,24,Census Tract 206.02
4319,Castro St&20TH St SE-NS/PS,37.757632,Gateway High School / Kipp Sf Bay Academy,-122.434636,0 days 00:15:35.400000,24,Census Tract 206.02
5314,Lincoln Way&25th Ave NW-FS/BZ,37.765221,"Burton, Phillip And Sala Burton High School",-122.483993,0 days 00:43:45.272727272,29,Census Tract 9803
5314,Lincoln Way&25th Ave NW-FS/BZ,37.765221,"Burton, Phillip And Sala Burton High School",-122.483993,0 days 00:42:19.454545454,29,Census Tract 9803
5314,Lincoln Way&25th Ave NW-FS/BZ,37.765221,"Burton, Phillip And Sala Burton High School",-122.483993,0 days 00:43:31.363636363,29,Census Tract 9803
5314,Lincoln Way&25th Ave NW-FS/BZ,37.765221,"Burton, Phillip And Sala Burton High School",-122.483993,0 days 00:42:47.727272727,29,Census Tract 9803
5314,Lincoln Way&25th Ave NW-FS/BZ,37.765221,"Burton, Phillip And Sala Burton High School",-122.483993,0 days 00:43:17,29,Census Tract 9803
3066,Balboa St&43RD Ave SW-NS/PS,37.77535,"Washington, George Washington High School",-122.503838,0 days 00:04:43,31,Census Tract 479.03
3066,Balboa St&43RD Ave SW-NS/PS,37.77535,"Washington, George Washington High School",-122.503838,0 days 00:04:05.333333333,31,Census Tract 479.03
3066,Balboa St&43RD Ave SW-NS/PS,37.77535,"Washington, George Washington High School",-122.503838,0 days 00:03:27.666666666,31,Census Tract 479.03
3066,Balboa St&43RD Ave SW-NS/PS,37.77535,"Washington, George Washington High School",-122.503838,0 days 00:03:11,18,Census Tract 479.03
3066,Balboa St&43RD Ave SW-NS/PS,37.77535,"Washington, George Washington High School",-122.503838,0 days 00:02:50,31,Census Tract 479.03
3066,Balboa St&43RD Ave SW-NS/PS,37.77535,"Washington, George Washington High School",-122.503838,0 days 00:04:18,18,Census Tract 479.03
3066,Balboa St&43RD Ave SW-NS/PS,37.77535,"Washington, George Washington High School",-122.503838,0 days 00:03:36,18,Census Tract 479.03
3066,Balboa St&43RD Ave SW-NS/PS,37.77535,"Washington, George Washington High School",-122.503838,0 days 00:05:12,18,Census Tract 479.03
3066,Balboa St&43RD Ave SW-NS/PS,37.77535,Gateway High School / Kipp Sf Bay Academy,-122.503838,0 days 00:21:06,31,Census Tract 479.03
3066,Balboa St&43RD Ave SW-NS/PS,37.77535,Gateway High School / Kipp Sf Bay Academy,-122.503838,0 days 00:22:17.500000,31,Census Tract 479.03
3066,Balboa St&43RD Ave SW-NS/PS,37.77535,Gateway High School / Kipp Sf Bay Academy,-122.503838,0 days 00:21:39,31,Census Tract 479.03
6501,Steuart St&Market St E-NS/BZ,37.794409,Gateway High School / Kipp Sf Bay Academy,-122.394538,0 days 00:20:11.800000,2,Census Tract 105
6501,Steuart St&Market St E-NS/BZ,37.794409,Gateway High School / Kipp Sf Bay Academy,-122.394538,0 days 00:20:04.545454545,2,Census Tract 105
6501,Steuart St&Market St E-NS/BZ,37.794409,Gateway High School / Kipp Sf Bay Academy,-122.394538,0 days 00:18:43.636363636,2,Census Tract 105
4415,Divisadero St&Eddy St SW-FS/BZ,37.780591,"Washington, George Washington High School",-122.438942,0 days 00:14:15.181818181,31,Census Tract 158.01
4415,Divisadero St&Eddy St SW-FS/BZ,37.780591,"Washington, George Washington High School",-122.438942,0 days 00:14:53.181818181,31,Census Tract 158.01
4415,Divisadero St&Eddy St SW-FS/BZ,37.780591,"Washington, George Washington High School",-122.438942,0 days 00:15:23,31,Census Tract 158.01
4415,Divisadero St&Eddy St SW-FS/BZ,37.780591,"Washington, George Washington High School",-122.438942,0 days 00:16:06.818181818,31,Census Tract 158.01
3959,Chestnut St&Webster St SW-NS/BZ,37.800951,Galileo High School,-122.434697,0 days 00:03:44.823529411,30,Census Tract 129.02
3959,Chestnut St&Webster St SW-NS/BZ,37.800951,Galileo High School,-122.434697,0 days 00:07:16.312500,30,Census Tract 129.02
3959,Chestnut St&Webster St SW-NS/BZ,37.800951,Galileo High School,-122.434697,0 days 00:06:01.411764705,30,Census Tract 129.02
3959,Chestnut St&Webster St SW-NS/BZ,37.800951,Galileo High School,-122.434697,0 days 00:05:21.647058823,30,Census Tract 129.02
3959,Chestnut St&Webster St SW-NS/BZ,37.800951,Galileo High School,-122.434697,0 days 00:04:46.941176470,30,Census Tract 129.02
4307,Castro St&14TH St NE-FS/BZ,37.76761,Gateway High School / Kipp Sf Bay Academy,-122.43558,0 days 00:07:43.400000,24,Census Tract 169
4307,Castro St&14TH St NE-FS/BZ,37.76761,Gateway High School / Kipp Sf Bay Academy,-122.43558,0 days 00:09:46.250000,24,Census Tract 169
4307,Castro St&14TH St NE-FS/BZ,37.76761,Gateway High School / Kipp Sf Bay Academy,-122.43558,0 days 00:10:52.400000,24,Census Tract 169
3957,Chestnut St&Van Ness Ave SW-NS/BZ,37.802199,Galileo High School,-122.424894,0 days 00:03:36.250000,30,Census Tract 129.01
3957,Chestnut St&Van Ness Ave SW-NS/BZ,37.802199,Galileo High School,-122.424894,0 days 00:02:16.588235294,30,Census Tract 129.01
3957,Chestnut St&Van Ness Ave SW-NS/BZ,37.802199,Galileo High School,-122.424894,0 days 00:01:36.823529411,30,Census Tract 129.01
3957,Chestnut St&Van Ness Ave SW-NS/BZ,37.802199,Galileo High School,-122.424894,0 days 00:01:02.117647058,30,Census Tract 129.01
4646,Fitzgerald Ave&Ingalls St W-NS/PS,37.720966,"Burton, Phillip And Sala Burton High School",-122.391453,0 days 00:11:26.090909090,29,Census Tract 234
4646,Fitzgerald Ave&Ingalls St W-NS/PS,37.720966,"Burton, Phillip And Sala Burton High School",-122.391453,0 days 00:13:01.818181818,29,Census Tract 234
4646,Fitzgerald Ave&Ingalls St W-NS/PS,37.720966,"Burton, Phillip And Sala Burton High School",-122.391453,0 days 00:11:46.909090909,29,Census Tract 234
4646,Fitzgerald Ave&Ingalls St W-NS/PS,37.720966,"Burton, Phillip And Sala Burton High School",-122.391453,0 days 00:12:29.090909090,29,Census Tract 234
4646,Fitzgerald Ave&Ingalls St W-NS/PS,37.720966,"Burton, Phillip And Sala Burton High School",-122.391453,0 days 00:11:59.818181818,29,Census Tract 234
7756,Palou Ave&Newhall St NW-FS/SB,37.735162,Gateway High School / Kipp Sf Bay Academy,-122.392886,0 days 00:37:42.307692307,24,Census Tract 612
7756,Palou Ave&Newhall St NW-FS/SB,37.735162,Gateway High School / Kipp Sf Bay Academy,-122.392886,0 days 00:39:48.307692307,24,Census Tract 612
7756,Palou Ave&Newhall St NW-FS/SB,37.735162,Gateway High School / Kipp Sf Bay Academy,-122.392886,0 days 00:40:56.153846153,24,Census Tract 612
6978,Woolsey St&Hamilton St NE-NS,37.72374,"Burton, Phillip And Sala Burton High School",-122.40841,0 days 00:00:16.500000,54,Census Tract 257.02
4291,Geary Blvd&Collins St SE-FS/BZ,37.782028,Gateway High School / Kipp Sf Bay Academy,-122.449911,0 days 00:04:10.500000,38,Census Tract 157.01
4291,Geary Blvd&Collins St SE-FS/BZ,37.782028,Gateway High School / Kipp Sf Bay Academy,-122.449911,0 days 00:04:56.421052631,38,Census Tract 157.01
4607,Fillmore St&Beach St SE-NS/BZ,37.804447,Gateway High School / Kipp Sf Bay Academy,-122.436958,0 days 00:13:43.111111111,22,Census Tract 126.02
4607,Fillmore St&Beach St SE-NS/BZ,37.804447,Gateway High School / Kipp Sf Bay Academy,-122.436958,0 days 00:14:18.148148148,22,Census Tract 126.02
4755,Geary Blvd&Park Presidio Blvd NW-FS,37.780669,"Washington, George Washington High School",-122.472802,0 days 00:09:14,38,Census Tract 476
4755,Geary Blvd&Park Presidio Blvd NW-FS,37.780669,"Washington, George Washington High School",-122.472802,0 days 00:09:57.428571428,38,Census Tract 476
4755,Geary Blvd&Park Presidio Blvd NW-FS,37.780669,"Washington, George Washington High School",-122.472802,0 days 00:08:34.285714285,38,Census Tract 476
4755,Geary Blvd&Park Presidio Blvd NW-FS,37.780669,"Washington, George Washington High School",-122.472802,0 days 00:06:17.500000,38,Census Tract 476
4755,Geary Blvd&Park Presidio Blvd NW-FS,37.780669,"Washington, George Washington High School",-122.472802,0 days 00:07:11.200000,38,Census Tract 476
4755,Geary Blvd&Park Presidio Blvd NW-FS,37.780669,"Washington, George Washington High School",-122.472802,0 days 00:11:17.142857142,38,Census Tract 476
4755,Geary Blvd&Park Presidio Blvd NW-FS,37.780669,"Washington, George Washington High School",-122.472802,0 days 00:08:43.636363636,38,Census Tract 476
4755,Geary Blvd&Park Presidio Blvd NW-FS,37.780669,"Washington, George Washington High School",-122.472802,0 days 00:06:46.153846153,38R,Census Tract 476
5503,Middle Point Rd&West Point Rd SE-NS,37.735164,Galileo High School,-122.379323,0 days 00:49:10.285714285,19,Census Tract 231.03
5503,Middle Point Rd&West Point Rd SE-NS,37.735164,Galileo High School,-122.379323,0 days 00:48:41.428571428,19,Census Tract 231.03
5503,Middle Point Rd&West Point Rd SE-NS,37.735164,Galileo High School,-122.379323,0 days 00:47:41,19,Census Tract 231.03
5503,Middle Point Rd&West Point Rd SE-NS,37.735164,Galileo High School,-122.379323,0 days 00:46:47,19,Census Tract 231.03
5503,Middle Point Rd&West Point Rd SE-NS,37.735164,Galileo High School,-122.379323,0 days 00:45:40.571428571,19,Census Tract 231.03
4266,Geary Blvd&20TH Ave SE-FS/BZ,37.780319,Gateway High School / Kipp Sf Bay Academy,-122.479232,0 days 00:15:20.411764705,38,Census Tract 476
4266,Geary Blvd&20TH Ave SE-FS/BZ,37.780319,Gateway High School / Kipp Sf Bay Academy,-122.479232,0 days 00:11:49.666666666,38R,Census Tract 476
4266,Geary Blvd&20TH Ave SE-FS/BZ,37.780319,Gateway High School / Kipp Sf Bay Academy,-122.479232,0 days 00:16:04.187500,38,Census Tract 476
5273,Lombard St&Divisadero St NW-FS/SB,37.799078,"Lincoln, Abraham Lincoln High School",-122.442861,0 days 00:22:42.076923076,28,Census Tract 128.01
3371,19th Ave&Lincoln Way SW-FS/BB,37.765375,"Lincoln, Abraham Lincoln High School",-122.477404,0 days 00:05:47.687500,28,Census Tract 326.01
6312,Sacramento St&Powell St NE-NS/BZ,37.79305,"Washington, George Washington High School",-122.40926,0 days 00:31:23.944444444,1,Census Tract 113
6312,Sacramento St&Powell St NE-NS/BZ,37.79305,"Washington, George Washington High School",-122.40926,0 days 00:31:50,1,Census Tract 113
5605,Mission St&Murray St NE-FS/BZ,37.73404,Galileo High School,-122.42592,0 days 00:36:22.363636363,49,Census Tract 254.03
5605,Mission St&Murray St NE-FS/BZ,37.73404,Galileo High School,-122.42592,0 days 00:36:56,49,Census Tract 254.03
5605,Mission St&Murray St NE-FS/BZ,37.73404,Galileo High School,-122.42592,0 days 00:37:20,49,Census Tract 254.03
5946,Park Presidio Blvd&Balboa St NE-FS,37.77724,Galileo High School,-122.47192,0 days 00:22:17.461538461,28,Census Tract 452.01
5946,Park Presidio Blvd&Balboa St NE-FS,37.77724,Galileo High School,-122.47192,0 days 00:21:27.153846153,28,Census Tract 452.01
5946,Park Presidio Blvd&Balboa St NE-FS,37.77724,Galileo High School,-122.47192,0 days 00:19:50.153846153,28,Census Tract 452.01
5946,Park Presidio Blvd&Balboa St NE-FS,37.77724,Galileo High School,-122.47192,0 days 00:20:39.846153846,28,Census Tract 452.01
6315,Sacramento St&Sproule Ln NE-NS/PS,37.79271,"Washington, George Washington High School",-122.4119,0 days 00:30:17.500000,1,Census Tract 112
6315,Sacramento St&Sproule Ln NE-NS/PS,37.79271,"Washington, George Washington High School",-122.4119,0 days 00:30:43.555555555,1,Census Tract 112
4355,De Haro St&22ND St NE-FS/PS,37.757437,Galileo High School,-122.400822,0 days 00:33:58.600000,19,Census Tract 227.04
4355,De Haro St&22ND St NE-FS/PS,37.757437,Galileo High School,-122.400822,0 days 00:33:30.800000,19,Census Tract 227.04
4355,De Haro St&22ND St NE-FS/PS,37.757437,Galileo High School,-122.400822,0 days 00:32:32.800000,19,Census Tract 227.04
4355,De Haro St&22ND St NE-FS/PS,37.757437,Galileo High School,-122.400822,0 days 00:31:40.900000,19,Census Tract 227.04
4355,De Haro St&22ND St NE-FS/PS,37.757437,Galileo High School,-122.400822,0 days 00:30:37.100000,19,Census Tract 227.04
3032,Balboa St&4TH Ave NE-NS/BZ,37.777396,"Washington, George Washington High School",-122.461751,0 days 00:06:56.785714285,31,Census Tract 451
3032,Balboa St&4TH Ave NE-NS/BZ,37.777396,"Washington, George Washington High School",-122.461751,0 days 00:07:35,31,Census Tract 451
3032,Balboa St&4TH Ave NE-NS/BZ,37.777396,"Washington, George Washington High School",-122.461751,0 days 00:08:05,31,Census Tract 451
3032,Balboa St&4TH Ave NE-NS/BZ,37.777396,"Washington, George Washington High School",-122.461751,0 days 00:08:49.071428571,31,Census Tract 451
3824,California St&6TH Ave NW-FS/BB,37.785069,"Washington, George Washington High School",-122.464641,0 days 00:09:46.192307692,1,Census Tract 402
3824,California St&6TH Ave NW-FS/BB,37.785069,"Washington, George Washington High School",-122.464641,0 days 00:10:11.538461538,1,Census Tract 402
3595,46th Ave&Rivera St SE-NS/SB,37.745423,"Washington, George Washington High School",-122.504801,0 days 00:16:34,18,Census Tract 354
3595,46th Ave&Rivera St SE-NS/SB,37.745423,"Washington, George Washington High School",-122.504801,0 days 00:17:41,18,Census Tract 354
3595,46th Ave&Rivera St SE-NS/SB,37.745423,"Washington, George Washington High School",-122.504801,0 days 00:16:59,18,Census Tract 354
3595,46th Ave&Rivera St SE-NS/SB,37.745423,"Washington, George Washington High School",-122.504801,0 days 00:18:35,18,Census Tract 354
5963,Plymouth Ave&Lakeview Ave SE-NS,37.71817,"Burton, Phillip And Sala Burton High School",-122.45606,0 days 00:21:17.818181818,54,Census Tract 314.02
5963,Plymouth Ave&Lakeview Ave SE-NS,37.71817,"Burton, Phillip And Sala Burton High School",-122.45606,0 days 00:21:35.181818181,54,Census Tract 314.02
6083,Prague St&Persia Ave S-NS,37.71884,"Burton, Phillip And Sala Burton High School",-122.42722,0 days 00:08:26.750000,54,Census Tract 260.03
6083,Prague St&Persia Ave S-NS,37.71884,"Burton, Phillip And Sala Burton High School",-122.42722,0 days 00:08:44.166666666,54,Census Tract 260.03
7671,Geneva Ave & Mission St SE-FS/BZ,37.716419,"Burton, Phillip And Sala Burton High School",-122.441012,0 days 00:14:02.181818181,54,Census Tract 263.01
7671,Geneva Ave & Mission St SE-FS/BZ,37.716419,"Burton, Phillip And Sala Burton High School",-122.441012,0 days 00:14:19.545454545,54,Census Tract 263.01
3689,Beverly St&Garfield St NW-NS/SB,37.719728,"Burton, Phillip And Sala Burton High School",-122.471739,0 days 00:20:19.944444444,29,Census Tract 313.01
3689,Beverly St&Garfield St NW-NS/SB,37.719728,"Burton, Phillip And Sala Burton High School",-122.471739,0 days 00:18:56,29,Census Tract 313.01
3689,Beverly St&Garfield St NW-NS/SB,37.719728,"Burton, Phillip And Sala Burton High School",-122.471739,0 days 00:20:06.277777777,29,Census Tract 313.01
3689,Beverly St&Garfield St NW-NS/SB,37.719728,"Burton, Phillip And Sala Burton High School",-122.471739,0 days 00:19:23.722222222,29,Census Tract 313.01
3689,Beverly St&Garfield St NW-NS/SB,37.719728,"Burton, Phillip And Sala Burton High School",-122.471739,0 days 00:19:52.333333333,29,Census Tract 313.01
3046,Balboa St&19TH Ave SW-NS/BZ,37.776528,Gateway High School / Kipp Sf Bay Academy,-122.47813,0 days 00:13:32.666666666,31,Census Tract 476
3046,Balboa St&19TH Ave SW-NS/BZ,37.776528,Gateway High School / Kipp Sf Bay Academy,-122.47813,0 days 00:14:44.166666666,31,Census Tract 476
3046,Balboa St&19TH Ave SW-NS/BZ,37.776528,Gateway High School / Kipp Sf Bay Academy,-122.47813,0 days 00:14:05.666666666,31,Census Tract 476
6964,Wisconsin St&Connecticut St SW-FS,37.753447,Galileo High School,-122.39867,0 days 00:39:48.857142857,19,Census Tract 614.01
6964,Wisconsin St&Connecticut St SW-FS,37.753447,Galileo High School,-122.39867,0 days 00:39:20,19,Census Tract 614.01
6964,Wisconsin St&Connecticut St SW-FS,37.753447,Galileo High School,-122.39867,0 days 00:38:19.571428571,19,Census Tract 614.01
6964,Wisconsin St&Connecticut St SW-FS,37.753447,Galileo High School,-122.39867,0 days 00:37:25.571428571,19,Census Tract 614.01
6964,Wisconsin St&Connecticut St SW-FS,37.753447,Galileo High School,-122.39867,0 days 00:36:19.142857142,19,Census Tract 614.01
6309,Sacramento St&Octavia St N-NS/BZ,37.79076,"Washington, George Washington High School",-122.42746,0 days 00:23:45.150000,1,Census Tract 131.02
6309,Sacramento St&Octavia St N-NS/BZ,37.79076,"Washington, George Washington High School",-122.42746,0 days 00:24:11,1,Census Tract 131.02
6144,Quintara St&24th Ave NE-NS/SB,37.74846,"Lincoln, Abraham Lincoln High School",-122.48131,0 days 00:00:39.250000,48,Census Tract 328.02
6144,Quintara St&24th Ave NE-NS/SB,37.74846,"Lincoln, Abraham Lincoln High School",-122.48131,0 days 00:00:27.500000,66,Census Tract 328.02
3374,19th Ave&Noriega St NE-FS/BB,37.75432,Galileo High School,-122.476368,0 days 00:30:37.538461538,28,Census Tract 303.02
3374,19th Ave&Noriega St NE-FS/BB,37.75432,Galileo High School,-122.476368,0 days 00:29:47.230769230,28,Census Tract 303.02
3374,19th Ave&Noriega St NE-FS/BB,37.75432,Galileo High School,-122.476368,0 days 00:28:10.230769230,28,Census Tract 303.02
3374,19th Ave&Noriega St NE-FS/BB,37.75432,Galileo High School,-122.476368,0 days 00:28:59.923076923,28,Census Tract 303.02
3682,Avalon Ave&Peru Ave SW-NS,37.72508,"Burton, Phillip And Sala Burton High School",-122.42342,0 days 00:05:20.166666666,54,Census Tract 260.02
3682,Avalon Ave&Peru Ave SW-NS,37.72508,"Burton, Phillip And Sala Burton High School",-122.42342,0 days 00:05:37.583333333,54,Census Tract 260.02
3044,Balboa St&17TH Ave SW-NS/PS,37.776626,Gateway High School / Kipp Sf Bay Academy,-122.475987,0 days 00:12:55,31,Census Tract 476
3044,Balboa St&17TH Ave SW-NS/PS,37.776626,Gateway High School / Kipp Sf Bay Academy,-122.475987,0 days 00:14:06.500000,31,Census Tract 476
3044,Balboa St&17TH Ave SW-NS/PS,37.776626,Gateway High School / Kipp Sf Bay Academy,-122.475987,0 days 00:13:28,31,Census Tract 476
6800,Van Ness Ave&Chestnut St NE-FS/BZ,37.80258,Galileo High School,-122.42464,0 days 00:02:26.294117647,28,Census Tract 102.02
6800,Van Ness Ave&Chestnut St NE-FS/BZ,37.80258,Galileo High School,-122.42464,0 days 00:01:36.529411764,28,Census Tract 102.02
6800,Van Ness Ave&Chestnut St NE-FS/BZ,37.80258,Galileo High School,-122.42464,0 days 00:00:49.764705882,28,Census Tract 102.02
6800,Van Ness Ave&Chestnut St NE-FS/BZ,37.80258,Galileo High School,-122.42464,0 days 00:00:46,49,Census Tract 102.02
6800,Van Ness Ave&Chestnut St NE-FS/BZ,37.80258,Galileo High School,-122.42464,0 days 00:01:10,49,Census Tract 102.02
6300,Sacramento St&Hyde St NE-NS/BZ,37.79199,"Washington, George Washington High School",-122.41749,0 days 00:28:02.722222222,1,Census Tract 111.01
6300,Sacramento St&Hyde St NE-NS/BZ,37.79199,"Washington, George Washington High School",-122.41749,0 days 00:28:28.777777777,1,Census Tract 111.01
3831,California St&12TH Ave NE-NS/BZ,37.784586,"Washington, George Washington High School",-122.470848,0 days 00:07:53.692307692,1,Census Tract 402
3831,California St&12TH Ave NE-NS/BZ,37.784586,"Washington, George Washington High School",-122.470848,0 days 00:08:19.038461538,1,Census Tract 402
7036,Ocean Ave&Geneva Ave SW-NS/SI,37.723031,"Burton, Phillip And Sala Burton High School",-122.452453,0 days 00:12:41,29,Census Tract 312.01
7036,Ocean Ave&Geneva Ave SW-NS/SI,37.723031,"Burton, Phillip And Sala Burton High School",-122.452453,0 days 00:11:17.315789473,29,Census Tract 312.01
7036,Ocean Ave&Geneva Ave SW-NS/SI,37.723031,"Burton, Phillip And Sala Burton High School",-122.452453,0 days 00:12:27.368421052,29,Census Tract 312.01
7036,Ocean Ave&Geneva Ave SW-NS/SI,37.723031,"Burton, Phillip And Sala Burton High School",-122.452453,0 days 00:11:44.947368421,29,Census Tract 312.01
7036,Ocean Ave&Geneva Ave SW-NS/SI,37.723031,"Burton, Phillip And Sala Burton High School",-122.452453,0 days 00:12:13.473684210,29,Census Tract 312.01
3194,7th St&Howard St E-NS/SI,37.777935,Galileo High School,-122.409222,0 days 00:22:44.400000,19,Census Tract 178.04
3194,7th St&Howard St E-NS/SI,37.777935,Galileo High School,-122.409222,0 days 00:22:16.600000,19,Census Tract 178.04
3194,7th St&Howard St E-NS/SI,37.777935,Galileo High School,-122.409222,0 days 00:21:18.600000,19,Census Tract 178.04
3194,7th St&Howard St E-NS/SI,37.777935,Galileo High School,-122.409222,0 days 00:20:26.700000,19,Census Tract 178.04
3194,7th St&Howard St E-NS/SI,37.777935,Galileo High School,-122.409222,0 days 00:19:22.900000,19,Census Tract 178.04
3036,Balboa St&8TH Ave NE-NS/PS,37.777199,"Washington, George Washington High School",-122.466038,0 days 00:05:43.214285714,31,Census Tract 452.02
3036,Balboa St&8TH Ave NE-NS/PS,37.777199,"Washington, George Washington High School",-122.466038,0 days 00:06:21.428571428,31,Census Tract 452.02
3036,Balboa St&8TH Ave NE-NS/PS,37.777199,"Washington, George Washington High School",-122.466038,0 days 00:06:51.428571428,31,Census Tract 452.02
3036,Balboa St&8TH Ave NE-NS/PS,37.777199,"Washington, George Washington High School",-122.466038,0 days 00:07:35.500000,31,Census Tract 452.02
3476,24th St&Mission St NE-NS/BZ,37.752321,"Lincoln, Abraham Lincoln High School",-122.418333,0 days 00:23:01.923076923,48,Census Tract 209
3476,24th St&Mission St NE-NS/BZ,37.752321,"Lincoln, Abraham Lincoln High School",-122.418333,0 days 00:23:41.692307692,48,Census Tract 209
3476,24th St&Mission St NE-NS/BZ,37.752321,"Lincoln, Abraham Lincoln High School",-122.418333,0 days 00:24:21.461538461,48,Census Tract 209
5096,Industrial St&Revere Ave NE-NS/SB,37.73913,Gateway High School / Kipp Sf Bay Academy,-122.40305,0 days 00:33:25,24,Census Tract 9809
5096,Industrial St&Revere Ave NE-NS/SB,37.73913,Gateway High School / Kipp Sf Bay Academy,-122.40305,0 days 00:35:31,24,Census Tract 9809
5096,Industrial St&Revere Ave NE-NS/SB,37.73913,Gateway High School / Kipp Sf Bay Academy,-122.40305,0 days 00:36:38.846153846,24,Census Tract 9809
4821,Kearny St&Geary St NE-FS/BZ,37.788051,Galileo High School,-122.403461,0 days 00:17:03.880000,30,Census Tract 117
4821,Kearny St&Geary St NE-FS/BZ,37.788051,Galileo High School,-122.403461,0 days 00:17:57.840000,30,Census Tract 117
4821,Kearny St&Geary St NE-FS/BZ,37.788051,Galileo High School,-122.403461,0 days 00:19:49.400000,30,Census Tract 117
4821,Kearny St&Geary St NE-FS/BZ,37.788051,Galileo High School,-122.403461,0 days 00:18:45.600000,30,Census Tract 117
4821,Kearny St&Geary St NE-FS/BZ,37.788051,Galileo High School,-122.403461,0 days 00:21:09.533333333,30,Census Tract 117
3388,19th Ave&Rivera St NE-FS/BB,37.747152,Galileo High School,-122.475834,0 days 00:33:19.833333333,28,Census Tract 304
3388,19th Ave&Rivera St NE-FS/BB,37.747152,Galileo High School,-122.475834,0 days 00:32:29.333333333,28,Census Tract 304
3388,19th Ave&Rivera St NE-FS/BB,37.747152,Galileo High School,-122.475834,0 days 00:30:52.500000,28,Census Tract 304
3388,19th Ave&Rivera St NE-FS/BB,37.747152,Galileo High School,-122.475834,0 days 00:31:41.833333333,28,Census Tract 304
5952,Park Presidio&Geary Blvd SW-FS/SB,37.78027,"Lincoln, Abraham Lincoln High School",-122.47248,0 days 00:10:31.437500,28,Census Tract 476
4300,Geary St&Jones St NW-FS/BZ,37.786769,"Washington, George Washington High School",-122.413332,0 days 00:36:02,38,Census Tract 123.02
4300,Geary St&Jones St NW-FS/BZ,37.786769,"Washington, George Washington High School",-122.413332,0 days 00:36:42.800000,38,Census Tract 123.02
4300,Geary St&Jones St NW-FS/BZ,37.786769,"Washington, George Washington High School",-122.413332,0 days 00:35:24.800000,38,Census Tract 123.02
4300,Geary St&Jones St NW-FS/BZ,37.786769,"Washington, George Washington High School",-122.413332,0 days 00:33:35.666666666,38,Census Tract 123.02
4300,Geary St&Jones St NW-FS/BZ,37.786769,"Washington, George Washington High School",-122.413332,0 days 00:34:29.933333333,38,Census Tract 123.02
4300,Geary St&Jones St NW-FS/BZ,37.786769,"Washington, George Washington High School",-122.413332,0 days 00:38:00.800000,38,Census Tract 123.02
4300,Geary St&Jones St NW-FS/BZ,37.786769,"Washington, George Washington High School",-122.413332,0 days 00:35:49.500000,38,Census Tract 123.02
4300,Geary St&Jones St NW-FS/BZ,37.786769,Gateway High School / Kipp Sf Bay Academy,-122.413332,0 days 00:12:40.636363636,38,Census Tract 123.02
4300,Geary St&Jones St NW-FS/BZ,37.786769,Gateway High School / Kipp Sf Bay Academy,-122.413332,0 days 00:09:38.909090909,38,Census Tract 123.02
4300,Geary St&Jones St NW-FS/BZ,37.786769,Gateway High School / Kipp Sf Bay Academy,-122.413332,0 days 00:11:52.818181818,38,Census Tract 123.02
4433,Divisadero St&Pine St SW-FS/BZ,37.786997,Gateway High School / Kipp Sf Bay Academy,-122.440317,0 days 00:03:58.333333333,24,Census Tract 153
4433,Divisadero St&Pine St SW-FS/BZ,37.786997,Gateway High School / Kipp Sf Bay Academy,-122.440317,0 days 00:02:16.333333333,24,Census Tract 153
4433,Divisadero St&Pine St SW-FS/BZ,37.786997,Gateway High School / Kipp Sf Bay Academy,-122.440317,0 days 00:00:58.600000,24,Census Tract 153
7606,Daly City Bart West Station Rd.,37.706431,"Burton, Phillip And Sala Burton High School",-122.46916,0 days 00:30:30.666666666,54,
7606,Daly City Bart West Station Rd.,37.706431,"Burton, Phillip And Sala Burton High School",-122.46916,0 days 00:30:48.333333333,54,
7289,16th St&Folsom St NW-FS/BZ,37.7654,Gateway High School / Kipp Sf Bay Academy,-122.415428,0 days 00:19:43.241379310,22,Census Tract 177
7289,16th St&Folsom St NW-FS/BZ,37.7654,Gateway High School / Kipp Sf Bay Academy,-122.415428,0 days 00:18:37.689655172,22,Census Tract 177
3608,48th Ave&Point Lobos Ave SW-FS/BZ,37.779023,"Washington, George Washington High School",-122.509411,0 days 00:05:00,38R,Census Tract 479.04
3608,48th Ave&Point Lobos Ave SW-FS/BZ,37.779023,Gateway High School / Kipp Sf Bay Academy,-122.509411,0 days 00:20:46.461538461,38R,Census Tract 479.04
5974,Plymouth Ave&Ocean Ave SE-NS/PS,37.723772,"Burton, Phillip And Sala Burton High School",-122.456049,0 days 00:13:55.789473684,29,Census Tract 312.01
5974,Plymouth Ave&Ocean Ave SE-NS/PS,37.723772,"Burton, Phillip And Sala Burton High School",-122.456049,0 days 00:12:32.105263157,29,Census Tract 312.01
5974,Plymouth Ave&Ocean Ave SE-NS/PS,37.723772,"Burton, Phillip And Sala Burton High School",-122.456049,0 days 00:13:42.157894736,29,Census Tract 312.01
5974,Plymouth Ave&Ocean Ave SE-NS/PS,37.723772,"Burton, Phillip And Sala Burton High School",-122.456049,0 days 00:12:59.736842105,29,Census Tract 312.01
5974,Plymouth Ave&Ocean Ave SE-NS/PS,37.723772,"Burton, Phillip And Sala Burton High School",-122.456049,0 days 00:13:28.263157894,29,Census Tract 312.01
3522,26th St&Rhode Island St NE-NS/SB,37.750718,Galileo High School,-122.401124,0 days 00:38:10.857142857,19,Census Tract 614.01
3522,26th St&Rhode Island St NE-NS/SB,37.750718,Galileo High School,-122.401124,0 days 00:37:42,19,Census Tract 614.01
3522,26th St&Rhode Island St NE-NS/SB,37.750718,Galileo High School,-122.401124,0 days 00:36:41.571428571,19,Census Tract 614.01
3522,26th St&Rhode Island St NE-NS/SB,37.750718,Galileo High School,-122.401124,0 days 00:35:47.571428571,19,Census Tract 614.01
3522,26th St&Rhode Island St NE-NS/SB,37.750718,Galileo High School,-122.401124,0 days 00:34:41.142857142,19,Census Tract 614.01
3522,26th St&Rhode Island St NE-NS/SB,37.750718,"Lincoln, Abraham Lincoln High School",-122.401124,0 days 00:34:27.833333333,48,Census Tract 614.01
3522,26th St&Rhode Island St NE-NS/SB,37.750718,"Lincoln, Abraham Lincoln High School",-122.401124,0 days 00:35:07.833333333,48,Census Tract 614.01
3522,26th St&Rhode Island St NE-NS/SB,37.750718,"Lincoln, Abraham Lincoln High School",-122.401124,0 days 00:35:47.833333333,48,Census Tract 614.01
3604,46th Ave&Wawona St SE-NS/BZ,37.736108,"Washington, George Washington High School",-122.504141,0 days 00:19:59,18,Census Tract 354
3604,46th Ave&Wawona St SE-NS/BZ,37.736108,"Washington, George Washington High School",-122.504141,0 days 00:21:06,18,Census Tract 354
3604,46th Ave&Wawona St SE-NS/BZ,37.736108,"Washington, George Washington High School",-122.504141,0 days 00:20:24,18,Census Tract 354
3604,46th Ave&Wawona St SE-NS/BZ,37.736108,"Washington, George Washington High School",-122.504141,0 days 00:22:00,18,Census Tract 354
5879,Palou Ave&Phelps St E-NS/PS,37.7361,Gateway High School / Kipp Sf Bay Academy,-122.394535,0 days 00:36:59.230769230,24,Census Tract 612
5879,Palou Ave&Phelps St E-NS/PS,37.7361,Gateway High School / Kipp Sf Bay Academy,-122.394535,0 days 00:39:05.230769230,24,Census Tract 612
5879,Palou Ave&Phelps St E-NS/PS,37.7361,Gateway High School / Kipp Sf Bay Academy,-122.394535,0 days 00:40:13.076923076,24,Census Tract 612
4128,Connecticut St&25TH St SE-NS/BB,37.752287,Galileo High School,-122.396482,0 days 00:40:54.857142857,19,Census Tract 9809
4128,Connecticut St&25TH St SE-NS/BB,37.752287,Galileo High School,-122.396482,0 days 00:40:26,19,Census Tract 9809
4128,Connecticut St&25TH St SE-NS/BB,37.752287,Galileo High School,-122.396482,0 days 00:39:25.571428571,19,Census Tract 9809
4128,Connecticut St&25TH St SE-NS/BB,37.752287,Galileo High School,-122.396482,0 days 00:38:31.571428571,19,Census Tract 9809
4128,Connecticut St&25TH St SE-NS/BB,37.752287,Galileo High School,-122.396482,0 days 00:37:25.142857142,19,Census Tract 9809
3680,Avalon Ave&La Grande Ave SW-NS,37.72474,"Burton, Phillip And Sala Burton High School",-122.42422,0 days 00:05:35.583333333,54,Census Tract 260.02
3680,Avalon Ave&La Grande Ave SW-NS,37.72474,"Burton, Phillip And Sala Burton High School",-122.42422,0 days 00:05:53,54,Census Tract 260.02
4156,Cortland Ave&Mission St E-NS/BZ,37.74101,Gateway High School / Kipp Sf Bay Academy,-122.42267,0 days 00:24:44.437500,24,Census Tract 253
4156,Cortland Ave&Mission St E-NS/BZ,37.74101,Gateway High School / Kipp Sf Bay Academy,-122.42267,0 days 00:26:48.750000,24,Census Tract 253
4156,Cortland Ave&Mission St E-NS/BZ,37.74101,Gateway High School / Kipp Sf Bay Academy,-122.42267,0 days 00:27:55.687500,24,Census Tract 253
4413,Divisadero St&Clay St NW-NS/BZ,37.78997,Gateway High School / Kipp Sf Bay Academy,-122.44089,0 days 00:05:26.727272727,24,Census Tract 134.02
4413,Divisadero St&Clay St NW-NS/BZ,37.78997,Gateway High School / Kipp Sf Bay Academy,-122.44089,0 days 00:03:44.727272727,24,Census Tract 134.02
4413,Divisadero St&Clay St NW-NS/BZ,37.78997,Gateway High School / Kipp Sf Bay Academy,-122.44089,0 days 00:02:27.391304347,24,Census Tract 134.02
5348,Mansell St&John Shelley --1 Dr SE-FS/PS,37.71862,"Burton, Phillip And Sala Burton High School",-122.418255,0 days 00:03:32.045454545,29,Census Tract 9805.01
5348,Mansell St&John Shelley --1 Dr SE-FS/PS,37.71862,"Burton, Phillip And Sala Burton High School",-122.418255,0 days 00:02:09,29,Census Tract 9805.01
5348,Mansell St&John Shelley --1 Dr SE-FS/PS,37.71862,"Burton, Phillip And Sala Burton High School",-122.418255,0 days 00:03:18.500000,29,Census Tract 9805.01
5348,Mansell St&John Shelley --1 Dr SE-FS/PS,37.71862,"Burton, Phillip And Sala Burton High School",-122.418255,0 days 00:02:36.409090909,29,Census Tract 9805.01
5348,Mansell St&John Shelley --1 Dr SE-FS/PS,37.71862,"Burton, Phillip And Sala Burton High School",-122.418255,0 days 00:03:04.727272727,29,Census Tract 9805.01
3283,16th St&Church St NE-NS/BZ,37.764579,Gateway High School / Kipp Sf Bay Academy,-122.428523,0 days 00:13:45.593750,22,Census Tract 203
3283,16th St&Church St NE-NS/BZ,37.764579,Gateway High School / Kipp Sf Bay Academy,-122.428523,0 days 00:12:40.468750,22,Census Tract 203
4621,Fillmore St&Hayes St NE-FS/BZ,37.776106,Gateway High School / Kipp Sf Bay Academy,-122.431197,0 days 00:06:03.342857142,22,Census Tract 163
4621,Fillmore St&Hayes St NE-FS/BZ,37.776106,Gateway High School / Kipp Sf Bay Academy,-122.431197,0 days 00:04:58.571428571,22,Census Tract 163
6249,Revere Ave&3rd St S-FS,37.7322,"Burton, Phillip And Sala Burton High School",-122.39123,0 days 00:15:35.090909090,54,Census Tract 232
6249,Revere Ave&3rd St S-FS,37.7322,"Burton, Phillip And Sala Burton High School",-122.39123,0 days 00:15:18.454545454,54,Census Tract 232
3597,46th Ave&Santiago St SE-NS/SB,37.743567,"Washington, George Washington High School",-122.504662,0 days 00:17:15,18,Census Tract 354
3597,46th Ave&Santiago St SE-NS/SB,37.743567,"Washington, George Washington High School",-122.504662,0 days 00:18:22,18,Census Tract 354
3597,46th Ave&Santiago St SE-NS/SB,37.743567,"Washington, George Washington High School",-122.504662,0 days 00:17:40,18,Census Tract 354
3597,46th Ave&Santiago St SE-NS/SB,37.743567,"Washington, George Washington High School",-122.504662,0 days 00:19:16,18,Census Tract 354
7981,Moscow St&France Ave E-NS/PS,37.716481,"Burton, Phillip And Sala Burton High School",-122.43114,0 days 00:10:17.083333333,54,Census Tract 263.02
7981,Moscow St&France Ave E-NS/PS,37.716481,"Burton, Phillip And Sala Burton High School",-122.43114,0 days 00:10:34.500000,54,Census Tract 263.02
3039,Balboa St&10TH Ave SW-NS/PS,37.776967,Gateway High School / Kipp Sf Bay Academy,-122.468388,0 days 00:10:40.333333333,31,Census Tract 452.01
3039,Balboa St&10TH Ave SW-NS/PS,37.776967,Gateway High School / Kipp Sf Bay Academy,-122.468388,0 days 00:11:51.833333333,31,Census Tract 452.01
3039,Balboa St&10TH Ave SW-NS/PS,37.776967,Gateway High School / Kipp Sf Bay Academy,-122.468388,0 days 00:11:13.333333333,31,Census Tract 452.01
4207,Crespi Dr&Varela Ave NE-NS/SB,37.7201,"Burton, Phillip And Sala Burton High School",-122.47594,0 days 00:23:09.111111111,29,Census Tract 332.04
4207,Crespi Dr&Varela Ave NE-NS/SB,37.7201,"Burton, Phillip And Sala Burton High School",-122.47594,0 days 00:21:45.166666666,29,Census Tract 332.04
4207,Crespi Dr&Varela Ave NE-NS/SB,37.7201,"Burton, Phillip And Sala Burton High School",-122.47594,0 days 00:22:55.444444444,29,Census Tract 332.04
4207,Crespi Dr&Varela Ave NE-NS/SB,37.7201,"Burton, Phillip And Sala Burton High School",-122.47594,0 days 00:22:12.888888888,29,Census Tract 332.04
4207,Crespi Dr&Varela Ave NE-NS/SB,37.7201,"Burton, Phillip And Sala Burton High School",-122.47594,0 days 00:22:41.500000,29,Census Tract 332.04
4846,Larkin St&Eddy St SE-NS/BZ,37.783228,Galileo High School,-122.417415,0 days 00:14:51,19,Census Tract 124.03
4846,Larkin St&Eddy St SE-NS/BZ,37.783228,Galileo High School,-122.417415,0 days 00:14:23.181818181,19,Census Tract 124.03
4846,Larkin St&Eddy St SE-NS/BZ,37.783228,Galileo High School,-122.417415,0 days 00:13:25.272727272,19,Census Tract 124.03
4846,Larkin St&Eddy St SE-NS/BZ,37.783228,Galileo High School,-122.417415,0 days 00:12:33.454545454,19,Census Tract 124.03
4846,Larkin St&Eddy St SE-NS/BZ,37.783228,Galileo High School,-122.417415,0 days 00:11:29.727272727,19,Census Tract 124.03
6711,Turk St&Baker St SW-NS/PS,37.779163,Gateway High School / Kipp Sf Bay Academy,-122.442151,0 days 00:01:49.400000,31,Census Tract 157.02
6711,Turk St&Baker St SW-NS/PS,37.779163,Gateway High School / Kipp Sf Bay Academy,-122.442151,0 days 00:02:59.600000,31,Census Tract 157.02
6711,Turk St&Baker St SW-NS/PS,37.779163,Gateway High School / Kipp Sf Bay Academy,-122.442151,0 days 00:02:21.800000,31,Census Tract 157.02
4341,Daly City BART Station W-FS/SB,37.705964,"Lincoln, Abraham Lincoln High School",-122.469023,0 days 00:15:38.111111111,28,
4341,Daly City BART Station W-FS/SB,37.705964,Galileo High School,-122.469023,0 days 00:48:53,28,
4341,Daly City BART Station W-FS/SB,37.705964,Galileo High School,-122.469023,0 days 00:48:01.666666666,28,
4341,Daly City BART Station W-FS/SB,37.705964,Galileo High School,-122.469023,0 days 00:46:23.777777777,28,
4341,Daly City BART Station W-FS/SB,37.705964,Galileo High School,-122.469023,0 days 00:47:13.333333333,28,
5948,Park Presidio&California SW-FS/SB,37.7841,"Lincoln, Abraham Lincoln High School",-122.47274,0 days 00:11:23.937500,28,Census Tract 426.02
3567,43rd Ave&Clement St SW-FS/SB,37.781007,"Washington, George Washington High School",-122.504232,0 days 00:04:26.769230769,38,Census Tract 479.02
3567,43rd Ave&Clement St SW-FS/SB,37.781007,"Washington, George Washington High School",-122.504232,0 days 00:03:39.923076923,38,Census Tract 479.02
3567,43rd Ave&Clement St SW-FS/SB,37.781007,"Washington, George Washington High School",-122.504232,0 days 00:03:06.461538461,38,Census Tract 479.02
3567,43rd Ave&Clement St SW-FS/SB,37.781007,"Washington, George Washington High School",-122.504232,0 days 00:02:30,38,Census Tract 479.02
3567,43rd Ave&Clement St SW-FS/SB,37.781007,Gateway High School / Kipp Sf Bay Academy,-122.504232,0 days 00:22:53.900000,38,Census Tract 479.02
3567,43rd Ave&Clement St SW-FS/SB,37.781007,Gateway High School / Kipp Sf Bay Academy,-122.504232,0 days 00:23:41.700000,38,Census Tract 479.02
6591,Sutter St&Fillmore St NE-NS/BZ,37.786158,Gateway High School / Kipp Sf Bay Academy,-122.433151,0 days 00:02:36.363636363,2,Census Tract 152.02
6591,Sutter St&Fillmore St NE-NS/BZ,37.786158,Gateway High School / Kipp Sf Bay Academy,-122.433151,0 days 00:02:00,2,Census Tract 152.02
6591,Sutter St&Fillmore St NE-NS/BZ,37.786158,Gateway High School / Kipp Sf Bay Academy,-122.433151,0 days 00:00:40,2,Census Tract 152.02
5342,Mansell St&Goettingen St W-FS/PS,37.720766,"Burton, Phillip And Sala Burton High School",-122.404338,0 days 00:01:14.956521739,29,Census Tract 259
5342,Mansell St&Goettingen St W-FS/PS,37.720766,"Burton, Phillip And Sala Burton High School",-122.404338,0 days 00:00:42.217391304,29,Census Tract 259
5342,Mansell St&Goettingen St W-FS/PS,37.720766,"Burton, Phillip And Sala Burton High School",-122.404338,0 days 00:00:12.913043478,29,Census Tract 259
6727,Turk St&Parker Ave NE-NS/BZ,37.777905,"Washington, George Washington High School",-122.453281,0 days 00:09:19.357142857,31,Census Tract 157.01
6727,Turk St&Parker Ave NE-NS/BZ,37.777905,"Washington, George Washington High School",-122.453281,0 days 00:09:57.571428571,31,Census Tract 157.01
6727,Turk St&Parker Ave NE-NS/BZ,37.777905,"Washington, George Washington High School",-122.453281,0 days 00:10:27.571428571,31,Census Tract 157.01
6727,Turk St&Parker Ave NE-NS/BZ,37.777905,"Washington, George Washington High School",-122.453281,0 days 00:11:11.642857142,31,Census Tract 157.01
3191,7th St&Brannan St N-FS/BB,37.773266,Galileo High School,-122.403367,0 days 00:26:11.600000,19,Census Tract 180
3191,7th St&Brannan St N-FS/BB,37.773266,Galileo High School,-122.403367,0 days 00:25:43.800000,19,Census Tract 180
3191,7th St&Brannan St N-FS/BB,37.773266,Galileo High School,-122.403367,0 days 00:24:45.800000,19,Census Tract 180
3191,7th St&Brannan St N-FS/BB,37.773266,Galileo High School,-122.403367,0 days 00:23:53.900000,19,Census Tract 180
3191,7th St&Brannan St N-FS/BB,37.773266,Galileo High School,-122.403367,0 days 00:22:50.100000,19,Census Tract 180
6712,Turk St&Broderick St NE-NS/BZ,37.779511,"Washington, George Washington High School",-122.440295,0 days 00:13:18.272727272,31,Census Tract 158.01
6712,Turk St&Broderick St NE-NS/BZ,37.779511,"Washington, George Washington High School",-122.440295,0 days 00:13:56.272727272,31,Census Tract 158.01
6712,Turk St&Broderick St NE-NS/BZ,37.779511,"Washington, George Washington High School",-122.440295,0 days 00:14:26.090909090,31,Census Tract 158.01
6712,Turk St&Broderick St NE-NS/BZ,37.779511,"Washington, George Washington High School",-122.440295,0 days 00:15:09.909090909,31,Census Tract 158.01
5099,Innes Ave&Arelious Walker St E-NS/PS,37.730941,Galileo High School,-122.37376,0 days 00:51:04.857142857,19,Census Tract 231.03
5099,Innes Ave&Arelious Walker St E-NS/PS,37.730941,Galileo High School,-122.37376,0 days 00:50:36,19,Census Tract 231.03
5099,Innes Ave&Arelious Walker St E-NS/PS,37.730941,Galileo High School,-122.37376,0 days 00:49:35.571428571,19,Census Tract 231.03
5099,Innes Ave&Arelious Walker St E-NS/PS,37.730941,Galileo High School,-122.37376,0 days 00:48:41.571428571,19,Census Tract 231.03
5099,Innes Ave&Arelious Walker St E-NS/PS,37.730941,Galileo High School,-122.37376,0 days 00:47:35.142857142,19,Census Tract 231.03
4302,Geary St&Larkin St NW-FS/BZ,37.786137,Galileo High School,-122.41825,0 days 00:12:45.769230769,19,Census Tract 122.02
4302,Geary St&Larkin St NW-FS/BZ,37.786137,"Washington, George Washington High School",-122.41825,0 days 00:33:39.800000,38,Census Tract 122.02
4302,Geary St&Larkin St NW-FS/BZ,37.786137,"Washington, George Washington High School",-122.41825,0 days 00:34:20.600000,38,Census Tract 122.02
4302,Geary St&Larkin St NW-FS/BZ,37.786137,"Washington, George Washington High School",-122.41825,0 days 00:33:02.600000,38,Census Tract 122.02
4302,Geary St&Larkin St NW-FS/BZ,37.786137,"Washington, George Washington High School",-122.41825,0 days 00:31:10.400000,38,Census Tract 122.02
4302,Geary St&Larkin St NW-FS/BZ,37.786137,"Washington, George Washington High School",-122.41825,0 days 00:32:04.666666666,38,Census Tract 122.02
4302,Geary St&Larkin St NW-FS/BZ,37.786137,"Washington, George Washington High School",-122.41825,0 days 00:35:38.600000,38,Census Tract 122.02
4302,Geary St&Larkin St NW-FS/BZ,37.786137,"Washington, George Washington High School",-122.41825,0 days 00:33:25,38,Census Tract 122.02
4302,Geary St&Larkin St NW-FS/BZ,37.786137,Gateway High School / Kipp Sf Bay Academy,-122.41825,0 days 00:10:15.090909090,38,Census Tract 122.02
4302,Geary St&Larkin St NW-FS/BZ,37.786137,Gateway High School / Kipp Sf Bay Academy,-122.41825,0 days 00:07:13.363636363,38,Census Tract 122.02
4302,Geary St&Larkin St NW-FS/BZ,37.786137,Gateway High School / Kipp Sf Bay Academy,-122.41825,0 days 00:09:27.272727272,38,Census Tract 122.02
4302,Geary St&Larkin St NW-FS/BZ,37.786137,Galileo High School,-122.41825,0 days 00:12:18.538461538,19,Census Tract 122.02
4302,Geary St&Larkin St NW-FS/BZ,37.786137,Galileo High School,-122.41825,0 days 00:11:21.846153846,19,Census Tract 122.02
4302,Geary St&Larkin St NW-FS/BZ,37.786137,Galileo High School,-122.41825,0 days 00:10:31.076923076,19,Census Tract 122.02
4302,Geary St&Larkin St NW-FS/BZ,37.786137,Galileo High School,-122.41825,0 days 00:09:28.692307692,19,Census Tract 122.02
3520,26th St&Noe St NW-FS/SB,37.74827,Gateway High School / Kipp Sf Bay Academy,-122.43177,0 days 00:17:29.176470588,24,Census Tract 214
3520,26th St&Noe St NW-FS/SB,37.74827,Gateway High School / Kipp Sf Bay Academy,-122.43177,0 days 00:19:33.058823529,24,Census Tract 214
3520,26th St&Noe St NW-FS/SB,37.74827,Gateway High School / Kipp Sf Bay Academy,-122.43177,0 days 00:20:39.764705882,24,Census Tract 214
4555,Evans Ave&Newhall St E-NS/SB,37.741949,Galileo High School,-122.386408,0 days 00:46:20.571428571,19,Census Tract 9809
4555,Evans Ave&Newhall St E-NS/SB,37.741949,Galileo High School,-122.386408,0 days 00:45:51.714285714,19,Census Tract 9809
4555,Evans Ave&Newhall St E-NS/SB,37.741949,Galileo High School,-122.386408,0 days 00:44:51.285714285,19,Census Tract 9809
4555,Evans Ave&Newhall St E-NS/SB,37.741949,Galileo High School,-122.386408,0 days 00:43:57.285714285,19,Census Tract 9809
4555,Evans Ave&Newhall St E-NS/SB,37.741949,Galileo High School,-122.386408,0 days 00:42:50.857142857,19,Census Tract 9809
5735,Noe St&28th St SE-NS/PS,37.74493,Gateway High School / Kipp Sf Bay Academy,-122.43117,0 days 00:19:08.294117647,24,Census Tract 215
5735,Noe St&28th St SE-NS/PS,37.74493,Gateway High School / Kipp Sf Bay Academy,-122.43117,0 days 00:21:12.176470588,24,Census Tract 215
5735,Noe St&28th St SE-NS/PS,37.74493,Gateway High School / Kipp Sf Bay Academy,-122.43117,0 days 00:22:18.882352941,24,Census Tract 215
4636,Fillmore St&Pine St SW-FS/BZ,37.787717,Gateway High School / Kipp Sf Bay Academy,-122.433655,0 days 00:02:09.133333333,22,Census Tract 152.02
4636,Fillmore St&Pine St SW-FS/BZ,37.787717,Gateway High School / Kipp Sf Bay Academy,-122.433655,0 days 00:02:43.933333333,22,Census Tract 152.02
4610,Fillmore St&Cervantes Blvd NW-NS,37.802817,Gateway High School / Kipp Sf Bay Academy,-122.436806,0 days 00:11:29.111111111,22,Census Tract 126.02
4610,Fillmore St&Cervantes Blvd NW-NS,37.802817,Gateway High School / Kipp Sf Bay Academy,-122.436806,0 days 00:12:04.148148148,22,Census Tract 126.02
5613,Mission St&Richland Ave SE-NS/BZ,37.73591,Galileo High School,-122.42442,0 days 00:35:17.818181818,49,Census Tract 254.03
5613,Mission St&Richland Ave SE-NS/BZ,37.73591,Galileo High School,-122.42442,0 days 00:35:51.600000,49,Census Tract 254.03
5613,Mission St&Richland Ave SE-NS/BZ,37.73591,Galileo High School,-122.42442,0 days 00:36:15.600000,49,Census Tract 254.03
4149,Cortland Ave&Elsie St N-FS/BZ,37.73992,Gateway High School / Kipp Sf Bay Academy,-122.41997,0 days 00:25:51.437500,24,Census Tract 253
4149,Cortland Ave&Elsie St N-FS/BZ,37.73992,Gateway High School / Kipp Sf Bay Academy,-122.41997,0 days 00:27:55.750000,24,Census Tract 253
4149,Cortland Ave&Elsie St N-FS/BZ,37.73992,Gateway High School / Kipp Sf Bay Academy,-122.41997,0 days 00:29:02.687500,24,Census Tract 253
6520,Stockton St&Pacific Ave E-MB/BB,37.796306,Galileo High School,-122.408295,0 days 00:09:29.538461538,30,Census Tract 611.02
6520,Stockton St&Pacific Ave E-MB/BB,37.796306,Galileo High School,-122.408295,0 days 00:10:23.307692307,30,Census Tract 611.02
6520,Stockton St&Pacific Ave E-MB/BB,37.796306,Galileo High School,-122.408295,0 days 00:12:14.250000,30,Census Tract 611.02
6520,Stockton St&Pacific Ave E-MB/BB,37.796306,Galileo High School,-122.408295,0 days 00:11:10.846153846,30,Census Tract 611.02
6520,Stockton St&Pacific Ave E-MB/BB,37.796306,Galileo High School,-122.408295,0 days 00:13:34.500000,30,Census Tract 611.02
5354,Mansell St&Visitacion Ave E-FS/PS,37.71877,"Burton, Phillip And Sala Burton High School",-122.41136,0 days 00:01:55.681818181,29,Census Tract 9805.01
5354,Mansell St&Visitacion Ave E-FS/PS,37.71877,"Burton, Phillip And Sala Burton High School",-122.41136,0 days 00:02:37,56,Census Tract 9805.01
5354,Mansell St&Visitacion Ave E-FS/PS,37.71877,"Burton, Phillip And Sala Burton High School",-122.41136,0 days 00:00:32.636363636,29,Census Tract 9805.01
5354,Mansell St&Visitacion Ave E-FS/PS,37.71877,"Burton, Phillip And Sala Burton High School",-122.41136,0 days 00:00:21,56,Census Tract 9805.01
5354,Mansell St&Visitacion Ave E-FS/PS,37.71877,"Burton, Phillip And Sala Burton High School",-122.41136,0 days 00:01:42.136363636,29,Census Tract 9805.01
5354,Mansell St&Visitacion Ave E-FS/PS,37.71877,"Burton, Phillip And Sala Burton High School",-122.41136,0 days 00:02:01,56,Census Tract 9805.01
5354,Mansell St&Visitacion Ave E-FS/PS,37.71877,"Burton, Phillip And Sala Burton High School",-122.41136,0 days 00:01:00.045454545,29,Census Tract 9805.01
5354,Mansell St&Visitacion Ave E-FS/PS,37.71877,"Burton, Phillip And Sala Burton High School",-122.41136,0 days 00:00:39,56,Census Tract 9805.01
5354,Mansell St&Visitacion Ave E-FS/PS,37.71877,"Burton, Phillip And Sala Burton High School",-122.41136,0 days 00:01:28.363636363,29,Census Tract 9805.01
5354,Mansell St&Visitacion Ave E-FS/PS,37.71877,"Burton, Phillip And Sala Burton High School",-122.41136,0 days 00:00:57,56,Census Tract 9805.01
5354,Mansell St&Visitacion Ave E-FS/PS,37.71877,"Burton, Phillip And Sala Burton High School",-122.41136,0 days 00:01:25,56,Census Tract 9805.01
6153,Quintara St&29th Ave SW-NS/PS,37.74812,"Lincoln, Abraham Lincoln High School",-122.48692,0 days 00:02:19,48,Census Tract 329.01
6153,Quintara St&29th Ave SW-NS/PS,37.74812,"Lincoln, Abraham Lincoln High School",-122.48692,0 days 00:01:46,66,Census Tract 329.01
6153,Quintara St&29th Ave SW-NS/PS,37.74812,"Lincoln, Abraham Lincoln High School",-122.48692,0 days 00:01:39,48,Census Tract 329.01
6153,Quintara St&29th Ave SW-NS/PS,37.74812,"Lincoln, Abraham Lincoln High School",-122.48692,0 days 00:01:15.333333333,66,Census Tract 329.01
6153,Quintara St&29th Ave SW-NS/PS,37.74812,"Lincoln, Abraham Lincoln High School",-122.48692,0 days 00:01:04,48,Census Tract 329.01
6153,Quintara St&29th Ave SW-NS/PS,37.74812,"Lincoln, Abraham Lincoln High School",-122.48692,0 days 00:00:48.333333333,66,Census Tract 329.01
3059,Balboa St&34TH Ave SW-NS/SB,37.775791,"Washington, George Washington High School",-122.494199,0 days 00:01:53,31,Census Tract 478.01
3059,Balboa St&34TH Ave SW-NS/SB,37.775791,"Washington, George Washington High School",-122.494199,0 days 00:01:15.333333333,31,Census Tract 478.01
3059,Balboa St&34TH Ave SW-NS/SB,37.775791,"Washington, George Washington High School",-122.494199,0 days 00:00:37.666666666,31,Census Tract 478.01
3059,Balboa St&34TH Ave SW-NS/SB,37.775791,"Washington, George Washington High School",-122.494199,0 days 00:01:07,18,Census Tract 478.01
3059,Balboa St&34TH Ave SW-NS/SB,37.775791,"Washington, George Washington High School",-122.494199,0 days 00:00:25,18,Census Tract 478.01
3059,Balboa St&34TH Ave SW-NS/SB,37.775791,"Washington, George Washington High School",-122.494199,0 days 00:02:01,18,Census Tract 478.01
3059,Balboa St&34TH Ave SW-NS/SB,37.775791,Gateway High School / Kipp Sf Bay Academy,-122.494199,0 days 00:18:16,31,Census Tract 478.01
3059,Balboa St&34TH Ave SW-NS/SB,37.775791,Gateway High School / Kipp Sf Bay Academy,-122.494199,0 days 00:19:27.500000,31,Census Tract 478.01
3059,Balboa St&34TH Ave SW-NS/SB,37.775791,Gateway High School / Kipp Sf Bay Academy,-122.494199,0 days 00:18:49,31,Census Tract 478.01
3884,California St&Pierce St NW-FS/BZ,37.788518,"Washington, George Washington High School",-122.437484,0 days 00:19:09.571428571,1,Census Tract 134.01
3884,California St&Pierce St NW-FS/BZ,37.788518,"Washington, George Washington High School",-122.437484,0 days 00:19:35.285714285,1,Census Tract 134.01
4548,Evans Ave&Marin St E-MB/SB,37.748619,Galileo High School,-122.396703,0 days 00:42:40.857142857,19,Census Tract 9809
4548,Evans Ave&Marin St E-MB/SB,37.748619,Galileo High School,-122.396703,0 days 00:42:12,19,Census Tract 9809
4548,Evans Ave&Marin St E-MB/SB,37.748619,Galileo High School,-122.396703,0 days 00:41:11.571428571,19,Census Tract 9809
4548,Evans Ave&Marin St E-MB/SB,37.748619,Galileo High School,-122.396703,0 days 00:40:17.571428571,19,Census Tract 9809
4548,Evans Ave&Marin St E-MB/SB,37.748619,Galileo High School,-122.396703,0 days 00:39:11.142857142,19,Census Tract 9809
6304,Sacramento St&Leavenworth St NE-NS,37.79221,"Washington, George Washington High School",-122.41587,0 days 00:28:43.722222222,1,Census Tract 112
6304,Sacramento St&Leavenworth St NE-NS,37.79221,"Washington, George Washington High School",-122.41587,0 days 00:29:09.777777777,1,Census Tract 112
6160,Quintara St&36th Ave SW-NS,37.747765,"Lincoln, Abraham Lincoln High School",-122.494399,0 days 00:04:38,48,Census Tract 329.01
6160,Quintara St&36th Ave SW-NS,37.747765,"Lincoln, Abraham Lincoln High School",-122.494399,0 days 00:03:58,48,Census Tract 329.01
6160,Quintara St&36th Ave SW-NS,37.747765,"Lincoln, Abraham Lincoln High School",-122.494399,0 days 00:03:23,48,Census Tract 329.01
6611,Sutter St&Stockton St NW-FS/BZ,37.78948,Gateway High School / Kipp Sf Bay Academy,-122.407026,0 days 00:13:47.090909090,2,Census Tract 117
6611,Sutter St&Stockton St NW-FS/BZ,37.78948,Gateway High School / Kipp Sf Bay Academy,-122.407026,0 days 00:13:29,2,Census Tract 117
6611,Sutter St&Stockton St NW-FS/BZ,37.78948,Gateway High School / Kipp Sf Bay Academy,-122.407026,0 days 00:12:09,2,Census Tract 117
5321,Lincoln Way&33rd Ave NW-FS/BZ,37.764844,"Burton, Phillip And Sala Burton High School",-122.492565,0 days 00:41:51.090909090,29,Census Tract 9803
5321,Lincoln Way&33rd Ave NW-FS/BZ,37.764844,"Burton, Phillip And Sala Burton High School",-122.492565,0 days 00:40:25.272727272,29,Census Tract 9803
5321,Lincoln Way&33rd Ave NW-FS/BZ,37.764844,"Burton, Phillip And Sala Burton High School",-122.492565,0 days 00:41:37.181818181,29,Census Tract 9803
5321,Lincoln Way&33rd Ave NW-FS/BZ,37.764844,"Burton, Phillip And Sala Burton High School",-122.492565,0 days 00:40:53.545454545,29,Census Tract 9803
5321,Lincoln Way&33rd Ave NW-FS/BZ,37.764844,"Burton, Phillip And Sala Burton High School",-122.492565,0 days 00:41:22.818181818,29,Census Tract 9803
3460,24th St&Church St NE-NS/BB,37.751778,"Lincoln, Abraham Lincoln High School",-122.427327,0 days 00:19:51.076923076,48,Census Tract 211
3460,24th St&Church St NE-NS/BB,37.751778,"Lincoln, Abraham Lincoln High School",-122.427327,0 days 00:20:30.846153846,48,Census Tract 211
3460,24th St&Church St NE-NS/BB,37.751778,"Lincoln, Abraham Lincoln High School",-122.427327,0 days 00:21:10.615384615,48,Census Tract 211
5490,Newcomb Ave&Newhall St E-NS/SB,37.736304,Gateway High School / Kipp Sf Bay Academy,-122.391522,0 days 00:38:29.384615384,24,Census Tract 612
5490,Newcomb Ave&Newhall St E-NS/SB,37.736304,Gateway High School / Kipp Sf Bay Academy,-122.391522,0 days 00:40:35.384615384,24,Census Tract 612
5490,Newcomb Ave&Newhall St E-NS/SB,37.736304,Gateway High School / Kipp Sf Bay Academy,-122.391522,0 days 00:41:43.230769230,24,Census Tract 612
4265,Geary Blvd&20TH Ave NW-FS/BZ,37.780355,"Washington, George Washington High School",-122.479599,0 days 00:06:26.714285714,38,Census Tract 477.01
4265,Geary Blvd&20TH Ave NW-FS/BZ,37.780355,"Washington, George Washington High School",-122.479599,0 days 00:07:10.142857142,38,Census Tract 477.01
4265,Geary Blvd&20TH Ave NW-FS/BZ,37.780355,"Washington, George Washington High School",-122.479599,0 days 00:05:47,38,Census Tract 477.01
4265,Geary Blvd&20TH Ave NW-FS/BZ,37.780355,"Washington, George Washington High School",-122.479599,0 days 00:03:27.800000,38,Census Tract 477.01
4265,Geary Blvd&20TH Ave NW-FS/BZ,37.780355,"Washington, George Washington High School",-122.479599,0 days 00:04:21.500000,38,Census Tract 477.01
4265,Geary Blvd&20TH Ave NW-FS/BZ,37.780355,"Washington, George Washington High School",-122.479599,0 days 00:08:29.857142857,38,Census Tract 477.01
4265,Geary Blvd&20TH Ave NW-FS/BZ,37.780355,"Washington, George Washington High School",-122.479599,0 days 00:05:53.363636363,38,Census Tract 477.01
4265,Geary Blvd&20TH Ave NW-FS/BZ,37.780355,"Washington, George Washington High School",-122.479599,0 days 00:04:32.344827586,38R,Census Tract 477.01
5134,Junipero Serra Blvd&Brotherhd NE-FS,37.71355,"Lincoln, Abraham Lincoln High School",-122.47126,0 days 00:12:42.666666666,28,Census Tract 313.02
5134,Junipero Serra Blvd&Brotherhd NE-FS,37.71355,Galileo High School,-122.47126,0 days 00:45:59.444444444,28,Census Tract 313.02
5134,Junipero Serra Blvd&Brotherhd NE-FS,37.71355,Galileo High School,-122.47126,0 days 00:45:08.111111111,28,Census Tract 313.02
5134,Junipero Serra Blvd&Brotherhd NE-FS,37.71355,Galileo High School,-122.47126,0 days 00:43:30.222222222,28,Census Tract 313.02
5134,Junipero Serra Blvd&Brotherhd NE-FS,37.71355,Galileo High School,-122.47126,0 days 00:44:19.777777777,28,Census Tract 313.02
4760,Geary Blvd&Scott St NE-MB/BB,37.783847,"Washington, George Washington High School",-122.437761,0 days 00:24:09,38,Census Tract 155
4760,Geary Blvd&Scott St NE-MB/BB,37.783847,"Washington, George Washington High School",-122.437761,0 days 00:24:51.333333333,38,Census Tract 155
4760,Geary Blvd&Scott St NE-MB/BB,37.783847,"Washington, George Washington High School",-122.437761,0 days 00:23:30.333333333,38,Census Tract 155
4760,Geary Blvd&Scott St NE-MB/BB,37.783847,"Washington, George Washington High School",-122.437761,0 days 00:21:46.888888888,38,Census Tract 155
4760,Geary Blvd&Scott St NE-MB/BB,37.783847,"Washington, George Washington High School",-122.437761,0 days 00:22:41,38,Census Tract 155
4760,Geary Blvd&Scott St NE-MB/BB,37.783847,"Washington, George Washington High School",-122.437761,0 days 00:26:10.333333333,38,Census Tract 155
4760,Geary Blvd&Scott St NE-MB/BB,37.783847,"Washington, George Washington High School",-122.437761,0 days 00:24:21,38,Census Tract 155
4760,Geary Blvd&Scott St NE-MB/BB,37.783847,Gateway High School / Kipp Sf Bay Academy,-122.437761,0 days 00:00:47.920000,38,Census Tract 155
4912,Grafton Ave&Jules Ave SW-NS/PS,37.719952,"Burton, Phillip And Sala Burton High School",-122.461329,0 days 00:17:03.777777777,29,Census Tract 312.01
4912,Grafton Ave&Jules Ave SW-NS/PS,37.719952,"Burton, Phillip And Sala Burton High School",-122.461329,0 days 00:15:39.833333333,29,Census Tract 312.01
4912,Grafton Ave&Jules Ave SW-NS/PS,37.719952,"Burton, Phillip And Sala Burton High School",-122.461329,0 days 00:16:50.111111111,29,Census Tract 312.01
4912,Grafton Ave&Jules Ave SW-NS/PS,37.719952,"Burton, Phillip And Sala Burton High School",-122.461329,0 days 00:16:07.555555555,29,Census Tract 312.01
4912,Grafton Ave&Jules Ave SW-NS/PS,37.719952,"Burton, Phillip And Sala Burton High School",-122.461329,0 days 00:16:36.166666666,29,Census Tract 312.01
4891,Geneva Ave&Naples St S-FS/BZ,37.714028,"Burton, Phillip And Sala Burton High School",-122.435961,0 days 00:12:22,54,Census Tract 263.02
4891,Geneva Ave&Naples St S-FS/BZ,37.714028,"Burton, Phillip And Sala Burton High School",-122.435961,0 days 00:12:39.363636363,54,Census Tract 263.02
4860,Lawton St&Lomita Ave NE-NS/SB,37.75913,"Lincoln, Abraham Lincoln High School",-122.47227,0 days 00:04:54.666666666,66,Census Tract 303.01
4860,Lawton St&Lomita Ave NE-NS/SB,37.75913,"Lincoln, Abraham Lincoln High School",-122.47227,0 days 00:05:22.555555555,66,Census Tract 303.01
4860,Lawton St&Lomita Ave NE-NS/SB,37.75913,"Lincoln, Abraham Lincoln High School",-122.47227,0 days 00:05:46,66,Census Tract 303.01
4883,Geneva Ave&Madrid St S-FS/BZ,37.714768,"Burton, Phillip And Sala Burton High School",-122.437587,0 days 00:12:53.727272727,54,Census Tract 263.01
4883,Geneva Ave&Madrid St S-FS/BZ,37.714768,"Burton, Phillip And Sala Burton High School",-122.437587,0 days 00:13:11.090909090,54,Census Tract 263.01
3553,33rd Ave&Balboa St NE-FS/SB,37.776032,"Washington, George Washington High School",-122.492973,0 days 00:00:42,18,Census Tract 478.01
3553,33rd Ave&Balboa St NE-FS/SB,37.776032,"Washington, George Washington High School",-122.492973,0 days 00:01:36,18,Census Tract 478.01
6123,Portola Dr&Woodside Ave W-FS,37.74533,"Lincoln, Abraham Lincoln High School",-122.45238,0 days 00:11:34.625000,48,Census Tract 306
6123,Portola Dr&Woodside Ave W-FS,37.74533,"Lincoln, Abraham Lincoln High School",-122.45238,0 days 00:12:13.875000,48,Census Tract 306
6123,Portola Dr&Woodside Ave W-FS,37.74533,"Lincoln, Abraham Lincoln High School",-122.45238,0 days 00:12:53.125000,48,Census Tract 306
5689,Market St&Sansome St W-FS/BZ,37.790013,"Washington, George Washington High School",-122.400491,0 days 00:43:29.200000,38,Census Tract 615.01
5689,Market St&Sansome St W-FS/BZ,37.790013,"Washington, George Washington High School",-122.400491,0 days 00:44:10,38,Census Tract 615.01
5689,Market St&Sansome St W-FS/BZ,37.790013,"Washington, George Washington High School",-122.400491,0 days 00:42:52,38,Census Tract 615.01
5689,Market St&Sansome St W-FS/BZ,37.790013,"Washington, George Washington High School",-122.400491,0 days 00:41:30.142857142,38,Census Tract 615.01
5689,Market St&Sansome St W-FS/BZ,37.790013,"Washington, George Washington High School",-122.400491,0 days 00:42:24.714285714,38,Census Tract 615.01
5689,Market St&Sansome St W-FS/BZ,37.790013,"Washington, George Washington High School",-122.400491,0 days 00:45:28,38,Census Tract 615.01
5689,Market St&Sansome St W-FS/BZ,37.790013,"Washington, George Washington High School",-122.400491,0 days 00:43:57.142857142,38,Census Tract 615.01
5689,Market St&Sansome St W-FS/BZ,37.790013,"Washington, George Washington High School",-122.400491,0 days 00:34:21.052631578,38R,Census Tract 615.01
5689,Market St&Sansome St W-FS/BZ,37.790013,Gateway High School / Kipp Sf Bay Academy,-122.400491,0 days 00:20:26.047619047,38,Census Tract 615.01
5689,Market St&Sansome St W-FS/BZ,37.790013,Gateway High School / Kipp Sf Bay Academy,-122.400491,0 days 00:15:54.416666666,38R,Census Tract 615.01
5689,Market St&Sansome St W-FS/BZ,37.790013,Gateway High School / Kipp Sf Bay Academy,-122.400491,0 days 00:17:23.619047619,38,Census Tract 615.01
5689,Market St&Sansome St W-FS/BZ,37.790013,Gateway High School / Kipp Sf Bay Academy,-122.400491,0 days 00:13:45.769230769,38R,Census Tract 615.01
5689,Market St&Sansome St W-FS/BZ,37.790013,Gateway High School / Kipp Sf Bay Academy,-122.400491,0 days 00:19:38.047619047,38,Census Tract 615.01
4411,Divisadero St&Chestnut St NW-NS/BZ,37.800087,Galileo High School,-122.442964,0 days 00:06:45.750000,30,Census Tract 127
4411,Divisadero St&Chestnut St NW-NS/BZ,37.800087,Galileo High School,-122.442964,0 days 00:10:13.200000,30,Census Tract 127
4411,Divisadero St&Chestnut St NW-NS/BZ,37.800087,Galileo High School,-122.442964,0 days 00:09:02.250000,30,Census Tract 127
4411,Divisadero St&Chestnut St NW-NS/BZ,37.800087,Galileo High School,-122.442964,0 days 00:08:22.500000,30,Census Tract 127
4411,Divisadero St&Chestnut St NW-NS/BZ,37.800087,Galileo High School,-122.442964,0 days 00:07:47.875000,30,Census Tract 127
4106,Columbus Ave&Francisco St N-FS/BZ,37.804517,Galileo High School,-122.416167,0 days 00:02:43.777777777,30,Census Tract 101.02
4106,Columbus Ave&Francisco St N-FS/BZ,37.804517,Galileo High School,-122.416167,0 days 00:03:37.370370370,30,Census Tract 101.02
4106,Columbus Ave&Francisco St N-FS/BZ,37.804517,Galileo High School,-122.416167,0 days 00:05:31.588235294,30,Census Tract 101.02
4106,Columbus Ave&Francisco St N-FS/BZ,37.804517,Galileo High School,-122.416167,0 days 00:04:24.703703703,30,Census Tract 101.02
4106,Columbus Ave&Francisco St N-FS/BZ,37.804517,Galileo High School,-122.416167,0 days 00:06:51.941176470,30,Census Tract 101.02
4255,Geary Blvd&3RD Ave NW-FS/BZ,37.781179,"Washington, George Washington High School",-122.461305,0 days 00:13:46.333333333,38,Census Tract 451
4255,Geary Blvd&3RD Ave NW-FS/BZ,37.781179,"Washington, George Washington High School",-122.461305,0 days 00:14:28.666666666,38,Census Tract 451
4255,Geary Blvd&3RD Ave NW-FS/BZ,37.781179,"Washington, George Washington High School",-122.461305,0 days 00:13:07.666666666,38,Census Tract 451
4255,Geary Blvd&3RD Ave NW-FS/BZ,37.781179,"Washington, George Washington High School",-122.461305,0 days 00:10:47.842105263,38,Census Tract 451
4255,Geary Blvd&3RD Ave NW-FS/BZ,37.781179,"Washington, George Washington High School",-122.461305,0 days 00:11:41.736842105,38,Census Tract 451
4255,Geary Blvd&3RD Ave NW-FS/BZ,37.781179,"Washington, George Washington High School",-122.461305,0 days 00:15:47.666666666,38,Census Tract 451
4255,Geary Blvd&3RD Ave NW-FS/BZ,37.781179,"Washington, George Washington High School",-122.461305,0 days 00:13:12.363636363,38,Census Tract 451
5915,Persia Ave&Moscow St W-NS,37.719702,"Burton, Phillip And Sala Burton High School",-122.428963,0 days 00:06:25.095238095,29,Census Tract 260.03
5915,Persia Ave&Moscow St W-NS,37.719702,"Burton, Phillip And Sala Burton High School",-122.428963,0 days 00:05:01.857142857,29,Census Tract 260.03
5915,Persia Ave&Moscow St W-NS,37.719702,"Burton, Phillip And Sala Burton High School",-122.428963,0 days 00:06:11.523809523,29,Census Tract 260.03
5915,Persia Ave&Moscow St W-NS,37.719702,"Burton, Phillip And Sala Burton High School",-122.428963,0 days 00:05:29.333333333,29,Census Tract 260.03
5915,Persia Ave&Moscow St W-NS,37.719702,"Burton, Phillip And Sala Burton High School",-122.428963,0 days 00:05:57.714285714,29,Census Tract 260.03
6952,Winston Dr&Buckingham Way E-NS/BZ,37.72806,"Washington, George Washington High School",-122.478488,0 days 00:27:41,18,Census Tract 332.01
6952,Winston Dr&Buckingham Way E-NS/BZ,37.72806,"Washington, George Washington High School",-122.478488,0 days 00:28:48,18,Census Tract 332.01
6952,Winston Dr&Buckingham Way E-NS/BZ,37.72806,"Washington, George Washington High School",-122.478488,0 days 00:28:06,18,Census Tract 332.01
6952,Winston Dr&Buckingham Way E-NS/BZ,37.72806,"Washington, George Washington High School",-122.478488,0 days 00:29:42,18,Census Tract 332.01
4285,Geary Blvd&42ND Ave SE-FS/BZ,37.779151,"Washington, George Washington High School",-122.502775,0 days 00:03:45.769230769,38,Census Tract 479.02
4285,Geary Blvd&42ND Ave SE-FS/BZ,37.779151,"Washington, George Washington High School",-122.502775,0 days 00:02:58.923076923,38,Census Tract 479.02
4285,Geary Blvd&42ND Ave SE-FS/BZ,37.779151,"Washington, George Washington High School",-122.502775,0 days 00:02:25.461538461,38,Census Tract 479.02
4285,Geary Blvd&42ND Ave SE-FS/BZ,37.779151,"Washington, George Washington High School",-122.502775,0 days 00:01:49,38,Census Tract 479.02
4285,Geary Blvd&42ND Ave SE-FS/BZ,37.779151,"Washington, George Washington High School",-122.502775,0 days 00:02:56,38R,Census Tract 479.02
4285,Geary Blvd&42ND Ave SE-FS/BZ,37.779151,Gateway High School / Kipp Sf Bay Academy,-122.502775,0 days 00:22:12.900000,38,Census Tract 479.02
4285,Geary Blvd&42ND Ave SE-FS/BZ,37.779151,Gateway High School / Kipp Sf Bay Academy,-122.502775,0 days 00:18:42.461538461,38R,Census Tract 479.02
4285,Geary Blvd&42ND Ave SE-FS/BZ,37.779151,Gateway High School / Kipp Sf Bay Academy,-122.502775,0 days 00:23:00.700000,38,Census Tract 479.02
3599,46th Ave&Taraval St SE-NS/PS,37.741685,"Washington, George Washington High School",-122.504534,0 days 00:17:56,18,Census Tract 354
3599,46th Ave&Taraval St SE-NS/PS,37.741685,"Washington, George Washington High School",-122.504534,0 days 00:19:03,18,Census Tract 354
3599,46th Ave&Taraval St SE-NS/PS,37.741685,"Washington, George Washington High School",-122.504534,0 days 00:18:21,18,Census Tract 354
3599,46th Ave&Taraval St SE-NS/PS,37.741685,"Washington, George Washington High School",-122.504534,0 days 00:19:57,18,Census Tract 354
6116,Portola Dr&San Pablo Ave NE-NS,37.7404,"Lincoln, Abraham Lincoln High School",-122.46107,0 days 00:08:52.625000,48,Census Tract 308
6116,Portola Dr&San Pablo Ave NE-NS,37.7404,"Lincoln, Abraham Lincoln High School",-122.46107,0 days 00:09:31.875000,48,Census Tract 308
6116,Portola Dr&San Pablo Ave NE-NS,37.7404,"Lincoln, Abraham Lincoln High School",-122.46107,0 days 00:10:11.125000,48,Census Tract 308
3925,Cabrillo St&47TH Ave SW-NS/PS,37.773287,"Washington, George Washington High School",-122.507985,0 days 00:06:41,31,Census Tract 479.04
3925,Cabrillo St&47TH Ave SW-NS/PS,37.773287,"Washington, George Washington High School",-122.507985,0 days 00:06:03.333333333,31,Census Tract 479.04
3925,Cabrillo St&47TH Ave SW-NS/PS,37.773287,"Washington, George Washington High School",-122.507985,0 days 00:05:25.666666666,31,Census Tract 479.04
3925,Cabrillo St&47TH Ave SW-NS/PS,37.773287,"Washington, George Washington High School",-122.507985,0 days 00:05:22,18,Census Tract 479.04
3925,Cabrillo St&47TH Ave SW-NS/PS,37.773287,"Washington, George Washington High School",-122.507985,0 days 00:04:48,31,Census Tract 479.04
3925,Cabrillo St&47TH Ave SW-NS/PS,37.773287,"Washington, George Washington High School",-122.507985,0 days 00:06:29,18,Census Tract 479.04
3925,Cabrillo St&47TH Ave SW-NS/PS,37.773287,"Washington, George Washington High School",-122.507985,0 days 00:05:47,18,Census Tract 479.04
3925,Cabrillo St&47TH Ave SW-NS/PS,37.773287,"Washington, George Washington High School",-122.507985,0 days 00:07:23,18,Census Tract 479.04
3925,Cabrillo St&47TH Ave SW-NS/PS,37.773287,Gateway High School / Kipp Sf Bay Academy,-122.507985,0 days 00:23:04,31,Census Tract 479.04
3925,Cabrillo St&47TH Ave SW-NS/PS,37.773287,Gateway High School / Kipp Sf Bay Academy,-122.507985,0 days 00:24:15.500000,31,Census Tract 479.04
3925,Cabrillo St&47TH Ave SW-NS/PS,37.773287,Gateway High School / Kipp Sf Bay Academy,-122.507985,0 days 00:23:37,31,Census Tract 479.04
3141,3rd St&Palou Ave E-FS/BZ Cut-out,37.734091,Gateway High School / Kipp Sf Bay Academy,-122.390928,0 days 00:39:41.538461538,24,Census Tract 612
3141,3rd St&Palou Ave E-FS/BZ Cut-out,37.734091,Gateway High School / Kipp Sf Bay Academy,-122.390928,0 days 00:41:47.538461538,24,Census Tract 612
3141,3rd St&Palou Ave E-FS/BZ Cut-out,37.734091,Gateway High School / Kipp Sf Bay Academy,-122.390928,0 days 00:42:55.384615384,24,Census Tract 612
5991,Polk St&Lombard St SE-NS/BZ,37.801476,Galileo High School,-122.422796,0 days 00:03:17.214285714,19,Census Tract 102.01
5991,Polk St&Lombard St SE-NS/BZ,37.801476,Galileo High School,-122.422796,0 days 00:02:49.928571428,19,Census Tract 102.01
5991,Polk St&Lombard St SE-NS/BZ,37.801476,Galileo High School,-122.422796,0 days 00:01:53.214285714,19,Census Tract 102.01
5991,Polk St&Lombard St SE-NS/BZ,37.801476,Galileo High School,-122.422796,0 days 00:01:02.428571428,19,Census Tract 102.01
3054,Balboa St&28TH Ave SW-NS/SB,37.776088,Gateway High School / Kipp Sf Bay Academy,-122.487769,0 days 00:16:23,31,Census Tract 477.02
3054,Balboa St&28TH Ave SW-NS/SB,37.776088,Gateway High School / Kipp Sf Bay Academy,-122.487769,0 days 00:17:34.500000,31,Census Tract 477.02
3054,Balboa St&28TH Ave SW-NS/SB,37.776088,Gateway High School / Kipp Sf Bay Academy,-122.487769,0 days 00:16:56,31,Census Tract 477.02
4596,Felton St&University St SW-NS,37.7274,"Burton, Phillip And Sala Burton High School",-122.41457,0 days 00:02:40.642857142,54,Census Tract 259
4596,Felton St&University St SW-NS,37.7274,"Burton, Phillip And Sala Burton High School",-122.41457,0 days 00:02:57.857142857,54,Census Tract 259
7074,Church St&Duboce Ave SE-NS/PS,37.76932,Gateway High School / Kipp Sf Bay Academy,-122.42903,0 days 00:10:56.968750,22,Census Tract 169
7074,Church St&Duboce Ave SE-NS/PS,37.76932,Gateway High School / Kipp Sf Bay Academy,-122.42903,0 days 00:09:51.843750,22,Census Tract 169
4260,Geary Blvd&9TH Ave SE-FS/BZ,37.780777,Gateway High School / Kipp Sf Bay Academy,-122.467323,0 days 00:10:59.750000,38,Census Tract 452.02
4260,Geary Blvd&9TH Ave SE-FS/BZ,37.780777,Gateway High School / Kipp Sf Bay Academy,-122.467323,0 days 00:11:45.157894736,38,Census Tract 452.02
3398,19th Ave&Vicente St NE-FS/BB,37.739546,"Lincoln, Abraham Lincoln High School",-122.47531,0 days 00:03:02.473684210,28,Census Tract 308
3398,19th Ave&Vicente St NE-FS/BB,37.739546,Galileo High School,-122.47531,0 days 00:36:47.400000,28,Census Tract 308
3398,19th Ave&Vicente St NE-FS/BB,37.739546,Galileo High School,-122.47531,0 days 00:35:56.400000,28,Census Tract 308
3398,19th Ave&Vicente St NE-FS/BB,37.739546,Galileo High School,-122.47531,0 days 00:34:18.400000,28,Census Tract 308
3398,19th Ave&Vicente St NE-FS/BB,37.739546,Galileo High School,-122.47531,0 days 00:35:08.400000,28,Census Tract 308
3281,16th St&Bryant St N-MB/BZ,37.765658,Gateway High School / Kipp Sf Bay Academy,-122.410294,0 days 00:22:07.107142857,22,Census Tract 177
3281,16th St&Bryant St N-MB/BZ,37.765658,Gateway High School / Kipp Sf Bay Academy,-122.410294,0 days 00:21:01.392857142,22,Census Tract 177
7768,16th Street & Missouri St NW-FS/BZ,37.766492,Gateway High School / Kipp Sf Bay Academy,-122.397011,0 days 00:26:20.050000,22,Census Tract 607.02
7768,16th Street & Missouri St NW-FS/BZ,37.766492,Gateway High School / Kipp Sf Bay Academy,-122.397011,0 days 00:25:14.850000,22,Census Tract 607.02
6722,Turk St&Lyon St NE-NS/SB,37.77911,"Washington, George Washington High School",-122.443596,0 days 00:12:09.545454545,31,Census Tract 157.02
6722,Turk St&Lyon St NE-NS/SB,37.77911,"Washington, George Washington High School",-122.443596,0 days 00:12:47.545454545,31,Census Tract 157.02
6722,Turk St&Lyon St NE-NS/SB,37.77911,"Washington, George Washington High School",-122.443596,0 days 00:13:17.363636363,31,Census Tract 157.02
6722,Turk St&Lyon St NE-NS/SB,37.77911,"Washington, George Washington High School",-122.443596,0 days 00:14:01.181818181,31,Census Tract 157.02
5908,Persia Ave&Brazil Ave S-NS/PS,37.717782,"Burton, Phillip And Sala Burton High School",-122.422504,0 days 00:04:36.952380952,29,Census Tract 9805.01
5908,Persia Ave&Brazil Ave S-NS/PS,37.717782,"Burton, Phillip And Sala Burton High School",-122.422504,0 days 00:03:13.714285714,29,Census Tract 9805.01
5908,Persia Ave&Brazil Ave S-NS/PS,37.717782,"Burton, Phillip And Sala Burton High School",-122.422504,0 days 00:04:23.380952380,29,Census Tract 9805.01
5908,Persia Ave&Brazil Ave S-NS/PS,37.717782,"Burton, Phillip And Sala Burton High School",-122.422504,0 days 00:03:41.190476190,29,Census Tract 9805.01
5908,Persia Ave&Brazil Ave S-NS/PS,37.717782,"Burton, Phillip And Sala Burton High School",-122.422504,0 days 00:04:09.571428571,29,Census Tract 9805.01
5966,Plymouth Ave&Lobos St SE-NS,37.71484,"Burton, Phillip And Sala Burton High School",-122.45605,0 days 00:22:31.363636363,54,Census Tract 314.02
5966,Plymouth Ave&Lobos St SE-NS,37.71484,"Burton, Phillip And Sala Burton High School",-122.45605,0 days 00:22:48.727272727,54,Census Tract 314.02
3265,15th Ave&Quintara St NW-NS/PS,37.74891,"Lincoln, Abraham Lincoln High School",-122.47183,0 days 00:01:37.222222222,66,Census Tract 303.02
3265,15th Ave&Quintara St NW-NS/PS,37.74891,"Lincoln, Abraham Lincoln High School",-122.47183,0 days 00:02:05.111111111,66,Census Tract 303.02
3265,15th Ave&Quintara St NW-NS/PS,37.74891,"Lincoln, Abraham Lincoln High School",-122.47183,0 days 00:02:31,66,Census Tract 303.02
7286,Evans Ave&Selby St E-NS/PS,37.746164,Galileo High School,-122.39392,0 days 00:43:45.857142857,19,Census Tract 9809
7286,Evans Ave&Selby St E-NS/PS,37.746164,Galileo High School,-122.39392,0 days 00:43:17,19,Census Tract 9809
7286,Evans Ave&Selby St E-NS/PS,37.746164,Galileo High School,-122.39392,0 days 00:42:16.571428571,19,Census Tract 9809
7286,Evans Ave&Selby St E-NS/PS,37.746164,Galileo High School,-122.39392,0 days 00:41:22.571428571,19,Census Tract 9809
7286,Evans Ave&Selby St E-NS/PS,37.746164,Galileo High School,-122.39392,0 days 00:40:16.142857142,19,Census Tract 9809
4314,Castro St&18TH St SE-NS/BB,37.760836,Gateway High School / Kipp Sf Bay Academy,-122.434934,0 days 00:11:06,24,Census Tract 206.01
4314,Castro St&18TH St SE-NS/BB,37.760836,Gateway High School / Kipp Sf Bay Academy,-122.434934,0 days 00:13:08.850000,24,Census Tract 206.01
4314,Castro St&18TH St SE-NS/BB,37.760836,Gateway High School / Kipp Sf Bay Academy,-122.434934,0 days 00:14:15,24,Census Tract 206.01
6605,Sutter St&Presidio Ave SE-FS/BZ,37.784383,Gateway High School / Kipp Sf Bay Academy,-122.446175,0 days 00:02:14.600000,2,Census Tract 154.01
6605,Sutter St&Presidio Ave SE-FS/BZ,37.784383,Gateway High School / Kipp Sf Bay Academy,-122.446175,0 days 00:02:36.533333333,2,Census Tract 154.01
6605,Sutter St&Presidio Ave SE-FS/BZ,37.784383,Gateway High School / Kipp Sf Bay Academy,-122.446175,0 days 00:03:41.533333333,2,Census Tract 154.01
4273,Geary Blvd&30TH Ave NE-NS/BZ,37.779959,"Washington, George Washington High School",-122.489972,0 days 00:02:10.142857142,38,Census Tract 427
4273,Geary Blvd&30TH Ave NE-NS/BZ,37.779959,"Washington, George Washington High School",-122.489972,0 days 00:02:53.571428571,38,Census Tract 427
4273,Geary Blvd&30TH Ave NE-NS/BZ,37.779959,"Washington, George Washington High School",-122.489972,0 days 00:01:30.428571428,38,Census Tract 427
4273,Geary Blvd&30TH Ave NE-NS/BZ,37.779959,"Washington, George Washington High School",-122.489972,0 days 00:04:13.285714285,38,Census Tract 427
4273,Geary Blvd&30TH Ave NE-NS/BZ,37.779959,"Washington, George Washington High School",-122.489972,0 days 00:01:31,38,Census Tract 427
5800,Ocean Ave&Otsego Ave SW-NS/BZ,37.72326,"Burton, Phillip And Sala Burton High School",-122.44124,0 days 00:09:36.210526315,29,Census Tract 261
5800,Ocean Ave&Otsego Ave SW-NS/BZ,37.72326,"Burton, Phillip And Sala Burton High School",-122.44124,0 days 00:08:12.526315789,29,Census Tract 261
5800,Ocean Ave&Otsego Ave SW-NS/BZ,37.72326,"Burton, Phillip And Sala Burton High School",-122.44124,0 days 00:09:22.578947368,29,Census Tract 261
5800,Ocean Ave&Otsego Ave SW-NS/BZ,37.72326,"Burton, Phillip And Sala Burton High School",-122.44124,0 days 00:08:40.157894736,29,Census Tract 261
5800,Ocean Ave&Otsego Ave SW-NS/BZ,37.72326,"Burton, Phillip And Sala Burton High School",-122.44124,0 days 00:09:08.684210526,29,Census Tract 261
5800,Ocean Ave&Otsego Ave SW-NS/BZ,37.72326,Galileo High School,-122.44124,0 days 00:45:04.100000,49,Census Tract 261
5800,Ocean Ave&Otsego Ave SW-NS/BZ,37.72326,Galileo High School,-122.44124,0 days 00:45:36.888888888,49,Census Tract 261
5800,Ocean Ave&Otsego Ave SW-NS/BZ,37.72326,Galileo High School,-122.44124,0 days 00:46:00.888888888,49,Census Tract 261
7960,Townsend St&7th St S-MB/SI,37.771142,Galileo High School,-122.402383,0 days 00:27:42,19,Census Tract 607.02
7960,Townsend St&7th St S-MB/SI,37.771142,Galileo High School,-122.402383,0 days 00:27:14.200000,19,Census Tract 607.02
7960,Townsend St&7th St S-MB/SI,37.771142,Galileo High School,-122.402383,0 days 00:26:16.200000,19,Census Tract 607.02
7960,Townsend St&7th St S-MB/SI,37.771142,Galileo High School,-122.402383,0 days 00:25:24.300000,19,Census Tract 607.02
7960,Townsend St&7th St S-MB/SI,37.771142,Galileo High School,-122.402383,0 days 00:24:20.500000,19,Census Tract 607.02
4122,General Managers Office NE-MB/SB,37.753902,Galileo High School,-122.397341,0 days 00:40:16.857142857,19,Census Tract 614.01
4122,General Managers Office NE-MB/SB,37.753902,Galileo High School,-122.397341,0 days 00:39:48,19,Census Tract 614.01
4122,General Managers Office NE-MB/SB,37.753902,Galileo High School,-122.397341,0 days 00:38:47.571428571,19,Census Tract 614.01
4122,General Managers Office NE-MB/SB,37.753902,Galileo High School,-122.397341,0 days 00:37:53.571428571,19,Census Tract 614.01
4122,General Managers Office NE-MB/SB,37.753902,Galileo High School,-122.397341,0 days 00:36:47.142857142,19,Census Tract 614.01
5917,Persia Ave&Naples St W-NS/PS,37.720853,"Burton, Phillip And Sala Burton High School",-122.431356,0 days 00:07:02.142857142,29,Census Tract 260.01
5917,Persia Ave&Naples St W-NS/PS,37.720853,"Burton, Phillip And Sala Burton High School",-122.431356,0 days 00:05:38.904761904,29,Census Tract 260.01
5917,Persia Ave&Naples St W-NS/PS,37.720853,"Burton, Phillip And Sala Burton High School",-122.431356,0 days 00:06:48.571428571,29,Census Tract 260.01
5917,Persia Ave&Naples St W-NS/PS,37.720853,"Burton, Phillip And Sala Burton High School",-122.431356,0 days 00:06:06.380952380,29,Census Tract 260.01
5917,Persia Ave&Naples St W-NS/PS,37.720853,"Burton, Phillip And Sala Burton High School",-122.431356,0 days 00:06:34.761904761,29,Census Tract 260.01
3547,32nd Ave&California St SW-FS/BZ,37.783429,"Washington, George Washington High School",-122.492553,0 days 00:01:20.153846153,1,Census Tract 427
3547,32nd Ave&California St SW-FS/BZ,37.783429,"Washington, George Washington High School",-122.492553,0 days 00:01:45.500000,1,Census Tract 427
4423,Divisadero St&Haight St NE-FS/BZ,37.771329,Gateway High School / Kipp Sf Bay Academy,-122.436983,0 days 00:05:42,24,Census Tract 167
4423,Divisadero St&Haight St NE-FS/BZ,37.771329,Gateway High School / Kipp Sf Bay Academy,-122.436983,0 days 00:07:44.850000,24,Census Tract 167
4423,Divisadero St&Haight St NE-FS/BZ,37.771329,Gateway High School / Kipp Sf Bay Academy,-122.436983,0 days 00:08:51,24,Census Tract 167
6488,Steiner St&Green St W-MI/PS,37.79606,Gateway High School / Kipp Sf Bay Academy,-122.43707,0 days 00:07:21.111111111,22,Census Tract 128.02
6488,Steiner St&Green St W-MI/PS,37.79606,Gateway High School / Kipp Sf Bay Academy,-122.43707,0 days 00:07:56.148148148,22,Census Tract 128.02
5472,North Point St&Van Ness Ave SE-FS,37.805045,Galileo High School,-122.42495,0 days 00:02:06.500000,30,Census Tract 102.02
5472,North Point St&Van Ness Ave SE-FS,37.805045,Galileo High School,-122.42495,0 days 00:00:42.956521739,30,Census Tract 102.02
7523,Pennsylvania AVE & 23 ST NS NW,37.755158,"Lincoln, Abraham Lincoln High School",-122.393008,0 days 00:38:21.833333333,48,Census Tract 614.02
7523,Pennsylvania AVE & 23 ST NS NW,37.755158,"Lincoln, Abraham Lincoln High School",-122.393008,0 days 00:39:01.833333333,48,Census Tract 614.02
7523,Pennsylvania AVE & 23 ST NS NW,37.755158,"Lincoln, Abraham Lincoln High School",-122.393008,0 days 00:39:41.833333333,48,Census Tract 614.02
3052,Balboa St&25TH Ave SE-FS/BZ,37.77624,Gateway High School / Kipp Sf Bay Academy,-122.484296,0 days 00:15:21.333333333,31,Census Tract 477.02
3052,Balboa St&25TH Ave SE-FS/BZ,37.77624,Gateway High School / Kipp Sf Bay Academy,-122.484296,0 days 00:16:32.833333333,31,Census Tract 477.02
3052,Balboa St&25TH Ave SE-FS/BZ,37.77624,Gateway High School / Kipp Sf Bay Academy,-122.484296,0 days 00:15:54.333333333,31,Census Tract 477.02
6738,Ulloa St&Lenox Way NW-FS,37.741125,"Lincoln, Abraham Lincoln High School",-122.466155,0 days 00:06:34.375000,48,Census Tract 308
6738,Ulloa St&Lenox Way NW-FS,37.741125,"Lincoln, Abraham Lincoln High School",-122.466155,0 days 00:07:13.625000,48,Census Tract 308
6738,Ulloa St&Lenox Way NW-FS,37.741125,"Lincoln, Abraham Lincoln High School",-122.466155,0 days 00:07:52.875000,48,Census Tract 308
4630,Fillmore St&North Point St SE-NS/PS,37.803547,Gateway High School / Kipp Sf Bay Academy,-122.436791,0 days 00:14:04.777777777,22,Census Tract 126.02
4630,Fillmore St&North Point St SE-NS/PS,37.803547,Gateway High School / Kipp Sf Bay Academy,-122.436791,0 days 00:14:39.814814814,22,Census Tract 126.02
4637,Fillmore St&Sacramento St NW-NS/BZ,37.789925,Gateway High School / Kipp Sf Bay Academy,-122.4341,0 days 00:03:20.928571428,22,Census Tract 135
4637,Fillmore St&Sacramento St NW-NS/BZ,37.789925,Gateway High School / Kipp Sf Bay Academy,-122.4341,0 days 00:03:56.071428571,22,Census Tract 135
4776,Merchant Rd&Golden Gate Br. N-NS/SB,37.806668,"Lincoln, Abraham Lincoln High School",-122.475872,0 days 00:16:09.600000,28,Census Tract 601
4776,Merchant Rd&Golden Gate Br. N-NS/SB,37.806668,Galileo High School,-122.475872,0 days 00:14:25,28,Census Tract 601
4776,Merchant Rd&Golden Gate Br. N-NS/SB,37.806668,Galileo High School,-122.475872,0 days 00:13:35.125000,28,Census Tract 601
4776,Merchant Rd&Golden Gate Br. N-NS/SB,37.806668,Galileo High School,-122.475872,0 days 00:11:58.750000,28,Census Tract 601
4776,Merchant Rd&Golden Gate Br. N-NS/SB,37.806668,Galileo High School,-122.475872,0 days 00:12:48.250000,28,Census Tract 601
5795,Ocean Ave&Lee St SW-NS,37.723397,"Burton, Phillip And Sala Burton High School",-122.454423,0 days 00:13:18.894736842,29,Census Tract 312.01
5795,Ocean Ave&Lee St SW-NS,37.723397,"Burton, Phillip And Sala Burton High School",-122.454423,0 days 00:11:55.210526315,29,Census Tract 312.01
5795,Ocean Ave&Lee St SW-NS,37.723397,"Burton, Phillip And Sala Burton High School",-122.454423,0 days 00:13:05.263157894,29,Census Tract 312.01
5795,Ocean Ave&Lee St SW-NS,37.723397,"Burton, Phillip And Sala Burton High School",-122.454423,0 days 00:12:22.842105263,29,Census Tract 312.01
5795,Ocean Ave&Lee St SW-NS,37.723397,"Burton, Phillip And Sala Burton High School",-122.454423,0 days 00:12:51.368421052,29,Census Tract 312.01
6202,Rhode Island St&Alameda St SE-NS/SB,37.768573,Galileo High School,-122.402843,0 days 00:29:14.600000,19,Census Tract 607.02
6202,Rhode Island St&Alameda St SE-NS/SB,37.768573,Galileo High School,-122.402843,0 days 00:28:46.800000,19,Census Tract 607.02
6202,Rhode Island St&Alameda St SE-NS/SB,37.768573,Galileo High School,-122.402843,0 days 00:27:48.800000,19,Census Tract 607.02
6202,Rhode Island St&Alameda St SE-NS/SB,37.768573,Galileo High School,-122.402843,0 days 00:26:56.900000,19,Census Tract 607.02
6202,Rhode Island St&Alameda St SE-NS/SB,37.768573,Galileo High School,-122.402843,0 days 00:25:53.100000,19,Census Tract 607.02
4270,Geary Blvd&25TH Ave SE-FS/BZ,37.780077,Gateway High School / Kipp Sf Bay Academy,-122.484562,0 days 00:17:19.647058823,38,Census Tract 477.01
4270,Geary Blvd&25TH Ave SE-FS/BZ,37.780077,Gateway High School / Kipp Sf Bay Academy,-122.484562,0 days 00:13:17.666666666,38R,Census Tract 477.01
4270,Geary Blvd&25TH Ave SE-FS/BZ,37.780077,Gateway High School / Kipp Sf Bay Academy,-122.484562,0 days 00:18:02.875000,38,Census Tract 477.01
3591,46th Ave&Pacheco St SE-NS/PS,37.749161,"Washington, George Washington High School",-122.505067,0 days 00:15:12,18,Census Tract 354
3591,46th Ave&Pacheco St SE-NS/PS,37.749161,"Washington, George Washington High School",-122.505067,0 days 00:16:19,18,Census Tract 354
3591,46th Ave&Pacheco St SE-NS/PS,37.749161,"Washington, George Washington High School",-122.505067,0 days 00:15:37,18,Census Tract 354
3591,46th Ave&Pacheco St SE-NS/PS,37.749161,"Washington, George Washington High School",-122.505067,0 days 00:17:13,18,Census Tract 354
6305,Sacramento St&Laguna St NE-NS/BZ,37.79057,"Washington, George Washington High School",-122.42888,0 days 00:23:10.050000,1,Census Tract 131.02
6305,Sacramento St&Laguna St NE-NS/BZ,37.79057,"Washington, George Washington High School",-122.42888,0 days 00:23:35.900000,1,Census Tract 131.02
6014,Portola Dr&Dorchester Way NE-NS,37.740100000000005,"Lincoln, Abraham Lincoln High School",-122.46344,0 days 00:08:18.687500,48,Census Tract 308
6014,Portola Dr&Dorchester Way NE-NS,37.740100000000005,"Lincoln, Abraham Lincoln High School",-122.46344,0 days 00:08:57.937500,48,Census Tract 308
6014,Portola Dr&Dorchester Way NE-NS,37.740100000000005,"Lincoln, Abraham Lincoln High School",-122.46344,0 days 00:09:37.187500,48,Census Tract 308
5902,Paul Ave&Gould St NW-FS/PS,37.723012,"Burton, Phillip And Sala Burton High School",-122.397946,0 days 00:03:13.652173913,29,Census Tract 233
5902,Paul Ave&Gould St NW-FS/PS,37.723012,"Burton, Phillip And Sala Burton High School",-122.397946,0 days 00:04:49.434782608,29,Census Tract 233
5902,Paul Ave&Gould St NW-FS/PS,37.723012,"Burton, Phillip And Sala Burton High School",-122.397946,0 days 00:03:34.478260869,29,Census Tract 233
5902,Paul Ave&Gould St NW-FS/PS,37.723012,"Burton, Phillip And Sala Burton High School",-122.397946,0 days 00:04:16.695652173,29,Census Tract 233
5902,Paul Ave&Gould St NW-FS/PS,37.723012,"Burton, Phillip And Sala Burton High School",-122.397946,0 days 00:03:47.391304347,29,Census Tract 233
4313,Castro St&17TH St SE-NS/BZ,37.76237,Gateway High School / Kipp Sf Bay Academy,-122.43508,0 days 00:10:20.400000,24,Census Tract 206.01
4313,Castro St&17TH St SE-NS/BZ,37.76237,Gateway High School / Kipp Sf Bay Academy,-122.43508,0 days 00:12:23.250000,24,Census Tract 206.01
4313,Castro St&17TH St SE-NS/BZ,37.76237,Gateway High School / Kipp Sf Bay Academy,-122.43508,0 days 00:13:29.400000,24,Census Tract 206.01
6247,Rivera St&48th Ave SE-FS,37.74535,"Lincoln, Abraham Lincoln High School",-122.5067,0 days 00:10:16.076923076,48,Census Tract 354
6247,Rivera St&48th Ave SE-FS,37.74535,"Lincoln, Abraham Lincoln High School",-122.5067,0 days 00:09:36.714285714,48,Census Tract 354
6247,Rivera St&48th Ave SE-FS,37.74535,"Lincoln, Abraham Lincoln High School",-122.5067,0 days 00:09:01.714285714,48,Census Tract 354
6801,Van Ness Ave&Chestnut St NW-NS/BZ,37.802431,"Lincoln, Abraham Lincoln High School",-122.424905,0 days 00:27:41.916666666,28,Census Tract 129.01
6801,Van Ness Ave&Chestnut St NW-NS/BZ,37.802431,Galileo High School,-122.424905,0 days 00:01:19.052631578,30,Census Tract 129.01
3485,24th St&Valencia St NE-NS/BZ,37.752178,"Lincoln, Abraham Lincoln High School",-122.420556,0 days 00:22:14.923076923,48,Census Tract 209
3485,24th St&Valencia St NE-NS/BZ,37.752178,"Lincoln, Abraham Lincoln High School",-122.420556,0 days 00:22:54.692307692,48,Census Tract 209
3485,24th St&Valencia St NE-NS/BZ,37.752178,"Lincoln, Abraham Lincoln High School",-122.420556,0 days 00:23:34.461538461,48,Census Tract 209
5167,Jackson St&Webster St NW-FS/BZ,37.792716,Gateway High School / Kipp Sf Bay Academy,-122.433025,0 days 00:09:21.818181818,24,Census Tract 132
5167,Jackson St&Webster St NW-FS/BZ,37.792716,Gateway High School / Kipp Sf Bay Academy,-122.433025,0 days 00:07:39.818181818,24,Census Tract 132
5167,Jackson St&Webster St NW-FS/BZ,37.792716,Gateway High School / Kipp Sf Bay Academy,-122.433025,0 days 00:06:23.478260869,24,Census Tract 132
3023,Baker Beach Parking Lot SW-FS/SB,37.790249,"Burton, Phillip And Sala Burton High School",-122.482263,0 days 00:55:52,29,Census Tract 601
3023,Baker Beach Parking Lot SW-FS/SB,37.790249,"Burton, Phillip And Sala Burton High School",-122.482263,0 days 00:54:28,29,Census Tract 601
3023,Baker Beach Parking Lot SW-FS/SB,37.790249,"Burton, Phillip And Sala Burton High School",-122.482263,0 days 00:55:38.333333333,29,Census Tract 601
3023,Baker Beach Parking Lot SW-FS/SB,37.790249,"Burton, Phillip And Sala Burton High School",-122.482263,0 days 00:54:55.666666666,29,Census Tract 601
3023,Baker Beach Parking Lot SW-FS/SB,37.790249,"Burton, Phillip And Sala Burton High School",-122.482263,0 days 00:55:24.333333333,29,Census Tract 601
4763,Geary Blvd&Spruce St SW-NS/BZ,37.781599,Gateway High School / Kipp Sf Bay Academy,-122.453258,0 days 00:05:29.900000,38,Census Tract 157.01
4763,Geary Blvd&Spruce St SW-NS/BZ,37.781599,Gateway High School / Kipp Sf Bay Academy,-122.453258,0 days 00:06:15.736842105,38,Census Tract 157.01
7160,California St&8TH Ave NW-FS/BZ,37.784792,"Washington, George Washington High School",-122.466819,0 days 00:09:06.423076923,1,Census Tract 402
7160,California St&8TH Ave NW-FS/BZ,37.784792,"Washington, George Washington High School",-122.466819,0 days 00:09:31.769230769,1,Census Tract 402
5323,Lincoln Way&35th Ave NW-FS/BZ,37.764754,"Burton, Phillip And Sala Burton High School",-122.494708,0 days 00:41:22.545454545,29,Census Tract 9803
5323,Lincoln Way&35th Ave NW-FS/BZ,37.764754,"Burton, Phillip And Sala Burton High School",-122.494708,0 days 00:39:56.727272727,29,Census Tract 9803
5323,Lincoln Way&35th Ave NW-FS/BZ,37.764754,"Burton, Phillip And Sala Burton High School",-122.494708,0 days 00:41:08.636363636,29,Census Tract 9803
5323,Lincoln Way&35th Ave NW-FS/BZ,37.764754,"Burton, Phillip And Sala Burton High School",-122.494708,0 days 00:40:25,29,Census Tract 9803
5323,Lincoln Way&35th Ave NW-FS/BZ,37.764754,"Burton, Phillip And Sala Burton High School",-122.494708,0 days 00:40:54.272727272,29,Census Tract 9803
3067,Balboa St&Arguello Blvd NW-FS/BZ,37.77747,"Washington, George Washington High School",-122.45886,0 days 00:07:44.428571428,31,Census Tract 451
3067,Balboa St&Arguello Blvd NW-FS/BZ,37.77747,"Washington, George Washington High School",-122.45886,0 days 00:08:22.642857142,31,Census Tract 451
3067,Balboa St&Arguello Blvd NW-FS/BZ,37.77747,"Washington, George Washington High School",-122.45886,0 days 00:08:52.642857142,31,Census Tract 451
3067,Balboa St&Arguello Blvd NW-FS/BZ,37.77747,"Washington, George Washington High School",-122.45886,0 days 00:09:36.714285714,31,Census Tract 451
4781,Lower Great Hwy&Rivera St NW-NS/BZ,37.74544,"Lincoln, Abraham Lincoln High School",-122.50755,0 days 00:10:28.769230769,48,Census Tract 354
4781,Lower Great Hwy&Rivera St NW-NS/BZ,37.74544,"Lincoln, Abraham Lincoln High School",-122.50755,0 days 00:09:49.428571428,48,Census Tract 354
4781,Lower Great Hwy&Rivera St NW-NS/BZ,37.74544,"Lincoln, Abraham Lincoln High School",-122.50755,0 days 00:09:14.428571428,48,Census Tract 354
3360,19th Ave&Irving St SE-NS/BZ,37.76343,Galileo High School,-122.47704,0 days 00:27:17.076923076,28,Census Tract 302.01
3360,19th Ave&Irving St SE-NS/BZ,37.76343,Galileo High School,-122.47704,0 days 00:26:26.769230769,28,Census Tract 302.01
3360,19th Ave&Irving St SE-NS/BZ,37.76343,Galileo High School,-122.47704,0 days 00:24:49.769230769,28,Census Tract 302.01
3360,19th Ave&Irving St SE-NS/BZ,37.76343,Galileo High School,-122.47704,0 days 00:25:39.461538461,28,Census Tract 302.01
4269,Geary Blvd&25TH Ave NE-NS/BZ,37.78022,"Washington, George Washington High School",-122.48461,0 days 00:04:21.428571428,38,Census Tract 427
4269,Geary Blvd&25TH Ave NE-NS/BZ,37.78022,"Washington, George Washington High School",-122.48461,0 days 00:05:04.857142857,38,Census Tract 427
4269,Geary Blvd&25TH Ave NE-NS/BZ,37.78022,"Washington, George Washington High School",-122.48461,0 days 00:03:41.714285714,38,Census Tract 427
4269,Geary Blvd&25TH Ave NE-NS/BZ,37.78022,"Washington, George Washington High School",-122.48461,0 days 00:01:19.318181818,38,Census Tract 427
4269,Geary Blvd&25TH Ave NE-NS/BZ,37.78022,"Washington, George Washington High School",-122.48461,0 days 00:02:13.136363636,38,Census Tract 427
4269,Geary Blvd&25TH Ave NE-NS/BZ,37.78022,"Washington, George Washington High School",-122.48461,0 days 00:06:24.571428571,38,Census Tract 427
4269,Geary Blvd&25TH Ave NE-NS/BZ,37.78022,"Washington, George Washington High School",-122.48461,0 days 00:03:44.692307692,38,Census Tract 427
4269,Geary Blvd&25TH Ave NE-NS/BZ,37.78022,"Washington, George Washington High School",-122.48461,0 days 00:02:53.965517241,38R,Census Tract 427
3568,43rd Ave&Point Lobos Ave NW-NS/PS,37.779784,"Washington, George Washington High School",-122.504139,0 days 00:04:08.769230769,38,Census Tract 479.02
3568,43rd Ave&Point Lobos Ave NW-NS/PS,37.779784,"Washington, George Washington High School",-122.504139,0 days 00:03:21.923076923,38,Census Tract 479.02
3568,43rd Ave&Point Lobos Ave NW-NS/PS,37.779784,"Washington, George Washington High School",-122.504139,0 days 00:02:48.461538461,38,Census Tract 479.02
3568,43rd Ave&Point Lobos Ave NW-NS/PS,37.779784,"Washington, George Washington High School",-122.504139,0 days 00:02:12,38,Census Tract 479.02
3568,43rd Ave&Point Lobos Ave NW-NS/PS,37.779784,Gateway High School / Kipp Sf Bay Academy,-122.504139,0 days 00:22:35.900000,38,Census Tract 479.02
3568,43rd Ave&Point Lobos Ave NW-NS/PS,37.779784,Gateway High School / Kipp Sf Bay Academy,-122.504139,0 days 00:23:23.700000,38,Census Tract 479.02
5511,Fort Miley Hospital N-NS,37.781827,"Washington, George Washington High School",-122.504106,0 days 00:05:56.769230769,38,Census Tract 9802
5511,Fort Miley Hospital N-NS,37.781827,"Washington, George Washington High School",-122.504106,0 days 00:05:09.923076923,38,Census Tract 9802
5511,Fort Miley Hospital N-NS,37.781827,"Washington, George Washington High School",-122.504106,0 days 00:04:36.461538461,38,Census Tract 9802
5511,Fort Miley Hospital N-NS,37.781827,"Washington, George Washington High School",-122.504106,0 days 00:04:00,38,Census Tract 9802
5511,Fort Miley Hospital N-NS,37.781827,Gateway High School / Kipp Sf Bay Academy,-122.504106,0 days 00:24:23.900000,38,Census Tract 9802
5511,Fort Miley Hospital N-NS,37.781827,Gateway High School / Kipp Sf Bay Academy,-122.504106,0 days 00:25:11.700000,38,Census Tract 9802
5911,Persia Ave&Madrid St W-NS/SB,37.721612,"Burton, Phillip And Sala Burton High School",-122.432959,0 days 00:07:27.285714285,29,Census Tract 260.01
5911,Persia Ave&Madrid St W-NS/SB,37.721612,"Burton, Phillip And Sala Burton High School",-122.432959,0 days 00:06:04.047619047,29,Census Tract 260.01
5911,Persia Ave&Madrid St W-NS/SB,37.721612,"Burton, Phillip And Sala Burton High School",-122.432959,0 days 00:07:13.714285714,29,Census Tract 260.01
5911,Persia Ave&Madrid St W-NS/SB,37.721612,"Burton, Phillip And Sala Burton High School",-122.432959,0 days 00:06:31.523809523,29,Census Tract 260.01
5911,Persia Ave&Madrid St W-NS/SB,37.721612,"Burton, Phillip And Sala Burton High School",-122.432959,0 days 00:06:59.904761904,29,Census Tract 260.01
3721,Bridgeview Dr&Scotia Ave N-NS,37.73184,"Burton, Phillip And Sala Burton High School",-122.3994,0 days 00:05:32.785714285,54,Census Tract 230.03
3721,Bridgeview Dr&Scotia Ave N-NS,37.73184,"Burton, Phillip And Sala Burton High School",-122.3994,0 days 00:05:16.285714285,54,Census Tract 230.03
5953,Park Presidio&Geary Blvd NE-FS/SB,37.780776,Galileo High School,-122.472217,0 days 00:21:23.230769230,28,Census Tract 402
5953,Park Presidio&Geary Blvd NE-FS/SB,37.780776,Galileo High School,-122.472217,0 days 00:20:32.923076923,28,Census Tract 402
5953,Park Presidio&Geary Blvd NE-FS/SB,37.780776,Galileo High School,-122.472217,0 days 00:18:55.923076923,28,Census Tract 402
5953,Park Presidio&Geary Blvd NE-FS/SB,37.780776,Galileo High School,-122.472217,0 days 00:19:45.615384615,28,Census Tract 402
3195,7th St&Mission St NE-FS/BZ,37.779327,Galileo High School,-122.411032,0 days 00:21:41.400000,19,Census Tract 176.04
3195,7th St&Mission St NE-FS/BZ,37.779327,Galileo High School,-122.411032,0 days 00:21:13.600000,19,Census Tract 176.04
3195,7th St&Mission St NE-FS/BZ,37.779327,Galileo High School,-122.411032,0 days 00:20:15.600000,19,Census Tract 176.04
3195,7th St&Mission St NE-FS/BZ,37.779327,Galileo High School,-122.411032,0 days 00:19:23.700000,19,Census Tract 176.04
3195,7th St&Mission St NE-FS/BZ,37.779327,Galileo High School,-122.411032,0 days 00:18:19.900000,19,Census Tract 176.04
3365,19th Ave&Judah St SW-FS/BB,37.7614,"Lincoln, Abraham Lincoln High School",-122.47711,0 days 00:04:50.187500,28,Census Tract 326.01
5111,Ingalls St&Thomas Ave N-NS,37.72735,"Burton, Phillip And Sala Burton High School",-122.38563,0 days 00:12:22.090909090,54,Census Tract 232
5111,Ingalls St&Thomas Ave N-NS,37.72735,"Burton, Phillip And Sala Burton High School",-122.38563,0 days 00:12:05.454545454,54,Census Tract 232
3524,26th St&Wisconsin St NW-FS/SB,37.75111,Galileo High School,-122.39866,0 days 00:38:52.857142857,19,Census Tract 614.01
3524,26th St&Wisconsin St NW-FS/SB,37.75111,Galileo High School,-122.39866,0 days 00:38:24,19,Census Tract 614.01
3524,26th St&Wisconsin St NW-FS/SB,37.75111,Galileo High School,-122.39866,0 days 00:37:23.571428571,19,Census Tract 614.01
3524,26th St&Wisconsin St NW-FS/SB,37.75111,Galileo High School,-122.39866,0 days 00:36:29.571428571,19,Census Tract 614.01
3524,26th St&Wisconsin St NW-FS/SB,37.75111,Galileo High School,-122.39866,0 days 00:35:23.142857142,19,Census Tract 614.01
3524,26th St&Wisconsin St NW-FS/SB,37.75111,"Lincoln, Abraham Lincoln High School",-122.39866,0 days 00:35:11.833333333,48,Census Tract 614.01
3524,26th St&Wisconsin St NW-FS/SB,37.75111,"Lincoln, Abraham Lincoln High School",-122.39866,0 days 00:35:51.833333333,48,Census Tract 614.01
3524,26th St&Wisconsin St NW-FS/SB,37.75111,"Lincoln, Abraham Lincoln High School",-122.39866,0 days 00:36:31.833333333,48,Census Tract 614.01
6713,Turk St&Broderick St SW-NS/BZ,37.779359,Gateway High School / Kipp Sf Bay Academy,-122.440489,0 days 00:01:11.600000,31,Census Tract 158.02
6713,Turk St&Broderick St SW-NS/BZ,37.779359,Gateway High School / Kipp Sf Bay Academy,-122.440489,0 days 00:02:21.800000,31,Census Tract 158.02
6713,Turk St&Broderick St SW-NS/BZ,37.779359,Gateway High School / Kipp Sf Bay Academy,-122.440489,0 days 00:01:44,31,Census Tract 158.02
6806,Van Ness Ave&Bay St NE-FS/BZ,37.804287,Galileo High School,-122.424996,0 days 00:01:36.529411764,28,Census Tract 102.02
6806,Van Ness Ave&Bay St NE-FS/BZ,37.804287,Galileo High School,-122.424996,0 days 00:02:35.437500,30,Census Tract 102.02
6806,Van Ness Ave&Bay St NE-FS/BZ,37.804287,Galileo High School,-122.424996,0 days 00:00:46.764705882,28,Census Tract 102.02
6806,Van Ness Ave&Bay St NE-FS/BZ,37.804287,Galileo High School,-122.424996,0 days 00:01:14.470588235,30,Census Tract 102.02
6806,Van Ness Ave&Bay St NE-FS/BZ,37.804287,Galileo High School,-122.424996,0 days 00:00:34.705882352,30,Census Tract 102.02
6806,Van Ness Ave&Bay St NE-FS/BZ,37.804287,Galileo High School,-122.424996,0 days 00:00:24,49,Census Tract 102.02
4158,Cortland Ave&Prentiss St NE-NS/PS,37.73978,Gateway High School / Kipp Sf Bay Academy,-122.41199,0 days 00:29:00.125000,24,Census Tract 252
4158,Cortland Ave&Prentiss St NE-NS/PS,37.73978,Gateway High School / Kipp Sf Bay Academy,-122.41199,0 days 00:31:04.437500,24,Census Tract 252
4158,Cortland Ave&Prentiss St NE-NS/PS,37.73978,Gateway High School / Kipp Sf Bay Academy,-122.41199,0 days 00:32:11.375000,24,Census Tract 252
3035,Balboa St&6TH Ave SE-FS/BZ,37.777173,Gateway High School / Kipp Sf Bay Academy,-122.463849,0 days 00:09:08,31,Census Tract 451
3035,Balboa St&6TH Ave SE-FS/BZ,37.777173,Gateway High School / Kipp Sf Bay Academy,-122.463849,0 days 00:10:19.500000,31,Census Tract 451
3035,Balboa St&6TH Ave SE-FS/BZ,37.777173,Gateway High School / Kipp Sf Bay Academy,-122.463849,0 days 00:09:41,31,Census Tract 451
6597,Sutter St&Larkin St NW-FS/BZ,37.788011,Gateway High School / Kipp Sf Bay Academy,-122.418536,0 days 00:09:22.454545454,2,Census Tract 120.01
6597,Sutter St&Larkin St NW-FS/BZ,37.788011,Gateway High School / Kipp Sf Bay Academy,-122.418536,0 days 00:08:59.583333333,2,Census Tract 120.01
6597,Sutter St&Larkin St NW-FS/BZ,37.788011,Gateway High School / Kipp Sf Bay Academy,-122.418536,0 days 00:07:39.583333333,2,Census Tract 120.01
3250,14th Ave&Taraval St SE-NS,37.74317,"Lincoln, Abraham Lincoln High School",-122.47017,0 days 00:04:49.312500,48,Census Tract 308
3250,14th Ave&Taraval St SE-NS,37.74317,"Lincoln, Abraham Lincoln High School",-122.47017,0 days 00:05:28.562500,48,Census Tract 308
3250,14th Ave&Taraval St SE-NS,37.74317,"Lincoln, Abraham Lincoln High School",-122.47017,0 days 00:06:07.812500,48,Census Tract 308
8028,Mason St&Yacht/Girard Rd NS SW/PS,37.804816,Galileo High School,-122.448949,0 days 00:11:04.285714285,30,Census Tract 601
8028,Mason St&Yacht/Girard Rd NS SW/PS,37.804816,Galileo High School,-122.448949,0 days 00:14:34.076923076,30,Census Tract 601
8028,Mason St&Yacht/Girard Rd NS SW/PS,37.804816,Galileo High School,-122.448949,0 days 00:13:23.714285714,30,Census Tract 601
8028,Mason St&Yacht/Girard Rd NS SW/PS,37.804816,Galileo High School,-122.448949,0 days 00:12:43.285714285,30,Census Tract 601
8028,Mason St&Yacht/Girard Rd NS SW/PS,37.804816,Galileo High School,-122.448949,0 days 00:12:07.857142857,30,Census Tract 601
4967,Harrison St&3rd St W-FS/BZ,37.782436,"Washington, George Washington High School",-122.397676,0 days 00:39:47,31,Census Tract 178.01
4967,Harrison St&3rd St W-FS/BZ,37.782436,"Washington, George Washington High School",-122.397676,0 days 00:40:28,31,Census Tract 178.01
4967,Harrison St&3rd St W-FS/BZ,37.782436,"Washington, George Washington High School",-122.397676,0 days 00:41:00,31,Census Tract 178.01
4967,Harrison St&3rd St W-FS/BZ,37.782436,"Washington, George Washington High School",-122.397676,0 days 00:41:47,31,Census Tract 178.01
4967,Harrison St&3rd St W-FS/BZ,37.782436,Gateway High School / Kipp Sf Bay Academy,-122.397676,0 days 00:24:38,31,Census Tract 178.01
4967,Harrison St&3rd St W-FS/BZ,37.782436,Gateway High School / Kipp Sf Bay Academy,-122.397676,0 days 00:23:15.333333333,31,Census Tract 178.01
4967,Harrison St&3rd St W-FS/BZ,37.782436,Gateway High School / Kipp Sf Bay Academy,-122.397676,0 days 00:23:54.666666666,31,Census Tract 178.01
3687,Bacon St&Goettingen St NE-NS,37.72691,"Burton, Phillip And Sala Burton High School",-122.40648,0 days 00:01:57.285714285,54,Census Tract 257.02
3687,Bacon St&Goettingen St NE-NS,37.72691,"Burton, Phillip And Sala Burton High School",-122.40648,0 days 00:01:40.785714285,54,Census Tract 257.02
3469,24th St&Folsom St NW-FS/BZ,37.75256,"Lincoln, Abraham Lincoln High School",-122.414242,0 days 00:25:18.615384615,48,Census Tract 229.01
3469,24th St&Folsom St NW-FS/BZ,37.75256,"Lincoln, Abraham Lincoln High School",-122.414242,0 days 00:25:58.384615384,48,Census Tract 229.01
3469,24th St&Folsom St NW-FS/BZ,37.75256,"Lincoln, Abraham Lincoln High School",-122.414242,0 days 00:26:38.153846153,48,Census Tract 229.01
4487,Eddy St&Pierce St NE-NS/BZ,37.781081,"Washington, George Washington High School",-122.435515,0 days 00:15:26.545454545,31,Census Tract 158.01
4487,Eddy St&Pierce St NE-NS/BZ,37.781081,"Washington, George Washington High School",-122.435515,0 days 00:16:04.545454545,31,Census Tract 158.01
4487,Eddy St&Pierce St NE-NS/BZ,37.781081,"Washington, George Washington High School",-122.435515,0 days 00:16:34.363636363,31,Census Tract 158.01
4487,Eddy St&Pierce St NE-NS/BZ,37.781081,"Washington, George Washington High School",-122.435515,0 days 00:17:18.181818181,31,Census Tract 158.01
4487,Eddy St&Pierce St NE-NS/BZ,37.781081,Gateway High School / Kipp Sf Bay Academy,-122.435515,0 days 00:01:12.750000,31,Census Tract 158.01
4487,Eddy St&Pierce St NE-NS/BZ,37.781081,Gateway High School / Kipp Sf Bay Academy,-122.435515,0 days 00:00:34.750000,31,Census Tract 158.01
6608,Sutter St&Scott St SW-NS/BZ,37.785402,Gateway High School / Kipp Sf Bay Academy,-122.438322,0 days 00:01:05,2,Census Tract 155
7916,Transit Center Bay D,37.789975,"Washington, George Washington High School",-122.395206,0 days 00:47:49.200000,38,Census Tract 615.01
7916,Transit Center Bay D,37.789975,"Washington, George Washington High School",-122.395206,0 days 00:48:30,38,Census Tract 615.01
7916,Transit Center Bay D,37.789975,"Washington, George Washington High School",-122.395206,0 days 00:47:12,38,Census Tract 615.01
7916,Transit Center Bay D,37.789975,"Washington, George Washington High School",-122.395206,0 days 00:45:23.166666666,38,Census Tract 615.01
7916,Transit Center Bay D,37.789975,"Washington, George Washington High School",-122.395206,0 days 00:46:17.666666666,38,Census Tract 615.01
7916,Transit Center Bay D,37.789975,"Washington, George Washington High School",-122.395206,0 days 00:49:48,38,Census Tract 615.01
7916,Transit Center Bay D,37.789975,"Washington, George Washington High School",-122.395206,0 days 00:47:12,38,Census Tract 615.01
7916,Transit Center Bay D,37.789975,Gateway High School / Kipp Sf Bay Academy,-122.395206,0 days 00:24:39.105263157,38,Census Tract 615.01
7916,Transit Center Bay D,37.789975,Gateway High School / Kipp Sf Bay Academy,-122.395206,0 days 00:21:37.894736842,38,Census Tract 615.01
7916,Transit Center Bay D,37.789975,Gateway High School / Kipp Sf Bay Academy,-122.395206,0 days 00:23:51.421052631,38,Census Tract 615.01
7324,3rd St&Warriors Way SW-FS/SB,37.76871,Gateway High School / Kipp Sf Bay Academy,-122.389377,0 days 00:30:05.470588235,22,Census Tract 607.01
7324,3rd St&Warriors Way SW-FS/SB,37.76871,Gateway High School / Kipp Sf Bay Academy,-122.389377,0 days 00:28:59.529411764,22,Census Tract 607.01
8091,Van Ness Ave&Geary Blvd NS-S/SI,37.785647,Galileo High School,-122.421368,0 days 00:08:08.212121212,49,Census Tract 122.02
8091,Van Ness Ave&Geary Blvd NS-S/SI,37.785647,Galileo High School,-122.421368,0 days 00:08:50.870967741,49,Census Tract 122.02
8091,Van Ness Ave&Geary Blvd NS-S/SI,37.785647,Galileo High School,-122.421368,0 days 00:09:14.870967741,49,Census Tract 122.02
3892,California St&Presidio Ave NW-FS/BZ,37.787265,"Washington, George Washington High School",-122.446965,0 days 00:15:26.608695652,1,Census Tract 133
3892,California St&Presidio Ave NW-FS/BZ,37.787265,"Washington, George Washington High School",-122.446965,0 days 00:15:52.173913043,1,Census Tract 133
5340,Mansell St&Dartmouth St S-NS/PS,37.719376,"Burton, Phillip And Sala Burton High School",-122.409058,0 days 00:01:23.045454545,29,Census Tract 259
5340,Mansell St&Dartmouth St S-NS/PS,37.719376,"Burton, Phillip And Sala Burton High School",-122.409058,0 days 00:02:16,56,Census Tract 259
5340,Mansell St&Dartmouth St S-NS/PS,37.719376,"Burton, Phillip And Sala Burton High School",-122.409058,0 days 00:01:09.500000,29,Census Tract 259
5340,Mansell St&Dartmouth St S-NS/PS,37.719376,"Burton, Phillip And Sala Burton High School",-122.409058,0 days 00:01:40,56,Census Tract 259
5340,Mansell St&Dartmouth St S-NS/PS,37.719376,"Burton, Phillip And Sala Burton High School",-122.409058,0 days 00:00:27.409090909,29,Census Tract 259
5340,Mansell St&Dartmouth St S-NS/PS,37.719376,"Burton, Phillip And Sala Burton High School",-122.409058,0 days 00:00:18,56,Census Tract 259
5340,Mansell St&Dartmouth St S-NS/PS,37.719376,"Burton, Phillip And Sala Burton High School",-122.409058,0 days 00:00:55.727272727,29,Census Tract 259
5340,Mansell St&Dartmouth St S-NS/PS,37.719376,"Burton, Phillip And Sala Burton High School",-122.409058,0 days 00:00:36,56,Census Tract 259
5340,Mansell St&Dartmouth St S-NS/PS,37.719376,"Burton, Phillip And Sala Burton High School",-122.409058,0 days 00:01:04,56,Census Tract 259
4263,Geary Blvd&17TH Ave NE-NS/BZ,37.780597,"Washington, George Washington High School",-122.476045,0 days 00:07:51.571428571,38,Census Tract 426.02
4263,Geary Blvd&17TH Ave NE-NS/BZ,37.780597,"Washington, George Washington High School",-122.476045,0 days 00:08:35,38,Census Tract 426.02
4263,Geary Blvd&17TH Ave NE-NS/BZ,37.780597,"Washington, George Washington High School",-122.476045,0 days 00:07:11.857142857,38,Census Tract 426.02
4263,Geary Blvd&17TH Ave NE-NS/BZ,37.780597,"Washington, George Washington High School",-122.476045,0 days 00:04:51.800000,38,Census Tract 426.02
4263,Geary Blvd&17TH Ave NE-NS/BZ,37.780597,"Washington, George Washington High School",-122.476045,0 days 00:05:45.500000,38,Census Tract 426.02
4263,Geary Blvd&17TH Ave NE-NS/BZ,37.780597,"Washington, George Washington High School",-122.476045,0 days 00:09:54.714285714,38,Census Tract 426.02
4263,Geary Blvd&17TH Ave NE-NS/BZ,37.780597,"Washington, George Washington High School",-122.476045,0 days 00:07:17.181818181,38,Census Tract 426.02
3533,30th Ave&Taraval St SE-NS/PS,37.74241,"Lincoln, Abraham Lincoln High School",-122.48743,0 days 00:03:44.666666666,66,Census Tract 330.01
3533,30th Ave&Taraval St SE-NS/PS,37.74241,"Lincoln, Abraham Lincoln High School",-122.48743,0 days 00:03:14,66,Census Tract 330.01
3533,30th Ave&Taraval St SE-NS/PS,37.74241,"Lincoln, Abraham Lincoln High School",-122.48743,0 days 00:02:47,66,Census Tract 330.01
4758,Geary Blvd&Masonic Ave N-MB/BZ,37.782536,"Washington, George Washington High School",-122.44669,0 days 00:19:58.666666666,38,Census Tract 154.01
4758,Geary Blvd&Masonic Ave N-MB/BZ,37.782536,"Washington, George Washington High School",-122.44669,0 days 00:20:41,38,Census Tract 154.01
4758,Geary Blvd&Masonic Ave N-MB/BZ,37.782536,"Washington, George Washington High School",-122.44669,0 days 00:19:20,38,Census Tract 154.01
4758,Geary Blvd&Masonic Ave N-MB/BZ,37.782536,"Washington, George Washington High School",-122.44669,0 days 00:17:22.368421052,38,Census Tract 154.01
4758,Geary Blvd&Masonic Ave N-MB/BZ,37.782536,"Washington, George Washington High School",-122.44669,0 days 00:18:16.263157894,38,Census Tract 154.01
4758,Geary Blvd&Masonic Ave N-MB/BZ,37.782536,"Washington, George Washington High School",-122.44669,0 days 00:22:00,38,Census Tract 154.01
4758,Geary Blvd&Masonic Ave N-MB/BZ,37.782536,"Washington, George Washington High School",-122.44669,0 days 00:19:49.090909090,38,Census Tract 154.01
4758,Geary Blvd&Masonic Ave N-MB/BZ,37.782536,"Washington, George Washington High School",-122.44669,0 days 00:15:50.769230769,38R,Census Tract 154.01
6295,Sacramento St&Fillmore St NW-FS/BZ,37.78988,"Washington, George Washington High School",-122.43429,0 days 00:20:57.142857142,1,Census Tract 135
6295,Sacramento St&Fillmore St NW-FS/BZ,37.78988,"Washington, George Washington High School",-122.43429,0 days 00:21:22.857142857,1,Census Tract 135
4438,Division St&Townsend St NE-NS/BZ,37.769894,Galileo High School,-122.403301,0 days 00:28:40.100000,19,Census Tract 607.02
4438,Division St&Townsend St NE-NS/BZ,37.769894,Galileo High School,-122.403301,0 days 00:28:12.300000,19,Census Tract 607.02
4438,Division St&Townsend St NE-NS/BZ,37.769894,Galileo High School,-122.403301,0 days 00:27:14.300000,19,Census Tract 607.02
4438,Division St&Townsend St NE-NS/BZ,37.769894,Galileo High School,-122.403301,0 days 00:26:22.400000,19,Census Tract 607.02
4438,Division St&Townsend St NE-NS/BZ,37.769894,Galileo High School,-122.403301,0 days 00:25:18.600000,19,Census Tract 607.02
4247,Garfield St&Bright St SW-NS/SB,37.719791,"Burton, Phillip And Sala Burton High School",-122.463642,0 days 00:17:47.944444444,29,Census Tract 313.01
4247,Garfield St&Bright St SW-NS/SB,37.719791,"Burton, Phillip And Sala Burton High School",-122.463642,0 days 00:16:24,29,Census Tract 313.01
4247,Garfield St&Bright St SW-NS/SB,37.719791,"Burton, Phillip And Sala Burton High School",-122.463642,0 days 00:17:34.277777777,29,Census Tract 313.01
4247,Garfield St&Bright St SW-NS/SB,37.719791,"Burton, Phillip And Sala Burton High School",-122.463642,0 days 00:16:51.722222222,29,Census Tract 313.01
4247,Garfield St&Bright St SW-NS/SB,37.719791,"Burton, Phillip And Sala Burton High School",-122.463642,0 days 00:17:20.333333333,29,Census Tract 313.01
6468,Santiago St&17th Ave NE-NS,37.74507,"Lincoln, Abraham Lincoln High School",-122.4735,0 days 00:03:06,48,Census Tract 304
6468,Santiago St&17th Ave NE-NS,37.74507,"Lincoln, Abraham Lincoln High School",-122.4735,0 days 00:03:45.250000,48,Census Tract 304
6468,Santiago St&17th Ave NE-NS,37.74507,"Lincoln, Abraham Lincoln High School",-122.4735,0 days 00:04:24.500000,48,Census Tract 304
3047,Balboa St&21ST Ave NE-NS/PS,37.776563,"Washington, George Washington High School",-122.480056,0 days 00:01:59.714285714,31,Census Tract 477.01
3047,Balboa St&21ST Ave NE-NS/PS,37.776563,"Washington, George Washington High School",-122.480056,0 days 00:02:37.928571428,31,Census Tract 477.01
3047,Balboa St&21ST Ave NE-NS/PS,37.776563,"Washington, George Washington High School",-122.480056,0 days 00:03:07.928571428,31,Census Tract 477.01
3047,Balboa St&21ST Ave NE-NS/PS,37.776563,"Washington, George Washington High School",-122.480056,0 days 00:03:52,31,Census Tract 477.01
5160,Jackson St&Scott St NE-NS/PS,37.791932,Gateway High School / Kipp Sf Bay Academy,-122.43924,0 days 00:06:59.818181818,24,Census Tract 132
5160,Jackson St&Scott St NE-NS/PS,37.791932,Gateway High School / Kipp Sf Bay Academy,-122.43924,0 days 00:05:17.818181818,24,Census Tract 132
5160,Jackson St&Scott St NE-NS/PS,37.791932,Gateway High School / Kipp Sf Bay Academy,-122.43924,0 days 00:04:00.869565217,24,Census Tract 132
6607,Sutter St&Scott St NE-NS/BZ,37.78552,Gateway High School / Kipp Sf Bay Academy,-122.438078,0 days 00:00:39.090909090,2,Census Tract 153
3435,22nd St&Iowa St NE-FS/BZ,37.757754,"Lincoln, Abraham Lincoln High School",-122.392273,0 days 00:39:35.833333333,48,Census Tract 614.02
3435,22nd St&Iowa St NE-FS/BZ,37.757754,"Lincoln, Abraham Lincoln High School",-122.392273,0 days 00:40:15.833333333,48,Census Tract 614.02
3435,22nd St&Iowa St NE-FS/BZ,37.757754,"Lincoln, Abraham Lincoln High School",-122.392273,0 days 00:40:55.833333333,48,Census Tract 614.02
6714,Turk St&Chabot Ter NW-FS/BZ,37.778093,"Washington, George Washington High School",-122.451699,0 days 00:09:45.357142857,31,Census Tract 157.01
6714,Turk St&Chabot Ter NW-FS/BZ,37.778093,"Washington, George Washington High School",-122.451699,0 days 00:10:23.571428571,31,Census Tract 157.01
6714,Turk St&Chabot Ter NW-FS/BZ,37.778093,"Washington, George Washington High School",-122.451699,0 days 00:10:53.571428571,31,Census Tract 157.01
6714,Turk St&Chabot Ter NW-FS/BZ,37.778093,"Washington, George Washington High School",-122.451699,0 days 00:11:37.642857142,31,Census Tract 157.01
6145,Quintara St&24th Ave SW-NS/PS,37.74836,"Lincoln, Abraham Lincoln High School",-122.48157,0 days 00:00:40,48,Census Tract 328.01
6145,Quintara St&24th Ave SW-NS/PS,37.74836,"Lincoln, Abraham Lincoln High School",-122.48157,0 days 00:00:30.857142857,66,Census Tract 328.01
7915,Transit Center Bay C,37.789957,"Washington, George Washington High School",-122.395493,0 days 00:38:41.052631578,38R,Census Tract 615.01
7915,Transit Center Bay C,37.789957,Gateway High School / Kipp Sf Bay Academy,-122.395493,0 days 00:20:18.166666666,38R,Census Tract 615.01
7915,Transit Center Bay C,37.789957,Gateway High School / Kipp Sf Bay Academy,-122.395493,0 days 00:18:09.230769230,38R,Census Tract 615.01
7573,Quintara St&17th Ave NE-NS/SB,37.748833,"Lincoln, Abraham Lincoln High School",-122.473799,0 days 00:01:09.888888888,66,Census Tract 303.02
7573,Quintara St&17th Ave NE-NS/SB,37.748833,"Lincoln, Abraham Lincoln High School",-122.473799,0 days 00:01:37.777777777,66,Census Tract 303.02
7573,Quintara St&17th Ave NE-NS/SB,37.748833,"Lincoln, Abraham Lincoln High School",-122.473799,0 days 00:02:04,66,Census Tract 303.02
4292,Geary Blvd&Commonwealth St NW-FS/BZ,37.781528,"Washington, George Washington High School",-122.455677,0 days 00:16:06.666666666,38,Census Tract 154.01
4292,Geary Blvd&Commonwealth St NW-FS/BZ,37.781528,"Washington, George Washington High School",-122.455677,0 days 00:16:49,38,Census Tract 154.01
4292,Geary Blvd&Commonwealth St NW-FS/BZ,37.781528,"Washington, George Washington High School",-122.455677,0 days 00:15:28,38,Census Tract 154.01
4292,Geary Blvd&Commonwealth St NW-FS/BZ,37.781528,"Washington, George Washington High School",-122.455677,0 days 00:13:15.315789473,38,Census Tract 154.01
4292,Geary Blvd&Commonwealth St NW-FS/BZ,37.781528,"Washington, George Washington High School",-122.455677,0 days 00:14:09.210526315,38,Census Tract 154.01
4292,Geary Blvd&Commonwealth St NW-FS/BZ,37.781528,"Washington, George Washington High School",-122.455677,0 days 00:18:08,38,Census Tract 154.01
4292,Geary Blvd&Commonwealth St NW-FS/BZ,37.781528,"Washington, George Washington High School",-122.455677,0 days 00:15:40.545454545,38,Census Tract 154.01
6122,Portola Dr&Waithman Way W-FS/SB,37.741626,"Lincoln, Abraham Lincoln High School",-122.456521,0 days 00:10:03.687500,48,Census Tract 306
6122,Portola Dr&Waithman Way W-FS/SB,37.741626,"Lincoln, Abraham Lincoln High School",-122.456521,0 days 00:10:42.937500,48,Census Tract 306
6122,Portola Dr&Waithman Way W-FS/SB,37.741626,"Lincoln, Abraham Lincoln High School",-122.456521,0 days 00:11:22.187500,48,Census Tract 306
6603,Sutter St&Polk St NW-FS/BZ,37.787797,Gateway High School / Kipp Sf Bay Academy,-122.420198,0 days 00:08:44.272727272,2,Census Tract 120.01
6603,Sutter St&Polk St NW-FS/BZ,37.787797,Gateway High School / Kipp Sf Bay Academy,-122.420198,0 days 00:08:20.750000,2,Census Tract 120.01
6603,Sutter St&Polk St NW-FS/BZ,37.787797,Gateway High School / Kipp Sf Bay Academy,-122.420198,0 days 00:07:00.750000,2,Census Tract 120.01
6535,Sunset Blvd&Lawton St NW-NS/SB,37.757267,"Burton, Phillip And Sala Burton High School",-122.495585,0 days 00:38:14.071428571,29,Census Tract 351.02
6535,Sunset Blvd&Lawton St NW-NS/SB,37.757267,"Burton, Phillip And Sala Burton High School",-122.495585,0 days 00:36:49.214285714,29,Census Tract 351.02
6535,Sunset Blvd&Lawton St NW-NS/SB,37.757267,"Burton, Phillip And Sala Burton High School",-122.495585,0 days 00:38:00.285714285,29,Census Tract 351.02
6535,Sunset Blvd&Lawton St NW-NS/SB,37.757267,"Burton, Phillip And Sala Burton High School",-122.495585,0 days 00:37:17.214285714,29,Census Tract 351.02
6535,Sunset Blvd&Lawton St NW-NS/SB,37.757267,"Burton, Phillip And Sala Burton High School",-122.495585,0 days 00:37:46.142857142,29,Census Tract 351.02
3062,Balboa St&37TH Ave SW-NS/PS,37.775647,"Washington, George Washington High School",-122.497419,0 days 00:02:49.666666666,31,Census Tract 478.02
3062,Balboa St&37TH Ave SW-NS/PS,37.775647,"Washington, George Washington High School",-122.497419,0 days 00:02:12,31,Census Tract 478.02
3062,Balboa St&37TH Ave SW-NS/PS,37.775647,"Washington, George Washington High School",-122.497419,0 days 00:01:34.333333333,31,Census Tract 478.02
3062,Balboa St&37TH Ave SW-NS/PS,37.775647,"Washington, George Washington High School",-122.497419,0 days 00:01:04,18,Census Tract 478.02
3062,Balboa St&37TH Ave SW-NS/PS,37.775647,"Washington, George Washington High School",-122.497419,0 days 00:00:56.666666666,31,Census Tract 478.02
3062,Balboa St&37TH Ave SW-NS/PS,37.775647,"Washington, George Washington High School",-122.497419,0 days 00:02:11,18,Census Tract 478.02
3062,Balboa St&37TH Ave SW-NS/PS,37.775647,"Washington, George Washington High School",-122.497419,0 days 00:01:29,18,Census Tract 478.02
3062,Balboa St&37TH Ave SW-NS/PS,37.775647,"Washington, George Washington High School",-122.497419,0 days 00:03:05,18,Census Tract 478.02
3062,Balboa St&37TH Ave SW-NS/PS,37.775647,Gateway High School / Kipp Sf Bay Academy,-122.497419,0 days 00:19:12.666666666,31,Census Tract 478.02
3062,Balboa St&37TH Ave SW-NS/PS,37.775647,Gateway High School / Kipp Sf Bay Academy,-122.497419,0 days 00:20:24.166666666,31,Census Tract 478.02
3062,Balboa St&37TH Ave SW-NS/PS,37.775647,Gateway High School / Kipp Sf Bay Academy,-122.497419,0 days 00:19:45.666666666,31,Census Tract 478.02
5921,Persia Ave&Prague St W-NS/PS,37.718934,"Burton, Phillip And Sala Burton High School",-122.427348,0 days 00:05:59.952380952,29,Census Tract 260.03
5921,Persia Ave&Prague St W-NS/PS,37.718934,"Burton, Phillip And Sala Burton High School",-122.427348,0 days 00:04:36.714285714,29,Census Tract 260.03
5921,Persia Ave&Prague St W-NS/PS,37.718934,"Burton, Phillip And Sala Burton High School",-122.427348,0 days 00:05:46.380952380,29,Census Tract 260.03
5921,Persia Ave&Prague St W-NS/PS,37.718934,"Burton, Phillip And Sala Burton High School",-122.427348,0 days 00:05:04.190476190,29,Census Tract 260.03
5921,Persia Ave&Prague St W-NS/PS,37.718934,"Burton, Phillip And Sala Burton High School",-122.427348,0 days 00:05:32.571428571,29,Census Tract 260.03
5501,Middle Point Rd & Acacia,37.737011,Galileo High School,-122.379321,0 days 00:48:38.142857142,19,Census Tract 231.03
5501,Middle Point Rd & Acacia,37.737011,Galileo High School,-122.379321,0 days 00:48:09.285714285,19,Census Tract 231.03
5501,Middle Point Rd & Acacia,37.737011,Galileo High School,-122.379321,0 days 00:47:08.857142857,19,Census Tract 231.03
5501,Middle Point Rd & Acacia,37.737011,Galileo High School,-122.379321,0 days 00:46:14.857142857,19,Census Tract 231.03
5501,Middle Point Rd & Acacia,37.737011,Galileo High School,-122.379321,0 days 00:45:08.428571428,19,Census Tract 231.03
6161,Quintara St&39th Ave SW-NS,37.74763,"Lincoln, Abraham Lincoln High School",-122.49763,0 days 00:06:58.461538461,48,Census Tract 353
6161,Quintara St&39th Ave SW-NS,37.74763,"Lincoln, Abraham Lincoln High School",-122.49763,0 days 00:06:18.714285714,48,Census Tract 353
6161,Quintara St&39th Ave SW-NS,37.74763,"Lincoln, Abraham Lincoln High School",-122.49763,0 days 00:05:43.714285714,48,Census Tract 353
7326,Garfield St&Vernon St SW-NS/SB,37.719594,"Burton, Phillip And Sala Burton High School",-122.468155,0 days 00:19:12.444444444,29,Census Tract 313.01
7326,Garfield St&Vernon St SW-NS/SB,37.719594,"Burton, Phillip And Sala Burton High School",-122.468155,0 days 00:17:48.500000,29,Census Tract 313.01
7326,Garfield St&Vernon St SW-NS/SB,37.719594,"Burton, Phillip And Sala Burton High School",-122.468155,0 days 00:18:58.777777777,29,Census Tract 313.01
7326,Garfield St&Vernon St SW-NS/SB,37.719594,"Burton, Phillip And Sala Burton High School",-122.468155,0 days 00:18:16.222222222,29,Census Tract 313.01
7326,Garfield St&Vernon St SW-NS/SB,37.719594,"Burton, Phillip And Sala Burton High School",-122.468155,0 days 00:18:44.833333333,29,Census Tract 313.01
3356,19th Ave&Holloway Ave NW-NS/SB,37.72111,"Burton, Phillip And Sala Burton High School",-122.475302,0 days 00:23:42.611111111,29,Census Tract 309
3356,19th Ave&Holloway Ave NW-NS/SB,37.72111,"Burton, Phillip And Sala Burton High School",-122.475302,0 days 00:22:18.666666666,29,Census Tract 309
3356,19th Ave&Holloway Ave NW-NS/SB,37.72111,"Burton, Phillip And Sala Burton High School",-122.475302,0 days 00:23:28.944444444,29,Census Tract 309
3356,19th Ave&Holloway Ave NW-NS/SB,37.72111,"Burton, Phillip And Sala Burton High School",-122.475302,0 days 00:22:46.388888888,29,Census Tract 309
3356,19th Ave&Holloway Ave NW-NS/SB,37.72111,"Burton, Phillip And Sala Burton High School",-122.475302,0 days 00:23:15,29,Census Tract 309
3055,Balboa St&30TH Ave NW-FS/PS,37.776114,"Washington, George Washington High School",-122.489958,0 days 00:00:30,31,Census Tract 478.01
3055,Balboa St&30TH Ave NW-FS/PS,37.776114,"Washington, George Washington High School",-122.489958,0 days 00:01:14.066666666,31,Census Tract 478.01
3507,25th St&Dakota St NW-FS/PS,37.752500000000005,"Lincoln, Abraham Lincoln High School",-122.394832,0 days 00:36:44.833333333,48,Census Tract 614.01
3507,25th St&Dakota St NW-FS/PS,37.752500000000005,"Lincoln, Abraham Lincoln High School",-122.394832,0 days 00:37:24.833333333,48,Census Tract 614.01
3507,25th St&Dakota St NW-FS/PS,37.752500000000005,"Lincoln, Abraham Lincoln High School",-122.394832,0 days 00:38:04.833333333,48,Census Tract 614.01
3572,45th Ave&Cabrillo St NE-FS/PS,37.773573,"Washington, George Washington High School",-122.50567,0 days 00:05:59.333333333,31,Census Tract 479.03
3572,45th Ave&Cabrillo St NE-FS/PS,37.773573,"Washington, George Washington High School",-122.50567,0 days 00:05:21.666666666,31,Census Tract 479.03
3572,45th Ave&Cabrillo St NE-FS/PS,37.773573,"Washington, George Washington High School",-122.50567,0 days 00:04:44,31,Census Tract 479.03
3572,45th Ave&Cabrillo St NE-FS/PS,37.773573,"Washington, George Washington High School",-122.50567,0 days 00:04:36,18,Census Tract 479.03
3572,45th Ave&Cabrillo St NE-FS/PS,37.773573,"Washington, George Washington High School",-122.50567,0 days 00:04:06.333333333,31,Census Tract 479.03
3572,45th Ave&Cabrillo St NE-FS/PS,37.773573,"Washington, George Washington High School",-122.50567,0 days 00:05:43,18,Census Tract 479.03
3572,45th Ave&Cabrillo St NE-FS/PS,37.773573,"Washington, George Washington High School",-122.50567,0 days 00:05:01,18,Census Tract 479.03
3572,45th Ave&Cabrillo St NE-FS/PS,37.773573,"Washington, George Washington High School",-122.50567,0 days 00:06:37,18,Census Tract 479.03
3572,45th Ave&Cabrillo St NE-FS/PS,37.773573,Gateway High School / Kipp Sf Bay Academy,-122.50567,0 days 00:22:22.333333333,31,Census Tract 479.03
3572,45th Ave&Cabrillo St NE-FS/PS,37.773573,Gateway High School / Kipp Sf Bay Academy,-122.50567,0 days 00:23:33.833333333,31,Census Tract 479.03
3572,45th Ave&Cabrillo St NE-FS/PS,37.773573,Gateway High School / Kipp Sf Bay Academy,-122.50567,0 days 00:22:55.333333333,31,Census Tract 479.03
3833,California St&16TH Ave NE-NS/BZ,37.784386,"Washington, George Washington High School",-122.475229,0 days 00:06:35.153846153,1,Census Tract 426.02
3833,California St&16TH Ave NE-NS/BZ,37.784386,"Washington, George Washington High School",-122.475229,0 days 00:07:00.500000,1,Census Tract 426.02
6433,Skyline Blvd&Sloat Blvd SE-NS/PS,37.733693,"Washington, George Washington High School",-122.49667,0 days 00:21:50,18,Census Tract 331
6433,Skyline Blvd&Sloat Blvd SE-NS/PS,37.733693,"Washington, George Washington High School",-122.49667,0 days 00:22:57,18,Census Tract 331
6433,Skyline Blvd&Sloat Blvd SE-NS/PS,37.733693,"Washington, George Washington High School",-122.49667,0 days 00:22:15,18,Census Tract 331
6433,Skyline Blvd&Sloat Blvd SE-NS/PS,37.733693,"Washington, George Washington High School",-122.49667,0 days 00:23:51,18,Census Tract 331
5272,Lombard St&Divisadero St SE-FS/BZ,37.798971,Galileo High School,-122.442482,0 days 00:08:09.375000,28,Census Tract 128.01
5272,Lombard St&Divisadero St SE-FS/BZ,37.798971,Galileo High School,-122.442482,0 days 00:07:19.500000,28,Census Tract 128.01
5272,Lombard St&Divisadero St SE-FS/BZ,37.798971,Galileo High School,-122.442482,0 days 00:05:43.125000,28,Census Tract 128.01
5272,Lombard St&Divisadero St SE-FS/BZ,37.798971,Galileo High School,-122.442482,0 days 00:06:32.625000,28,Census Tract 128.01
6189,Rhode Island St&16th St NE-FS/SB,37.76644,Galileo High School,-122.40266,0 days 00:30:05,19,Census Tract 607.02
6189,Rhode Island St&16th St NE-FS/SB,37.76644,Galileo High School,-122.40266,0 days 00:29:37.200000,19,Census Tract 607.02
6189,Rhode Island St&16th St NE-FS/SB,37.76644,Galileo High School,-122.40266,0 days 00:28:39.200000,19,Census Tract 607.02
6189,Rhode Island St&16th St NE-FS/SB,37.76644,Galileo High School,-122.40266,0 days 00:27:47.300000,19,Census Tract 607.02
6189,Rhode Island St&16th St NE-FS/SB,37.76644,Galileo High School,-122.40266,0 days 00:26:43.500000,19,Census Tract 607.02
4633,Fillmore St&O'Farrell St SE-NS/BZ,37.783193,Gateway High School / Kipp Sf Bay Academy,-122.432627,0 days 00:01:04.666666666,22,Census Tract 159
8152,Mason St - Sports Basement NS SW/PS,37.803565,Galileo High School,-122.458967,0 days 00:14:28.785714285,30,Census Tract 601
8152,Mason St - Sports Basement NS SW/PS,37.803565,Galileo High School,-122.458967,0 days 00:17:57.615384615,30,Census Tract 601
8152,Mason St - Sports Basement NS SW/PS,37.803565,Galileo High School,-122.458967,0 days 00:16:48.214285714,30,Census Tract 601
8152,Mason St - Sports Basement NS SW/PS,37.803565,Galileo High School,-122.458967,0 days 00:16:07.785714285,30,Census Tract 601
8152,Mason St - Sports Basement NS SW/PS,37.803565,Galileo High School,-122.458967,0 days 00:15:32.357142857,30,Census Tract 601
6587,Sutter St&Buchanan St NE-NS/BZ,37.786577,Gateway High School / Kipp Sf Bay Academy,-122.429863,0 days 00:04:12.636363636,2,Census Tract 152.02
6587,Sutter St&Buchanan St NE-NS/BZ,37.786577,Gateway High School / Kipp Sf Bay Academy,-122.429863,0 days 00:03:39.666666666,2,Census Tract 152.02
6587,Sutter St&Buchanan St NE-NS/BZ,37.786577,Gateway High School / Kipp Sf Bay Academy,-122.429863,0 days 00:02:19.666666666,2,Census Tract 152.02
4354,De Haro St&20TH St SE-NS/SB,37.759667,Galileo High School,-122.401026,0 days 00:33:05.500000,19,Census Tract 227.04
4354,De Haro St&20TH St SE-NS/SB,37.759667,Galileo High School,-122.401026,0 days 00:32:37.700000,19,Census Tract 227.04
4354,De Haro St&20TH St SE-NS/SB,37.759667,Galileo High School,-122.401026,0 days 00:31:39.700000,19,Census Tract 227.04
4354,De Haro St&20TH St SE-NS/SB,37.759667,Galileo High School,-122.401026,0 days 00:30:47.800000,19,Census Tract 227.04
4354,De Haro St&20TH St SE-NS/SB,37.759667,Galileo High School,-122.401026,0 days 00:29:44,19,Census Tract 227.04
3582,46th Ave&Lincoln Way SE-NS/PS,37.764035,"Washington, George Washington High School",-122.50611,0 days 00:09:57,18,Census Tract 352.02
3582,46th Ave&Lincoln Way SE-NS/PS,37.764035,"Washington, George Washington High School",-122.50611,0 days 00:11:04,18,Census Tract 352.02
3582,46th Ave&Lincoln Way SE-NS/PS,37.764035,"Washington, George Washington High School",-122.50611,0 days 00:10:22,18,Census Tract 352.02
3582,46th Ave&Lincoln Way SE-NS/PS,37.764035,"Washington, George Washington High School",-122.50611,0 days 00:11:58,18,Census Tract 352.02
5458,North Point St&Hyde St NE-NS/BZ,37.805803,"Lincoln, Abraham Lincoln High School",-122.420226,0 days 00:30:47.833333333,28,Census Tract 102.02
5458,North Point St&Hyde St NE-NS/BZ,37.805803,Galileo High School,-122.420226,0 days 00:00:40.285714285,28,Census Tract 102.02
5458,North Point St&Hyde St NE-NS/BZ,37.805803,Galileo High School,-122.420226,0 days 00:00:42.172413793,30,Census Tract 102.02
5458,North Point St&Hyde St NE-NS/BZ,37.805803,Galileo High School,-122.420226,0 days 00:01:31.571428571,28,Census Tract 102.02
5458,North Point St&Hyde St NE-NS/BZ,37.805803,Galileo High School,-122.420226,0 days 00:01:34.965517241,30,Census Tract 102.02
5458,North Point St&Hyde St NE-NS/BZ,37.805803,Galileo High School,-122.420226,0 days 00:03:13,28,Census Tract 102.02
5458,North Point St&Hyde St NE-NS/BZ,37.805803,Galileo High School,-122.420226,0 days 00:03:29,30,Census Tract 102.02
5458,North Point St&Hyde St NE-NS/BZ,37.805803,Galileo High School,-122.420226,0 days 00:02:13.714285714,28,Census Tract 102.02
5458,North Point St&Hyde St NE-NS/BZ,37.805803,Galileo High School,-122.420226,0 days 00:02:21.517241379,30,Census Tract 102.02
5458,North Point St&Hyde St NE-NS/BZ,37.805803,Galileo High School,-122.420226,0 days 00:04:48.052631578,30,Census Tract 102.02
4615,Fillmore St&Geary Blvd SW-FS/BZ,37.783984,Gateway High School / Kipp Sf Bay Academy,-122.43291,0 days 00:00:34.800000,22,Census Tract 159
7985,Moscow St&Avalon Ave E-NS/PS,37.724278,"Burton, Phillip And Sala Burton High School",-122.425285,0 days 00:05:57.250000,54,Census Tract 260.02
7985,Moscow St&Avalon Ave E-NS/PS,37.724278,"Burton, Phillip And Sala Burton High School",-122.425285,0 days 00:06:14.666666666,54,Census Tract 260.02
6003,Polk St&Union St NE-FS/BZ,37.79901,Galileo High School,-122.42233,0 days 00:04:27.384615384,19,Census Tract 109.02
6003,Polk St&Union St NE-FS/BZ,37.79901,Galileo High School,-122.42233,0 days 00:04:00.153846153,19,Census Tract 109.02
6003,Polk St&Union St NE-FS/BZ,37.79901,Galileo High School,-122.42233,0 days 00:03:03.461538461,19,Census Tract 109.02
6003,Polk St&Union St NE-FS/BZ,37.79901,Galileo High School,-122.42233,0 days 00:02:12.692307692,19,Census Tract 109.02
6003,Polk St&Union St NE-FS/BZ,37.79901,Galileo High School,-122.42233,0 days 00:01:10.307692307,19,Census Tract 109.02
5805,Ocean Ave&San Jose St SE-FS/BZ,37.7229,"Burton, Phillip And Sala Burton High School",-122.4444,0 days 00:10:19.368421052,29,Census Tract 261
5805,Ocean Ave&San Jose St SE-FS/BZ,37.7229,"Burton, Phillip And Sala Burton High School",-122.4444,0 days 00:08:55.684210526,29,Census Tract 261
5805,Ocean Ave&San Jose St SE-FS/BZ,37.7229,"Burton, Phillip And Sala Burton High School",-122.4444,0 days 00:10:05.736842105,29,Census Tract 261
5805,Ocean Ave&San Jose St SE-FS/BZ,37.7229,"Burton, Phillip And Sala Burton High School",-122.4444,0 days 00:09:23.315789473,29,Census Tract 261
5805,Ocean Ave&San Jose St SE-FS/BZ,37.7229,"Burton, Phillip And Sala Burton High School",-122.4444,0 days 00:09:51.842105263,29,Census Tract 261
5805,Ocean Ave&San Jose St SE-FS/BZ,37.7229,Galileo High School,-122.4444,0 days 00:46:35.666666666,49,Census Tract 261
5805,Ocean Ave&San Jose St SE-FS/BZ,37.7229,Galileo High School,-122.4444,0 days 00:47:08.750000,49,Census Tract 261
5805,Ocean Ave&San Jose St SE-FS/BZ,37.7229,Galileo High School,-122.4444,0 days 00:47:32.750000,49,Census Tract 261
7187,Middle Point Rd&Hare St SE-NS/SB,37.734388,Galileo High School,-122.379358,0 days 00:49:23.714285714,19,Census Tract 231.03
7187,Middle Point Rd&Hare St SE-NS/SB,37.734388,Galileo High School,-122.379358,0 days 00:48:54.857142857,19,Census Tract 231.03
7187,Middle Point Rd&Hare St SE-NS/SB,37.734388,Galileo High School,-122.379358,0 days 00:47:54.428571428,19,Census Tract 231.03
7187,Middle Point Rd&Hare St SE-NS/SB,37.734388,Galileo High School,-122.379358,0 days 00:47:00.428571428,19,Census Tract 231.03
7187,Middle Point Rd&Hare St SE-NS/SB,37.734388,Galileo High School,-122.379358,0 days 00:45:54,19,Census Tract 231.03
5671,Market St&Front St N-NS/BZ,37.79192,Gateway High School / Kipp Sf Bay Academy,-122.39815,0 days 00:17:44.800000,2,Census Tract 117
5671,Market St&Front St N-NS/BZ,37.79192,Gateway High School / Kipp Sf Bay Academy,-122.39815,0 days 00:17:35,2,Census Tract 117
5671,Market St&Front St N-NS/BZ,37.79192,Gateway High School / Kipp Sf Bay Academy,-122.39815,0 days 00:16:14.090909090,2,Census Tract 117
8116,Stockton&Washington St SE-NS/BZ,37.79486,Galileo High School,-122.408009,0 days 00:10:33.538461538,30,Census Tract 611.02
8116,Stockton&Washington St SE-NS/BZ,37.79486,Galileo High School,-122.408009,0 days 00:11:27.307692307,30,Census Tract 611.02
8116,Stockton&Washington St SE-NS/BZ,37.79486,Galileo High School,-122.408009,0 days 00:13:18.250000,30,Census Tract 611.02
8116,Stockton&Washington St SE-NS/BZ,37.79486,Galileo High School,-122.408009,0 days 00:12:14.846153846,30,Census Tract 611.02
8116,Stockton&Washington St SE-NS/BZ,37.79486,Galileo High School,-122.408009,0 days 00:14:38.500000,30,Census Tract 611.02
4071,Clipper St&Diamond Heights Blvd-NS,37.74689,"Lincoln, Abraham Lincoln High School",-122.44396,0 days 00:13:43.687500,48,Census Tract 213
4071,Clipper St&Diamond Heights Blvd-NS,37.74689,"Lincoln, Abraham Lincoln High School",-122.44396,0 days 00:14:22.937500,48,Census Tract 213
4071,Clipper St&Diamond Heights Blvd-NS,37.74689,"Lincoln, Abraham Lincoln High School",-122.44396,0 days 00:15:02.187500,48,Census Tract 213
6250,Revere Ave&Ingalls St W-NS,37.7285,"Burton, Phillip And Sala Burton High School",-122.38469,0 days 00:12:59.090909090,54,Census Tract 232
6250,Revere Ave&Ingalls St W-NS,37.7285,"Burton, Phillip And Sala Burton High School",-122.38469,0 days 00:12:42.454545454,54,Census Tract 232
5983,Polk St&Broadway NE-FS/BZ,37.796185,Galileo High School,-122.421731,0 days 00:05:48.615384615,19,Census Tract 109.02
5983,Polk St&Broadway NE-FS/BZ,37.796185,Galileo High School,-122.421731,0 days 00:05:21.384615384,19,Census Tract 109.02
5983,Polk St&Broadway NE-FS/BZ,37.796185,Galileo High School,-122.421731,0 days 00:04:24.692307692,19,Census Tract 109.02
5983,Polk St&Broadway NE-FS/BZ,37.796185,Galileo High School,-122.421731,0 days 00:03:33.923076923,19,Census Tract 109.02
5983,Polk St&Broadway NE-FS/BZ,37.796185,Galileo High School,-122.421731,0 days 00:02:31.538461538,19,Census Tract 109.02
5460,North Point St&Jones St NW-FS/BZ,37.806168,"Lincoln, Abraham Lincoln High School",-122.417405,0 days 00:31:54.333333333,28,Census Tract 101.01
5460,North Point St&Jones St NW-FS/BZ,37.806168,Galileo High School,-122.417405,0 days 00:01:49.571428571,28,Census Tract 101.01
5460,North Point St&Jones St NW-FS/BZ,37.806168,Galileo High School,-122.417405,0 days 00:02:40.857142857,28,Census Tract 101.01
5460,North Point St&Jones St NW-FS/BZ,37.806168,Galileo High School,-122.417405,0 days 00:04:22.315789473,28,Census Tract 101.01
5460,North Point St&Jones St NW-FS/BZ,37.806168,Galileo High School,-122.417405,0 days 00:03:23,28,Census Tract 101.01
5997,Polk St&Post St SE-FS/BZ,37.78703,Galileo High School,-122.4199,0 days 00:11:18.461538461,19,Census Tract 120.02
5997,Polk St&Post St SE-FS/BZ,37.78703,Galileo High School,-122.4199,0 days 00:10:51.230769230,19,Census Tract 120.02
5997,Polk St&Post St SE-FS/BZ,37.78703,Galileo High School,-122.4199,0 days 00:09:54.538461538,19,Census Tract 120.02
5997,Polk St&Post St SE-FS/BZ,37.78703,Galileo High School,-122.4199,0 days 00:09:03.769230769,19,Census Tract 120.02
5997,Polk St&Post St SE-FS/BZ,37.78703,Galileo High School,-122.4199,0 days 00:08:01.384615384,19,Census Tract 120.02
3355,19th Ave&Eucalyptus Dr NE-FS/BB,37.731300000000005,"Lincoln, Abraham Lincoln High School",-122.474759,0 days 00:06:20.473684210,28,Census Tract 309
3355,19th Ave&Eucalyptus Dr NE-FS/BB,37.731300000000005,Galileo High School,-122.474759,0 days 00:39:57.900000,28,Census Tract 309
3355,19th Ave&Eucalyptus Dr NE-FS/BB,37.731300000000005,Galileo High School,-122.474759,0 days 00:39:06.900000,28,Census Tract 309
3355,19th Ave&Eucalyptus Dr NE-FS/BB,37.731300000000005,Galileo High School,-122.474759,0 days 00:37:28.900000,28,Census Tract 309
3355,19th Ave&Eucalyptus Dr NE-FS/BB,37.731300000000005,Galileo High School,-122.474759,0 days 00:38:18.900000,28,Census Tract 309
7980,Moscow St&Italy Ave E-NS/PS,37.714928,"Burton, Phillip And Sala Burton High School",-122.432308,0 days 00:10:56.166666666,54,Census Tract 263.02
7980,Moscow St&Italy Ave E-NS/PS,37.714928,"Burton, Phillip And Sala Burton High School",-122.432308,0 days 00:11:13.583333333,54,Census Tract 263.02
5114,Ingalls St&Van Dyke Ave N-NS,37.72611,"Burton, Phillip And Sala Burton High School",-122.38677,0 days 00:11:44.818181818,54,Census Tract 232
5114,Ingalls St&Van Dyke Ave N-NS,37.72611,"Burton, Phillip And Sala Burton High School",-122.38677,0 days 00:11:28.181818181,54,Census Tract 232
4561,Evans Ave&Quint St N-FS/PS,37.744245,Galileo High School,-122.390531,0 days 00:44:56.857142857,19,Census Tract 9809
4561,Evans Ave&Quint St N-FS/PS,37.744245,Galileo High School,-122.390531,0 days 00:44:28,19,Census Tract 9809
4561,Evans Ave&Quint St N-FS/PS,37.744245,Galileo High School,-122.390531,0 days 00:43:27.571428571,19,Census Tract 9809
4561,Evans Ave&Quint St N-FS/PS,37.744245,Galileo High School,-122.390531,0 days 00:42:33.571428571,19,Census Tract 9809
4561,Evans Ave&Quint St N-FS/PS,37.744245,Galileo High School,-122.390531,0 days 00:41:27.142857142,19,Census Tract 9809
6512,Stockton St&Columbus Ave SE-NS/BZ,37.79913,Galileo High School,-122.40887,0 days 00:07:24.538461538,30,Census Tract 107.02
6512,Stockton St&Columbus Ave SE-NS/BZ,37.79913,Galileo High School,-122.40887,0 days 00:08:18.307692307,30,Census Tract 107.02
6512,Stockton St&Columbus Ave SE-NS/BZ,37.79913,Galileo High School,-122.40887,0 days 00:10:09.250000,30,Census Tract 107.02
6512,Stockton St&Columbus Ave SE-NS/BZ,37.79913,Galileo High School,-122.40887,0 days 00:09:05.846153846,30,Census Tract 107.02
6512,Stockton St&Columbus Ave SE-NS/BZ,37.79913,Galileo High School,-122.40887,0 days 00:11:29.500000,30,Census Tract 107.02
4611,Fillmore St&Eddy St NE-FS/BZ,37.781733,Gateway High School / Kipp Sf Bay Academy,-122.432329,0 days 00:02:06.333333333,22,Census Tract 159
4611,Fillmore St&Eddy St NE-FS/BZ,37.781733,Gateway High School / Kipp Sf Bay Academy,-122.432329,0 days 00:01:01.666666666,22,Census Tract 159
6559,Sunset Blvd&Vicente St NW-NS/SB,37.738619,"Burton, Phillip And Sala Burton High School",-122.494279,0 days 00:33:01.285714285,29,Census Tract 353
6559,Sunset Blvd&Vicente St NW-NS/SB,37.738619,"Burton, Phillip And Sala Burton High School",-122.494279,0 days 00:31:36.428571428,29,Census Tract 353
6559,Sunset Blvd&Vicente St NW-NS/SB,37.738619,"Burton, Phillip And Sala Burton High School",-122.494279,0 days 00:32:47.500000,29,Census Tract 353
6559,Sunset Blvd&Vicente St NW-NS/SB,37.738619,"Burton, Phillip And Sala Burton High School",-122.494279,0 days 00:32:04.428571428,29,Census Tract 353
6559,Sunset Blvd&Vicente St NW-NS/SB,37.738619,"Burton, Phillip And Sala Burton High School",-122.494279,0 days 00:32:33.357142857,29,Census Tract 353
3275,16th Ave&Lomita Ave NW-NS/SB,37.75697,"Lincoln, Abraham Lincoln High School",-122.47351,0 days 00:03:57.444444444,66,Census Tract 303.01
3275,16th Ave&Lomita Ave NW-NS/SB,37.75697,"Lincoln, Abraham Lincoln High School",-122.47351,0 days 00:04:25.333333333,66,Census Tract 303.01
3275,16th Ave&Lomita Ave NW-NS/SB,37.75697,"Lincoln, Abraham Lincoln High School",-122.47351,0 days 00:04:49.500000,66,Census Tract 303.01
6819,Van Ness &North Point W-MB/BZ,37.80485,"Lincoln, Abraham Lincoln High School",-122.42546,0 days 00:28:39.833333333,28,Census Tract 126.02
6819,Van Ness &North Point W-MB/BZ,37.80485,Galileo High School,-122.42546,0 days 00:00:59.315789473,28,Census Tract 126.02
6819,Van Ness &North Point W-MB/BZ,37.80485,Galileo High School,-122.42546,0 days 00:01:12.473684210,30,Census Tract 126.02
6819,Van Ness &North Point W-MB/BZ,37.80485,Galileo High School,-122.42546,0 days 00:01:55,49,Census Tract 126.02
6819,Van Ness &North Point W-MB/BZ,37.80485,Galileo High School,-122.42546,0 days 00:02:31.526315789,30,Census Tract 126.02
5291,Louisburg St&Geneva Ave S-NS,37.72163,"Burton, Phillip And Sala Burton High School",-122.44935,0 days 00:18:06.636363636,54,Census Tract 312.02
5291,Louisburg St&Geneva Ave S-NS,37.72163,"Burton, Phillip And Sala Burton High School",-122.44935,0 days 00:18:24,54,Census Tract 312.02
3375,19th Ave&Noriega St SW-FS/BB,37.75392,"Lincoln, Abraham Lincoln High School",-122.47653,0 days 00:02:24.750000,28,Census Tract 328.02
4356,De Haro St&23RD St NE-FS/PS,37.754885,Galileo High School,-122.400571,0 days 00:35:00,19,Census Tract 614.01
4356,De Haro St&23RD St NE-FS/PS,37.754885,Galileo High School,-122.400571,0 days 00:34:32.200000,19,Census Tract 614.01
4356,De Haro St&23RD St NE-FS/PS,37.754885,Galileo High School,-122.400571,0 days 00:33:34.200000,19,Census Tract 614.01
4356,De Haro St&23RD St NE-FS/PS,37.754885,Galileo High School,-122.400571,0 days 00:32:42.300000,19,Census Tract 614.01
4356,De Haro St&23RD St NE-FS/PS,37.754885,Galileo High School,-122.400571,0 days 00:31:38.500000,19,Census Tract 614.01
5103,Innes Ave&Hunters Point Blvd N-FS,37.732915,Galileo High School,-122.377229,0 days 00:50:05.857142857,19,Census Tract 231.03
5103,Innes Ave&Hunters Point Blvd N-FS,37.732915,Galileo High School,-122.377229,0 days 00:49:37,19,Census Tract 231.03
5103,Innes Ave&Hunters Point Blvd N-FS,37.732915,Galileo High School,-122.377229,0 days 00:48:36.571428571,19,Census Tract 231.03
5103,Innes Ave&Hunters Point Blvd N-FS,37.732915,Galileo High School,-122.377229,0 days 00:47:42.571428571,19,Census Tract 231.03
5103,Innes Ave&Hunters Point Blvd N-FS,37.732915,Galileo High School,-122.377229,0 days 00:46:36.142857142,19,Census Tract 231.03
6719,Turk St&Jones St NW-FS/BZ,37.783039,"Washington, George Washington High School",-122.412577,0 days 00:27:09.875000,31,Census Tract 125.02
6719,Turk St&Jones St NW-FS/BZ,37.783039,"Washington, George Washington High School",-122.412577,0 days 00:27:48.625000,31,Census Tract 125.02
6719,Turk St&Jones St NW-FS/BZ,37.783039,"Washington, George Washington High School",-122.412577,0 days 00:28:19.125000,31,Census Tract 125.02
6719,Turk St&Jones St NW-FS/BZ,37.783039,"Washington, George Washington High School",-122.412577,0 days 00:29:03.875000,31,Census Tract 125.02
6719,Turk St&Jones St NW-FS/BZ,37.783039,Gateway High School / Kipp Sf Bay Academy,-122.412577,0 days 00:12:52.333333333,31,Census Tract 125.02
6719,Turk St&Jones St NW-FS/BZ,37.783039,Gateway High School / Kipp Sf Bay Academy,-122.412577,0 days 00:11:37.888888888,31,Census Tract 125.02
6719,Turk St&Jones St NW-FS/BZ,37.783039,Gateway High School / Kipp Sf Bay Academy,-122.412577,0 days 00:12:13.444444444,31,Census Tract 125.02
4784,Gilman Ave&Griffith St W-NS/PS,37.718234,"Burton, Phillip And Sala Burton High School",-122.388272,0 days 00:09:33.454545454,29,Census Tract 234
4784,Gilman Ave&Griffith St W-NS/PS,37.718234,"Burton, Phillip And Sala Burton High School",-122.388272,0 days 00:11:09.181818181,29,Census Tract 234
4784,Gilman Ave&Griffith St W-NS/PS,37.718234,"Burton, Phillip And Sala Burton High School",-122.388272,0 days 00:09:54.272727272,29,Census Tract 234
4784,Gilman Ave&Griffith St W-NS/PS,37.718234,"Burton, Phillip And Sala Burton High School",-122.388272,0 days 00:10:36.454545454,29,Census Tract 234
4784,Gilman Ave&Griffith St W-NS/PS,37.718234,"Burton, Phillip And Sala Burton High School",-122.388272,0 days 00:10:07.181818181,29,Census Tract 234
5553,Mission St&18th St NE-FS/BZ,37.762635,Galileo High School,-122.419348,0 days 00:20:59.931034482,49,Census Tract 208.02
5553,Mission St&18th St NE-FS/BZ,37.762635,Galileo High School,-122.419348,0 days 00:21:36,49,Census Tract 208.02
5553,Mission St&18th St NE-FS/BZ,37.762635,Galileo High School,-122.419348,0 days 00:22:00,49,Census Tract 208.02
3291,16th St&Mission St NE-NS/BZ,37.765152,Gateway High School / Kipp Sf Bay Academy,-122.419611,0 days 00:17:40.966666666,22,Census Tract 201.02
3291,16th St&Mission St NE-NS/BZ,37.765152,Gateway High School / Kipp Sf Bay Academy,-122.419611,0 days 00:16:35.566666666,22,Census Tract 201.02
4328,Castro St&25TH St NW-NS/BZ,37.74981,"Lincoln, Abraham Lincoln High School",-122.43404,0 days 00:16:37.312500,48,Census Tract 213
4328,Castro St&25TH St NW-NS/BZ,37.74981,"Lincoln, Abraham Lincoln High School",-122.43404,0 days 00:17:16.562500,48,Census Tract 213
4328,Castro St&25TH St NW-NS/BZ,37.74981,"Lincoln, Abraham Lincoln High School",-122.43404,0 days 00:17:55.812500,48,Census Tract 213
5310,Lincoln Way&21st Ave NW-FS/BZ,37.765428,"Burton, Phillip And Sala Burton High School",-122.479696,0 days 00:44:43.363636363,29,Census Tract 9803
5310,Lincoln Way&21st Ave NW-FS/BZ,37.765428,"Burton, Phillip And Sala Burton High School",-122.479696,0 days 00:43:17.545454545,29,Census Tract 9803
5310,Lincoln Way&21st Ave NW-FS/BZ,37.765428,"Burton, Phillip And Sala Burton High School",-122.479696,0 days 00:44:29.454545454,29,Census Tract 9803
5310,Lincoln Way&21st Ave NW-FS/BZ,37.765428,"Burton, Phillip And Sala Burton High School",-122.479696,0 days 00:43:45.818181818,29,Census Tract 9803
5310,Lincoln Way&21st Ave NW-FS/BZ,37.765428,"Burton, Phillip And Sala Burton High School",-122.479696,0 days 00:44:15.090909090,29,Census Tract 9803
4352,De Haro St&18TH St SE-NS/SB,37.76221,Galileo High School,-122.401243,0 days 00:32:05.100000,19,Census Tract 227.04
4352,De Haro St&18TH St SE-NS/SB,37.76221,Galileo High School,-122.401243,0 days 00:31:37.300000,19,Census Tract 227.04
4352,De Haro St&18TH St SE-NS/SB,37.76221,Galileo High School,-122.401243,0 days 00:30:39.300000,19,Census Tract 227.04
4352,De Haro St&18TH St SE-NS/SB,37.76221,Galileo High School,-122.401243,0 days 00:29:47.400000,19,Census Tract 227.04
4352,De Haro St&18TH St SE-NS/SB,37.76221,Galileo High School,-122.401243,0 days 00:28:43.600000,19,Census Tract 227.04
5344,Mansell St&Hamilton St S-NS/PS,37.719892,"Burton, Phillip And Sala Burton High School",-122.407088,0 days 00:00:55.636363636,29,Census Tract 259
5344,Mansell St&Hamilton St S-NS/PS,37.719892,"Burton, Phillip And Sala Burton High School",-122.407088,0 days 00:01:58,56,Census Tract 259
5344,Mansell St&Hamilton St S-NS/PS,37.719892,"Burton, Phillip And Sala Burton High School",-122.407088,0 days 00:00:42.090909090,29,Census Tract 259
5344,Mansell St&Hamilton St S-NS/PS,37.719892,"Burton, Phillip And Sala Burton High School",-122.407088,0 days 00:01:22,56,Census Tract 259
5344,Mansell St&Hamilton St S-NS/PS,37.719892,"Burton, Phillip And Sala Burton High School",-122.407088,0 days 00:00:28.318181818,29,Census Tract 259
5344,Mansell St&Hamilton St S-NS/PS,37.719892,"Burton, Phillip And Sala Burton High School",-122.407088,0 days 00:00:18,56,Census Tract 259
5344,Mansell St&Hamilton St S-NS/PS,37.719892,"Burton, Phillip And Sala Burton High School",-122.407088,0 days 00:00:46,56,Census Tract 259
3540,30th St&Mission St NW-FS/BZ,37.742408,Gateway High School / Kipp Sf Bay Academy,-122.422037,0 days 00:23:52.500000,24,Census Tract 253
3540,30th St&Mission St NW-FS/BZ,37.742408,Gateway High School / Kipp Sf Bay Academy,-122.422037,0 days 00:25:56.812500,24,Census Tract 253
3540,30th St&Mission St NW-FS/BZ,37.742408,Gateway High School / Kipp Sf Bay Academy,-122.422037,0 days 00:27:03.750000,24,Census Tract 253
5951,Park Presidio Blvd&Fulton St NW-NS,37.77327,"Lincoln, Abraham Lincoln High School",-122.47191,0 days 00:08:55,28,Census Tract 476
3143,3rd St&Oakdale Ave SW-FS/BB,37.734787,"Burton, Phillip And Sala Burton High School",-122.390721,0 days 00:16:43.818181818,54,Census Tract 612
3143,3rd St&Oakdale Ave SW-FS/BB,37.734787,"Burton, Phillip And Sala Burton High School",-122.390721,0 days 00:16:27.181818181,54,Census Tract 612
5173,Jefferson St&Divisadero St SW-NS/PS,37.804557,Galileo High School,-122.443892,0 days 00:08:55.285714285,30,Census Tract 127
5173,Jefferson St&Divisadero St SW-NS/PS,37.804557,Galileo High School,-122.443892,0 days 00:12:25.692307692,30,Census Tract 127
5173,Jefferson St&Divisadero St SW-NS/PS,37.804557,Galileo High School,-122.443892,0 days 00:11:14.714285714,30,Census Tract 127
5173,Jefferson St&Divisadero St SW-NS/PS,37.804557,Galileo High School,-122.443892,0 days 00:10:34.285714285,30,Census Tract 127
5173,Jefferson St&Divisadero St SW-NS/PS,37.804557,Galileo High School,-122.443892,0 days 00:09:58.857142857,30,Census Tract 127
4115,Columbus Ave&Mason St E-NS/BZ,37.802089,Galileo High School,-122.41266,0 days 00:04:42.962962962,30,Census Tract 104.01
4115,Columbus Ave&Mason St E-NS/BZ,37.802089,Galileo High School,-122.41266,0 days 00:05:36.555555555,30,Census Tract 104.01
4115,Columbus Ave&Mason St E-NS/BZ,37.802089,Galileo High School,-122.41266,0 days 00:07:28.529411764,30,Census Tract 104.01
4115,Columbus Ave&Mason St E-NS/BZ,37.802089,Galileo High School,-122.41266,0 days 00:06:23.888888888,30,Census Tract 104.01
4115,Columbus Ave&Mason St E-NS/BZ,37.802089,Galileo High School,-122.41266,0 days 00:08:48.882352941,30,Census Tract 104.01
3847,California St&Baker St NE-NS/BZ,37.787738,"Washington, George Washington High School",-122.443634,0 days 00:16:49.857142857,1,Census Tract 134.02
3847,California St&Baker St NE-NS/BZ,37.787738,"Washington, George Washington High School",-122.443634,0 days 00:17:15.571428571,1,Census Tract 134.02
6720,Turk St&Larkin St NE-NS/BZ,37.782461,"Washington, George Washington High School",-122.417197,0 days 00:24:04,31,Census Tract 124.03
6720,Turk St&Larkin St NE-NS/BZ,37.782461,"Washington, George Washington High School",-122.417197,0 days 00:24:42.750000,31,Census Tract 124.03
6720,Turk St&Larkin St NE-NS/BZ,37.782461,"Washington, George Washington High School",-122.417197,0 days 00:25:13.250000,31,Census Tract 124.03
6720,Turk St&Larkin St NE-NS/BZ,37.782461,"Washington, George Washington High School",-122.417197,0 days 00:25:58,31,Census Tract 124.03
6720,Turk St&Larkin St NE-NS/BZ,37.782461,Gateway High School / Kipp Sf Bay Academy,-122.417197,0 days 00:09:42.777777777,31,Census Tract 124.03
6720,Turk St&Larkin St NE-NS/BZ,37.782461,Gateway High School / Kipp Sf Bay Academy,-122.417197,0 days 00:08:28.333333333,31,Census Tract 124.03
6720,Turk St&Larkin St NE-NS/BZ,37.782461,Gateway High School / Kipp Sf Bay Academy,-122.417197,0 days 00:09:03.888888888,31,Census Tract 124.03
4119,Columbus Ave&Union St NE-FS/BZ,37.8005,Galileo High School,-122.410356,0 days 00:06:01.296296296,30,Census Tract 106
4119,Columbus Ave&Union St NE-FS/BZ,37.8005,Galileo High School,-122.410356,0 days 00:06:54.888888888,30,Census Tract 106
4119,Columbus Ave&Union St NE-FS/BZ,37.8005,Galileo High School,-122.410356,0 days 00:08:45.352941176,30,Census Tract 106
4119,Columbus Ave&Union St NE-FS/BZ,37.8005,Galileo High School,-122.410356,0 days 00:07:42.222222222,30,Census Tract 106
4119,Columbus Ave&Union St NE-FS/BZ,37.8005,Galileo High School,-122.410356,0 days 00:10:05.705882352,30,Census Tract 106
4324,Castro St&23RD St E-MI/SB,37.752779,Gateway High School / Kipp Sf Bay Academy,-122.434156,0 days 00:14:19.631578947,24,Census Tract 211
4324,Castro St&23RD St E-MI/SB,37.752779,Gateway High School / Kipp Sf Bay Academy,-122.434156,0 days 00:16:22.789473684,24,Census Tract 211
4324,Castro St&23RD St E-MI/SB,37.752779,Gateway High School / Kipp Sf Bay Academy,-122.434156,0 days 00:17:29.105263157,24,Census Tract 211
5318,Lincoln Way&29th Ave NW-FS/BZ,37.765032,"Burton, Phillip And Sala Burton High School",-122.488267,0 days 00:42:48.181818181,29,Census Tract 9803
5318,Lincoln Way&29th Ave NW-FS/BZ,37.765032,"Burton, Phillip And Sala Burton High School",-122.488267,0 days 00:41:22.363636363,29,Census Tract 9803
5318,Lincoln Way&29th Ave NW-FS/BZ,37.765032,"Burton, Phillip And Sala Burton High School",-122.488267,0 days 00:42:34.272727272,29,Census Tract 9803
5318,Lincoln Way&29th Ave NW-FS/BZ,37.765032,"Burton, Phillip And Sala Burton High School",-122.488267,0 days 00:41:50.636363636,29,Census Tract 9803
5318,Lincoln Way&29th Ave NW-FS/BZ,37.765032,"Burton, Phillip And Sala Burton High School",-122.488267,0 days 00:42:19.909090909,29,Census Tract 9803
4317,Castro St&19TH St SE-NS/PS,37.75916,Gateway High School / Kipp Sf Bay Academy,-122.43479,0 days 00:11:49.700000,24,Census Tract 206.02
4317,Castro St&19TH St SE-NS/PS,37.75916,Gateway High School / Kipp Sf Bay Academy,-122.43479,0 days 00:13:52.550000,24,Census Tract 206.02
4317,Castro St&19TH St SE-NS/PS,37.75916,Gateway High School / Kipp Sf Bay Academy,-122.43479,0 days 00:14:58.700000,24,Census Tract 206.02
5999,Polk St&Sacramento St NE-FS/BZ,37.791741,Galileo High School,-122.420827,0 days 00:07:55.384615384,19,Census Tract 111.01
5999,Polk St&Sacramento St NE-FS/BZ,37.791741,Galileo High School,-122.420827,0 days 00:07:28.153846153,19,Census Tract 111.01
5999,Polk St&Sacramento St NE-FS/BZ,37.791741,Galileo High School,-122.420827,0 days 00:06:31.461538461,19,Census Tract 111.01
5999,Polk St&Sacramento St NE-FS/BZ,37.791741,Galileo High School,-122.420827,0 days 00:05:40.692307692,19,Census Tract 111.01
5999,Polk St&Sacramento St NE-FS/BZ,37.791741,Galileo High School,-122.420827,0 days 00:04:38.307692307,19,Census Tract 111.01
6613,Sutter St&Van Ness Ave NE-NS/BZ,37.78763,Gateway High School / Kipp Sf Bay Academy,-122.42154,0 days 00:08:09.090909090,2,Census Tract 120.01
6613,Sutter St&Van Ness Ave NE-NS/BZ,37.78763,Gateway High School / Kipp Sf Bay Academy,-122.42154,0 days 00:07:45,2,Census Tract 120.01
6613,Sutter St&Van Ness Ave NE-NS/BZ,37.78763,Gateway High School / Kipp Sf Bay Academy,-122.42154,0 days 00:06:25,2,Census Tract 120.01
4301,Geary St&Kearny St NW-FS/BB,37.787997,"Washington, George Washington High School",-122.403656,0 days 00:41:03,38,Census Tract 117
4301,Geary St&Kearny St NW-FS/BB,37.787997,"Washington, George Washington High School",-122.403656,0 days 00:41:43.800000,38,Census Tract 117
4301,Geary St&Kearny St NW-FS/BB,37.787997,"Washington, George Washington High School",-122.403656,0 days 00:40:25.800000,38,Census Tract 117
4301,Geary St&Kearny St NW-FS/BB,37.787997,"Washington, George Washington High School",-122.403656,0 days 00:38:46,38,Census Tract 117
4301,Geary St&Kearny St NW-FS/BB,37.787997,"Washington, George Washington High School",-122.403656,0 days 00:39:40.266666666,38,Census Tract 117
4301,Geary St&Kearny St NW-FS/BB,37.787997,"Washington, George Washington High School",-122.403656,0 days 00:43:01.800000,38,Census Tract 117
4301,Geary St&Kearny St NW-FS/BB,37.787997,"Washington, George Washington High School",-122.403656,0 days 00:40:57.500000,38,Census Tract 117
4301,Geary St&Kearny St NW-FS/BB,37.787997,"Washington, George Washington High School",-122.403656,0 days 00:31:42.500000,38R,Census Tract 117
4301,Geary St&Kearny St NW-FS/BB,37.787997,Gateway High School / Kipp Sf Bay Academy,-122.403656,0 days 00:17:51.818181818,38,Census Tract 117
4301,Geary St&Kearny St NW-FS/BB,37.787997,Gateway High School / Kipp Sf Bay Academy,-122.403656,0 days 00:13:22.640000,38R,Census Tract 117
4301,Geary St&Kearny St NW-FS/BB,37.787997,Gateway High School / Kipp Sf Bay Academy,-122.403656,0 days 00:14:50.090909090,38,Census Tract 117
4301,Geary St&Kearny St NW-FS/BB,37.787997,Gateway High School / Kipp Sf Bay Academy,-122.403656,0 days 00:11:14.481481481,38R,Census Tract 117
4301,Geary St&Kearny St NW-FS/BB,37.787997,Gateway High School / Kipp Sf Bay Academy,-122.403656,0 days 00:17:04,38,Census Tract 117
5801,Ocean Ave&Persia Ave SE-FS/PS,37.72382,Galileo High School,-122.43589,0 days 00:42:47.142857142,49,Census Tract 261
5801,Ocean Ave&Persia Ave SE-FS/PS,37.72382,Galileo High School,-122.43589,0 days 00:43:20.210526315,49,Census Tract 261
5801,Ocean Ave&Persia Ave SE-FS/PS,37.72382,Galileo High School,-122.43589,0 days 00:43:44.210526315,49,Census Tract 261
4294,Geary Blvd&Divisadero St SW-NS/BB,37.783178,Gateway High School / Kipp Sf Bay Academy,-122.439572,0 days 00:00:47.421052631,38,Census Tract 158.01
6841,Van Dyke Ave&Keith St E-NS,37.72808,"Burton, Phillip And Sala Burton High School",-122.39042,0 days 00:10:15.181818181,54,Census Tract 232
6841,Van Dyke Ave&Keith St E-NS,37.72808,"Burton, Phillip And Sala Burton High School",-122.39042,0 days 00:09:58.545454545,54,Census Tract 232
6725,Turk St&Masonic Ave SW-NS/BZ,37.778548,Gateway High School / Kipp Sf Bay Academy,-122.447138,0 days 00:03:46.384615384,31,Census Tract 157.01
6725,Turk St&Masonic Ave SW-NS/BZ,37.778548,Gateway High School / Kipp Sf Bay Academy,-122.447138,0 days 00:04:57.384615384,31,Census Tract 157.01
6725,Turk St&Masonic Ave SW-NS/BZ,37.778548,Gateway High School / Kipp Sf Bay Academy,-122.447138,0 days 00:04:19.153846153,31,Census Tract 157.01
6598,Sutter St&Leavenworth St NW-FS/BZ,37.788429,Gateway High School / Kipp Sf Bay Academy,-122.415269,0 days 00:10:37.454545454,2,Census Tract 120.01
6598,Sutter St&Leavenworth St NW-FS/BZ,37.788429,Gateway High School / Kipp Sf Bay Academy,-122.415269,0 days 00:10:15.833333333,2,Census Tract 120.01
6598,Sutter St&Leavenworth St NW-FS/BZ,37.788429,Gateway High School / Kipp Sf Bay Academy,-122.415269,0 days 00:08:55.833333333,2,Census Tract 120.01
6736,Ulloa St&Forest Side Ave NE-NS/PS,37.741535,"Lincoln, Abraham Lincoln High School",-122.46847,0 days 00:06:00.687500,48,Census Tract 308
6736,Ulloa St&Forest Side Ave NE-NS/PS,37.741535,"Lincoln, Abraham Lincoln High School",-122.46847,0 days 00:06:39.937500,48,Census Tract 308
6736,Ulloa St&Forest Side Ave NE-NS/PS,37.741535,"Lincoln, Abraham Lincoln High School",-122.46847,0 days 00:07:19.187500,48,Census Tract 308
3284,16th St&Dolores St NW-FS/PS,37.764707,Gateway High School / Kipp Sf Bay Academy,-122.426521,0 days 00:14:41.700000,22,Census Tract 203
3284,16th St&Dolores St NW-FS/PS,37.764707,Gateway High School / Kipp Sf Bay Academy,-122.426521,0 days 00:13:36.300000,22,Census Tract 203
4303,Geary St&Leavenworth St NW-FS/BB,37.786556,"Washington, George Washington High School",-122.414971,0 days 00:35:14.800000,38,Census Tract 122.04
4303,Geary St&Leavenworth St NW-FS/BB,37.786556,"Washington, George Washington High School",-122.414971,0 days 00:35:55.600000,38,Census Tract 122.04
4303,Geary St&Leavenworth St NW-FS/BB,37.786556,"Washington, George Washington High School",-122.414971,0 days 00:34:37.600000,38,Census Tract 122.04
4303,Geary St&Leavenworth St NW-FS/BB,37.786556,"Washington, George Washington High School",-122.414971,0 days 00:32:47.400000,38,Census Tract 122.04
4303,Geary St&Leavenworth St NW-FS/BB,37.786556,"Washington, George Washington High School",-122.414971,0 days 00:33:41.666666666,38,Census Tract 122.04
4303,Geary St&Leavenworth St NW-FS/BB,37.786556,"Washington, George Washington High School",-122.414971,0 days 00:37:13.600000,38,Census Tract 122.04
4303,Geary St&Leavenworth St NW-FS/BB,37.786556,"Washington, George Washington High School",-122.414971,0 days 00:35:01.500000,38,Census Tract 122.04
4303,Geary St&Leavenworth St NW-FS/BB,37.786556,"Washington, George Washington High School",-122.414971,0 days 00:26:55.545454545,38R,Census Tract 122.04
4303,Geary St&Leavenworth St NW-FS/BB,37.786556,Gateway High School / Kipp Sf Bay Academy,-122.414971,0 days 00:11:52.272727272,38,Census Tract 122.04
4303,Geary St&Leavenworth St NW-FS/BB,37.786556,Gateway High School / Kipp Sf Bay Academy,-122.414971,0 days 00:08:29.333333333,38R,Census Tract 122.04
4303,Geary St&Leavenworth St NW-FS/BB,37.786556,Gateway High School / Kipp Sf Bay Academy,-122.414971,0 days 00:08:50.545454545,38,Census Tract 122.04
4303,Geary St&Leavenworth St NW-FS/BB,37.786556,Gateway High School / Kipp Sf Bay Academy,-122.414971,0 days 00:06:17.551724137,38R,Census Tract 122.04
4303,Geary St&Leavenworth St NW-FS/BB,37.786556,Gateway High School / Kipp Sf Bay Academy,-122.414971,0 days 00:11:04.454545454,38,Census Tract 122.04
4151,Cortland Ave&Ellsworth St NE-NS/PS,37.73892,Gateway High School / Kipp Sf Bay Academy,-122.41455,0 days 00:27:55.687500,24,Census Tract 252
4151,Cortland Ave&Ellsworth St NE-NS/PS,37.73892,Gateway High School / Kipp Sf Bay Academy,-122.41455,0 days 00:30:00,24,Census Tract 252
4151,Cortland Ave&Ellsworth St NE-NS/PS,37.73892,Gateway High School / Kipp Sf Bay Academy,-122.41455,0 days 00:31:06.937500,24,Census Tract 252
4129,Connecticut St&26TH St NE-FS/SB,37.751332,Galileo High School,-122.39638,0 days 00:41:14.857142857,19,Census Tract 9809
4129,Connecticut St&26TH St NE-FS/SB,37.751332,Galileo High School,-122.39638,0 days 00:40:46,19,Census Tract 9809
4129,Connecticut St&26TH St NE-FS/SB,37.751332,Galileo High School,-122.39638,0 days 00:39:45.571428571,19,Census Tract 9809
4129,Connecticut St&26TH St NE-FS/SB,37.751332,Galileo High School,-122.39638,0 days 00:38:51.571428571,19,Census Tract 9809
4129,Connecticut St&26TH St NE-FS/SB,37.751332,Galileo High School,-122.39638,0 days 00:37:45.142857142,19,Census Tract 9809
3535,30th St&Church St NE-NS/BZ,37.742159,Gateway High School / Kipp Sf Bay Academy,-122.426369,0 days 00:22:19.058823529,24,Census Tract 215
3535,30th St&Church St NE-NS/BZ,37.742159,Gateway High School / Kipp Sf Bay Academy,-122.426369,0 days 00:24:22.941176470,24,Census Tract 215
3535,30th St&Church St NE-NS/BZ,37.742159,Gateway High School / Kipp Sf Bay Academy,-122.426369,0 days 00:25:29.647058823,24,Census Tract 215
7524,Pennsylvania AVE&25 ST NS NW,37.752624,"Lincoln, Abraham Lincoln High School",-122.392758,0 days 00:37:20.833333333,48,Census Tract 614.02
7524,Pennsylvania AVE&25 ST NS NW,37.752624,"Lincoln, Abraham Lincoln High School",-122.392758,0 days 00:38:00.833333333,48,Census Tract 614.02
7524,Pennsylvania AVE&25 ST NS NW,37.752624,"Lincoln, Abraham Lincoln High School",-122.392758,0 days 00:38:40.833333333,48,Census Tract 614.02
4310,Castro St&15TH St SE-NS/PS,37.76561,Gateway High School / Kipp Sf Bay Academy,-122.43538,0 days 00:08:43.200000,24,Census Tract 169
4310,Castro St&15TH St SE-NS/PS,37.76561,Gateway High School / Kipp Sf Bay Academy,-122.43538,0 days 00:10:46.050000,24,Census Tract 169
4310,Castro St&15TH St SE-NS/PS,37.76561,Gateway High School / Kipp Sf Bay Academy,-122.43538,0 days 00:11:52.200000,24,Census Tract 169
4475,Eddy St&Fillmore St NE-NS/BZ,37.7815,"Washington, George Washington High School",-122.432236,0 days 00:16:35.272727272,31,Census Tract 159
4475,Eddy St&Fillmore St NE-NS/BZ,37.7815,"Washington, George Washington High School",-122.432236,0 days 00:17:13.272727272,31,Census Tract 159
4475,Eddy St&Fillmore St NE-NS/BZ,37.7815,"Washington, George Washington High School",-122.432236,0 days 00:17:43.090909090,31,Census Tract 159
4475,Eddy St&Fillmore St NE-NS/BZ,37.7815,"Washington, George Washington High School",-122.432236,0 days 00:18:26.909090909,31,Census Tract 159
4475,Eddy St&Fillmore St NE-NS/BZ,37.7815,Gateway High School / Kipp Sf Bay Academy,-122.432236,0 days 00:02:22.750000,31,Census Tract 159
4475,Eddy St&Fillmore St NE-NS/BZ,37.7815,Gateway High School / Kipp Sf Bay Academy,-122.432236,0 days 00:01:10,31,Census Tract 159
4475,Eddy St&Fillmore St NE-NS/BZ,37.7815,Gateway High School / Kipp Sf Bay Academy,-122.432236,0 days 00:01:44.750000,31,Census Tract 159
6290,Sacramento St&Battery St NW-FS/BZ,37.79418,"Washington, George Washington High School",-122.400282,0 days 00:36:03.588235294,1,Census Tract 611.01
6290,Sacramento St&Battery St NW-FS/BZ,37.79418,"Washington, George Washington High School",-122.400282,0 days 00:36:29.823529411,1,Census Tract 611.01
6715,Turk St&Chabot Ter SE-FS/BZ,37.778012,Gateway High School / Kipp Sf Bay Academy,-122.451367,0 days 00:05:11.666666666,31,Census Tract 157.01
6715,Turk St&Chabot Ter SE-FS/BZ,37.778012,Gateway High School / Kipp Sf Bay Academy,-122.451367,0 days 00:06:23.166666666,31,Census Tract 157.01
6715,Turk St&Chabot Ter SE-FS/BZ,37.778012,Gateway High School / Kipp Sf Bay Academy,-122.451367,0 days 00:05:44.666666666,31,Census Tract 157.01
4147,Cortland Ave&Bradford St N-MB/PS,37.739791,Gateway High School / Kipp Sf Bay Academy,-122.409746,0 days 00:29:49.875000,24,Census Tract 251
4147,Cortland Ave&Bradford St N-MB/PS,37.739791,Gateway High School / Kipp Sf Bay Academy,-122.409746,0 days 00:31:54.187500,24,Census Tract 251
4147,Cortland Ave&Bradford St N-MB/PS,37.739791,Gateway High School / Kipp Sf Bay Academy,-122.409746,0 days 00:33:01.125000,24,Census Tract 251
5280,Lombard St&Laguna St NW-FS/SB,37.800505,"Lincoln, Abraham Lincoln High School",-122.431326,0 days 00:25:14.307692307,28,Census Tract 129.02
5919,Persia Ave&Paris St W-NS/SB,37.722379,"Burton, Phillip And Sala Burton High School",-122.434563,0 days 00:07:54.894736842,29,Census Tract 260.01
5919,Persia Ave&Paris St W-NS/SB,37.722379,"Burton, Phillip And Sala Burton High School",-122.434563,0 days 00:06:31.210526315,29,Census Tract 260.01
5919,Persia Ave&Paris St W-NS/SB,37.722379,"Burton, Phillip And Sala Burton High School",-122.434563,0 days 00:07:41.263157894,29,Census Tract 260.01
5919,Persia Ave&Paris St W-NS/SB,37.722379,"Burton, Phillip And Sala Burton High School",-122.434563,0 days 00:06:58.842105263,29,Census Tract 260.01
5919,Persia Ave&Paris St W-NS/SB,37.722379,"Burton, Phillip And Sala Burton High School",-122.434563,0 days 00:07:27.368421052,29,Census Tract 260.01
5328,Lincoln Way&Great Hwy NE-NS/SB,37.764131,"Washington, George Washington High School",-122.510052,0 days 00:09:04,18,Census Tract 9803
5328,Lincoln Way&Great Hwy NE-NS/SB,37.764131,"Washington, George Washington High School",-122.510052,0 days 00:10:11,18,Census Tract 9803
5328,Lincoln Way&Great Hwy NE-NS/SB,37.764131,"Washington, George Washington High School",-122.510052,0 days 00:09:29,18,Census Tract 9803
5328,Lincoln Way&Great Hwy NE-NS/SB,37.764131,"Washington, George Washington High School",-122.510052,0 days 00:11:05,18,Census Tract 9803
4767,Geary St&Taylor St NW-FS/BZ,37.786983,"Washington, George Washington High School",-122.411681,0 days 00:36:50.200000,38,Census Tract 123.02
4767,Geary St&Taylor St NW-FS/BZ,37.786983,"Washington, George Washington High School",-122.411681,0 days 00:37:31,38,Census Tract 123.02
4767,Geary St&Taylor St NW-FS/BZ,37.786983,"Washington, George Washington High School",-122.411681,0 days 00:36:13,38,Census Tract 123.02
4767,Geary St&Taylor St NW-FS/BZ,37.786983,"Washington, George Washington High School",-122.411681,0 days 00:34:24.933333333,38,Census Tract 123.02
4767,Geary St&Taylor St NW-FS/BZ,37.786983,"Washington, George Washington High School",-122.411681,0 days 00:35:19.200000,38,Census Tract 123.02
4767,Geary St&Taylor St NW-FS/BZ,37.786983,"Washington, George Washington High School",-122.411681,0 days 00:38:49,38,Census Tract 123.02
4767,Geary St&Taylor St NW-FS/BZ,37.786983,"Washington, George Washington High School",-122.411681,0 days 00:36:38.500000,38,Census Tract 123.02
4767,Geary St&Taylor St NW-FS/BZ,37.786983,Gateway High School / Kipp Sf Bay Academy,-122.411681,0 days 00:13:30,38,Census Tract 123.02
4767,Geary St&Taylor St NW-FS/BZ,37.786983,Gateway High School / Kipp Sf Bay Academy,-122.411681,0 days 00:10:28.272727272,38,Census Tract 123.02
4767,Geary St&Taylor St NW-FS/BZ,37.786983,Gateway High School / Kipp Sf Bay Academy,-122.411681,0 days 00:12:42.181818181,38,Census Tract 123.02
6151,Quintara St&28th Ave SW-NS/PS,37.74816,"Lincoln, Abraham Lincoln High School",-122.48586,0 days 00:01:59,48,Census Tract 329.01
6151,Quintara St&28th Ave SW-NS/PS,37.74816,"Lincoln, Abraham Lincoln High School",-122.48586,0 days 00:01:31.333333333,66,Census Tract 329.01
6151,Quintara St&28th Ave SW-NS/PS,37.74816,"Lincoln, Abraham Lincoln High School",-122.48586,0 days 00:01:19,48,Census Tract 329.01
6151,Quintara St&28th Ave SW-NS/PS,37.74816,"Lincoln, Abraham Lincoln High School",-122.48586,0 days 00:01:00.666666666,66,Census Tract 329.01
6151,Quintara St&28th Ave SW-NS/PS,37.74816,"Lincoln, Abraham Lincoln High School",-122.48586,0 days 00:00:44,48,Census Tract 329.01
6151,Quintara St&28th Ave SW-NS/PS,37.74816,"Lincoln, Abraham Lincoln High School",-122.48586,0 days 00:00:33.666666666,66,Census Tract 329.01
8109,Townsend & Lusk E-NS/BZ,37.777875,Galileo High School,-122.393908,0 days 00:24:47,30,Census Tract 607.03
8109,Townsend & Lusk E-NS/BZ,37.777875,Galileo High School,-122.393908,0 days 00:25:40.812500,30,Census Tract 607.03
8109,Townsend & Lusk E-NS/BZ,37.777875,Galileo High School,-122.393908,0 days 00:27:25.400000,30,Census Tract 607.03
8109,Townsend & Lusk E-NS/BZ,37.777875,Galileo High School,-122.393908,0 days 00:26:26.250000,30,Census Tract 607.03
8109,Townsend & Lusk E-NS/BZ,37.777875,Galileo High School,-122.393908,0 days 00:28:45.533333333,30,Census Tract 607.03
7856,Chestnut St&Gough St SW-NS/BZ,37.801825,Galileo High School,-122.428104,0 days 00:01:13.352941176,30,Census Tract 129.01
7856,Chestnut St&Gough St SW-NS/BZ,37.801825,Galileo High School,-122.428104,0 days 00:04:48.062500,30,Census Tract 129.01
7856,Chestnut St&Gough St SW-NS/BZ,37.801825,Galileo High School,-122.428104,0 days 00:03:29.941176470,30,Census Tract 129.01
7856,Chestnut St&Gough St SW-NS/BZ,37.801825,Galileo High School,-122.428104,0 days 00:02:50.176470588,30,Census Tract 129.01
7856,Chestnut St&Gough St SW-NS/BZ,37.801825,Galileo High School,-122.428104,0 days 00:02:15.470588235,30,Census Tract 129.01
5596,Mission St&Highland Ave NE-FS/BZ,37.737448,Galileo High School,-122.423963,0 days 00:34:31.909090909,49,Census Tract 254.01
5596,Mission St&Highland Ave NE-FS/BZ,37.737448,Galileo High School,-122.423963,0 days 00:35:05.800000,49,Census Tract 254.01
5596,Mission St&Highland Ave NE-FS/BZ,37.737448,Galileo High School,-122.423963,0 days 00:35:29.800000,49,Census Tract 254.01
4293,Geary Blvd&Divisadero St NE-NS/BB,37.783428,"Washington, George Washington High School",-122.439366,0 days 00:23:22.666666666,38,Census Tract 155
4293,Geary Blvd&Divisadero St NE-NS/BB,37.783428,"Washington, George Washington High School",-122.439366,0 days 00:24:05,38,Census Tract 155
4293,Geary Blvd&Divisadero St NE-NS/BB,37.783428,"Washington, George Washington High School",-122.439366,0 days 00:22:44,38,Census Tract 155
4293,Geary Blvd&Divisadero St NE-NS/BB,37.783428,"Washington, George Washington High School",-122.439366,0 days 00:20:59,38,Census Tract 155
4293,Geary Blvd&Divisadero St NE-NS/BB,37.783428,"Washington, George Washington High School",-122.439366,0 days 00:21:53.111111111,38,Census Tract 155
4293,Geary Blvd&Divisadero St NE-NS/BB,37.783428,"Washington, George Washington High School",-122.439366,0 days 00:25:24,38,Census Tract 155
4293,Geary Blvd&Divisadero St NE-NS/BB,37.783428,"Washington, George Washington High School",-122.439366,0 days 00:23:32.800000,38,Census Tract 155
4293,Geary Blvd&Divisadero St NE-NS/BB,37.783428,"Washington, George Washington High School",-122.439366,0 days 00:18:20.826086956,38R,Census Tract 155
5285,Lombard St&Pierce St NW-FS/BZ,37.79948,"Lincoln, Abraham Lincoln High School",-122.439559,0 days 00:23:11.692307692,28,Census Tract 128.02
3858,California St&Divisadero St NW-FS/BZ,37.788087,"Washington, George Washington High School",-122.44087,0 days 00:17:52.571428571,1,Census Tract 134.02
3858,California St&Divisadero St NW-FS/BZ,37.788087,"Washington, George Washington High School",-122.44087,0 days 00:18:18.285714285,1,Census Tract 134.02
3589,46th Ave&Ortega St SE-NS/SB,37.751017,"Washington, George Washington High School",-122.505194,0 days 00:14:31,18,Census Tract 352.01
3589,46th Ave&Ortega St SE-NS/SB,37.751017,"Washington, George Washington High School",-122.505194,0 days 00:15:38,18,Census Tract 352.01
3589,46th Ave&Ortega St SE-NS/SB,37.751017,"Washington, George Washington High School",-122.505194,0 days 00:14:56,18,Census Tract 352.01
3589,46th Ave&Ortega St SE-NS/SB,37.751017,"Washington, George Washington High School",-122.505194,0 days 00:16:32,18,Census Tract 352.01
6586,Sutter St&Baker St SW-NS/BZ,37.784766,Gateway High School / Kipp Sf Bay Academy,-122.443306,0 days 00:01:17.133333333,2,Census Tract 154.01
6586,Sutter St&Baker St SW-NS/BZ,37.784766,Gateway High School / Kipp Sf Bay Academy,-122.443306,0 days 00:01:39.066666666,2,Census Tract 154.01
6586,Sutter St&Baker St SW-NS/BZ,37.784766,Gateway High School / Kipp Sf Bay Academy,-122.443306,0 days 00:02:44.066666666,2,Census Tract 154.01
4015,Clay St&Drumm St SW-NS/BZ,37.79532,"Washington, George Washington High School",-122.397473,0 days 00:38:17.466666666,1,Census Tract 105
4015,Clay St&Drumm St SW-NS/BZ,37.79532,"Washington, George Washington High School",-122.397473,0 days 00:38:44,1,Census Tract 105
4279,Geary Blvd&33RD Ave SW-NS/BZ,37.779574,"Washington, George Washington High School",-122.493399,0 days 00:01:56.769230769,38,Census Tract 478.02
4279,Geary Blvd&33RD Ave SW-NS/BZ,37.779574,"Washington, George Washington High School",-122.493399,0 days 00:01:09.923076923,38,Census Tract 478.02
4279,Geary Blvd&33RD Ave SW-NS/BZ,37.779574,"Washington, George Washington High School",-122.493399,0 days 00:00:36.461538461,38,Census Tract 478.02
4279,Geary Blvd&33RD Ave SW-NS/BZ,37.779574,Gateway High School / Kipp Sf Bay Academy,-122.493399,0 days 00:20:23.900000,38,Census Tract 478.02
4279,Geary Blvd&33RD Ave SW-NS/BZ,37.779574,Gateway High School / Kipp Sf Bay Academy,-122.493399,0 days 00:15:46.461538461,38R,Census Tract 478.02
4279,Geary Blvd&33RD Ave SW-NS/BZ,37.779574,Gateway High School / Kipp Sf Bay Academy,-122.493399,0 days 00:21:11.700000,38,Census Tract 478.02
3498,25th Ave&El Camino Del Mar SW-FS/SB,37.787367,"Burton, Phillip And Sala Burton High School",-122.485356,0 days 00:55:13.200000,29,Census Tract 428
3498,25th Ave&El Camino Del Mar SW-FS/SB,37.787367,"Burton, Phillip And Sala Burton High School",-122.485356,0 days 00:53:48.200000,29,Census Tract 428
3498,25th Ave&El Camino Del Mar SW-FS/SB,37.787367,"Burton, Phillip And Sala Burton High School",-122.485356,0 days 00:54:59.400000,29,Census Tract 428
3498,25th Ave&El Camino Del Mar SW-FS/SB,37.787367,"Burton, Phillip And Sala Burton High School",-122.485356,0 days 00:54:16.200000,29,Census Tract 428
3498,25th Ave&El Camino Del Mar SW-FS/SB,37.787367,"Burton, Phillip And Sala Burton High School",-122.485356,0 days 00:54:45.200000,29,Census Tract 428
5292,Louisburg St&Niagra Ave S-NS,37.72039,"Burton, Phillip And Sala Burton High School",-122.45013,0 days 00:18:36.818181818,54,Census Tract 312.02
5292,Louisburg St&Niagra Ave S-NS,37.72039,"Burton, Phillip And Sala Burton High School",-122.45013,0 days 00:18:54.181818181,54,Census Tract 312.02
4764,Geary Blvd&Stanyan Blvd SW-NS/BZ,37.78126,Gateway High School / Kipp Sf Bay Academy,-122.456434,0 days 00:06:44.800000,38,Census Tract 156
4764,Geary Blvd&Stanyan Blvd SW-NS/BZ,37.78126,Gateway High School / Kipp Sf Bay Academy,-122.456434,0 days 00:07:30.526315789,38,Census Tract 156
4631,Fillmore St&Oak St NE-FS/BZ,37.774268,Gateway High School / Kipp Sf Bay Academy,-122.430825,0 days 00:07:21.787878787,22,Census Tract 163
4631,Fillmore St&Oak St NE-FS/BZ,37.774268,Gateway High School / Kipp Sf Bay Academy,-122.430825,0 days 00:06:16.787878787,22,Census Tract 163
7982,Moscow St&RussiaAvet E-NS/PS,37.718042,"Burton, Phillip And Sala Burton High School",-122.42996,0 days 00:09:37.916666666,54,Census Tract 260.03
7982,Moscow St&RussiaAvet E-NS/PS,37.718042,"Burton, Phillip And Sala Burton High School",-122.42996,0 days 00:09:55.333333333,54,Census Tract 260.03
4845,Larkin St&Beach St SE-NS/SB,37.806348,Galileo High School,-122.422083,0 days 00:00:27.285714285,19,Census Tract 102.02
4272,Geary Blvd&28TH Ave SW-NS/BZ,37.779862,Gateway High School / Kipp Sf Bay Academy,-122.488046,0 days 00:18:34.588235294,38,Census Tract 477.01
4272,Geary Blvd&28TH Ave SW-NS/BZ,37.779862,Gateway High School / Kipp Sf Bay Academy,-122.488046,0 days 00:19:17.250000,38,Census Tract 477.01
5092,Industrial St&Bayshore Blvd NE-NS,37.738148,Gateway High School / Kipp Sf Bay Academy,-122.406539,0 days 00:31:32.866666666,24,Census Tract 9809
5092,Industrial St&Bayshore Blvd NE-NS,37.738148,Gateway High School / Kipp Sf Bay Academy,-122.406539,0 days 00:33:37.666666666,24,Census Tract 9809
5092,Industrial St&Bayshore Blvd NE-NS,37.738148,Gateway High School / Kipp Sf Bay Academy,-122.406539,0 days 00:34:44.866666666,24,Census Tract 9809
8088,South Van Ness Ave&Market St NS-S/SI,37.7751,Galileo High School,-122.41924,0 days 00:13:18.125000,49,Census Tract 177
8088,South Van Ness Ave&Market St NS-S/SI,37.7751,Galileo High School,-122.41924,0 days 00:13:58,49,Census Tract 177
8088,South Van Ness Ave&Market St NS-S/SI,37.7751,Galileo High School,-122.41924,0 days 00:14:22,49,Census Tract 177
4624,Fillmore St&Jackson St SW-FS/BZ,37.792386,Gateway High School / Kipp Sf Bay Academy,-122.434607,0 days 00:04:38.074074074,22,Census Tract 135
4624,Fillmore St&Jackson St SW-FS/BZ,37.792386,Gateway High School / Kipp Sf Bay Academy,-122.434607,0 days 00:05:13.111111111,22,Census Tract 135
3495,25th Ave&Clement St NW-NS/BZ,37.782147,"Burton, Phillip And Sala Burton High School",-122.484975,0 days 00:53:50.600000,29,Census Tract 427
3495,25th Ave&Clement St NW-NS/BZ,37.782147,"Burton, Phillip And Sala Burton High School",-122.484975,0 days 00:52:25.600000,29,Census Tract 427
3495,25th Ave&Clement St NW-NS/BZ,37.782147,"Burton, Phillip And Sala Burton High School",-122.484975,0 days 00:53:36.800000,29,Census Tract 427
3495,25th Ave&Clement St NW-NS/BZ,37.782147,"Burton, Phillip And Sala Burton High School",-122.484975,0 days 00:52:53.600000,29,Census Tract 427
3495,25th Ave&Clement St NW-NS/BZ,37.782147,"Burton, Phillip And Sala Burton High School",-122.484975,0 days 00:53:22.600000,29,Census Tract 427
3379,19th Ave&Ortega St NE-FS/BB,37.75272,Galileo High School,-122.47619,0 days 00:31:13.769230769,28,Census Tract 303.02
3379,19th Ave&Ortega St NE-FS/BB,37.75272,Galileo High School,-122.47619,0 days 00:30:23.461538461,28,Census Tract 303.02
3379,19th Ave&Ortega St NE-FS/BB,37.75272,Galileo High School,-122.47619,0 days 00:28:46.461538461,28,Census Tract 303.02
3379,19th Ave&Ortega St NE-FS/BB,37.75272,Galileo High School,-122.47619,0 days 00:29:36.153846153,28,Census Tract 303.02
3034,Balboa St&6TH Ave NW-FS/BZ,37.777289,"Washington, George Washington High School",-122.464158,0 days 00:06:13.214285714,31,Census Tract 452.02
3034,Balboa St&6TH Ave NW-FS/BZ,37.777289,"Washington, George Washington High School",-122.464158,0 days 00:06:51.428571428,31,Census Tract 452.02
3034,Balboa St&6TH Ave NW-FS/BZ,37.777289,"Washington, George Washington High School",-122.464158,0 days 00:07:21.428571428,31,Census Tract 452.02
3034,Balboa St&6TH Ave NW-FS/BZ,37.777289,"Washington, George Washington High School",-122.464158,0 days 00:08:05.500000,31,Census Tract 452.02
5781,Ocean Ave&Balboa Park BART S-MB/BZ,37.722942,"Burton, Phillip And Sala Burton High School",-122.447493,0 days 00:11:00.631578947,29,Census Tract 261
5781,Ocean Ave&Balboa Park BART S-MB/BZ,37.722942,"Burton, Phillip And Sala Burton High School",-122.447493,0 days 00:09:36.947368421,29,Census Tract 261
5781,Ocean Ave&Balboa Park BART S-MB/BZ,37.722942,"Burton, Phillip And Sala Burton High School",-122.447493,0 days 00:10:47,29,Census Tract 261
5781,Ocean Ave&Balboa Park BART S-MB/BZ,37.722942,"Burton, Phillip And Sala Burton High School",-122.447493,0 days 00:10:04.578947368,29,Census Tract 261
5781,Ocean Ave&Balboa Park BART S-MB/BZ,37.722942,"Burton, Phillip And Sala Burton High School",-122.447493,0 days 00:10:33.105263157,29,Census Tract 261
5781,Ocean Ave&Balboa Park BART S-MB/BZ,37.722942,Galileo High School,-122.447493,0 days 00:47:48.666666666,49,Census Tract 261
5781,Ocean Ave&Balboa Park BART S-MB/BZ,37.722942,Galileo High School,-122.447493,0 days 00:48:21.750000,49,Census Tract 261
5781,Ocean Ave&Balboa Park BART S-MB/BZ,37.722942,Galileo High School,-122.447493,0 days 00:48:45.750000,49,Census Tract 261
3458,24th St&Bryant St NW-FS/BZ,37.752853,"Lincoln, Abraham Lincoln High School",-122.409281,0 days 00:27:59.538461538,48,Census Tract 229.02
3458,24th St&Bryant St NW-FS/BZ,37.752853,"Lincoln, Abraham Lincoln High School",-122.409281,0 days 00:28:39.307692307,48,Census Tract 229.02
3458,24th St&Bryant St NW-FS/BZ,37.752853,"Lincoln, Abraham Lincoln High School",-122.409281,0 days 00:29:19.076923076,48,Census Tract 229.02
4472,Eddy St&Buchanan St NE-NS/BZ,37.781919,"Washington, George Washington High School",-122.428946,0 days 00:17:44,31,Census Tract 159
4472,Eddy St&Buchanan St NE-NS/BZ,37.781919,"Washington, George Washington High School",-122.428946,0 days 00:18:22,31,Census Tract 159
4472,Eddy St&Buchanan St NE-NS/BZ,37.781919,"Washington, George Washington High School",-122.428946,0 days 00:18:51.818181818,31,Census Tract 159
4472,Eddy St&Buchanan St NE-NS/BZ,37.781919,"Washington, George Washington High School",-122.428946,0 days 00:19:35.636363636,31,Census Tract 159
4472,Eddy St&Buchanan St NE-NS/BZ,37.781919,Gateway High School / Kipp Sf Bay Academy,-122.428946,0 days 00:03:32.750000,31,Census Tract 159
4472,Eddy St&Buchanan St NE-NS/BZ,37.781919,Gateway High School / Kipp Sf Bay Academy,-122.428946,0 days 00:02:20,31,Census Tract 159
4472,Eddy St&Buchanan St NE-NS/BZ,37.781919,Gateway High School / Kipp Sf Bay Academy,-122.428946,0 days 00:02:54.750000,31,Census Tract 159
3822,California St&4TH Ave NE-NS/BZ,37.785353,"Washington, George Washington High School",-122.462292,0 days 00:10:32.423076923,1,Census Tract 401
3822,California St&4TH Ave NE-NS/BZ,37.785353,"Washington, George Washington High School",-122.462292,0 days 00:10:57.769230769,1,Census Tract 401
6497,Steuart St&Mission St NE-MB/BZ,37.794275,Gateway High School / Kipp Sf Bay Academy,-122.394424,0 days 00:20:14,2,Census Tract 105
6497,Steuart St&Mission St NE-MB/BZ,37.794275,Gateway High School / Kipp Sf Bay Academy,-122.394424,0 days 00:20:06.818181818,2,Census Tract 105
6497,Steuart St&Mission St NE-MB/BZ,37.794275,Gateway High School / Kipp Sf Bay Academy,-122.394424,0 days 00:18:45.909090909,2,Census Tract 105
8093,Van Ness Ave& Clay St NS-S/SI,37.792134,Galileo High School,-122.422661,0 days 00:04:58.400000,49,Census Tract 111.01
8093,Van Ness Ave& Clay St NS-S/SI,37.792134,Galileo High School,-122.422661,0 days 00:05:42.787878787,49,Census Tract 111.01
8093,Van Ness Ave& Clay St NS-S/SI,37.792134,Galileo High School,-122.422661,0 days 00:06:06.787878787,49,Census Tract 111.01
6544,Sunset Blvd&Ortega St SW-FS/SB,37.751307,"Burton, Phillip And Sala Burton High School",-122.495169,0 days 00:36:35.214285714,29,Census Tract 353
6544,Sunset Blvd&Ortega St SW-FS/SB,37.751307,"Burton, Phillip And Sala Burton High School",-122.495169,0 days 00:35:10.357142857,29,Census Tract 353
6544,Sunset Blvd&Ortega St SW-FS/SB,37.751307,"Burton, Phillip And Sala Burton High School",-122.495169,0 days 00:36:21.428571428,29,Census Tract 353
6544,Sunset Blvd&Ortega St SW-FS/SB,37.751307,"Burton, Phillip And Sala Burton High School",-122.495169,0 days 00:35:38.357142857,29,Census Tract 353
6544,Sunset Blvd&Ortega St SW-FS/SB,37.751307,"Burton, Phillip And Sala Burton High School",-122.495169,0 days 00:36:07.285714285,29,Census Tract 353
3020,Bacon St&Somerset St NE-NS,37.72667,"Burton, Phillip And Sala Burton High School",-122.40746,0 days 00:01:41.785714285,54,Census Tract 257.02
3020,Bacon St&Somerset St NE-NS,37.72667,"Burton, Phillip And Sala Burton High School",-122.40746,0 days 00:01:25.285714285,54,Census Tract 257.02
5101,Innes Ave&Griffith St E-NS/PS,37.732004,Galileo High School,-122.375614,0 days 00:50:33.142857142,19,Census Tract 231.03
5101,Innes Ave&Griffith St E-NS/PS,37.732004,Galileo High School,-122.375614,0 days 00:50:04.285714285,19,Census Tract 231.03
5101,Innes Ave&Griffith St E-NS/PS,37.732004,Galileo High School,-122.375614,0 days 00:49:03.857142857,19,Census Tract 231.03
5101,Innes Ave&Griffith St E-NS/PS,37.732004,Galileo High School,-122.375614,0 days 00:48:09.857142857,19,Census Tract 231.03
5101,Innes Ave&Griffith St E-NS/PS,37.732004,Galileo High School,-122.375614,0 days 00:47:03.428571428,19,Census Tract 231.03
6006,Polk St&Washington St NE-FS/BZ,37.793499,Galileo High School,-122.421193,0 days 00:07:05.153846153,19,Census Tract 110.01
6006,Polk St&Washington St NE-FS/BZ,37.793499,Galileo High School,-122.421193,0 days 00:06:37.923076923,19,Census Tract 110.01
6006,Polk St&Washington St NE-FS/BZ,37.793499,Galileo High School,-122.421193,0 days 00:05:41.230769230,19,Census Tract 110.01
6006,Polk St&Washington St NE-FS/BZ,37.793499,Galileo High School,-122.421193,0 days 00:04:50.461538461,19,Census Tract 110.01
6006,Polk St&Washington St NE-FS/BZ,37.793499,Galileo High School,-122.421193,0 days 00:03:48.076923076,19,Census Tract 110.01
4418,Divisadero St&Francisco St NW-NS/PS,37.80097,Galileo High School,-122.443136,0 days 00:07:22.285714285,30,Census Tract 127
4418,Divisadero St&Francisco St NW-NS/PS,37.80097,Galileo High School,-122.443136,0 days 00:10:53.076923076,30,Census Tract 127
4418,Divisadero St&Francisco St NW-NS/PS,37.80097,Galileo High School,-122.443136,0 days 00:09:41.714285714,30,Census Tract 127
4418,Divisadero St&Francisco St NW-NS/PS,37.80097,Galileo High School,-122.443136,0 days 00:09:01.285714285,30,Census Tract 127
4418,Divisadero St&Francisco St NW-NS/PS,37.80097,Galileo High School,-122.443136,0 days 00:08:25.857142857,30,Census Tract 127
7572,17th Ave&Quintara St SE-NS/PS,37.748592,"Lincoln, Abraham Lincoln High School",-122.473834,0 days 00:01:38.500000,48,Census Tract 304
7572,17th Ave&Quintara St SE-NS/PS,37.748592,"Lincoln, Abraham Lincoln High School",-122.473834,0 days 00:02:17.750000,48,Census Tract 304
7572,17th Ave&Quintara St SE-NS/PS,37.748592,"Lincoln, Abraham Lincoln High School",-122.473834,0 days 00:02:57,48,Census Tract 304
6314,Sacramento St&Sansome St NW-FS/BZ,37.794055,"Washington, George Washington High School",-122.401452,0 days 00:35:33.764705882,1,Census Tract 611.01
6314,Sacramento St&Sansome St NW-FS/BZ,37.794055,"Washington, George Washington High School",-122.401452,0 days 00:36:00,1,Census Tract 611.01
4606,Fillmore St&Beach St NW-NS/BZ,37.804423,Gateway High School / Kipp Sf Bay Academy,-122.437127,0 days 00:12:07.666666666,22,Census Tract 126.02
4606,Fillmore St&Beach St NW-NS/BZ,37.804423,Gateway High School / Kipp Sf Bay Academy,-122.437127,0 days 00:12:42.703703703,22,Census Tract 126.02
3045,Balboa St&19TH Ave NE-NS/BZ,37.776662,"Washington, George Washington High School",-122.477912,0 days 00:02:33.928571428,31,Census Tract 476
3045,Balboa St&19TH Ave NE-NS/BZ,37.776662,"Washington, George Washington High School",-122.477912,0 days 00:03:12.142857142,31,Census Tract 476
3045,Balboa St&19TH Ave NE-NS/BZ,37.776662,"Washington, George Washington High School",-122.477912,0 days 00:03:42.142857142,31,Census Tract 476
3045,Balboa St&19TH Ave NE-NS/BZ,37.776662,"Washington, George Washington High School",-122.477912,0 days 00:04:26.214285714,31,Census Tract 476
6015,Portola Dr&Glenview Dr NW-FS/SB,37.746462,"Lincoln, Abraham Lincoln High School",-122.447917,0 days 00:12:41.687500,48,Census Tract 217
6015,Portola Dr&Glenview Dr NW-FS/SB,37.746462,"Lincoln, Abraham Lincoln High School",-122.447917,0 days 00:13:20.937500,48,Census Tract 217
6015,Portola Dr&Glenview Dr NW-FS/SB,37.746462,"Lincoln, Abraham Lincoln High School",-122.447917,0 days 00:14:00.187500,48,Census Tract 217
4428,Divisadero St&McAllister St NE-FS,37.77786,Gateway High School / Kipp Sf Bay Academy,-122.4383,0 days 00:01:15.666666666,24,Census Tract 158.02
4428,Divisadero St&McAllister St NE-FS,37.77786,Gateway High School / Kipp Sf Bay Academy,-122.4383,0 days 00:03:18.238095238,24,Census Tract 158.02
4428,Divisadero St&McAllister St NE-FS,37.77786,Gateway High School / Kipp Sf Bay Academy,-122.4383,0 days 00:04:24.238095238,24,Census Tract 158.02
3040,Balboa St&12TH Ave NE-NS/PS,37.777002,"Washington, George Washington High School",-122.470313,0 days 00:04:35,31,Census Tract 452.01
3040,Balboa St&12TH Ave NE-NS/PS,37.777002,"Washington, George Washington High School",-122.470313,0 days 00:05:13.214285714,31,Census Tract 452.01
3040,Balboa St&12TH Ave NE-NS/PS,37.777002,"Washington, George Washington High School",-122.470313,0 days 00:05:43.214285714,31,Census Tract 452.01
3040,Balboa St&12TH Ave NE-NS/PS,37.777002,"Washington, George Washington High School",-122.470313,0 days 00:06:27.285714285,31,Census Tract 452.01
4484,Eddy St&Laguna St NE-NS/BZ,37.782133,"Washington, George Washington High School",-122.427296,0 days 00:18:18.636363636,31,Census Tract 159
4484,Eddy St&Laguna St NE-NS/BZ,37.782133,"Washington, George Washington High School",-122.427296,0 days 00:18:56.636363636,31,Census Tract 159
4484,Eddy St&Laguna St NE-NS/BZ,37.782133,"Washington, George Washington High School",-122.427296,0 days 00:19:26.454545454,31,Census Tract 159
4484,Eddy St&Laguna St NE-NS/BZ,37.782133,"Washington, George Washington High School",-122.427296,0 days 00:20:10.272727272,31,Census Tract 159
4484,Eddy St&Laguna St NE-NS/BZ,37.782133,Gateway High School / Kipp Sf Bay Academy,-122.427296,0 days 00:04:08,31,Census Tract 159
4484,Eddy St&Laguna St NE-NS/BZ,37.782133,Gateway High School / Kipp Sf Bay Academy,-122.427296,0 days 00:02:55.250000,31,Census Tract 159
4484,Eddy St&Laguna St NE-NS/BZ,37.782133,Gateway High School / Kipp Sf Bay Academy,-122.427296,0 days 00:03:30,31,Census Tract 159
4627,Fillmore St&Lombard St SW-FS/BZ,37.799595,Gateway High School / Kipp Sf Bay Academy,-122.436051,0 days 00:09:55.777777777,22,Census Tract 128.02
4627,Fillmore St&Lombard St SW-FS/BZ,37.799595,Gateway High School / Kipp Sf Bay Academy,-122.436051,0 days 00:10:30.814814814,22,Census Tract 128.02
3529,30th Ave&Rivera St SE-NS/PS,37.74616,"Lincoln, Abraham Lincoln High School",-122.48767,0 days 00:02:36,66,Census Tract 329.01
3529,30th Ave&Rivera St SE-NS/PS,37.74616,"Lincoln, Abraham Lincoln High School",-122.48767,0 days 00:02:05.333333333,66,Census Tract 329.01
3529,30th Ave&Rivera St SE-NS/PS,37.74616,"Lincoln, Abraham Lincoln High School",-122.48767,0 days 00:01:38.333333333,66,Census Tract 329.01
8081,Cortland Ave&Bayshore Blvd SW-NS/BZ,37.739684,Gateway High School / Kipp Sf Bay Academy,-122.407769,0 days 00:30:48.750000,24,Census Tract 251
8081,Cortland Ave&Bayshore Blvd SW-NS/BZ,37.739684,Gateway High School / Kipp Sf Bay Academy,-122.407769,0 days 00:32:53.062500,24,Census Tract 251
8081,Cortland Ave&Bayshore Blvd SW-NS/BZ,37.739684,Gateway High School / Kipp Sf Bay Academy,-122.407769,0 days 00:34:00,24,Census Tract 251
4641,Fillmore St&Sutter St SW-FS/BZ,37.785814,Gateway High School / Kipp Sf Bay Academy,-122.433268,0 days 00:01:07,22,Census Tract 155
4641,Fillmore St&Sutter St SW-FS/BZ,37.785814,Gateway High School / Kipp Sf Bay Academy,-122.433268,0 days 00:01:41.800000,22,Census Tract 155
5933,Phelps St&Egbert Ave N-NS,37.72808,"Burton, Phillip And Sala Burton High School",-122.40193,0 days 00:03:29.071428571,54,Census Tract 230.01
5933,Phelps St&Egbert Ave N-NS,37.72808,"Burton, Phillip And Sala Burton High School",-122.40193,0 days 00:03:12.571428571,54,Census Tract 230.01
4259,Geary Blvd&9TH Ave NW-FS/BZ,37.780982,"Washington, George Washington High School",-122.467644,0 days 00:11:00.333333333,38,Census Tract 402
4259,Geary Blvd&9TH Ave NW-FS/BZ,37.780982,"Washington, George Washington High School",-122.467644,0 days 00:11:42.666666666,38,Census Tract 402
4259,Geary Blvd&9TH Ave NW-FS/BZ,37.780982,"Washington, George Washington High School",-122.467644,0 days 00:10:21.666666666,38,Census Tract 402
4259,Geary Blvd&9TH Ave NW-FS/BZ,37.780982,"Washington, George Washington High School",-122.467644,0 days 00:07:49.105263157,38,Census Tract 402
4259,Geary Blvd&9TH Ave NW-FS/BZ,37.780982,"Washington, George Washington High School",-122.467644,0 days 00:08:43,38,Census Tract 402
4259,Geary Blvd&9TH Ave NW-FS/BZ,37.780982,"Washington, George Washington High School",-122.467644,0 days 00:13:01.666666666,38,Census Tract 402
4259,Geary Blvd&9TH Ave NW-FS/BZ,37.780982,"Washington, George Washington High School",-122.467644,0 days 00:10:12.363636363,38,Census Tract 402
6555,Sunset Blvd&Taraval St NW-NS/SB,37.742349,"Burton, Phillip And Sala Burton High School",-122.494545,0 days 00:34:02.428571428,29,Census Tract 353
6555,Sunset Blvd&Taraval St NW-NS/SB,37.742349,"Burton, Phillip And Sala Burton High School",-122.494545,0 days 00:32:37.571428571,29,Census Tract 353
6555,Sunset Blvd&Taraval St NW-NS/SB,37.742349,"Burton, Phillip And Sala Burton High School",-122.494545,0 days 00:33:48.642857142,29,Census Tract 353
6555,Sunset Blvd&Taraval St NW-NS/SB,37.742349,"Burton, Phillip And Sala Burton High School",-122.494545,0 days 00:33:05.571428571,29,Census Tract 353
6555,Sunset Blvd&Taraval St NW-NS/SB,37.742349,"Burton, Phillip And Sala Burton High School",-122.494545,0 days 00:33:34.500000,29,Census Tract 353
6493,Steiner St&Vallejo St W-MI/PS,37.7949,Gateway High School / Kipp Sf Bay Academy,-122.43685,0 days 00:06:44.777777777,22,Census Tract 132
6493,Steiner St&Vallejo St W-MI/PS,37.7949,Gateway High School / Kipp Sf Bay Academy,-122.43685,0 days 00:07:19.814814814,22,Census Tract 132
8067,Clipper St&Grand View Ave N-NS/PS,37.748291,"Lincoln, Abraham Lincoln High School",-122.442452,0 days 00:14:16.625000,48,Census Tract 213
8067,Clipper St&Grand View Ave N-NS/PS,37.748291,"Lincoln, Abraham Lincoln High School",-122.442452,0 days 00:14:55.875000,48,Census Tract 213
8067,Clipper St&Grand View Ave N-NS/PS,37.748291,"Lincoln, Abraham Lincoln High School",-122.442452,0 days 00:15:35.125000,48,Census Tract 213
6717,Turk St&Central Ave SW-NS/SB,37.778762,Gateway High School / Kipp Sf Bay Academy,-122.445441,0 days 00:03:07.153846153,31,Census Tract 157.02
6717,Turk St&Central Ave SW-NS/SB,37.778762,Gateway High School / Kipp Sf Bay Academy,-122.445441,0 days 00:04:18.153846153,31,Census Tract 157.02
6717,Turk St&Central Ave SW-NS/SB,37.778762,Gateway High School / Kipp Sf Bay Academy,-122.445441,0 days 00:03:39.923076923,31,Census Tract 157.02
6147,Quintara St&26th Ave SE-FS/PS,37.748277,"Lincoln, Abraham Lincoln High School",-122.483469,0 days 00:01:15,48,Census Tract 328.01
6147,Quintara St&26th Ave SE-FS/PS,37.748277,"Lincoln, Abraham Lincoln High School",-122.483469,0 days 00:00:57.666666666,66,Census Tract 328.01
6147,Quintara St&26th Ave SE-FS/PS,37.748277,"Lincoln, Abraham Lincoln High School",-122.483469,0 days 00:00:35,48,Census Tract 328.01
6147,Quintara St&26th Ave SE-FS/PS,37.748277,"Lincoln, Abraham Lincoln High School",-122.483469,0 days 00:00:27,66,Census Tract 328.01
5901,Paul Ave&Crane St NE-NS/PS,37.723289,"Burton, Phillip And Sala Burton High School",-122.39908,0 days 00:02:49.956521739,29,Census Tract 233
5901,Paul Ave&Crane St NE-NS/PS,37.723289,"Burton, Phillip And Sala Burton High School",-122.39908,0 days 00:04:25.739130434,29,Census Tract 233
5901,Paul Ave&Crane St NE-NS/PS,37.723289,"Burton, Phillip And Sala Burton High School",-122.39908,0 days 00:03:10.782608695,29,Census Tract 233
5901,Paul Ave&Crane St NE-NS/PS,37.723289,"Burton, Phillip And Sala Burton High School",-122.39908,0 days 00:03:53,29,Census Tract 233
5901,Paul Ave&Crane St NE-NS/PS,37.723289,"Burton, Phillip And Sala Burton High School",-122.39908,0 days 00:03:23.695652173,29,Census Tract 233
4431,Divisadero St&Oak St NE-FS/BZ,37.773185,Gateway High School / Kipp Sf Bay Academy,-122.43735,0 days 00:04:24.666666666,24,Census Tract 164
4431,Divisadero St&Oak St NE-FS/BZ,37.773185,Gateway High School / Kipp Sf Bay Academy,-122.43735,0 days 00:06:27.238095238,24,Census Tract 164
4431,Divisadero St&Oak St NE-FS/BZ,37.773185,Gateway High School / Kipp Sf Bay Academy,-122.43735,0 days 00:07:33.238095238,24,Census Tract 164
5034,Holloway Ave&Beverly St SW-NS/SB,37.72161,"Burton, Phillip And Sala Burton High School",-122.471797,0 days 00:21:07.611111111,29,Census Tract 313.01
5034,Holloway Ave&Beverly St SW-NS/SB,37.72161,"Burton, Phillip And Sala Burton High School",-122.471797,0 days 00:19:43.666666666,29,Census Tract 313.01
5034,Holloway Ave&Beverly St SW-NS/SB,37.72161,"Burton, Phillip And Sala Burton High School",-122.471797,0 days 00:20:53.944444444,29,Census Tract 313.01
5034,Holloway Ave&Beverly St SW-NS/SB,37.72161,"Burton, Phillip And Sala Burton High School",-122.471797,0 days 00:20:11.388888888,29,Census Tract 313.01
5034,Holloway Ave&Beverly St SW-NS/SB,37.72161,"Burton, Phillip And Sala Burton High School",-122.471797,0 days 00:20:40,29,Census Tract 313.01
3215,9th Ave&Judah St SW-FS/BZ,37.76204,"Lincoln, Abraham Lincoln High School",-122.466241,0 days 00:08:28.111111111,66,Census Tract 302.02
3215,9th Ave&Judah St SW-FS/BZ,37.76204,"Lincoln, Abraham Lincoln High School",-122.466241,0 days 00:08:56,66,Census Tract 302.02
3215,9th Ave&Judah St SW-FS/BZ,37.76204,"Lincoln, Abraham Lincoln High School",-122.466241,0 days 00:09:19,66,Census Tract 302.02
4264,Geary Blvd&17TH Ave SE-FS/BZ,37.780463,Gateway High School / Kipp Sf Bay Academy,-122.475977,0 days 00:14:07.941176470,38,Census Tract 476
4264,Geary Blvd&17TH Ave SE-FS/BZ,37.780463,Gateway High School / Kipp Sf Bay Academy,-122.475977,0 days 00:14:52.125000,38,Census Tract 476
5561,Mission St&22nd St NE-FS/BB,37.75582,Galileo High School,-122.41871,0 days 00:24:47.423076923,49,Census Tract 208.01
5561,Mission St&22nd St NE-FS/BB,37.75582,Galileo High School,-122.41871,0 days 00:25:22.708333333,49,Census Tract 208.01
5561,Mission St&22nd St NE-FS/BB,37.75582,Galileo High School,-122.41871,0 days 00:25:46.708333333,49,Census Tract 208.01
4311,Castro St&16TH St NE-FS/BZ,37.764164,Gateway High School / Kipp Sf Bay Academy,-122.435254,0 days 00:09:26.400000,24,Census Tract 169
4311,Castro St&16TH St NE-FS/BZ,37.764164,Gateway High School / Kipp Sf Bay Academy,-122.435254,0 days 00:11:29.250000,24,Census Tract 169
4311,Castro St&16TH St NE-FS/BZ,37.764164,Gateway High School / Kipp Sf Bay Academy,-122.435254,0 days 00:12:35.400000,24,Census Tract 169
6140,Quintara St&19th Ave NE-NS/PS,37.74871,"Lincoln, Abraham Lincoln High School",-122.47584,0 days 00:01:00.812500,48,Census Tract 303.02
6140,Quintara St&19th Ave NE-NS/PS,37.74871,"Lincoln, Abraham Lincoln High School",-122.47584,0 days 00:00:43.555555555,66,Census Tract 303.02
6140,Quintara St&19th Ave NE-NS/PS,37.74871,"Lincoln, Abraham Lincoln High School",-122.47584,0 days 00:01:40.062500,48,Census Tract 303.02
6140,Quintara St&19th Ave NE-NS/PS,37.74871,"Lincoln, Abraham Lincoln High School",-122.47584,0 days 00:01:11.444444444,66,Census Tract 303.02
6140,Quintara St&19th Ave NE-NS/PS,37.74871,"Lincoln, Abraham Lincoln High School",-122.47584,0 days 00:02:19.312500,48,Census Tract 303.02
6140,Quintara St&19th Ave NE-NS/PS,37.74871,"Lincoln, Abraham Lincoln High School",-122.47584,0 days 00:01:38,66,Census Tract 303.02
3554,33rd Ave&Balboa St NW-NS/BZ,37.775997,"Washington, George Washington High School",-122.493133,0 days 00:00:31,18,Census Tract 478.01
3554,33rd Ave&Balboa St NW-NS/BZ,37.775997,"Washington, George Washington High School",-122.493133,0 days 00:01:19.714285714,38,Census Tract 478.01
4757,Geary St&Powell St NW-FS/BZ,37.787401,"Washington, George Washington High School",-122.408391,0 days 00:38:25.200000,38,Census Tract 123.02
4757,Geary St&Powell St NW-FS/BZ,37.787401,"Washington, George Washington High School",-122.408391,0 days 00:39:06,38,Census Tract 123.02
4757,Geary St&Powell St NW-FS/BZ,37.787401,"Washington, George Washington High School",-122.408391,0 days 00:37:48,38,Census Tract 123.02
4757,Geary St&Powell St NW-FS/BZ,37.787401,"Washington, George Washington High School",-122.408391,0 days 00:36:01.933333333,38,Census Tract 123.02
4757,Geary St&Powell St NW-FS/BZ,37.787401,"Washington, George Washington High School",-122.408391,0 days 00:36:56.200000,38,Census Tract 123.02
4757,Geary St&Powell St NW-FS/BZ,37.787401,"Washington, George Washington High School",-122.408391,0 days 00:40:24,38,Census Tract 123.02
4757,Geary St&Powell St NW-FS/BZ,37.787401,"Washington, George Washington High School",-122.408391,0 days 00:38:15,38,Census Tract 123.02
4757,Geary St&Powell St NW-FS/BZ,37.787401,"Washington, George Washington High School",-122.408391,0 days 00:29:00,38R,Census Tract 123.02
4757,Geary St&Powell St NW-FS/BZ,37.787401,Gateway High School / Kipp Sf Bay Academy,-122.408391,0 days 00:15:07.181818181,38,Census Tract 123.02
4757,Geary St&Powell St NW-FS/BZ,37.787401,Gateway High School / Kipp Sf Bay Academy,-122.408391,0 days 00:10:41.080000,38R,Census Tract 123.02
4757,Geary St&Powell St NW-FS/BZ,37.787401,Gateway High School / Kipp Sf Bay Academy,-122.408391,0 days 00:12:05.454545454,38,Census Tract 123.02
4757,Geary St&Powell St NW-FS/BZ,37.787401,Gateway High School / Kipp Sf Bay Academy,-122.408391,0 days 00:08:31.111111111,38R,Census Tract 123.02
4757,Geary St&Powell St NW-FS/BZ,37.787401,Gateway High School / Kipp Sf Bay Academy,-122.408391,0 days 00:14:19.363636363,38,Census Tract 123.02
6299,Sacramento St&Grant Ave NW-FS/BZ,37.793411,"Washington, George Washington High School",-122.406306,0 days 00:32:57.235294117,1,Census Tract 118
6299,Sacramento St&Grant Ave NW-FS/BZ,37.793411,"Washington, George Washington High School",-122.406306,0 days 00:33:23.470588235,1,Census Tract 118
4874,Legion of Honor SW-FS/SB,37.78498,"Washington, George Washington High School",-122.49969,0 days 00:05:04,18,Census Tract 9802
4874,Legion of Honor SW-FS/SB,37.78498,"Washington, George Washington High School",-122.49969,0 days 00:03:47,18,Census Tract 9802
4874,Legion of Honor SW-FS/SB,37.78498,"Washington, George Washington High School",-122.49969,0 days 00:04:33,18,Census Tract 9802
4874,Legion of Honor SW-FS/SB,37.78498,"Washington, George Washington High School",-122.49969,0 days 00:02:58,18,Census Tract 9802
5261,Legion of Honor Dr&Clement St NW-NS,37.781653,"Washington, George Washington High School",-122.494615,0 days 00:03:06,18,Census Tract 9802
5261,Legion of Honor Dr&Clement St NW-NS,37.781653,"Washington, George Washington High School",-122.494615,0 days 00:01:49,18,Census Tract 9802
5261,Legion of Honor Dr&Clement St NW-NS,37.781653,"Washington, George Washington High School",-122.494615,0 days 00:02:35,18,Census Tract 9802
5261,Legion of Honor Dr&Clement St NW-NS,37.781653,"Washington, George Washington High School",-122.494615,0 days 00:01:00,18,Census Tract 9802
5914,Persia Ave&Moscow St E-NS/PS,37.719728,"Burton, Phillip And Sala Burton High School",-122.428676,0 days 00:07:54.916666666,54,Census Tract 260.03
5914,Persia Ave&Moscow St E-NS/PS,37.719728,"Burton, Phillip And Sala Burton High School",-122.428676,0 days 00:08:12.333333333,54,Census Tract 260.03
5228,Kansas St&25th St SE-NS/PS,37.751887,Galileo High School,-122.402223,0 days 00:37:28,19,Census Tract 614.01
5228,Kansas St&25th St SE-NS/PS,37.751887,Galileo High School,-122.402223,0 days 00:36:59.250000,19,Census Tract 614.01
5228,Kansas St&25th St SE-NS/PS,37.751887,Galileo High School,-122.402223,0 days 00:35:59.250000,19,Census Tract 614.01
5228,Kansas St&25th St SE-NS/PS,37.751887,Galileo High School,-122.402223,0 days 00:35:05.625000,19,Census Tract 614.01
5228,Kansas St&25th St SE-NS/PS,37.751887,Galileo High School,-122.402223,0 days 00:33:59.625000,19,Census Tract 614.01
5228,Kansas St&25th St SE-NS/PS,37.751887,"Lincoln, Abraham Lincoln High School",-122.402223,0 days 00:33:40.833333333,48,Census Tract 614.01
5228,Kansas St&25th St SE-NS/PS,37.751887,"Lincoln, Abraham Lincoln High School",-122.402223,0 days 00:34:20.833333333,48,Census Tract 614.01
5228,Kansas St&25th St SE-NS/PS,37.751887,"Lincoln, Abraham Lincoln High School",-122.402223,0 days 00:35:00.833333333,48,Census Tract 614.01
8089,Van Ness Ave&McAllister St NS-S/SI,37.780035,Galileo High School,-122.420224,0 days 00:10:53.437500,49,Census Tract 124.05
8089,Van Ness Ave&McAllister St NS-S/SI,37.780035,Galileo High School,-122.420224,0 days 00:11:34.600000,49,Census Tract 124.05
8089,Van Ness Ave&McAllister St NS-S/SI,37.780035,Galileo High School,-122.420224,0 days 00:11:58.600000,49,Census Tract 124.05
6539,Sunset Blvd&Noriega St NW-NS/SB,37.753538,"Burton, Phillip And Sala Burton High School",-122.495319,0 days 00:37:05.071428571,29,Census Tract 351.02
6539,Sunset Blvd&Noriega St NW-NS/SB,37.753538,"Burton, Phillip And Sala Burton High School",-122.495319,0 days 00:35:40.214285714,29,Census Tract 351.02
6539,Sunset Blvd&Noriega St NW-NS/SB,37.753538,"Burton, Phillip And Sala Burton High School",-122.495319,0 days 00:36:51.285714285,29,Census Tract 351.02
6539,Sunset Blvd&Noriega St NW-NS/SB,37.753538,"Burton, Phillip And Sala Burton High School",-122.495319,0 days 00:36:08.214285714,29,Census Tract 351.02
6539,Sunset Blvd&Noriega St NW-NS/SB,37.753538,"Burton, Phillip And Sala Burton High School",-122.495319,0 days 00:36:37.142857142,29,Census Tract 351.02
6319,Sacramento St&Webster St NE-NS/BZ,37.79013,"Washington, George Washington High School",-122.43225,0 days 00:21:47.142857142,1,Census Tract 135
6319,Sacramento St&Webster St NE-NS/BZ,37.79013,"Washington, George Washington High School",-122.43225,0 days 00:22:12.857142857,1,Census Tract 135
5979,Plymouth Ave&Thrift St NE-FS,37.71773,"Burton, Phillip And Sala Burton High School",-122.45607,0 days 00:21:27.545454545,54,Census Tract 314.02
5979,Plymouth Ave&Thrift St NE-FS,37.71773,"Burton, Phillip And Sala Burton High School",-122.45607,0 days 00:21:44.909090909,54,Census Tract 314.02
3053,Balboa St&28TH Ave NE-NS/BZ,37.776222,"Washington, George Washington High School",-122.487551,0 days 00:00:38.200000,31,Census Tract 477.01
3053,Balboa St&28TH Ave NE-NS/BZ,37.776222,"Washington, George Washington High School",-122.487551,0 days 00:01:08.200000,31,Census Tract 477.01
3053,Balboa St&28TH Ave NE-NS/BZ,37.776222,"Washington, George Washington High School",-122.487551,0 days 00:01:52.266666666,31,Census Tract 477.01
6155,Quintara St&31st Ave SW-NS,37.748000000000005,"Lincoln, Abraham Lincoln High School",-122.48905,0 days 00:02:59,48,Census Tract 329.01
6155,Quintara St&31st Ave SW-NS,37.748000000000005,"Lincoln, Abraham Lincoln High School",-122.48905,0 days 00:02:19,48,Census Tract 329.01
6155,Quintara St&31st Ave SW-NS,37.748000000000005,"Lincoln, Abraham Lincoln High School",-122.48905,0 days 00:01:44,48,Census Tract 329.01
4320,Castro St&21ST St E-MI/SB,37.755955,Gateway High School / Kipp Sf Bay Academy,-122.434465,0 days 00:13:06.700000,24,Census Tract 211
4320,Castro St&21ST St E-MI/SB,37.755955,Gateway High School / Kipp Sf Bay Academy,-122.434465,0 days 00:15:09.550000,24,Census Tract 211
4320,Castro St&21ST St E-MI/SB,37.755955,Gateway High School / Kipp Sf Bay Academy,-122.434465,0 days 00:16:15.700000,24,Census Tract 211
3577,46th Ave&Judah St SE-NS/PS,37.760395,"Washington, George Washington High School",-122.505901,0 days 00:10:59,18,Census Tract 352.02
3577,46th Ave&Judah St SE-NS/PS,37.760395,"Washington, George Washington High School",-122.505901,0 days 00:12:06,18,Census Tract 352.02
3577,46th Ave&Judah St SE-NS/PS,37.760395,"Washington, George Washington High School",-122.505901,0 days 00:11:24,18,Census Tract 352.02
3577,46th Ave&Judah St SE-NS/PS,37.760395,"Washington, George Washington High School",-122.505901,0 days 00:13:00,18,Census Tract 352.02
4275,Geary Blvd&32ND Ave SE-FS/BZ,37.779629,"Washington, George Washington High School",-122.491714,0 days 00:01:21.739130434,38,Census Tract 478.01
4275,Geary Blvd&32ND Ave SE-FS/BZ,37.779629,"Washington, George Washington High School",-122.491714,0 days 00:00:33.217391304,38,Census Tract 478.01
4275,Geary Blvd&32ND Ave SE-FS/BZ,37.779629,Gateway High School / Kipp Sf Bay Academy,-122.491714,0 days 00:19:55,38,Census Tract 478.01
4275,Geary Blvd&32ND Ave SE-FS/BZ,37.779629,Gateway High School / Kipp Sf Bay Academy,-122.491714,0 days 00:20:37.312500,38,Census Tract 478.01
5468,North Point St&Polk St NW-FS/BZ,37.805313,"Lincoln, Abraham Lincoln High School",-122.423987,0 days 00:29:19.833333333,28,Census Tract 102.02
5468,North Point St&Polk St NW-FS/BZ,37.805313,Galileo High School,-122.423987,0 days 00:01:41.368421052,28,Census Tract 102.02
5468,North Point St&Polk St NW-FS/BZ,37.805313,Galileo High School,-122.423987,0 days 00:01:56.210526315,30,Census Tract 102.02
5468,North Point St&Polk St NW-FS/BZ,37.805313,Galileo High School,-122.423987,0 days 00:00:42.142857142,28,Census Tract 102.02
5468,North Point St&Polk St NW-FS/BZ,37.805313,Galileo High School,-122.423987,0 days 00:00:46.551724137,30,Census Tract 102.02
5468,North Point St&Polk St NW-FS/BZ,37.805313,Galileo High School,-122.423987,0 days 00:03:15.263157894,30,Census Tract 102.02
3352,19th Ave&Buckingham Way NW-NS/BZ,37.725901,"Washington, George Washington High School",-122.475235,0 days 00:28:59,18,Census Tract 332.01
3352,19th Ave&Buckingham Way NW-NS/BZ,37.725901,"Washington, George Washington High School",-122.475235,0 days 00:30:06,18,Census Tract 332.01
3352,19th Ave&Buckingham Way NW-NS/BZ,37.725901,"Washington, George Washington High School",-122.475235,0 days 00:29:24,18,Census Tract 332.01
3352,19th Ave&Buckingham Way NW-NS/BZ,37.725901,"Washington, George Washington High School",-122.475235,0 days 00:31:00,18,Census Tract 332.01
4858,Lawton St&Funston Ave NE-NS/PS,37.7583,"Lincoln, Abraham Lincoln High School",-122.47008,0 days 00:05:28.111111111,66,Census Tract 303.01
4858,Lawton St&Funston Ave NE-NS/PS,37.7583,"Lincoln, Abraham Lincoln High School",-122.47008,0 days 00:05:56,66,Census Tract 303.01
4858,Lawton St&Funston Ave NE-NS/PS,37.7583,"Lincoln, Abraham Lincoln High School",-122.47008,0 days 00:06:19,66,Census Tract 303.01
4590,Felton St&Madison St SE-FS,37.72543,"Burton, Phillip And Sala Burton High School",-122.42211,0 days 00:04:56.916666666,54,Census Tract 256
4590,Felton St&Madison St SE-FS,37.72543,"Burton, Phillip And Sala Burton High School",-122.42211,0 days 00:05:14.333333333,54,Census Tract 256
3560,33rd Ave&Geary Blvd SW-FS/BZ,37.779566,"Washington, George Washington High School",-122.493376,0 days 00:00:39.714285714,38,Census Tract 478.02
3560,33rd Ave&Geary Blvd SW-FS/BZ,37.779566,"Washington, George Washington High School",-122.493376,0 days 00:01:23.142857142,38,Census Tract 478.02
3560,33rd Ave&Geary Blvd SW-FS/BZ,37.779566,"Washington, George Washington High School",-122.493376,0 days 00:02:42.857142857,38,Census Tract 478.02
5669,Market St&Drumm St N-NS/BZ,37.793473,Gateway High School / Kipp Sf Bay Academy,-122.396178,0 days 00:19:07.800000,2,Census Tract 105
5669,Market St&Drumm St N-NS/BZ,37.793473,Gateway High School / Kipp Sf Bay Academy,-122.396178,0 days 00:18:59.454545454,2,Census Tract 105
5669,Market St&Drumm St N-NS/BZ,37.793473,Gateway High School / Kipp Sf Bay Academy,-122.396178,0 days 00:17:38.545454545,2,Census Tract 105
6188,Rhode Island St&15th St SE-NS/SB,37.76725,Galileo High School,-122.40273,0 days 00:29:46.100000,19,Census Tract 607.02
6188,Rhode Island St&15th St SE-NS/SB,37.76725,Galileo High School,-122.40273,0 days 00:29:18.300000,19,Census Tract 607.02
6188,Rhode Island St&15th St SE-NS/SB,37.76725,Galileo High School,-122.40273,0 days 00:28:20.300000,19,Census Tract 607.02
6188,Rhode Island St&15th St SE-NS/SB,37.76725,Galileo High School,-122.40273,0 days 00:27:28.400000,19,Census Tract 607.02
6188,Rhode Island St&15th St SE-NS/SB,37.76725,Galileo High School,-122.40273,0 days 00:26:24.600000,19,Census Tract 607.02
3549,32nd Ave&Clement St NW-NS/PS,37.781802,"Washington, George Washington High School",-122.492425,0 days 00:00:42.769230769,1,Census Tract 427
3549,32nd Ave&Clement St NW-NS/PS,37.781802,"Washington, George Washington High School",-122.492425,0 days 00:01:08.115384615,1,Census Tract 427
4766,Geary St&Stockton St NE-NS/BB,37.787633,"Washington, George Washington High School",-122.406568,0 days 00:39:26.800000,38,Census Tract 117
4766,Geary St&Stockton St NE-NS/BB,37.787633,"Washington, George Washington High School",-122.406568,0 days 00:40:07.600000,38,Census Tract 117
4766,Geary St&Stockton St NE-NS/BB,37.787633,"Washington, George Washington High School",-122.406568,0 days 00:38:49.600000,38,Census Tract 117
4766,Geary St&Stockton St NE-NS/BB,37.787633,"Washington, George Washington High School",-122.406568,0 days 00:37:06.066666666,38,Census Tract 117
4766,Geary St&Stockton St NE-NS/BB,37.787633,"Washington, George Washington High School",-122.406568,0 days 00:38:00.333333333,38,Census Tract 117
4766,Geary St&Stockton St NE-NS/BB,37.787633,"Washington, George Washington High School",-122.406568,0 days 00:41:25.600000,38,Census Tract 117
4766,Geary St&Stockton St NE-NS/BB,37.787633,"Washington, George Washington High School",-122.406568,0 days 00:39:18.500000,38,Census Tract 117
4766,Geary St&Stockton St NE-NS/BB,37.787633,"Washington, George Washington High School",-122.406568,0 days 00:30:03.500000,38R,Census Tract 117
4766,Geary St&Stockton St NE-NS/BB,37.787633,Gateway High School / Kipp Sf Bay Academy,-122.406568,0 days 00:16:11.545454545,38,Census Tract 117
4766,Geary St&Stockton St NE-NS/BB,37.787633,Gateway High School / Kipp Sf Bay Academy,-122.406568,0 days 00:11:44.200000,38R,Census Tract 117
4766,Geary St&Stockton St NE-NS/BB,37.787633,Gateway High School / Kipp Sf Bay Academy,-122.406568,0 days 00:13:09.818181818,38,Census Tract 117
4766,Geary St&Stockton St NE-NS/BB,37.787633,Gateway High School / Kipp Sf Bay Academy,-122.406568,0 days 00:09:34.962962962,38R,Census Tract 117
4766,Geary St&Stockton St NE-NS/BB,37.787633,Gateway High School / Kipp Sf Bay Academy,-122.406568,0 days 00:15:23.727272727,38,Census Tract 117
7841,Mission St&Power St NE-FS/BZ,37.746245,Galileo High School,-122.419401,0 days 00:29:42.760000,49,Census Tract 253
7841,Mission St&Power St NE-FS/BZ,37.746245,Galileo High School,-122.419401,0 days 00:30:17.782608695,49,Census Tract 253
7841,Mission St&Power St NE-FS/BZ,37.746245,Galileo High School,-122.419401,0 days 00:30:41.782608695,49,Census Tract 253
3948,Chestnut St&Laguna St SW-NS/BZ,37.80137,Galileo High School,-122.431406,0 days 00:02:29.352941176,30,Census Tract 129.02
3948,Chestnut St&Laguna St SW-NS/BZ,37.80137,Galileo High School,-122.431406,0 days 00:06:02.437500,30,Census Tract 129.02
3948,Chestnut St&Laguna St SW-NS/BZ,37.80137,Galileo High School,-122.431406,0 days 00:04:45.941176470,30,Census Tract 129.02
3948,Chestnut St&Laguna St SW-NS/BZ,37.80137,Galileo High School,-122.431406,0 days 00:04:06.176470588,30,Census Tract 129.02
3948,Chestnut St&Laguna St SW-NS/BZ,37.80137,Galileo High School,-122.431406,0 days 00:03:31.470588235,30,Census Tract 129.02
4489,Eddy St&Polk St NE-NS/SB,37.783184,"Washington, George Washington High School",-122.419042,0 days 00:22:09.375000,31,Census Tract 124.06
4489,Eddy St&Polk St NE-NS/SB,37.783184,"Washington, George Washington High School",-122.419042,0 days 00:22:48.125000,31,Census Tract 124.06
4489,Eddy St&Polk St NE-NS/SB,37.783184,"Washington, George Washington High School",-122.419042,0 days 00:23:18.625000,31,Census Tract 124.06
4489,Eddy St&Polk St NE-NS/SB,37.783184,"Washington, George Washington High School",-122.419042,0 days 00:24:03.375000,31,Census Tract 124.06
4489,Eddy St&Polk St NE-NS/SB,37.783184,Gateway High School / Kipp Sf Bay Academy,-122.419042,0 days 00:07:45.888888888,31,Census Tract 124.06
4489,Eddy St&Polk St NE-NS/SB,37.783184,Gateway High School / Kipp Sf Bay Academy,-122.419042,0 days 00:06:31.444444444,31,Census Tract 124.06
4489,Eddy St&Polk St NE-NS/SB,37.783184,Gateway High School / Kipp Sf Bay Academy,-122.419042,0 days 00:07:07,31,Census Tract 124.06
5971,Plymouth Ave&Montana St SE-NS,37.71655,"Burton, Phillip And Sala Burton High School",-122.45605,0 days 00:21:53.454545454,54,Census Tract 314.02
5971,Plymouth Ave&Montana St SE-NS,37.71655,"Burton, Phillip And Sala Burton High School",-122.45605,0 days 00:22:10.818181818,54,Census Tract 314.02
6999,7th St&Bryant St N-FS/BB,37.774587,Galileo High School,-122.405005,0 days 00:25:13.200000,19,Census Tract 180
6999,7th St&Bryant St N-FS/BB,37.774587,Galileo High School,-122.405005,0 days 00:24:45.400000,19,Census Tract 180
6999,7th St&Bryant St N-FS/BB,37.774587,Galileo High School,-122.405005,0 days 00:23:47.400000,19,Census Tract 180
6999,7th St&Bryant St N-FS/BB,37.774587,Galileo High School,-122.405005,0 days 00:22:55.500000,19,Census Tract 180
6999,7th St&Bryant St N-FS/BB,37.774587,Galileo High School,-122.405005,0 days 00:21:51.700000,19,Census Tract 180
6793,University St&Woolsey St NW-NS,37.72273,"Burton, Phillip And Sala Burton High School",-122.41253,0 days 00:00:51.642857142,54,Census Tract 9805.01
6793,University St&Woolsey St NW-NS,37.72273,"Burton, Phillip And Sala Burton High School",-122.41253,0 days 00:01:08.857142857,54,Census Tract 9805.01
4274,Geary Blvd&30TH Ave SW-NS/BZ,37.779727,"Washington, George Washington High School",-122.49019,0 days 00:00:48.521739130,38,Census Tract 478.01
4274,Geary Blvd&30TH Ave SW-NS/BZ,37.779727,Gateway High School / Kipp Sf Bay Academy,-122.49019,0 days 00:19:22.294117647,38,Census Tract 478.01
4274,Geary Blvd&30TH Ave SW-NS/BZ,37.779727,Gateway High School / Kipp Sf Bay Academy,-122.49019,0 days 00:20:04.687500,38,Census Tract 478.01
6302,Sacramento St&Kearny St NW-FS/BZ,37.79362,"Washington, George Washington High School",-122.40482,0 days 00:33:45.176470588,1,Census Tract 118
6302,Sacramento St&Kearny St NW-FS/BZ,37.79362,"Washington, George Washington High School",-122.40482,0 days 00:34:11.411764705,1,Census Tract 118
4422,Divisadero St&Geary Blvd SW-FS/BZ,37.78316,Gateway High School / Kipp Sf Bay Academy,-122.439526,0 days 00:01:41.923076923,24,Census Tract 158.01
3056,Balboa St&30TH Ave SW-NS/SB,37.775989,"Washington, George Washington High School",-122.489912,0 days 00:00:37.666666666,31,Census Tract 478.01
3056,Balboa St&30TH Ave SW-NS/SB,37.775989,Gateway High School / Kipp Sf Bay Academy,-122.489912,0 days 00:17:00.666666666,31,Census Tract 478.01
3056,Balboa St&30TH Ave SW-NS/SB,37.775989,Gateway High School / Kipp Sf Bay Academy,-122.489912,0 days 00:18:12.166666666,31,Census Tract 478.01
3056,Balboa St&30TH Ave SW-NS/SB,37.775989,Gateway High School / Kipp Sf Bay Academy,-122.489912,0 days 00:17:33.666666666,31,Census Tract 478.01
7800,Lombard St & Gough St NW-FS/SB,37.800942,"Lincoln, Abraham Lincoln High School",-122.42807,0 days 00:26:09.416666666,28,Census Tract 129.01
6595,Sutter St&Jones St NW-FS/BZ,37.788643,Gateway High School / Kipp Sf Bay Academy,-122.413618,0 days 00:11:15.454545454,2,Census Tract 121
6595,Sutter St&Jones St NW-FS/BZ,37.788643,Gateway High School / Kipp Sf Bay Academy,-122.413618,0 days 00:10:54.500000,2,Census Tract 121
6595,Sutter St&Jones St NW-FS/BZ,37.788643,Gateway High School / Kipp Sf Bay Academy,-122.413618,0 days 00:09:34.500000,2,Census Tract 121
5551,Mission St&16th St NE-FS/BZ,37.765125,Galileo High School,-122.419668,0 days 00:19:37.586206896,49,Census Tract 201.02
5551,Mission St&16th St NE-FS/BZ,37.765125,Galileo High School,-122.419668,0 days 00:20:13.777777777,49,Census Tract 201.02
5551,Mission St&16th St NE-FS/BZ,37.765125,Galileo High School,-122.419668,0 days 00:20:37.777777777,49,Census Tract 201.02
3218,9th Ave&Lawton St NW-NS/RC,37.758533,"Lincoln, Abraham Lincoln High School",-122.466022,0 days 00:06:57.111111111,66,Census Tract 303.01
3218,9th Ave&Lawton St NW-NS/RC,37.758533,"Lincoln, Abraham Lincoln High School",-122.466022,0 days 00:07:25,66,Census Tract 303.01
3218,9th Ave&Lawton St NW-NS/RC,37.758533,"Lincoln, Abraham Lincoln High School",-122.466022,0 days 00:07:48,66,Census Tract 303.01
3251,14th Ave&Ulloa St NE-FS,37.7416,"Lincoln, Abraham Lincoln High School",-122.47004,0 days 00:05:26,48,Census Tract 308
3251,14th Ave&Ulloa St NE-FS,37.7416,"Lincoln, Abraham Lincoln High School",-122.47004,0 days 00:06:05.250000,48,Census Tract 308
3251,14th Ave&Ulloa St NE-FS,37.7416,"Lincoln, Abraham Lincoln High School",-122.47004,0 days 00:06:44.500000,48,Census Tract 308
6113,Portola Dr&Laguna Honda Blvd N-NS,37.743098,"Lincoln, Abraham Lincoln High School",-122.455261,0 days 00:10:37.062500,48,Census Tract 306
6113,Portola Dr&Laguna Honda Blvd N-NS,37.743098,"Lincoln, Abraham Lincoln High School",-122.455261,0 days 00:11:16.312500,48,Census Tract 306
6113,Portola Dr&Laguna Honda Blvd N-NS,37.743098,"Lincoln, Abraham Lincoln High School",-122.455261,0 days 00:11:55.562500,48,Census Tract 306
6511,Stockton St&Clay St E-MB/BB,37.79381,Galileo High School,-122.40779,0 days 00:11:19.538461538,30,Census Tract 118
6511,Stockton St&Clay St E-MB/BB,37.79381,Galileo High School,-122.40779,0 days 00:12:13.307692307,30,Census Tract 118
6511,Stockton St&Clay St E-MB/BB,37.79381,Galileo High School,-122.40779,0 days 00:14:04.250000,30,Census Tract 118
6511,Stockton St&Clay St E-MB/BB,37.79381,Galileo High School,-122.40779,0 days 00:13:00.846153846,30,Census Tract 118
6511,Stockton St&Clay St E-MB/BB,37.79381,Galileo High School,-122.40779,0 days 00:15:24.500000,30,Census Tract 118
4327,Castro St&24TH St SW-FS/BZ,37.751315,"Lincoln, Abraham Lincoln High School",-122.43411,0 days 00:17:04.375000,48,Census Tract 212
4327,Castro St&24TH St SW-FS/BZ,37.751315,"Lincoln, Abraham Lincoln High School",-122.43411,0 days 00:17:43.625000,48,Census Tract 212
4327,Castro St&24TH St SW-FS/BZ,37.751315,"Lincoln, Abraham Lincoln High School",-122.43411,0 days 00:18:22.875000,48,Census Tract 212
4421,Divisadero St&Geary Blvd NE-FS/BZ,37.783375,Gateway High School / Kipp Sf Bay Academy,-122.439412,0 days 00:01:06,24,Census Tract 158.01
5962,Plymouth Ave&Holloway Ave SE-NS/PS,37.72177,"Burton, Phillip And Sala Burton High School",-122.4561,0 days 00:14:45.944444444,29,Census Tract 312.01
5962,Plymouth Ave&Holloway Ave SE-NS/PS,37.72177,"Burton, Phillip And Sala Burton High School",-122.4561,0 days 00:13:22,29,Census Tract 312.01
5962,Plymouth Ave&Holloway Ave SE-NS/PS,37.72177,"Burton, Phillip And Sala Burton High School",-122.4561,0 days 00:14:32.277777777,29,Census Tract 312.01
5962,Plymouth Ave&Holloway Ave SE-NS/PS,37.72177,"Burton, Phillip And Sala Burton High School",-122.4561,0 days 00:13:49.722222222,29,Census Tract 312.01
5962,Plymouth Ave&Holloway Ave SE-NS/PS,37.72177,"Burton, Phillip And Sala Burton High School",-122.4561,0 days 00:14:18.333333333,29,Census Tract 312.01
5783,Ocean Ave&Cayuga Ave SE-FS/BZ,37.72357,"Burton, Phillip And Sala Burton High School",-122.43853,0 days 00:08:59.315789473,29,Census Tract 261
5783,Ocean Ave&Cayuga Ave SE-FS/BZ,37.72357,"Burton, Phillip And Sala Burton High School",-122.43853,0 days 00:07:35.631578947,29,Census Tract 261
5783,Ocean Ave&Cayuga Ave SE-FS/BZ,37.72357,"Burton, Phillip And Sala Burton High School",-122.43853,0 days 00:08:45.684210526,29,Census Tract 261
5783,Ocean Ave&Cayuga Ave SE-FS/BZ,37.72357,"Burton, Phillip And Sala Burton High School",-122.43853,0 days 00:08:03.263157894,29,Census Tract 261
5783,Ocean Ave&Cayuga Ave SE-FS/BZ,37.72357,"Burton, Phillip And Sala Burton High School",-122.43853,0 days 00:08:31.789473684,29,Census Tract 261
5783,Ocean Ave&Cayuga Ave SE-FS/BZ,37.72357,Galileo High School,-122.43853,0 days 00:43:53.714285714,49,Census Tract 261
5783,Ocean Ave&Cayuga Ave SE-FS/BZ,37.72357,Galileo High School,-122.43853,0 days 00:44:26.631578947,49,Census Tract 261
5783,Ocean Ave&Cayuga Ave SE-FS/BZ,37.72357,Galileo High School,-122.43853,0 days 00:44:50.631578947,49,Census Tract 261
4289,Geary Blvd&Baker St NW-FS/BZ,37.782973,"Washington, George Washington High School",-122.442965,0 days 00:21:43.333333333,38,Census Tract 154.01
4289,Geary Blvd&Baker St NW-FS/BZ,37.782973,"Washington, George Washington High School",-122.442965,0 days 00:22:25.666666666,38,Census Tract 154.01
4289,Geary Blvd&Baker St NW-FS/BZ,37.782973,"Washington, George Washington High School",-122.442965,0 days 00:21:04.666666666,38,Census Tract 154.01
4289,Geary Blvd&Baker St NW-FS/BZ,37.782973,"Washington, George Washington High School",-122.442965,0 days 00:19:16.111111111,38,Census Tract 154.01
4289,Geary Blvd&Baker St NW-FS/BZ,37.782973,"Washington, George Washington High School",-122.442965,0 days 00:20:10.222222222,38,Census Tract 154.01
4289,Geary Blvd&Baker St NW-FS/BZ,37.782973,"Washington, George Washington High School",-122.442965,0 days 00:23:44.666666666,38,Census Tract 154.01
4289,Geary Blvd&Baker St NW-FS/BZ,37.782973,"Washington, George Washington High School",-122.442965,0 days 00:21:49.200000,38,Census Tract 154.01
4268,Geary Blvd&23RD Ave SE-FS/BZ,37.780167,Gateway High School / Kipp Sf Bay Academy,-122.48243,0 days 00:16:32.058823529,38,Census Tract 477.01
4268,Geary Blvd&23RD Ave SE-FS/BZ,37.780167,Gateway High School / Kipp Sf Bay Academy,-122.48243,0 days 00:17:15.500000,38,Census Tract 477.01
3845,California St&Arguello Blvd NW-FS/BZ,37.785703,"Washington, George Washington High School",-122.459288,0 days 00:11:28.346153846,1,Census Tract 401
3845,California St&Arguello Blvd NW-FS/BZ,37.785703,"Washington, George Washington High School",-122.459288,0 days 00:11:53.692307692,1,Census Tract 401
5571,Mission St&30th St NE-FS/BB,37.742408,Galileo High School,-122.421945,0 days 00:31:42.800000,49,Census Tract 253
5571,Mission St&30th St NE-FS/BB,37.742408,Galileo High School,-122.421945,0 days 00:32:17.739130434,49,Census Tract 253
5571,Mission St&30th St NE-FS/BB,37.742408,Galileo High School,-122.421945,0 days 00:32:41.739130434,49,Census Tract 253
5447,Mt Vernon Ave&Louisburg St W-NS,37.71937,"Burton, Phillip And Sala Burton High School",-122.45094,0 days 00:19:04,54,Census Tract 312.02
5447,Mt Vernon Ave&Louisburg St W-NS,37.71937,"Burton, Phillip And Sala Burton High School",-122.45094,0 days 00:19:21.363636363,54,Census Tract 312.02
3550,32nd Ave&Geary Blvd NW-NS/PS,37.779939,"Washington, George Washington High School",-122.492296,0 days 00:00:25.346153846,1,Census Tract 427
4425,Divisadero St&Hayes St NE-FS/BZ,37.775059,Gateway High School / Kipp Sf Bay Academy,-122.437739,0 days 00:03:09,24,Census Tract 164
4425,Divisadero St&Hayes St NE-FS/BZ,37.775059,Gateway High School / Kipp Sf Bay Academy,-122.437739,0 days 00:05:11.571428571,24,Census Tract 164
4425,Divisadero St&Hayes St NE-FS/BZ,37.775059,Gateway High School / Kipp Sf Bay Academy,-122.437739,0 days 00:06:17.571428571,24,Census Tract 164
5906,Persia Ave&Athens St E-NS,37.720139,"Burton, Phillip And Sala Burton High School",-122.429501,0 days 00:06:37.666666666,29,Census Tract 260.03
5906,Persia Ave&Athens St E-NS,37.720139,"Burton, Phillip And Sala Burton High School",-122.429501,0 days 00:05:14.428571428,29,Census Tract 260.03
5906,Persia Ave&Athens St E-NS,37.720139,"Burton, Phillip And Sala Burton High School",-122.429501,0 days 00:06:24.095238095,29,Census Tract 260.03
5906,Persia Ave&Athens St E-NS,37.720139,"Burton, Phillip And Sala Burton High School",-122.429501,0 days 00:05:41.904761904,29,Census Tract 260.03
5906,Persia Ave&Athens St E-NS,37.720139,"Burton, Phillip And Sala Burton High School",-122.429501,0 days 00:06:10.285714285,29,Census Tract 260.03
4353,De Haro St&19TH St SE-NS/PS,37.760934,Galileo High School,-122.401117,0 days 00:32:35.300000,19,Census Tract 227.04
4353,De Haro St&19TH St SE-NS/PS,37.760934,Galileo High School,-122.401117,0 days 00:32:07.500000,19,Census Tract 227.04
4353,De Haro St&19TH St SE-NS/PS,37.760934,Galileo High School,-122.401117,0 days 00:31:09.500000,19,Census Tract 227.04
4353,De Haro St&19TH St SE-NS/PS,37.760934,Galileo High School,-122.401117,0 days 00:30:17.600000,19,Census Tract 227.04
4353,De Haro St&19TH St SE-NS/PS,37.760934,Galileo High School,-122.401117,0 days 00:29:13.800000,19,Census Tract 227.04
7057,Visitacion Valley Middle Sch SE-MB,37.71621,"Burton, Phillip And Sala Burton High School",-122.413938,0 days 00:03:27,56,Census Tract 9805.01
7057,Visitacion Valley Middle Sch SE-MB,37.71621,"Burton, Phillip And Sala Burton High School",-122.413938,0 days 00:01:11,56,Census Tract 9805.01
7057,Visitacion Valley Middle Sch SE-MB,37.71621,"Burton, Phillip And Sala Burton High School",-122.413938,0 days 00:02:51,56,Census Tract 9805.01
7057,Visitacion Valley Middle Sch SE-MB,37.71621,"Burton, Phillip And Sala Burton High School",-122.413938,0 days 00:01:29,56,Census Tract 9805.01
7057,Visitacion Valley Middle Sch SE-MB,37.71621,"Burton, Phillip And Sala Burton High School",-122.413938,0 days 00:01:47,56,Census Tract 9805.01
7057,Visitacion Valley Middle Sch SE-MB,37.71621,"Burton, Phillip And Sala Burton High School",-122.413938,0 days 00:02:15,56,Census Tract 9805.01
3048,Balboa St&21ST Ave SW-NS/PS,37.776429,Gateway High School / Kipp Sf Bay Academy,-122.480273,0 days 00:14:10.333333333,31,Census Tract 477.02
3048,Balboa St&21ST Ave SW-NS/PS,37.776429,Gateway High School / Kipp Sf Bay Academy,-122.480273,0 days 00:15:21.833333333,31,Census Tract 477.02
3048,Balboa St&21ST Ave SW-NS/PS,37.776429,Gateway High School / Kipp Sf Bay Academy,-122.480273,0 days 00:14:43.333333333,31,Census Tract 477.02
3196,7th St&Market St S-NS/SI,37.780309,Galileo High School,-122.412395,0 days 00:21:05.454545454,19,Census Tract 176.04
3196,7th St&Market St S-NS/SI,37.780309,Galileo High School,-122.412395,0 days 00:20:37.636363636,19,Census Tract 176.04
3196,7th St&Market St S-NS/SI,37.780309,Galileo High School,-122.412395,0 days 00:19:39.727272727,19,Census Tract 176.04
3196,7th St&Market St S-NS/SI,37.780309,Galileo High School,-122.412395,0 days 00:18:47.909090909,19,Census Tract 176.04
3196,7th St&Market St S-NS/SI,37.780309,Galileo High School,-122.412395,0 days 00:17:44.181818181,19,Census Tract 176.04
5309,Lincoln Way&19th Ave NW-FS/BZ,37.765526,"Burton, Phillip And Sala Burton High School",-122.47761,0 days 00:45:10.909090909,29,Census Tract 9803
5309,Lincoln Way&19th Ave NW-FS/BZ,37.765526,"Burton, Phillip And Sala Burton High School",-122.47761,0 days 00:43:45.090909090,29,Census Tract 9803
5309,Lincoln Way&19th Ave NW-FS/BZ,37.765526,"Burton, Phillip And Sala Burton High School",-122.47761,0 days 00:44:57,29,Census Tract 9803
5309,Lincoln Way&19th Ave NW-FS/BZ,37.765526,"Burton, Phillip And Sala Burton High School",-122.47761,0 days 00:44:13.363636363,29,Census Tract 9803
5309,Lincoln Way&19th Ave NW-FS/BZ,37.765526,"Burton, Phillip And Sala Burton High School",-122.47761,0 days 00:44:42.636363636,29,Census Tract 9803
3837,California St&22ND Ave NE-NS/BZ,37.784097,"Washington, George Washington High School",-122.481659,0 days 00:04:39.230769230,1,Census Tract 426.01
3837,California St&22ND Ave NE-NS/BZ,37.784097,"Washington, George Washington High School",-122.481659,0 days 00:05:04.576923076,1,Census Tract 426.01
3369,19th Ave&Lawton St SW-FS/BB,37.757889,"Lincoln, Abraham Lincoln High School",-122.476782,0 days 00:03:41.875000,28,Census Tract 326.02
4323,Castro St&22ND St SE-NS/PS,37.75441,Gateway High School / Kipp Sf Bay Academy,-122.43431,0 days 00:13:43.700000,24,Census Tract 211
4323,Castro St&22ND St SE-NS/PS,37.75441,Gateway High School / Kipp Sf Bay Academy,-122.43431,0 days 00:15:46.550000,24,Census Tract 211
4323,Castro St&22ND St SE-NS/PS,37.75441,Gateway High School / Kipp Sf Bay Academy,-122.43431,0 days 00:16:52.700000,24,Census Tract 211
6307,Sacramento St&Montgomery St NW-FS,37.79382,"Washington, George Washington High School",-122.4031,0 days 00:34:44.647058823,1,Census Tract 611.01
6307,Sacramento St&Montgomery St NW-FS,37.79382,"Washington, George Washington High School",-122.4031,0 days 00:35:10.882352941,1,Census Tract 611.01
6182,Richardson Ave&Francisco St SE-NS,37.800328,"Lincoln, Abraham Lincoln High School",-122.446954,0 days 00:21:58.769230769,28,Census Tract 127
6733,Turk St&Mason St NW-FS/BZ,37.783476,"Washington, George Washington High School",-122.409379,0 days 00:29:19.375000,31,Census Tract 125.03
6733,Turk St&Mason St NW-FS/BZ,37.783476,"Washington, George Washington High School",-122.409379,0 days 00:29:58.125000,31,Census Tract 125.03
6733,Turk St&Mason St NW-FS/BZ,37.783476,"Washington, George Washington High School",-122.409379,0 days 00:30:28.625000,31,Census Tract 125.03
6733,Turk St&Mason St NW-FS/BZ,37.783476,"Washington, George Washington High School",-122.409379,0 days 00:31:13.375000,31,Census Tract 125.03
6733,Turk St&Mason St NW-FS/BZ,37.783476,Gateway High School / Kipp Sf Bay Academy,-122.409379,0 days 00:15:04.444444444,31,Census Tract 125.03
6733,Turk St&Mason St NW-FS/BZ,37.783476,Gateway High School / Kipp Sf Bay Academy,-122.409379,0 days 00:13:50,31,Census Tract 125.03
6733,Turk St&Mason St NW-FS/BZ,37.783476,Gateway High School / Kipp Sf Bay Academy,-122.409379,0 days 00:14:25.555555555,31,Census Tract 125.03
3631,Alemany Blvd&Victoria St SE-FS,37.711698,"Burton, Phillip And Sala Burton High School",-122.465186,0 days 00:26:51.111111111,54,Census Tract 313.02
3631,Alemany Blvd&Victoria St SE-FS,37.711698,"Burton, Phillip And Sala Burton High School",-122.465186,0 days 00:27:08.777777777,54,Census Tract 313.02
7073,Church St&Market St SE-NS/SI,37.767509,Gateway High School / Kipp Sf Bay Academy,-122.428927,0 days 00:11:59.343750,22,Census Tract 203
7073,Church St&Market St SE-NS/SI,37.767509,Gateway High School / Kipp Sf Bay Academy,-122.428927,0 days 00:10:54.218750,22,Census Tract 203
4331,Castro St&Duboce Ave SE-NS/BZ,37.76895,Gateway High School / Kipp Sf Bay Academy,-122.43571,0 days 00:07:03.600000,24,Census Tract 169
4331,Castro St&Duboce Ave SE-NS/BZ,37.76895,Gateway High School / Kipp Sf Bay Academy,-122.43571,0 days 00:09:06.450000,24,Census Tract 169
4331,Castro St&Duboce Ave SE-NS/BZ,37.76895,Gateway High School / Kipp Sf Bay Academy,-122.43571,0 days 00:10:12.600000,24,Census Tract 169
3124,3rd St&Folsom St N-FS/BZ,37.784204,Galileo High School,-122.399326,0 days 00:19:49.875000,30,Census Tract 615.03
3124,3rd St&Folsom St N-FS/BZ,37.784204,Galileo High School,-122.399326,0 days 00:20:43.687500,30,Census Tract 615.03
3124,3rd St&Folsom St N-FS/BZ,37.784204,Galileo High School,-122.399326,0 days 00:22:35,30,Census Tract 615.03
3124,3rd St&Folsom St N-FS/BZ,37.784204,Galileo High School,-122.399326,0 days 00:21:29.125000,30,Census Tract 615.03
3124,3rd St&Folsom St N-FS/BZ,37.784204,Galileo High School,-122.399326,0 days 00:23:55.133333333,30,Census Tract 615.03
3562,37th Ave&Lincoln Way SW-FS/PS,37.76436,"Burton, Phillip And Sala Burton High School",-122.496621,0 days 00:40:54,29,Census Tract 351.01
3562,37th Ave&Lincoln Way SW-FS/PS,37.76436,"Burton, Phillip And Sala Burton High School",-122.496621,0 days 00:39:28.181818181,29,Census Tract 351.01
3562,37th Ave&Lincoln Way SW-FS/PS,37.76436,"Burton, Phillip And Sala Burton High School",-122.496621,0 days 00:40:40.090909090,29,Census Tract 351.01
3562,37th Ave&Lincoln Way SW-FS/PS,37.76436,"Burton, Phillip And Sala Burton High School",-122.496621,0 days 00:39:56.454545454,29,Census Tract 351.01
3562,37th Ave&Lincoln Way SW-FS/PS,37.76436,"Burton, Phillip And Sala Burton High School",-122.496621,0 days 00:40:25.727272727,29,Census Tract 351.01
5350,Mansell St&San Bruno Ave W-FS/BZ,37.721541,"Burton, Phillip And Sala Burton High School",-122.401394,0 days 00:00:27.826086956,29,Census Tract 258
5350,Mansell St&San Bruno Ave W-FS/BZ,37.721541,"Burton, Phillip And Sala Burton High School",-122.401394,0 days 00:02:03.608695652,29,Census Tract 258
5350,Mansell St&San Bruno Ave W-FS/BZ,37.721541,"Burton, Phillip And Sala Burton High School",-122.401394,0 days 00:00:48.652173913,29,Census Tract 258
5350,Mansell St&San Bruno Ave W-FS/BZ,37.721541,"Burton, Phillip And Sala Burton High School",-122.401394,0 days 00:01:30.869565217,29,Census Tract 258
5350,Mansell St&San Bruno Ave W-FS/BZ,37.721541,"Burton, Phillip And Sala Burton High School",-122.401394,0 days 00:01:01.565217391,29,Census Tract 258
3556,33rd Ave&Clement St SW-FS/BZ,37.781502,"Washington, George Washington High School",-122.493515,0 days 00:02:44,18,Census Tract 478.02
3556,33rd Ave&Clement St SW-FS/BZ,37.781502,"Washington, George Washington High School",-122.493515,0 days 00:01:27,18,Census Tract 478.02
3556,33rd Ave&Clement St SW-FS/BZ,37.781502,"Washington, George Washington High School",-122.493515,0 days 00:02:13,18,Census Tract 478.02
3556,33rd Ave&Clement St SW-FS/BZ,37.781502,"Washington, George Washington High School",-122.493515,0 days 00:00:38,18,Census Tract 478.02
5115,Ingerson Ave&Griffith St E-MI/SB,37.717012,"Burton, Phillip And Sala Burton High School",-122.389212,0 days 00:07:48.545454545,29,Census Tract 234
5115,Ingerson Ave&Griffith St E-MI/SB,37.717012,"Burton, Phillip And Sala Burton High School",-122.389212,0 days 00:09:24.272727272,29,Census Tract 234
5115,Ingerson Ave&Griffith St E-MI/SB,37.717012,"Burton, Phillip And Sala Burton High School",-122.389212,0 days 00:08:09.363636363,29,Census Tract 234
5115,Ingerson Ave&Griffith St E-MI/SB,37.717012,"Burton, Phillip And Sala Burton High School",-122.389212,0 days 00:08:51.545454545,29,Census Tract 234
5115,Ingerson Ave&Griffith St E-MI/SB,37.717012,"Burton, Phillip And Sala Burton High School",-122.389212,0 days 00:08:22.272727272,29,Census Tract 234
5037,Holloway Ave&Junipero Serra SW-NS,37.721485,"Burton, Phillip And Sala Burton High School",-122.472713,0 days 00:21:24.777777777,29,Census Tract 309
5037,Holloway Ave&Junipero Serra SW-NS,37.721485,"Burton, Phillip And Sala Burton High School",-122.472713,0 days 00:20:00.833333333,29,Census Tract 309
5037,Holloway Ave&Junipero Serra SW-NS,37.721485,"Burton, Phillip And Sala Burton High School",-122.472713,0 days 00:21:11.111111111,29,Census Tract 309
5037,Holloway Ave&Junipero Serra SW-NS,37.721485,"Burton, Phillip And Sala Burton High School",-122.472713,0 days 00:20:28.555555555,29,Census Tract 309
5037,Holloway Ave&Junipero Serra SW-NS,37.721485,"Burton, Phillip And Sala Burton High School",-122.472713,0 days 00:20:57.166666666,29,Census Tract 309
3114,3rd St&Brannan St. E-MB/BB,37.779285,Galileo High School,-122.393185,0 days 00:23:46.250000,30,Census Tract 615.02
3114,3rd St&Brannan St. E-MB/BB,37.779285,Galileo High School,-122.393185,0 days 00:24:40.062500,30,Census Tract 615.02
3114,3rd St&Brannan St. E-MB/BB,37.779285,Galileo High School,-122.393185,0 days 00:26:26,30,Census Tract 615.02
3114,3rd St&Brannan St. E-MB/BB,37.779285,Galileo High School,-122.393185,0 days 00:25:25.500000,30,Census Tract 615.02
3114,3rd St&Brannan St. E-MB/BB,37.779285,Galileo High School,-122.393185,0 days 00:27:46.133333333,30,Census Tract 615.02
6612,Sutter St&Taylor St NW-FS/BZ,37.788857,Gateway High School / Kipp Sf Bay Academy,-122.411956,0 days 00:11:53.454545454,2,Census Tract 121
6612,Sutter St&Taylor St NW-FS/BZ,37.788857,Gateway High School / Kipp Sf Bay Academy,-122.411956,0 days 00:11:33.166666666,2,Census Tract 121
6612,Sutter St&Taylor St NW-FS/BZ,37.788857,Gateway High School / Kipp Sf Bay Academy,-122.411956,0 days 00:10:13.166666666,2,Census Tract 121
3453,23rd St&Utah St NE-NS/BZ,37.75442,"Lincoln, Abraham Lincoln High School",-122.40494,0 days 00:31:18.384615384,48,Census Tract 228.02
3453,23rd St&Utah St NE-NS/BZ,37.75442,"Lincoln, Abraham Lincoln High School",-122.40494,0 days 00:31:58.153846153,48,Census Tract 228.02
3453,23rd St&Utah St NE-NS/BZ,37.75442,"Lincoln, Abraham Lincoln High School",-122.40494,0 days 00:32:37.923076923,48,Census Tract 228.02
5949,Park Presidio&California NE-FS/SB,37.784497,Galileo High School,-122.472528,0 days 00:20:24.428571428,28,Census Tract 426.02
5949,Park Presidio&California NE-FS/SB,37.784497,Galileo High School,-122.472528,0 days 00:19:34.285714285,28,Census Tract 426.02
5949,Park Presidio&California NE-FS/SB,37.784497,Galileo High School,-122.472528,0 days 00:17:57.142857142,28,Census Tract 426.02
5949,Park Presidio&California NE-FS/SB,37.784497,Galileo High School,-122.472528,0 days 00:18:47.142857142,28,Census Tract 426.02
3305,17th Ave&Rivera St SE-NS,37.746745,"Lincoln, Abraham Lincoln High School",-122.473707,0 days 00:02:21.750000,48,Census Tract 304
3305,17th Ave&Rivera St SE-NS,37.746745,"Lincoln, Abraham Lincoln High School",-122.473707,0 days 00:03:01,48,Census Tract 304
3305,17th Ave&Rivera St SE-NS,37.746745,"Lincoln, Abraham Lincoln High School",-122.473707,0 days 00:03:40.250000,48,Census Tract 304
4290,Geary Blvd&Collins St NE-NS/BZ,37.782242,"Washington, George Washington High School",-122.449992,0 days 00:18:34.333333333,38,Census Tract 154.01
4290,Geary Blvd&Collins St NE-NS/BZ,37.782242,"Washington, George Washington High School",-122.449992,0 days 00:19:16.666666666,38,Census Tract 154.01
4290,Geary Blvd&Collins St NE-NS/BZ,37.782242,"Washington, George Washington High School",-122.449992,0 days 00:17:55.666666666,38,Census Tract 154.01
4290,Geary Blvd&Collins St NE-NS/BZ,37.782242,"Washington, George Washington High School",-122.449992,0 days 00:15:52.631578947,38,Census Tract 154.01
4290,Geary Blvd&Collins St NE-NS/BZ,37.782242,"Washington, George Washington High School",-122.449992,0 days 00:16:46.526315789,38,Census Tract 154.01
4290,Geary Blvd&Collins St NE-NS/BZ,37.782242,"Washington, George Washington High School",-122.449992,0 days 00:20:35.666666666,38,Census Tract 154.01
4290,Geary Blvd&Collins St NE-NS/BZ,37.782242,"Washington, George Washington High School",-122.449992,0 days 00:18:18.818181818,38,Census Tract 154.01
3058,Balboa St&32ND Ave SW-NS/PS,37.77589,"Washington, George Washington High School",-122.492056,0 days 00:01:15.333333333,31,Census Tract 478.01
3058,Balboa St&32ND Ave SW-NS/PS,37.77589,"Washington, George Washington High School",-122.492056,0 days 00:00:37.666666666,31,Census Tract 478.01
3058,Balboa St&32ND Ave SW-NS/PS,37.77589,Gateway High School / Kipp Sf Bay Academy,-122.492056,0 days 00:17:38.333333333,31,Census Tract 478.01
3058,Balboa St&32ND Ave SW-NS/PS,37.77589,Gateway High School / Kipp Sf Bay Academy,-122.492056,0 days 00:18:49.833333333,31,Census Tract 478.01
3058,Balboa St&32ND Ave SW-NS/PS,37.77589,Gateway High School / Kipp Sf Bay Academy,-122.492056,0 days 00:18:11.333333333,31,Census Tract 478.01
3408,20th Ave&Winston Dr SE-NS/SB,37.726874,"Washington, George Washington High School",-122.475945,0 days 00:28:25,18,Census Tract 332.01
3408,20th Ave&Winston Dr SE-NS/SB,37.726874,"Washington, George Washington High School",-122.475945,0 days 00:29:32,18,Census Tract 332.01
3408,20th Ave&Winston Dr SE-NS/SB,37.726874,"Washington, George Washington High School",-122.475945,0 days 00:28:50,18,Census Tract 332.01
3408,20th Ave&Winston Dr SE-NS/SB,37.726874,"Washington, George Washington High School",-122.475945,0 days 00:30:26,18,Census Tract 332.01
6596,Sutter St&Kearny St NW-FS/BZ,37.789818,Galileo High School,-122.404378,0 days 00:15:02.538461538,30,Census Tract 117
6596,Sutter St&Kearny St NW-FS/BZ,37.789818,Galileo High School,-122.404378,0 days 00:15:56.307692307,30,Census Tract 117
6596,Sutter St&Kearny St NW-FS/BZ,37.789818,Gateway High School / Kipp Sf Bay Academy,-122.404378,0 days 00:14:46.090909090,2,Census Tract 117
6596,Sutter St&Kearny St NW-FS/BZ,37.789818,Gateway High School / Kipp Sf Bay Academy,-122.404378,0 days 00:14:29.666666666,2,Census Tract 117
6596,Sutter St&Kearny St NW-FS/BZ,37.789818,Gateway High School / Kipp Sf Bay Academy,-122.404378,0 days 00:13:09.666666666,2,Census Tract 117
6596,Sutter St&Kearny St NW-FS/BZ,37.789818,Galileo High School,-122.404378,0 days 00:17:47.250000,30,Census Tract 117
6596,Sutter St&Kearny St NW-FS/BZ,37.789818,Galileo High School,-122.404378,0 days 00:16:43.846153846,30,Census Tract 117
6596,Sutter St&Kearny St NW-FS/BZ,37.789818,Galileo High School,-122.404378,0 days 00:19:07.500000,30,Census Tract 117
6735,Ulloa St&30th Ave NE-NS/PS,37.74072,"Lincoln, Abraham Lincoln High School",-122.48722,0 days 00:04:28.666666666,66,Census Tract 330.01
6735,Ulloa St&30th Ave NE-NS/PS,37.74072,"Lincoln, Abraham Lincoln High School",-122.48722,0 days 00:03:58,66,Census Tract 330.01
6735,Ulloa St&30th Ave NE-NS/PS,37.74072,"Lincoln, Abraham Lincoln High School",-122.48722,0 days 00:03:31,66,Census Tract 330.01
6254,Revere Ave&Lane St W-NS,37.73169,"Burton, Phillip And Sala Burton High School",-122.39029,0 days 00:15:13.181818181,54,Census Tract 232
6254,Revere Ave&Lane St W-NS,37.73169,"Burton, Phillip And Sala Burton High School",-122.39029,0 days 00:14:56.545454545,54,Census Tract 232
4620,Fillmore St&Haight St SE-NS/BZ,37.772033,Gateway High School / Kipp Sf Bay Academy,-122.430347,0 days 00:08:55.878787878,22,Census Tract 168.01
4620,Fillmore St&Haight St SE-NS/BZ,37.772033,Gateway High School / Kipp Sf Bay Academy,-122.430347,0 days 00:07:50.878787878,22,Census Tract 168.01
6324,Sagamore St&Orizaba Ave SE-FS,37.71128,"Burton, Phillip And Sala Burton High School",-122.46198,0 days 00:25:54.777777777,54,Census Tract 314.01
6324,Sagamore St&Orizaba Ave SE-FS,37.71128,"Burton, Phillip And Sala Burton High School",-122.46198,0 days 00:26:12.444444444,54,Census Tract 314.01
5624,Mission St&Trumbull St SE-NS/BZ,37.73066,Galileo High School,-122.42927,0 days 00:38:28.454545454,49,Census Tract 256
5624,Mission St&Trumbull St SE-NS/BZ,37.73066,Galileo High School,-122.42927,0 days 00:39:01.800000,49,Census Tract 256
5624,Mission St&Trumbull St SE-NS/BZ,37.73066,Galileo High School,-122.42927,0 days 00:39:25.800000,49,Census Tract 256
6301,Sacramento St&Jones St NE-NS/BZ,37.79242,"Washington, George Washington High School",-122.4142,0 days 00:29:21.833333333,1,Census Tract 112
6301,Sacramento St&Jones St NE-NS/BZ,37.79242,"Washington, George Washington High School",-122.4142,0 days 00:29:47.888888888,1,Census Tract 112
6298,Sacramento St&Gough St NW-FS/BZ,37.79092,"Washington, George Washington High School",-122.42613,0 days 00:24:18.250000,1,Census Tract 131.02
6298,Sacramento St&Gough St NW-FS/BZ,37.79092,"Washington, George Washington High School",-122.42613,0 days 00:24:44.100000,1,Census Tract 131.02
4142,Cortland Ave&Andover St NE-NS/PS,37.73909,Gateway High School / Kipp Sf Bay Academy,-122.41639,0 days 00:27:15.062500,24,Census Tract 252
4142,Cortland Ave&Andover St NE-NS/PS,37.73909,Gateway High School / Kipp Sf Bay Academy,-122.41639,0 days 00:29:19.375000,24,Census Tract 252
4142,Cortland Ave&Andover St NE-NS/PS,37.73909,Gateway High School / Kipp Sf Bay Academy,-122.41639,0 days 00:30:26.312500,24,Census Tract 252
4351,De Haro St&17TH St SE-NS/SB,37.764762,Galileo High School,-122.401516,0 days 00:31:04.400000,19,Census Tract 227.04
4351,De Haro St&17TH St SE-NS/SB,37.764762,Galileo High School,-122.401516,0 days 00:30:36.600000,19,Census Tract 227.04
4351,De Haro St&17TH St SE-NS/SB,37.764762,Galileo High School,-122.401516,0 days 00:29:38.600000,19,Census Tract 227.04
4351,De Haro St&17TH St SE-NS/SB,37.764762,Galileo High School,-122.401516,0 days 00:28:46.700000,19,Census Tract 227.04
4351,De Haro St&17TH St SE-NS/SB,37.764762,Galileo High School,-122.401516,0 days 00:27:42.900000,19,Census Tract 227.04
6311,Sacramento St&Polk St NW-FS/BZ,37.79155,"Washington, George Washington High School",-122.42118,0 days 00:26:30.611111111,1,Census Tract 111.01
6311,Sacramento St&Polk St NW-FS/BZ,37.79155,"Washington, George Washington High School",-122.42118,0 days 00:26:56.666666666,1,Census Tract 111.01
4281,Geary Blvd&36TH Ave SW-NS/BZ,37.779439,"Washington, George Washington High School",-122.49662,0 days 00:02:34.769230769,38,Census Tract 478.02
4281,Geary Blvd&36TH Ave SW-NS/BZ,37.779439,"Washington, George Washington High School",-122.49662,0 days 00:01:47.923076923,38,Census Tract 478.02
4281,Geary Blvd&36TH Ave SW-NS/BZ,37.779439,"Washington, George Washington High School",-122.49662,0 days 00:01:14.461538461,38,Census Tract 478.02
4281,Geary Blvd&36TH Ave SW-NS/BZ,37.779439,"Washington, George Washington High School",-122.49662,0 days 00:00:38,38,Census Tract 478.02
4281,Geary Blvd&36TH Ave SW-NS/BZ,37.779439,"Washington, George Washington High School",-122.49662,0 days 00:01:01,38R,Census Tract 478.02
4281,Geary Blvd&36TH Ave SW-NS/BZ,37.779439,Gateway High School / Kipp Sf Bay Academy,-122.49662,0 days 00:21:01.900000,38,Census Tract 478.02
4281,Geary Blvd&36TH Ave SW-NS/BZ,37.779439,Gateway High School / Kipp Sf Bay Academy,-122.49662,0 days 00:16:47.461538461,38R,Census Tract 478.02
4281,Geary Blvd&36TH Ave SW-NS/BZ,37.779439,Gateway High School / Kipp Sf Bay Academy,-122.49662,0 days 00:21:49.700000,38,Census Tract 478.02
4358,De Haro St&Southern Heights Ave SE,37.758017,Galileo High School,-122.400867,0 days 00:33:45,19,Census Tract 227.04
4358,De Haro St&Southern Heights Ave SE,37.758017,Galileo High School,-122.400867,0 days 00:33:17.200000,19,Census Tract 227.04
4358,De Haro St&Southern Heights Ave SE,37.758017,Galileo High School,-122.400867,0 days 00:32:19.200000,19,Census Tract 227.04
4358,De Haro St&Southern Heights Ave SE,37.758017,Galileo High School,-122.400867,0 days 00:31:27.300000,19,Census Tract 227.04
4358,De Haro St&Southern Heights Ave SE,37.758017,Galileo High School,-122.400867,0 days 00:30:23.500000,19,Census Tract 227.04
5029,Holyoke St&Wayland St NW-NS,37.72522,"Burton, Phillip And Sala Burton High School",-122.40812,0 days 00:00:58.571428571,54,Census Tract 257.02
5029,Holyoke St&Wayland St NW-NS,37.72522,"Burton, Phillip And Sala Burton High School",-122.40812,0 days 00:00:42.071428571,54,Census Tract 257.02
8094,Van Ness Ave&Pacific St NS-S/SI,37.794784,Galileo High School,-122.423199,0 days 00:03:41.942857142,49,Census Tract 110.02
8094,Van Ness Ave&Pacific St NS-S/SI,37.794784,Galileo High School,-122.423199,0 days 00:04:27.030303030,49,Census Tract 110.02
8094,Van Ness Ave&Pacific St NS-S/SI,37.794784,Galileo High School,-122.423199,0 days 00:04:51.030303030,49,Census Tract 110.02
5324,Lincoln Way&47th Ave NW-FS/SB,37.764186,"Washington, George Washington High School",-122.507405,0 days 00:09:39,18,Census Tract 9803
5324,Lincoln Way&47th Ave NW-FS/SB,37.764186,"Washington, George Washington High School",-122.507405,0 days 00:10:46,18,Census Tract 9803
5324,Lincoln Way&47th Ave NW-FS/SB,37.764186,"Washington, George Washington High School",-122.507405,0 days 00:10:04,18,Census Tract 9803
5324,Lincoln Way&47th Ave NW-FS/SB,37.764186,"Washington, George Washington High School",-122.507405,0 days 00:11:40,18,Census Tract 9803
4762,Geary Blvd&Spruce St NE-NS/BZ,37.781849,"Washington, George Washington High School",-122.453075,0 days 00:17:14.333333333,38,Census Tract 154.01
4762,Geary Blvd&Spruce St NE-NS/BZ,37.781849,"Washington, George Washington High School",-122.453075,0 days 00:17:56.666666666,38,Census Tract 154.01
4762,Geary Blvd&Spruce St NE-NS/BZ,37.781849,"Washington, George Washington High School",-122.453075,0 days 00:16:35.666666666,38,Census Tract 154.01
4762,Geary Blvd&Spruce St NE-NS/BZ,37.781849,"Washington, George Washington High School",-122.453075,0 days 00:14:27.421052631,38,Census Tract 154.01
4762,Geary Blvd&Spruce St NE-NS/BZ,37.781849,"Washington, George Washington High School",-122.453075,0 days 00:15:21.315789473,38,Census Tract 154.01
4762,Geary Blvd&Spruce St NE-NS/BZ,37.781849,"Washington, George Washington High School",-122.453075,0 days 00:19:15.666666666,38,Census Tract 154.01
4762,Geary Blvd&Spruce St NE-NS/BZ,37.781849,"Washington, George Washington High School",-122.453075,0 days 00:16:53.090909090,38,Census Tract 154.01
7772,New Hall & Hudson St,37.73997,"Burton, Phillip And Sala Burton High School",-122.388403,0 days 00:19:00.090909090,54,Census Tract 612
7772,New Hall & Hudson St,37.73997,"Burton, Phillip And Sala Burton High School",-122.388403,0 days 00:18:43.454545454,54,Census Tract 612
3841,California St&28TH Ave NE-NS/PS,37.783798,"Washington, George Washington High School",-122.488074,0 days 00:02:43.307692307,1,Census Tract 428
3841,California St&28TH Ave NE-NS/PS,37.783798,"Washington, George Washington High School",-122.488074,0 days 00:03:08.653846153,1,Census Tract 428
5491,Newhall St&Oakdale Ave N-NS/SB,37.735796,Gateway High School / Kipp Sf Bay Academy,-122.392175,0 days 00:38:10.153846153,24,Census Tract 612
5491,Newhall St&Oakdale Ave N-NS/SB,37.735796,Gateway High School / Kipp Sf Bay Academy,-122.392175,0 days 00:40:16.153846153,24,Census Tract 612
5491,Newhall St&Oakdale Ave N-NS/SB,37.735796,Gateway High School / Kipp Sf Bay Academy,-122.392175,0 days 00:41:24,24,Census Tract 612
6609,Sutter St&Steiner St NE-NS/BZ,37.785942,Gateway High School / Kipp Sf Bay Academy,-122.434793,0 days 00:01:57.272727272,2,Census Tract 152.02
6609,Sutter St&Steiner St NE-NS/BZ,37.785942,Gateway High School / Kipp Sf Bay Academy,-122.434793,0 days 00:01:20,2,Census Tract 152.02
5633,Galvez Ave&Hill Ave MB-NS/BZ,37.728795,Galileo High School,-122.367027,0 days 00:53:08.571428571,19,Census Tract 9806
5633,Galvez Ave&Hill Ave MB-NS/BZ,37.728795,Galileo High School,-122.367027,0 days 00:52:39.714285714,19,Census Tract 9806
5633,Galvez Ave&Hill Ave MB-NS/BZ,37.728795,Galileo High School,-122.367027,0 days 00:51:39.285714285,19,Census Tract 9806
5633,Galvez Ave&Hill Ave MB-NS/BZ,37.728795,Galileo High School,-122.367027,0 days 00:50:45.285714285,19,Census Tract 9806
5633,Galvez Ave&Hill Ave MB-NS/BZ,37.728795,Galileo High School,-122.367027,0 days 00:49:38.857142857,19,Census Tract 9806
7979,Moscow St&Geneva Ave S-FS/BZ,37.713233,"Burton, Phillip And Sala Burton High School",-122.433557,0 days 00:11:38.333333333,54,Census Tract 263.02
7979,Moscow St&Geneva Ave S-FS/BZ,37.713233,"Burton, Phillip And Sala Burton High School",-122.433557,0 days 00:11:55.750000,54,Census Tract 263.02
3603,46th Ave&Vicente St SE-NS/PS,37.737973,"Washington, George Washington High School",-122.504268,0 days 00:19:18,18,Census Tract 354
3603,46th Ave&Vicente St SE-NS/PS,37.737973,"Washington, George Washington High School",-122.504268,0 days 00:20:25,18,Census Tract 354
3603,46th Ave&Vicente St SE-NS/PS,37.737973,"Washington, George Washington High School",-122.504268,0 days 00:19:43,18,Census Tract 354
3603,46th Ave&Vicente St SE-NS/PS,37.737973,"Washington, George Washington High School",-122.504268,0 days 00:21:19,18,Census Tract 354
6732,Turk St&Stanyan St SE-FS/BZ,37.777557,Gateway High School / Kipp Sf Bay Academy,-122.455035,0 days 00:06:20.333333333,31,Census Tract 157.01
6732,Turk St&Stanyan St SE-FS/BZ,37.777557,Gateway High School / Kipp Sf Bay Academy,-122.455035,0 days 00:07:31.833333333,31,Census Tract 157.01
6732,Turk St&Stanyan St SE-FS/BZ,37.777557,Gateway High School / Kipp Sf Bay Academy,-122.455035,0 days 00:06:53.333333333,31,Census Tract 157.01
