Geo_FIPS,Geo_QName,Geo_STUSAB,Geo_SUMLEV,Geo_GEOCOMP,Geo_US,Geo_REGION,Geo_DIVISION,Geo_STATE,Geo_COUNTY,Geo_COUSUB,Geo_PLACE,Geo_TRACT,Geo_BLKGRP,Geo_CONCIT,Geo_AIANHH,Geo_AIANHHFP,Geo_AIHHTLI,Geo_AITS,Geo_ANRC,Geo_CBSA,Geo_CSA,Geo_METDIV,Geo_MACC,Geo_MEMI,Geo_NECTA,Geo_CNECTA,Geo_NECTADIV,Geo_UA,Geo_CDCURR,Geo_SLDU,Geo_SLDL,Geo_ZCTA3,Geo_ZCTA5,Geo_SUBMCD,Geo_SDELM,Geo_SDSEC,Geo_SDUNI,Geo_UR,Geo_PCI,Geo_PUMA5,Geo_GEO_ID,Geo_NAME,Geo_BTTR,Geo_BTBG,Geo_PLACESE,SE_A00001_001,SE_A03001_001,SE_A03001_002,SE_A03001_003,SE_A03001_004,SE_A03001_005,SE_A03001_006,SE_A03001_007,SE_A03001_008,PCT_SE_A03001_002,PCT_SE_A03001_003,PCT_SE_A03001_004,PCT_SE_A03001_005,PCT_SE_A03001_006,PCT_SE_A03001_007,PCT_SE_A03001_008,SE_A14006_001,SE_B18002_001,SE_B18002_002,SE_B18002_003,PCT_SE_B18002_002,PCT_SE_B18002_003,SE_A13003A_001,SE_A13003A_002,SE_A13003A_003,PCT_SE_A13003A_002,PCT_SE_A13003A_003,SE_A10030_001,SE_A10030_002,SE_A10030_003,SE_A10030_004,SE_A10030_005,SE_A10030_006,SE_A10030_007,PCT_SE_A10030_002,PCT_SE_A10030_003,PCT_SE_A10030_004,PCT_SE_A10030_005,PCT_SE_A10030_006,PCT_SE_A10030_007,SE_A10054B_001,SE_A10054B_002,SE_A10054B_003,SE_A10054B_004,SE_A10054B_005,SE_A10054B_006,SE_A10054B_007,PCT_SE_A10054B_002,PCT_SE_A10054B_003,PCT_SE_A10054B_004,PCT_SE_A10054B_005,PCT_SE_A10054B_006,PCT_SE_A10054B_007,SE_A13003B_001,SE_A13003B_002,SE_A13003B_003,PCT_SE_A13003B_002,PCT_SE_A13003B_003,SE_A14010_001
"06075010101","Census Tract 101.01, San Francisco County, California","ca","140","00",,,,"06","075",,,"010101",,,,,,,,,,,,,,".",".",,,,,,,,,,,,,,"1400000US06075010101","Census Tract 101.01",,,,2004,2004,835,132,67,608,46,149,167,41.67,6.59,3.34,30.34,2.3,7.44,8.33,101974,1099,365,214,33.21,19.47,83,0,83,0,100,1212,459,651,102,0,0,0,37.87,53.71,8.42,0,0,0,1099,459,600,40,0,0,0,41.77,54.6,3.64,0,0,0,1525,144,1381,9.44,90.56,101338
"06075010102","Census Tract 101.02, San Francisco County, California","ca","140","00",,,,"06","075",,,"010102",,,,,,,,,,,,,,".",".",,,,,,,,,,,,,,"1400000US06075010102","Census Tract 101.02",,,,1795,1795,562,322,0,766,16,76,53,31.31,17.94,0,42.67,0.89,4.23,2.95,108417,605,206,49,34.05,8.1,267,0,267,0,100,907,303,446,148,10,0,0,33.41,49.17,16.32,1.1,0,0,605,281,211,103,10,0,0,46.45,34.88,17.02,1.65,0,0,1158,91,1067,7.86,92.14,
"06075010201","Census Tract 102.01, San Francisco County, California","ca","140","00",,,,"06","075",,,"010201",,,,,,,,,,,,,,".",".",,,,,,,,,,,,,,"1400000US06075010201","Census Tract 102.01",,,,2608,2608,1793,134,0,206,0,18,457,68.75,5.14,0,7.9,0,0.69,17.52,160221,840,146,117,17.38,13.93,229,0,229,0,100,1375,452,614,214,95,0,0,32.87,44.65,15.56,6.91,0,0,840,330,387,123,0,0,0,39.29,46.07,14.64,0,0,0,1942,138,1804,7.11,92.89,250001
"06075010202","Census Tract 102.02, San Francisco County, California","ca","140","00",,,,"06","075",,,"010202",,,,,,,,,,,,,,".",".",,,,,,,,,,,,,,"1400000US06075010202","Census Tract 102.02",,,,1761,1761,1179,58,0,284,27,86,127,66.95,3.29,0,16.13,1.53,4.88,7.21,206484,753,45,119,5.98,15.8,94,0,94,0,100,1091,206,697,158,0,30,0,18.88,63.89,14.48,0,2.75,0,753,192,435,96,0,30,0,25.5,57.77,12.75,0,3.98,0,1305,95,1210,7.28,92.72,157296
"06075010300","Census Tract 103, San Francisco County, California","ca","140","00",,,,"06","075",,,"010300",,,,,,,,,,,,,,".",".",,,,,,,,,,,,,,"1400000US06075010300","Census Tract 103",,,,3791,3791,2313,0,76,949,0,28,425,61.01,0,2,25.03,0,0.74,11.21,158973,1644,285,262,17.34,15.94,186,0,186,0,100,2143,500,1214,366,63,0,0,23.33,56.65,17.08,2.94,0,0,1644,476,876,229,63,0,0,28.95,53.28,13.93,3.83,0,0,2631,232,2399,8.82,91.18,193885
"06075010401","Census Tract 104.01, San Francisco County, California","ca","140","00",,,,"06","075",,,"010401",,,,,,,,,,,,,,".",".",,,,,,,,,,,,,,"1400000US06075010401","Census Tract 104.01",,,,2393,2393,1315,11,1,477,0,73,516,54.95,0.46,0.04,19.93,0,3.05,21.56,207500,628,93,45,14.81,7.17,618,44,574,7.12,92.88,944,271,403,246,11,0,13,28.71,42.69,26.06,1.17,0,1.38,628,245,235,124,11,0,13,39.01,37.42,19.75,1.75,0,2.07,1402,139,1263,9.91,90.09,250001
"06075010402","Census Tract 104.02, San Francisco County, California","ca","140","00",,,,"06","075",,,"010402",,,,,,,,,,,,,,".",".",,,,,,,,,,,,,,"1400000US06075010402","Census Tract 104.02",,,,2012,2012,1236,9,0,527,0,24,216,61.43,0.45,0,26.19,0,1.19,10.74,158500,836,90,164,10.77,19.62,135,0,135,0,100,1202,419,483,150,98,52,0,34.86,40.18,12.48,8.15,4.33,0,836,337,365,80,54,0,0,40.31,43.66,9.57,6.46,0,0,1584,17,1567,1.07,98.93,250001
"06075010500","Census Tract 105, San Francisco County, California","ca","140","00",,,,"06","075",,,"010500",,,,,,,,,,,,,,".",".",,,,,,,,,,,,,,"1400000US06075010500","Census Tract 105",,,,3177,3177,1376,39,0,1606,0,23,133,43.31,1.23,0,50.55,0,0.72,4.19,171667,1374,205,179,14.92,13.03,376,0,376,0,100,1738,652,1009,66,0,11,0,37.51,58.06,3.8,0,0.63,0,1374,613,733,28,0,0,0,44.61,53.35,2.04,0,0,0,1916,102,1814,5.32,94.68,221190
"06075010600","Census Tract 106, San Francisco County, California","ca","140","00",,,,"06","075",,,"010600",,,,,,,,,,,,,,".",".",,,,,,,,,,,,,,"1400000US06075010600","Census Tract 106",,,,3293,3293,1025,100,13,1647,0,62,446,31.13,3.04,0.39,50.02,0,1.88,13.54,86111,1641,465,363,28.34,22.12,292,21,271,7.19,92.81,1836,1189,533,108,6,0,0,64.76,29.03,5.88,0.33,0,0,1641,1168,413,54,6,0,0,71.18,25.17,3.29,0.37,0,0,2348,265,2083,11.29,88.71,115938
"06075010701","Census Tract 107.01, San Francisco County, California","ca","140","00",,,,"06","075",,,"010701",,,,,,,,,,,,,,".",".",,,,,,,,,,,,,,"1400000US06075010701","Census Tract 107.01",,,,3280,3280,192,0,0,3039,0,10,39,5.85,0,0,92.65,0,0.3,1.19,27531,1737,369,377,21.24,21.7,175,39,136,22.29,77.71,1834,1547,260,27,0,0,0,84.35,14.18,1.47,0,0,0,1737,1491,246,0,0,0,0,85.84,14.16,0,0,0,0,1818,346,1472,19.03,80.97,32732
"06075010702","Census Tract 107.02, San Francisco County, California","ca","140","00",,,,"06","075",,,"010702",,,,,,,,,,,,,,".",".",,,,,,,,,,,,,,"1400000US06075010702","Census Tract 107.02",,,,1380,1380,357,0,37,692,0,197,97,25.87,0,2.68,50.14,0,14.28,7.03,80472,549,82,173,14.94,31.51,170,107,63,62.94,37.06,674,311,280,83,0,0,0,46.14,41.54,12.31,0,0,0,549,303,215,31,0,0,0,55.19,39.16,5.65,0,0,0,974,238,736,24.44,75.56,
"06075010800","Census Tract 108, San Francisco County, California","ca","140","00",,,,"06","075",,,"010800",,,,,,,,,,,,,,".",".",,,,,,,,,,,,,,"1400000US06075010800","Census Tract 108",,,,4334,4334,2089,377,0,1416,0,201,251,48.2,8.7,0,32.67,0,4.64,5.79,150298,1911,368,298,19.26,15.59,86,0,86,0,100,2382,684,1203,423,72,0,0,28.72,50.5,17.76,3.02,0,0,1911,561,983,350,17,0,0,29.36,51.44,18.32,0.89,0,0,3250,318,2932,9.78,90.22,199219
"06075010901","Census Tract 109.01, San Francisco County, California","ca","140","00",,,,"06","075",,,"010901",,,,,,,,,,,,,,".",".",,,,,,,,,,,,,,"1400000US06075010901","Census Tract 109.01",,,,2069,2069,1400,9,27,364,0,25,244,67.67,0.43,1.3,17.59,0,1.21,11.79,190139,818,107,73,13.08,8.92,131,0,131,0,100,1071,400,481,136,54,0,0,37.35,44.91,12.7,5.04,0,0,818,347,341,94,36,0,0,42.42,41.69,11.49,4.4,0,0,1625,13,1612,0.8,99.2,250001
"06075010902","Census Tract 109.02, San Francisco County, California","ca","140","00",,,,"06","075",,,"010902",,,,,,,,,,,,,,".",".",,,,,,,,,,,,,,"1400000US06075010902","Census Tract 109.02",,,,2568,2568,1723,0,0,407,0,96,342,67.1,0,0,15.85,0,3.74,13.32,141591,1310,266,246,20.31,18.78,171,36,135,21.05,78.95,1452,889,436,111,16,0,0,61.23,30.03,7.64,1.1,0,0,1310,877,338,79,16,0,0,66.95,25.8,6.03,1.22,0,0,1992,170,1822,8.53,91.47,179297
"06075011001","Census Tract 110.01, San Francisco County, California","ca","140","00",,,,"06","075",,,"011001",,,,,,,,,,,,,,".",".",,,,,,,,,,,,,,"1400000US06075011001","Census Tract 110.01",,,,2327,2327,1491,0,0,781,0,45,10,64.07,0,0,33.56,0,1.93,0.43,117750,1093,190,170,17.38,15.55,100,0,100,0,100,1405,714,499,148,44,0,0,50.82,35.52,10.53,3.13,0,0,1093,654,315,80,44,0,0,59.84,28.82,7.32,4.03,0,0,1747,240,1507,13.74,86.26,
"06075011002","Census Tract 110.02, San Francisco County, California","ca","140","00",,,,"06","075",,,"011002",,,,,,,,,,,,,,".",".",,,,,,,,,,,,,,"1400000US06075011002","Census Tract 110.02",,,,1755,1755,725,0,0,695,0,122,213,41.31,0,0,39.6,0,6.95,12.14,155575,772,38,261,4.92,33.81,123,0,123,0,100,1129,382,648,99,0,0,0,33.84,57.4,8.77,0,0,0,772,369,355,48,0,0,0,47.8,45.98,6.22,0,0,0,1382,0,1382,0,100,156714
"06075011101","Census Tract 111.01, San Francisco County, California","ca","140","00",,,,"06","075",,,"011101",,,,,,,,,,,,,,".",".",,,,,,,,,,,,,,"1400000US06075011101","Census Tract 111.01",,,,2470,2470,1236,76,0,967,0,18,173,50.04,3.08,0,39.15,0,0.73,7,112418,1319,225,241,17.06,18.27,140,0,140,0,100,1473,798,590,85,0,0,0,54.18,40.05,5.77,0,0,0,1319,770,476,73,0,0,0,58.38,36.09,5.53,0,0,0,1837,142,1695,7.73,92.27,121820
"06075011102","Census Tract 111.02, San Francisco County, California","ca","140","00",,,,"06","075",,,"011102",,,,,,,,,,,,,,".",".",,,,,,,,,,,,,,"1400000US06075011102","Census Tract 111.02",,,,2205,2205,731,244,5,894,0,203,128,33.15,11.07,0.23,40.54,0,9.21,5.8,101976,1218,340,195,27.91,16.01,116,0,116,0,100,1312,951,344,17,0,0,0,72.48,26.22,1.3,0,0,0,1218,900,301,17,0,0,0,73.89,24.71,1.4,0,0,0,1656,62,1594,3.74,96.26,151461
"06075011200","Census Tract 112, San Francisco County, California","ca","140","00",,,,"06","075",,,"011200",,,,,,,,,,,,,,".",".",,,,,,,,,,,,,,"1400000US06075011200","Census Tract 112",,,,2678,2678,1382,50,0,974,0,55,217,51.61,1.87,0,36.37,0,2.05,8.1,118347,1271,192,245,15.11,19.28,166,55,111,33.13,66.87,1633,927,560,136,10,0,0,56.77,34.29,8.33,0.61,0,0,1271,828,363,80,0,0,0,65.15,28.56,6.29,0,0,0,1826,205,1621,11.23,88.77,183182
"06075011300","Census Tract 113, San Francisco County, California","ca","140","00",,,,"06","075",,,"011300",,,,,,,,,,,,,,".",".",,,,,,,,,,,,,,"1400000US06075011300","Census Tract 113",,,,2518,2518,563,48,0,1797,0,13,97,22.36,1.91,0,71.37,0,0.52,3.85,35507,1203,319,280,26.52,23.28,157,46,111,29.3,70.7,1333,854,422,49,8,0,0,64.07,31.66,3.68,0.6,0,0,1203,803,343,49,8,0,0,66.75,28.51,4.07,0.67,0,0,1586,374,1212,23.58,76.42,36588
"06075011700","Census Tract 117, San Francisco County, California","ca","140","00",,,,"06","075",,,"011700",,,,,,,,,,,,,,".",".",,,,,,,,,,,,,,"1400000US06075011700","Census Tract 117",,,,1947,1947,841,57,0,633,0,146,270,43.19,2.93,0,32.51,0,7.5,13.87,51964,983,177,259,18.01,26.35,207,108,99,52.17,47.83,1111,830,248,16,0,17,0,74.71,22.32,1.44,0,1.53,0,983,780,170,16,0,17,0,79.35,17.29,1.63,0,1.73,0,1386,244,1142,17.6,82.4,98398
"06075011800","Census Tract 118, San Francisco County, California","ca","140","00",,,,"06","075",,,"011800",,,,,,,,,,,,,,".",".",,,,,,,,,,,,,,"1400000US06075011800","Census Tract 118",,,,1635,1635,136,30,0,1373,0,6,90,8.32,1.83,0,83.98,0,0.37,5.5,43833,712,172,211,24.16,29.63,134,67,67,50,50,716,533,151,23,9,0,0,74.44,21.09,3.21,1.26,0,0,712,529,151,23,9,0,0,74.3,21.21,3.23,1.26,0,0,1020,247,773,24.22,75.78,50033
"06075011901","Census Tract 119.01, San Francisco County, California","ca","140","00",,,,"06","075",,,"011901",,,,,,,,,,,,,,".",".",,,,,,,,,,,,,,"1400000US06075011901","Census Tract 119.01",,,,2084,2084,942,57,0,645,11,240,189,45.2,2.74,0,30.95,0.53,11.52,9.07,101827,1005,195,139,19.4,13.83,127,13,114,10.24,89.76,1217,796,398,11,12,0,0,65.41,32.7,0.9,0.99,0,0,1005,737,255,1,12,0,0,73.33,25.37,0.1,1.19,0,0,1489,142,1347,9.54,90.46,214628
"06075011902","Census Tract 119.02, San Francisco County, California","ca","140","00",,,,"06","075",,,"011902",,,,,,,,,,,,,,".",".",,,,,,,,,,,,,,"1400000US06075011902","Census Tract 119.02",,,,2732,2732,1204,69,9,975,0,333,142,44.07,2.53,0.33,35.69,0,12.19,5.2,77241,1592,398,296,25,18.59,93,9,84,9.68,90.32,1678,1152,384,130,12,0,0,68.65,22.88,7.75,0.72,0,0,1592,1137,359,84,12,0,0,71.42,22.55,5.28,0.75,0,0,2058,175,1883,8.5,91.5,51563
"06075012001","Census Tract 120.01, San Francisco County, California","ca","140","00",,,,"06","075",,,"012001",,,,,,,,,,,,,,".",".",,,,,,,,,,,,,,"1400000US06075012001","Census Tract 120.01",,,,1738,1738,665,12,0,330,0,257,474,38.26,0.69,0,18.99,0,14.79,27.27,91040,910,408,191,44.84,20.99,107,0,107,0,100,1004,602,260,12,130,0,0,59.96,25.9,1.2,12.95,0,0,910,566,214,0,130,0,0,62.2,23.52,0,14.29,0,0,1386,81,1305,5.84,94.16,
"06075012002","Census Tract 120.02, San Francisco County, California","ca","140","00",,,,"06","075",,,"012002",,,,,,,,,,,,,,".",".",,,,,,,,,,,,,,"1400000US06075012002","Census Tract 120.02",,,,2035,2035,652,157,0,703,0,201,322,32.04,7.71,0,34.55,0,9.88,15.82,71619,1183,322,262,27.22,22.15,75,0,75,0,100,1359,874,465,20,0,0,0,64.31,34.22,1.47,0,0,0,1183,862,301,20,0,0,0,72.87,25.44,1.69,0,0,0,1759,291,1468,16.54,83.46,95833
"06075012100","Census Tract 121, San Francisco County, California","ca","140","00",,,,"06","075",,,"012100",,,,,,,,,,,,,,".",".",,,,,,,,,,,,,,"1400000US06075012100","Census Tract 121",,,,3250,3250,1626,75,2,935,0,254,358,50.03,2.31,0.06,28.77,0,7.82,11.02,92059,1933,391,313,20.23,16.19,32,0,32,0,100,2080,1535,545,0,0,0,0,73.8,26.2,0,0,0,0,1933,1452,481,0,0,0,0,75.12,24.88,0,0,0,0,2367,312,2055,13.18,86.82,127762
"06075012202","Census Tract 122.02, San Francisco County, California","ca","140","00",,,,"06","075",,,"012202",,,,,,,,,,,,,,".",".",,,,,,,,,,,,,,"1400000US06075012202","Census Tract 122.02",,,,3017,3017,1178,407,82,765,0,379,206,39.05,13.49,2.72,25.36,0,12.56,6.83,54650,1310,314,379,23.97,28.93,205,15,190,7.32,92.68,1488,1054,414,20,0,0,0,70.83,27.82,1.34,0,0,0,1310,994,296,20,0,0,0,75.88,22.6,1.53,0,0,0,2188,731,1457,33.41,66.59,83750
"06075012203","Census Tract 122.03, San Francisco County, California","ca","140","00",,,,"06","075",,,"012203",,,,,,,,,,,,,,".",".",,,,,,,,,,,,,,"1400000US06075012203","Census Tract 122.03",,,,1895,1895,1150,138,91,341,0,32,143,60.69,7.28,4.8,17.99,0,1.69,7.55,22982,1081,178,370,16.47,34.23,164,98,66,59.76,40.24,1081,876,164,41,0,0,0,81.04,15.17,3.79,0,0,0,1081,876,164,41,0,0,0,81.04,15.17,3.79,0,0,0,1264,591,673,46.76,53.24,
"06075012204","Census Tract 122.04, San Francisco County, California","ca","140","00",,,,"06","075",,,"012204",,,,,,,,,,,,,,".",".",,,,,,,,,,,,,,"1400000US06075012204","Census Tract 122.04",,,,2389,2389,1137,0,18,734,0,56,444,47.59,0,0.75,30.72,0,2.34,18.59,65217,1347,232,268,17.22,19.9,214,52,162,24.3,75.7,1566,1232,303,21,0,0,10,78.67,19.35,1.34,0,0,0.64,1347,1171,155,21,0,0,0,86.93,11.51,1.56,0,0,0,1868,199,1669,10.65,89.35,117519
"06075012301","Census Tract 123.01, San Francisco County, California","ca","140","00",,,,"06","075",,,"012301",,,,,,,,,,,,,,".",".",,,,,,,,,,,,,,"1400000US06075012301","Census Tract 123.01",,,,1766,1766,706,222,21,456,27,250,84,39.98,12.57,1.19,25.82,1.53,14.16,4.76,24284,1283,483,308,37.65,24.01,101,0,101,0,100,1311,1161,139,11,0,0,0,88.56,10.6,0.84,0,0,0,1283,1144,139,0,0,0,0,89.17,10.83,0,0,0,0,1113,398,715,35.76,64.24,68512
"06075012302","Census Tract 123.02, San Francisco County, California","ca","140","00",,,,"06","075",,,"012302",,,,,,,,,,,,,,".",".",,,,,,,,,,,,,,"1400000US06075012302","Census Tract 123.02",,,,2586,2586,1159,189,60,718,0,222,238,44.82,7.31,2.32,27.76,0,8.58,9.2,55741,1886,408,521,21.63,27.62,108,62,46,57.41,42.59,1886,1606,188,62,0,0,30,85.15,9.97,3.29,0,0,1.59,1886,1606,188,62,0,0,30,85.15,9.97,3.29,0,0,1.59,2161,430,1731,19.9,80.1,81375
"06075012403","Census Tract 124.03, San Francisco County, California","ca","140","00",,,,"06","075",,,"012403",,,,,,,,,,,,,,".",".",,,,,,,,,,,,,,"1400000US06075012403","Census Tract 124.03",,,,2696,2696,254,74,38,1435,0,579,316,9.42,2.74,1.41,53.23,0,21.48,11.72,46185,1155,294,180,25.45,15.58,355,20,335,5.63,94.37,1181,833,285,63,0,0,0,70.53,24.13,5.33,0,0,0,1155,833,259,63,0,0,0,72.12,22.42,5.45,0,0,0,1943,267,1676,13.74,86.26,71592
"06075012404","Census Tract 124.04, San Francisco County, California","ca","140","00",,,,"06","075",,,"012404",,,,,,,,,,,,,,".",".",,,,,,,,,,,,,,"1400000US06075012404","Census Tract 124.04",,,,2587,2587,923,185,94,662,0,630,93,35.68,7.15,3.63,25.59,0,24.35,3.59,35074,1499,319,261,21.28,17.41,86,0,86,0,100,1499,1182,236,32,22,0,27,78.85,15.74,2.13,1.47,0,1.8,1499,1182,236,32,22,0,27,78.85,15.74,2.13,1.47,0,1.8,2123,776,1347,36.55,63.45,76196
"06075012405","Census Tract 124.05, San Francisco County, California","ca","140","00",,,,"06","075",,,"012405",,,,,,,,,,,,,,".",".",,,,,,,,,,,,,,"1400000US06075012405","Census Tract 124.05",,,,3878,3878,1444,614,82,715,0,94,929,37.24,15.83,2.11,18.44,0,2.42,23.96,107311,2470,606,358,24.53,14.49,391,67,324,17.14,82.86,2513,1714,670,95,34,0,0,68.21,26.66,3.78,1.35,0,0,2470,1692,670,95,13,0,0,68.5,27.13,3.85,0.53,0,0,3148,358,2790,11.37,88.63,89551
"06075012406","Census Tract 124.06, San Francisco County, California","ca","140","00",,,,"06","075",,,"012406",,,,,,,,,,,,,,".",".",,,,,,,,,,,,,,"1400000US06075012406","Census Tract 124.06",,,,1358,1358,522,111,0,437,0,231,57,38.44,8.17,0,32.18,0,17.01,4.2,26132,799,359,88,44.93,11.01,0,0,0,,,947,719,214,14,0,0,0,75.92,22.6,1.48,0,0,0,799,648,151,0,0,0,0,81.1,18.9,0,0,0,0,970,237,733,24.43,75.57,
"06075012502","Census Tract 125.02, San Francisco County, California","ca","140","00",,,,"06","075",,,"012502",,,,,,,,,,,,,,".",".",,,,,,,,,,,,,,"1400000US06075012502","Census Tract 125.02",,,,4689,4689,933,526,386,1349,0,1051,444,19.9,11.22,8.23,28.77,0,22.41,9.47,19128,2270,850,285,37.44,12.56,413,0,413,0,100,2270,1898,237,89,46,0,0,83.61,10.44,3.92,2.03,0,0,2270,1898,237,89,46,0,0,83.61,10.44,3.92,2.03,0,0,2520,866,1654,34.37,65.63,53824
"06075012503","Census Tract 125.03, San Francisco County, California","ca","140","00",,,,"06","075",,,"012503",,,,,,,,,,,,,,".",".",,,,,,,,,,,,,,"1400000US06075012503","Census Tract 125.03",,,,4497,4497,1132,450,121,1585,0,880,329,25.17,10.01,2.69,35.25,0,19.57,7.32,47301,2194,299,660,13.63,30.08,527,32,495,6.07,93.93,2205,1658,456,0,91,0,0,75.19,20.68,0,4.13,0,0,2194,1658,445,0,91,0,0,75.57,20.28,0,4.15,0,0,3111,715,2396,22.98,77.02,80645
"06075012504","Census Tract 125.04, San Francisco County, California","ca","140","00",,,,"06","075",,,"012504",,,,,,,,,,,,,,".",".",,,,,,,,,,,,,,"1400000US06075012504","Census Tract 125.04",,,,651,651,49,69,30,295,0,6,202,7.53,10.6,4.61,45.31,0,0.92,31.03,22639,278,157,61,56.47,21.94,23,0,23,0,100,333,252,4,51,26,0,0,75.68,1.2,15.32,7.81,0,0,278,238,4,36,0,0,0,85.61,1.44,12.95,0,0,0,347,99,248,28.53,71.47,
"06075012601","Census Tract 126.01, San Francisco County, California","ca","140","00",,,,"06","075",,,"012601",,,,,,,,,,,,,,".",".",,,,,,,,,,,,,,"1400000US06075012601","Census Tract 126.01",,,,2045,2045,1425,0,0,290,0,8,322,69.68,0,0,14.18,0,0.39,15.75,176750,1028,179,151,17.41,14.69,270,0,270,0,100,1291,417,662,193,19,0,0,32.3,51.28,14.95,1.47,0,0,1028,413,538,77,0,0,0,40.18,52.33,7.49,0,0,0,1558,29,1529,1.86,98.14,248224
"06075012602","Census Tract 126.02, San Francisco County, California","ca","140","00",,,,"06","075",,,"012602",,,,,,,,,,,,,,".",".",,,,,,,,,,,,,,"1400000US06075012602","Census Tract 126.02",,,,2956,2956,2348,0,0,258,0,49,301,79.43,0,0,8.73,0,1.66,10.18,237917,975,252,107,25.85,10.97,325,23,302,7.08,92.92,1425,342,736,215,121,0,11,24,51.65,15.09,8.49,0,0.77,975,257,529,130,48,0,11,26.36,54.26,13.33,4.92,0,1.13,2382,128,2254,5.37,94.63,250001
"06075012700","Census Tract 127, San Francisco County, California","ca","140","00",,,,"06","075",,,"012700",,,,,,,,,,,,,,".",".",,,,,,,,,,,,,,"1400000US06075012700","Census Tract 127",,,,3973,3973,3234,47,0,228,0,62,402,81.4,1.18,0,5.74,0,1.56,10.12,250001,1461,179,83,12.25,5.68,585,11,574,1.88,98.12,2074,270,1308,462,10,0,24,13.02,63.07,22.28,0.48,0,1.16,1461,230,1060,147,0,0,24,15.74,72.55,10.06,0,0,1.64,3075,214,2861,6.96,93.04,250001
"06075012801","Census Tract 128.01, San Francisco County, California","ca","140","00",,,,"06","075",,,"012801",,,,,,,,,,,,,,".",".",,,,,,,,,,,,,,"1400000US06075012801","Census Tract 128.01",,,,2547,2547,1881,20,0,235,18,43,350,73.85,0.79,0,9.23,0.71,1.69,13.74,236553,761,142,44,18.66,5.78,484,0,484,0,100,1210,333,582,198,45,52,0,27.52,48.1,16.36,3.72,4.3,0,761,306,394,34,27,0,0,40.21,51.77,4.47,3.55,0,0,1630,95,1535,5.83,94.17,250001
"06075012802","Census Tract 128.02, San Francisco County, California","ca","140","00",,,,"06","075",,,"012802",,,,,,,,,,,,,,".",".",,,,,,,,,,,,,,"1400000US06075012802","Census Tract 128.02",,,,2035,2035,1443,5,0,184,0,63,340,70.91,0.25,0,9.04,0,3.1,16.71,250001,702,56,51,7.98,7.26,329,0,329,0,100,935,191,537,159,10,38,0,20.43,57.43,17.01,1.07,4.06,0,702,164,476,24,0,38,0,23.36,67.81,3.42,0,5.41,0,1525,75,1450,4.92,95.08,250001
"06075012901","Census Tract 129.01, San Francisco County, California","ca","140","00",,,,"06","075",,,"012901",,,,,,,,,,,,,,".",".",,,,,,,,,,,,,,"1400000US06075012901","Census Tract 129.01",,,,2887,2887,2016,1,1,498,0,32,339,69.83,0.03,0.03,17.25,0,1.11,11.74,231841,1130,178,61,15.75,5.4,406,0,406,0,100,1454,326,962,152,6,0,8,22.42,66.16,10.45,0.41,0,0.55,1130,306,735,81,0,0,8,27.08,65.04,7.17,0,0,0.71,2342,75,2267,3.2,96.8,250001
"06075012902","Census Tract 129.02, San Francisco County, California","ca","140","00",,,,"06","075",,,"012902",,,,,,,,,,,,,,".",".",,,,,,,,,,,,,,"1400000US06075012902","Census Tract 129.02",,,,2735,2735,1969,32,0,402,82,120,130,71.99,1.17,0,14.7,3,4.39,4.75,210921,1313,156,76,11.88,5.79,128,0,128,0,100,1700,488,898,180,134,0,0,28.71,52.82,10.59,7.88,0,0,1313,477,633,83,120,0,0,36.33,48.21,6.32,9.14,0,0,2088,15,2073,0.72,99.28,250001
"06075013001","Census Tract 130.01, San Francisco County, California","ca","140","00",,,,"06","075",,,"013001",,,,,,,,,,,,,,".",".",,,,,,,,,,,,,,"1400000US06075013001","Census Tract 130.01",,,,1770,1770,1457,13,3,181,0,52,64,82.32,0.73,0.17,10.23,0,2.94,3.62,127031,634,142,104,22.4,16.4,361,0,361,0,100,863,202,426,235,0,0,0,23.41,49.36,27.23,0,0,0,634,202,348,84,0,0,0,31.86,54.89,13.25,0,0,0,1300,118,1182,9.08,90.92,119160
"06075013002","Census Tract 130.02, San Francisco County, California","ca","140","00",,,,"06","075",,,"013002",,,,,,,,,,,,,,".",".",,,,,,,,,,,,,,"1400000US06075013002","Census Tract 130.02",,,,2785,2785,1963,0,54,374,0,0,394,70.48,0,1.94,13.43,0,0,14.15,238008,976,194,44,19.88,4.51,591,0,591,0,100,1253,380,629,201,43,0,0,30.33,50.2,16.04,3.43,0,0,976,380,470,94,32,0,0,38.93,48.16,9.63,3.28,0,0,2047,117,1930,5.72,94.28,250001
"06075013101","Census Tract 131.01, San Francisco County, California","ca","140","00",,,,"06","075",,,"013101",,,,,,,,,,,,,,".",".",,,,,,,,,,,,,,"1400000US06075013101","Census Tract 131.01",,,,3935,3935,2584,64,0,992,0,26,269,65.67,1.63,0,25.21,0,0.66,6.84,206518,1683,384,201,22.82,11.94,345,0,345,0,100,2343,589,1471,240,29,0,14,25.14,62.78,10.24,1.24,0,0.6,1683,435,1060,145,29,0,14,25.85,62.98,8.62,1.72,0,0.83,2966,140,2826,4.72,95.28,208417
"06075013102","Census Tract 131.02, San Francisco County, California","ca","140","00",,,,"06","075",,,"013102",,,,,,,,,,,,,,".",".",,,,,,,,,,,,,,"1400000US06075013102","Census Tract 131.02",,,,2725,2725,1961,73,0,351,0,84,256,71.96,2.68,0,12.88,0,3.08,9.39,250001,1084,74,234,6.83,21.59,316,10,306,3.16,96.84,1565,402,910,186,49,18,0,25.69,58.15,11.88,3.13,1.15,0,1084,372,632,71,9,0,0,34.32,58.3,6.55,0.83,0,0,1922,14,1908,0.73,99.27,250001
"06075013200","Census Tract 132, San Francisco County, California","ca","140","00",,,,"06","075",,,"013200",,,,,,,,,,,,,,".",".",,,,,,,,,,,,,,"1400000US06075013200","Census Tract 132",,,,3721,3721,2480,1,0,794,0,27,419,66.65,0.03,0,21.34,0,0.73,11.26,205265,1409,160,274,11.36,19.45,413,0,413,0,100,2209,361,1348,453,34,13,0,16.34,61.02,20.51,1.54,0.59,0,1409,351,963,95,0,0,0,24.91,68.35,6.74,0,0,0,2491,189,2302,7.59,92.41,250001
"06075013300","Census Tract 133, San Francisco County, California","ca","140","00",,,,"06","075",,,"013300",,,,,,,,,,,,,,".",".",,,,,,,,,,,,,,"1400000US06075013300","Census Tract 133",,,,4160,4160,2916,39,0,812,0,38,355,70.1,0.94,0,19.52,0,0.91,8.53,177898,1181,231,174,19.56,14.73,740,6,734,0.81,99.19,1999,679,647,540,112,6,15,33.97,32.37,27.01,5.6,0.3,0.75,1181,632,352,170,12,0,15,53.51,29.81,14.39,1.02,0,1.27,2333,128,2205,5.49,94.51,250001
"06075013401","Census Tract 134.01, San Francisco County, California","ca","140","00",,,,"06","075",,,"013401",,,,,,,,,,,,,,".",".",,,,,,,,,,,,,,"1400000US06075013401","Census Tract 134.01",,,,1456,1456,1006,4,4,131,0,31,280,69.09,0.27,0.27,9,0,2.13,19.23,208608,594,73,76,12.29,12.79,195,0,195,0,100,797,215,392,173,17,0,0,26.98,49.18,21.71,2.13,0,0,594,163,333,98,0,0,0,27.44,56.06,16.5,0,0,0,1046,41,1005,3.92,96.08,250001
"06075013402","Census Tract 134.02, San Francisco County, California","ca","140","00",,,,"06","075",,,"013402",,,,,,,,,,,,,,".",".",,,,,,,,,,,,,,"1400000US06075013402","Census Tract 134.02",,,,2302,2302,1609,115,3,398,0,45,132,69.9,5,0.13,17.29,0,1.95,5.73,170190,920,82,87,8.91,9.46,279,0,279,0,100,1205,233,757,159,0,56,0,19.34,62.82,13.2,0,4.65,0,920,190,624,106,0,0,0,20.65,67.83,11.52,0,0,0,1597,0,1597,0,100,250001
"06075013500","Census Tract 135, San Francisco County, California","ca","140","00",,,,"06","075",,,"013500",,,,,,,,,,,,,,".",".",,,,,,,,,,,,,,"1400000US06075013500","Census Tract 135",,,,2544,2544,2011,10,0,263,0,15,245,79.05,0.39,0,10.34,0,0.59,9.63,182241,1168,209,141,17.89,12.07,230,0,230,0,100,1614,530,912,165,7,0,0,32.84,56.51,10.22,0.43,0,0,1168,521,582,65,0,0,0,44.61,49.83,5.57,0,0,0,1894,57,1837,3.01,96.99,250001
"06075015100","Census Tract 151, San Francisco County, California","ca","140","00",,,,"06","075",,,"015100",,,,,,,,,,,,,,".",".",,,,,,,,,,,,,,"1400000US06075015100","Census Tract 151",,,,2840,2840,1406,118,6,1070,0,25,215,49.51,4.15,0.21,37.68,0,0.88,7.57,170568,1098,226,208,20.58,18.94,114,44,70,38.6,61.4,1713,695,940,61,13,4,0,40.57,54.87,3.56,0.76,0.23,0,1098,603,471,24,0,0,0,54.92,42.9,2.19,0,0,0,2023,218,1805,10.78,89.22,226944
"06075015201","Census Tract 152.01, San Francisco County, California","ca","140","00",,,,"06","075",,,"015201",,,,,,,,,,,,,,".",".",,,,,,,,,,,,,,"1400000US06075015201","Census Tract 152.01",,,,1532,1532,920,84,0,419,0,0,109,60.05,5.48,0,27.35,0,0,7.11,113450,866,150,111,17.32,12.82,124,0,124,0,100,973,484,405,54,30,0,0,49.74,41.62,5.55,3.08,0,0,866,484,362,20,0,0,0,55.89,41.8,2.31,0,0,0,1137,70,1067,6.16,93.84,165169
"06075015202","Census Tract 152.02, San Francisco County, California","ca","140","00",,,,"06","075",,,"015202",,,,,,,,,,,,,,".",".",,,,,,,,,,,,,,"1400000US06075015202","Census Tract 152.02",,,,2334,2334,1187,441,0,506,0,23,177,50.86,18.89,0,21.68,0,0.99,7.58,177533,521,72,92,13.82,17.66,193,0,193,0,100,1065,307,671,64,23,0,0,28.83,63,6.01,2.16,0,0,521,193,271,34,23,0,0,37.04,52.02,6.53,4.41,0,0,1630,95,1535,5.83,94.17,250001
"06075015300","Census Tract 153, San Francisco County, California","ca","140","00",,,,"06","075",,,"015300",,,,,,,,,,,,,,".",".",,,,,,,,,,,,,,"1400000US06075015300","Census Tract 153",,,,2427,2427,1605,163,20,298,0,39,302,66.13,6.72,0.82,12.28,0,1.61,12.44,215417,650,60,64,9.23,9.85,243,0,243,0,100,1077,356,487,227,7,0,0,33.05,45.22,21.08,0.65,0,0,650,290,213,140,7,0,0,44.62,32.77,21.54,1.08,0,0,1731,141,1590,8.15,91.85,250001
"06075015401","Census Tract 154.01, San Francisco County, California","ca","140","00",,,,"06","075",,,"015401",,,,,,,,,,,,,,".",".",,,,,,,,,,,,,,"1400000US06075015401","Census Tract 154.01",,,,3035,3035,1634,24,0,1008,0,117,252,53.84,0.79,0,33.21,0,3.86,8.3,173409,1074,81,232,7.54,21.6,305,9,296,2.95,97.05,1632,340,953,246,93,0,0,20.83,58.39,15.07,5.7,0,0,1074,312,729,25,8,0,0,29.05,67.88,2.33,0.74,0,0,2271,104,2167,4.58,95.42,239614
"06075015402","Census Tract 154.02, San Francisco County, California","ca","140","00",,,,"06","075",,,"015402",,,,,,,,,,,,,,".",".",,,,,,,,,,,,,,"1400000US06075015402","Census Tract 154.02",,,,2747,2747,1818,0,0,472,0,125,332,66.18,0,0,17.18,0,4.55,12.09,207292,1006,101,102,10.04,10.14,457,0,457,0,100,1331,147,766,327,78,0,13,11.04,57.55,24.57,5.86,0,0.98,1006,135,596,216,59,0,0,13.42,59.24,21.47,5.86,0,0,2068,0,2068,0,100,250001
"06075015500","Census Tract 155, San Francisco County, California","ca","140","00",,,,"06","075",,,"015500",,,,,,,,,,,,,,".",".",,,,,,,,,,,,,,"1400000US06075015500","Census Tract 155",,,,3936,3936,1788,156,7,1296,0,307,382,45.43,3.96,0.18,32.93,0,7.8,9.71,95909,2080,227,471,10.91,22.64,168,23,145,13.69,86.31,2250,1278,722,233,17,0,0,56.8,32.09,10.36,0.76,0,0,2080,1248,643,172,17,0,0,60,30.91,8.27,0.82,0,0,2138,314,1824,14.69,85.31,189077
"06075015600","Census Tract 156, San Francisco County, California","ca","140","00",,,,"06","075",,,"015600",,,,,,,,,,,,,,".",".",,,,,,,,,,,,,,"1400000US06075015600","Census Tract 156",,,,2927,2927,1195,142,36,1135,0,68,351,40.83,4.85,1.23,38.78,0,2.32,11.99,89792,985,209,263,21.22,26.7,229,24,205,10.48,89.52,1376,412,739,166,28,31,0,29.94,53.71,12.06,2.03,2.25,0,985,363,532,48,11,31,0,36.85,54.01,4.87,1.12,3.15,0,1961,338,1623,17.24,82.76,130147
"06075015701","Census Tract 157.01, San Francisco County, California","ca","140","00",,,,"06","075",,,"015701",,,,,,,,,,,,,,".",".",,,,,,,,,,,,,,"1400000US06075015701","Census Tract 157.01",,,,4958,4958,2315,119,8,1699,0,264,553,46.69,2.4,0.16,34.27,0,5.32,11.15,156581,830,78,188,9.4,22.65,277,23,254,8.3,91.7,1217,229,567,373,48,0,0,18.82,46.59,30.65,3.94,0,0,830,192,428,210,0,0,0,23.13,51.57,25.3,0,0,0,2437,409,2028,16.78,83.22,187542
"06075015702","Census Tract 157.02, San Francisco County, California","ca","140","00",,,,"06","075",,,"015702",,,,,,,,,,,,,,".",".",,,,,,,,,,,,,,"1400000US06075015702","Census Tract 157.02",,,,3109,3109,1778,29,0,405,0,597,300,57.19,0.93,0,13.03,0,19.2,9.65,211641,742,116,91,15.63,12.26,396,16,380,4.04,95.96,1397,204,842,266,75,10,0,14.6,60.27,19.04,5.37,0.72,0,742,121,475,100,36,10,0,16.31,64.02,13.48,4.85,1.35,0,2309,100,2209,4.33,95.67,250001
"06075015801","Census Tract 158.01, San Francisco County, California","ca","140","00",,,,"06","075",,,"015801",,,,,,,,,,,,,,".",".",,,,,,,,,,,,,,"1400000US06075015801","Census Tract 158.01",,,,3220,3220,1370,782,0,709,0,98,261,42.55,24.29,0,22.02,0,3.04,8.11,149643,1093,164,179,15,16.38,523,41,482,7.84,92.16,1416,375,821,199,0,10,11,26.48,57.98,14.05,0,0.71,0.78,1093,365,593,135,0,0,0,33.39,54.25,12.35,0,0,0,2051,252,1799,12.29,87.71,175066
"06075015802","Census Tract 158.02, San Francisco County, California","ca","140","00",,,,"06","075",,,"015802",,,,,,,,,,,,,,".",".",,,,,,,,,,,,,,"1400000US06075015802","Census Tract 158.02",,,,3163,3163,1633,248,0,545,0,221,516,51.63,7.84,0,17.23,0,6.99,16.31,142700,1234,153,187,12.4,15.15,150,0,150,0,100,1572,514,768,227,54,0,9,32.7,48.85,14.44,3.44,0,0.57,1234,489,556,144,36,0,9,39.63,45.06,11.67,2.92,0,0.73,2772,526,2246,18.98,81.02,215179
"06075015900","Census Tract 159, San Francisco County, California","ca","140","00",,,,"06","075",,,"015900",,,,,,,,,,,,,,".",".",,,,,,,,,,,,,,"1400000US06075015900","Census Tract 159",,,,4876,4876,1749,557,125,1423,0,619,403,35.87,11.42,2.56,29.18,0,12.69,8.26,83162,1650,154,373,9.33,22.61,876,122,754,13.93,86.07,2159,1096,791,224,29,19,0,50.76,36.64,10.38,1.34,0.88,0,1650,1049,418,183,0,0,0,63.58,25.33,11.09,0,0,0,2797,338,2459,12.08,87.92,157597
"06075016000","Census Tract 160, San Francisco County, California","ca","140","00",,,,"06","075",,,"016000",,,,,,,,,,,,,,".",".",,,,,,,,,,,,,,"1400000US06075016000","Census Tract 160",,,,2725,2725,980,119,6,915,0,277,428,35.96,4.37,0.22,33.58,0,10.17,15.71,141304,1290,166,282,12.87,21.86,95,0,95,0,100,1724,1023,632,56,13,0,0,59.34,36.66,3.25,0.75,0,0,1290,905,361,24,0,0,0,70.16,27.98,1.86,0,0,0,1761,154,1607,8.75,91.25,141793
"06075016101","Census Tract 161.01, San Francisco County, California","ca","140","00",,,,"06","075",,,"016101",,,,,,,,,,,,,,".",".",,,,,,,,,,,,,,"1400000US06075016101","Census Tract 161.01",,,,2444,2444,1029,272,0,741,0,0,402,42.1,11.13,0,30.32,0,0,16.45,,1422,223,246,15.68,17.3,158,41,117,25.95,74.05,1572,869,557,146,0,0,0,55.28,35.43,9.29,0,0,0,1422,860,471,91,0,0,0,60.48,33.12,6.4,0,0,0,1403,252,1151,17.96,82.04,
"06075016102","Census Tract 161.02, San Francisco County, California","ca","140","00",,,,"06","075",,,"016102",,,,,,,,,,,,,,".",".",,,,,,,,,,,,,,"1400000US06075016102","Census Tract 161.02",,,,2798,2798,359,1134,0,617,185,266,237,12.83,40.53,0,22.05,6.61,9.51,8.47,,1189,322,185,27.08,15.56,291,115,176,39.52,60.48,1212,641,418,107,46,0,0,52.89,34.49,8.83,3.8,0,0,1189,641,395,107,46,0,0,53.91,33.22,9,3.87,0,0,1651,477,1174,28.89,71.11,54688
"06075016200","Census Tract 162, San Francisco County, California","ca","140","00",,,,"06","075",,,"016200",,,,,,,,,,,,,,".",".",,,,,,,,,,,,,,"1400000US06075016200","Census Tract 162",,,,3198,3198,1503,123,11,873,2,424,262,47,3.85,0.34,27.3,0.06,13.26,8.19,125913,1406,382,76,27.17,5.41,155,0,155,0,100,1872,1004,741,127,0,0,0,53.63,39.58,6.78,0,0,0,1406,888,511,7,0,0,0,63.16,36.34,0.5,0,0,0,2665,331,2334,12.42,87.58,250001
"06075016300","Census Tract 163, San Francisco County, California","ca","140","00",,,,"06","075",,,"016300",,,,,,,,,,,,,,".",".",,,,,,,,,,,,,,"1400000US06075016300","Census Tract 163",,,,3794,3794,2280,579,0,380,19,305,231,60.09,15.26,0,10.02,0.5,8.04,6.09,101964,1662,234,440,14.08,26.47,258,0,258,0,100,1944,718,1053,113,42,18,0,36.93,54.17,5.81,2.16,0.93,0,1662,677,905,49,13,18,0,40.73,54.45,2.95,0.78,1.08,0,3118,372,2746,11.93,88.07,175313
"06075016400","Census Tract 164, San Francisco County, California","ca","140","00",,,,"06","075",,,"016400",,,,,,,,,,,,,,".",".",,,,,,,,,,,,,,"1400000US06075016400","Census Tract 164",,,,3481,3481,2246,201,0,629,0,120,285,64.52,5.77,0,18.07,0,3.45,8.19,183281,1430,99,121,6.92,8.46,334,0,334,0,100,1679,650,829,121,16,32,31,38.71,49.37,7.21,0.95,1.91,1.85,1430,605,695,87,11,32,0,42.31,48.6,6.08,0.77,2.24,0,2812,256,2556,9.1,90.9,233750
"06075016500","Census Tract 165, San Francisco County, California","ca","140","00",,,,"06","075",,,"016500",,,,,,,,,,,,,,".",".",,,,,,,,,,,,,,"1400000US06075016500","Census Tract 165",,,,5393,5393,3737,313,167,449,0,133,594,69.29,5.8,3.1,8.33,0,2.47,11.01,180152,1573,306,164,19.45,10.43,500,0,500,0,100,2303,683,1330,290,0,0,0,29.66,57.75,12.59,0,0,0,1573,533,880,160,0,0,0,33.88,55.94,10.17,0,0,0,4241,671,3570,15.82,84.18,220030
"06075016601","Census Tract 166.01, San Francisco County, California","ca","140","00",,,,"06","075",,,"016601",,,,,,,,,,,,,,".",".",,,,,,,,,,,,,,"1400000US06075016601","Census Tract 166.01",,,,3027,3027,2165,103,0,345,0,105,309,71.52,3.4,0,11.4,0,3.47,10.21,146691,1200,258,142,21.5,11.83,275,0,275,0,100,1511,601,778,110,0,22,0,39.77,51.49,7.28,0,1.46,0,1200,530,618,30,0,22,0,44.17,51.5,2.5,0,1.83,0,2340,383,1957,16.37,83.63,210417
"06075016602","Census Tract 166.02, San Francisco County, California","ca","140","00",,,,"06","075",,,"016602",,,,,,,,,,,,,,".",".",,,,,,,,,,,,,,"1400000US06075016602","Census Tract 166.02",,,,1986,1986,1426,175,17,160,0,12,196,71.8,8.81,0.86,8.06,0,0.6,9.87,218394,790,115,128,14.56,16.2,161,0,161,0,100,988,197,700,52,39,0,0,19.94,70.85,5.26,3.95,0,0,790,197,502,52,39,0,0,24.94,63.54,6.58,4.94,0,0,1710,68,1642,3.98,96.02,250001
"06075016700","Census Tract 167, San Francisco County, California","ca","140","00",,,,"06","075",,,"016700",,,,,,,,,,,,,,".",".",,,,,,,,,,,,,,"1400000US06075016700","Census Tract 167",,,,5092,5092,3299,130,0,877,0,150,636,64.79,2.55,0,17.22,0,2.95,12.49,246989,1588,101,95,6.36,5.98,395,0,395,0,100,2315,879,938,483,15,0,0,37.97,40.52,20.86,0.65,0,0,1588,822,628,123,15,0,0,51.76,39.55,7.75,0.94,0,0,4284,148,4136,3.45,96.55,250001
"06075016801","Census Tract 168.01, San Francisco County, California","ca","140","00",,,,"06","075",,,"016801",,,,,,,,,,,,,,".",".",,,,,,,,,,,,,,"1400000US06075016801","Census Tract 168.01",,,,4013,4013,2088,236,5,811,55,321,497,52.03,5.88,0.12,20.21,1.37,8,12.38,148173,1608,489,186,30.41,11.57,385,38,347,9.87,90.13,1997,1044,757,117,19,5,55,52.28,37.91,5.86,0.95,0.25,2.75,1608,899,587,63,4,0,55,55.91,36.5,3.92,0.25,0,3.42,3237,153,3084,4.73,95.27,250001
"06075016802","Census Tract 168.02, San Francisco County, California","ca","140","00",,,,"06","075",,,"016802",,,,,,,,,,,,,,".",".",,,,,,,,,,,,,,"1400000US06075016802","Census Tract 168.02",,,,3754,3754,1932,331,0,810,86,102,493,51.47,8.82,0,21.58,2.29,2.72,13.13,109107,1610,310,245,19.25,15.22,216,41,175,18.98,81.02,1924,947,831,77,69,0,0,49.22,43.19,4,3.59,0,0,1610,846,680,15,69,0,0,52.55,42.24,0.93,4.29,0,0,3254,409,2845,12.57,87.43,153135
"06075016900","Census Tract 169, San Francisco County, California","ca","140","00",,,,"06","075",,,"016900",,,,,,,,,,,,,,".",".",,,,,,,,,,,,,,"1400000US06075016900","Census Tract 169",,,,2890,2890,1999,44,53,395,18,124,257,69.17,1.52,1.83,13.67,0.62,4.29,8.89,174545,1102,223,338,20.24,30.67,301,9,292,2.99,97.01,1620,731,710,128,32,10,9,45.12,43.83,7.9,1.98,0.62,0.56,1102,647,372,59,15,0,9,58.71,33.76,5.35,1.36,0,0.82,2320,270,2050,11.64,88.36,250001
"06075017000","Census Tract 170, San Francisco County, California","ca","140","00",,,,"06","075",,,"017000",,,,,,,,,,,,,,".",".",,,,,,,,,,,,,,"1400000US06075017000","Census Tract 170",,,,4016,4016,2928,109,0,511,0,16,452,72.91,2.71,0,12.72,0,0.4,11.25,240556,1041,132,132,12.68,12.68,370,55,315,14.86,85.14,2146,412,1141,565,28,0,0,19.2,53.17,26.33,1.3,0,0,1041,342,611,88,0,0,0,32.85,58.69,8.45,0,0,0,2975,221,2754,7.43,92.57,250001
"06075017101","Census Tract 171.01, San Francisco County, California","ca","140","00",,,,"06","075",,,"017101",,,,,,,,,,,,,,".",".",,,,,,,,,,,,,,"1400000US06075017101","Census Tract 171.01",,,,4125,4125,2833,32,16,599,0,15,630,68.68,0.78,0.39,14.52,0,0.36,15.27,200357,1177,215,61,18.27,5.18,677,18,659,2.66,97.34,1776,449,755,470,86,9,7,25.28,42.51,26.46,4.84,0.51,0.39,1177,375,581,213,8,0,0,31.86,49.36,18.1,0.68,0,0,2743,121,2622,4.41,95.59,250001
"06075017102","Census Tract 171.02, San Francisco County, California","ca","140","00",,,,"06","075",,,"017102",,,,,,,,,,,,,,".",".",,,,,,,,,,,,,,"1400000US06075017102","Census Tract 171.02",,,,3550,3550,2715,53,15,326,0,144,297,76.48,1.49,0.42,9.18,0,4.06,8.37,176304,1034,156,145,15.09,14.02,546,22,524,4.03,95.97,1538,440,744,318,36,0,0,28.61,48.37,20.68,2.34,0,0,1034,354,485,161,34,0,0,34.24,46.91,15.57,3.29,0,0,2582,212,2370,8.21,91.79,250001
"06075017602","Census Tract 176.02, San Francisco County, California","ca","140","00",,,,"06","075",,,"017602",,,,,,,,,,,,,,".",".",,,,,,,,,,,,,,"1400000US06075017602","Census Tract 176.02",,,,3251,3251,773,680,56,1267,0,136,339,23.78,20.92,1.72,38.97,0,4.18,10.43,83468,1398,160,261,11.44,18.67,299,32,267,10.7,89.3,1534,1011,412,101,0,0,10,65.91,26.86,6.58,0,0,0.65,1398,964,363,71,0,0,0,68.96,25.97,5.08,0,0,0,2596,461,2135,17.76,82.24,136935
"06075017603","Census Tract 176.03, San Francisco County, California","ca","140","00",,,,"06","075",,,"017603",,,,,,,,,,,,,,".",".",,,,,,,,,,,,,,"1400000US06075017603","Census Tract 176.03",,,,4527,4527,1634,423,285,1674,108,129,274,36.09,9.34,6.3,36.98,2.39,2.85,6.05,132600,1949,244,530,12.52,27.19,419,168,251,40.1,59.9,2376,1465,709,129,47,26,0,61.66,29.84,5.43,1.98,1.09,0,1949,1328,492,129,0,0,0,68.14,25.24,6.62,0,0,0,3524,615,2909,17.45,82.55,
"06075017604","Census Tract 176.04, San Francisco County, California","ca","140","00",,,,"06","075",,,"017604",,,,,,,,,,,,,,".",".",,,,,,,,,,,,,,"1400000US06075017604","Census Tract 176.04",,,,3720,3720,988,523,12,1163,61,829,144,26.56,14.06,0.32,31.26,1.64,22.28,3.87,106438,1953,371,328,19,16.79,267,0,267,0,100,2175,1515,490,170,0,0,0,69.66,22.53,7.82,0,0,0,1953,1400,406,147,0,0,0,71.68,20.79,7.53,0,0,0,3239,720,2519,22.23,77.77,117250
"06075017700","Census Tract 177, San Francisco County, California","ca","140","00",,,,"06","075",,,"017700",,,,,,,,,,,,,,".",".",,,,,,,,,,,,,,"1400000US06075017700","Census Tract 177",,,,2360,2360,1240,21,52,559,0,287,201,52.54,0.89,2.2,23.69,0,12.16,8.52,178125,887,155,130,17.47,14.66,267,0,267,0,100,1174,445,558,163,8,0,0,37.9,47.53,13.88,0.68,0,0,887,356,483,48,0,0,0,40.14,54.45,5.41,0,0,0,1903,98,1805,5.15,94.85,
"06075017801","Census Tract 178.01, San Francisco County, California","ca","140","00",,,,"06","075",,,"017801",,,,,,,,,,,,,,".",".",,,,,,,,,,,,,,"1400000US06075017801","Census Tract 178.01",,,,3335,3335,788,23,23,2289,0,99,113,23.63,0.69,0.69,68.64,0,2.97,3.39,31215,1767,649,210,36.73,11.88,31,18,13,58.06,41.94,2381,1431,788,162,0,0,0,60.1,33.1,6.8,0,0,0,1767,1290,454,23,0,0,0,73.01,25.69,1.3,0,0,0,1540,82,1458,5.32,94.68,65625
"06075017803","Census Tract 178.03, San Francisco County, California","ca","140","00",,,,"06","075",,,"017803",,,,,,,,,,,,,,".",".",,,,,,,,,,,,,,"1400000US06075017803","Census Tract 178.03",,,,2318,2318,784,226,0,1036,6,95,171,33.82,9.75,0,44.69,0.26,4.1,7.38,126319,874,188,161,21.51,18.42,173,38,135,21.97,78.03,1174,615,463,96,0,0,0,52.39,39.44,8.18,0,0,0,874,555,312,7,0,0,0,63.5,35.7,0.8,0,0,0,1852,377,1475,20.36,79.64,189375
"06075017804","Census Tract 178.04, San Francisco County, California","ca","140","00",,,,"06","075",,,"017804",,,,,,,,,,,,,,".",".",,,,,,,,,,,,,,"1400000US06075017804","Census Tract 178.04",,,,3911,3911,1232,347,22,1666,0,307,337,31.5,8.87,0.56,42.6,0,7.85,8.62,138561,1465,319,332,21.77,22.66,179,28,151,15.64,84.36,2132,923,1086,123,0,0,0,43.29,50.94,5.77,0,0,0,1465,829,550,86,0,0,0,56.59,37.54,5.87,0,0,0,3332,547,2785,16.42,83.58,212321
"06075017903","Census Tract 179.03, San Francisco County, California","ca","140","00",,,,"06","075",,,"017903",,,,,,,,,,,,,,".",".",,,,,,,,,,,,,,"1400000US06075017903","Census Tract 179.03",,,,2829,2829,1009,570,35,203,23,419,570,35.67,20.15,1.24,7.18,0.81,14.81,20.15,91750,617,157,163,25.45,26.42,370,100,270,27.03,72.97,617,91,213,160,146,7,0,14.75,34.52,25.93,23.66,1.13,0,617,91,213,160,146,7,0,14.75,34.52,25.93,23.66,1.13,0,2287,950,1337,41.54,58.46,53182
"06075018000","Census Tract 180, San Francisco County, California","ca","140","00",,,,"06","075",,,"018000",,,,,,,,,,,,,,".",".",,,,,,,,,,,,,,"1400000US06075018000","Census Tract 180",,,,3636,3636,1413,253,31,911,28,297,703,38.86,6.96,0.85,25.06,0.77,8.17,19.33,209083,1131,296,69,26.17,6.1,352,0,352,0,100,1525,633,842,41,9,0,0,41.51,55.21,2.69,0.59,0,0,1131,581,550,0,0,0,0,51.37,48.63,0,0,0,0,2732,472,2260,17.28,82.72,218681
"06075020101","Census Tract 201.01, San Francisco County, California","ca","140","00",,,,"06","075",,,"020101",,,,,,,,,,,,,,".",".",,,,,,,,,,,,,,"1400000US06075020101","Census Tract 201.01",,,,4221,4221,1440,335,69,782,0,683,912,34.12,7.94,1.63,18.53,0,16.18,21.61,140132,1432,162,224,11.31,15.64,482,0,482,0,100,1917,835,902,86,94,0,0,43.56,47.05,4.49,4.9,0,0,1432,699,610,38,85,0,0,48.81,42.6,2.65,5.94,0,0,3359,520,2839,15.48,84.52,141529
"06075020102","Census Tract 201.02, San Francisco County, California","ca","140","00",,,,"06","075",,,"020102",,,,,,,,,,,,,,".",".",,,,,,,,,,,,,,"1400000US06075020102","Census Tract 201.02",,,,3627,3627,1082,376,42,800,0,707,620,29.83,10.37,1.16,22.06,0,19.49,17.09,108095,1150,155,180,13.48,15.65,280,68,212,24.29,75.71,1396,760,213,388,0,0,35,54.44,15.26,27.79,0,0,2.51,1150,701,160,254,0,0,35,60.96,13.91,22.09,0,0,3.04,2735,534,2201,19.52,80.48,87361
"06075020201","Census Tract 202.01, San Francisco County, California","ca","140","00",,,,"06","075",,,"020201",,,,,,,,,,,,,,".",".",,,,,,,,,,,,,,"1400000US06075020201","Census Tract 202.01",,,,1847,1847,894,122,26,262,0,418,125,48.4,6.61,1.41,14.19,0,22.63,6.77,,765,99,91,12.94,11.9,76,0,76,0,100,1005,501,371,87,42,4,0,49.85,36.92,8.66,4.18,0.4,0,765,399,287,37,42,0,0,52.16,37.52,4.84,5.49,0,0,1461,167,1294,11.43,88.57,250001
"06075020202","Census Tract 202.02, San Francisco County, California","ca","140","00",,,,"06","075",,,"020202",,,,,,,,,,,,,,".",".",,,,,,,,,,,,,,"1400000US06075020202","Census Tract 202.02",,,,3929,3929,1920,306,212,640,0,200,651,48.87,7.79,5.4,16.29,0,5.09,16.57,166932,1691,310,253,18.33,14.96,293,173,120,59.04,40.96,2173,1085,898,128,62,0,0,49.93,41.33,5.89,2.85,0,0,1691,969,628,83,11,0,0,57.3,37.14,4.91,0.65,0,0,3201,253,2948,7.9,92.1,121071
"06075020300","Census Tract 203, San Francisco County, California","ca","140","00",,,,"06","075",,,"020300",,,,,,,,,,,,,,".",".",,,,,,,,,,,,,,"1400000US06075020300","Census Tract 203",,,,3372,3372,2110,62,27,545,0,208,420,62.57,1.84,0.8,16.16,0,6.17,12.46,179313,1387,129,238,9.3,17.16,208,0,208,0,100,2189,912,1071,173,33,0,0,41.66,48.93,7.9,1.51,0,0,1387,820,473,94,0,0,0,59.12,34.1,6.78,0,0,0,2821,199,2622,7.05,92.95,242750
"06075020401","Census Tract 204.01, San Francisco County, California","ca","140","00",,,,"06","075",,,"020401",,,,,,,,,,,,,,".",".",,,,,,,,,,,,,,"1400000US06075020401","Census Tract 204.01",,,,3409,3409,2278,52,60,449,13,20,537,66.82,1.53,1.76,13.17,0.38,0.59,15.75,190966,860,84,129,9.77,15,232,0,232,0,100,1607,269,824,418,51,45,0,16.74,51.28,26.01,3.17,2.8,0,860,185,476,167,24,8,0,21.51,55.35,19.42,2.79,0.93,0,2750,196,2554,7.13,92.87,242083
"06075020402","Census Tract 204.02, San Francisco County, California","ca","140","00",,,,"06","075",,,"020402",,,,,,,,,,,,,,".",".",,,,,,,,,,,,,,"1400000US06075020402","Census Tract 204.02",,,,4083,4083,2681,75,8,668,0,149,502,65.66,1.84,0.2,16.36,0,3.65,12.29,158451,1621,193,165,11.91,10.18,162,0,162,0,100,2385,395,1252,635,44,59,0,16.56,52.49,26.62,1.84,2.47,0,1621,263,852,403,44,59,0,16.22,52.56,24.86,2.71,3.64,0,3206,189,3017,5.9,94.1,200217
"06075020500","Census Tract 205, San Francisco County, California","ca","140","00",,,,"06","075",,,"020500",,,,,,,,,,,,,,".",".",,,,,,,,,,,,,,"1400000US06075020500","Census Tract 205",,,,2895,2895,2229,74,10,298,0,75,209,76.99,2.56,0.35,10.29,0,2.59,7.22,248571,723,88,132,12.17,18.26,472,24,448,5.08,94.92,1274,292,673,290,19,0,0,22.92,52.83,22.76,1.49,0,0,723,282,383,48,10,0,0,39,52.97,6.64,1.38,0,0,1946,114,1832,5.86,94.14,250001
"06075020601","Census Tract 206.01, San Francisco County, California","ca","140","00",,,,"06","075",,,"020601",,,,,,,,,,,,,,".",".",,,,,,,,,,,,,,"1400000US06075020601","Census Tract 206.01",,,,3073,3073,1901,118,0,541,0,192,321,61.86,3.84,0,17.6,0,6.25,10.45,182465,853,108,176,12.66,20.63,257,0,257,0,100,1399,579,536,136,102,46,0,41.39,38.31,9.72,7.29,3.29,0,853,484,254,53,16,46,0,56.74,29.78,6.21,1.88,5.39,0,2470,180,2290,7.29,92.71,250001
"06075020602","Census Tract 206.02, San Francisco County, California","ca","140","00",,,,"06","075",,,"020602",,,,,,,,,,,,,,".",".",,,,,,,,,,,,,,"1400000US06075020602","Census Tract 206.02",,,,2369,2369,1738,115,0,221,40,92,163,73.36,4.85,0,9.33,1.69,3.88,6.88,204044,730,124,70,16.99,9.59,141,0,141,0,100,1317,423,623,254,17,0,0,32.12,47.3,19.29,1.29,0,0,730,238,430,62,0,0,0,32.6,58.9,8.49,0,0,0,1694,136,1558,8.03,91.97,202525
"06075020701","Census Tract 207.01, San Francisco County, California","ca","140","00",,,,"06","075",,,"020701",,,,,,,,,,,,,,".",".",,,,,,,,,,,,,,"1400000US06075020701","Census Tract 207.01",,,,3032,3032,1928,129,0,462,0,53,460,63.59,4.25,0,15.24,0,1.75,15.17,217386,896,110,96,12.28,10.71,274,0,274,0,100,1397,401,874,93,0,29,0,28.7,62.56,6.66,0,2.08,0,896,340,518,34,0,4,0,37.95,57.81,3.79,0,0.45,0,2593,223,2370,8.6,91.4,250001
"06075020702","Census Tract 207.02, San Francisco County, California","ca","140","00",,,,"06","075",,,"020702",,,,,,,,,,,,,,".",".",,,,,,,,,,,,,,"1400000US06075020702","Census Tract 207.02",,,,2046,2046,1321,37,7,370,12,118,181,64.57,1.81,0.34,18.08,0.59,5.77,8.85,148898,888,130,147,14.64,16.55,198,104,94,52.53,47.47,1104,556,483,65,0,0,0,50.36,43.75,5.89,0,0,0,888,505,343,40,0,0,0,56.87,38.63,4.5,0,0,0,1528,198,1330,12.96,87.04,
"06075020801","Census Tract 208.01, San Francisco County, California","ca","140","00",,,,"06","075",,,"020801",,,,,,,,,,,,,,".",".",,,,,,,,,,,,,,"1400000US06075020801","Census Tract 208.01",,,,3732,3732,1092,177,29,517,0,928,989,29.26,4.74,0.78,13.85,0,24.87,26.5,103997,1261,129,191,10.23,15.15,629,42,587,6.68,93.32,1519,578,630,267,44,0,0,38.05,41.47,17.58,2.9,0,0,1261,532,487,211,31,0,0,42.19,38.62,16.73,2.46,0,0,2591,128,2463,4.94,95.06,102897
"06075020802","Census Tract 208.02, San Francisco County, California","ca","140","00",,,,"06","075",,,"020802",,,,,,,,,,,,,,".",".",,,,,,,,,,,,,,"1400000US06075020802","Census Tract 208.02",,,,2274,2274,719,64,7,507,0,740,237,31.62,2.81,0.31,22.3,0,32.54,10.42,117000,920,181,164,19.67,17.83,152,37,115,24.34,75.66,1114,691,367,48,8,0,0,62.03,32.94,4.31,0.72,0,0,920,691,229,0,0,0,0,75.11,24.89,0,0,0,0,1939,278,1661,14.34,85.66,76714
"06075020900","Census Tract 209, San Francisco County, California","ca","140","00",,,,"06","075",,,"020900",,,,,,,,,,,,,,".",".",,,,,,,,,,,,,,"1400000US06075020900","Census Tract 209",,,,3644,3644,1324,61,26,662,0,1021,550,36.33,1.67,0.71,18.17,0,28.02,15.09,94360,1318,315,380,23.9,28.83,312,21,291,6.73,93.27,1557,608,794,107,48,0,0,39.05,51,6.87,3.08,0,0,1318,563,645,62,48,0,0,42.72,48.94,4.7,3.64,0,0,2843,367,2476,12.91,87.09,95706
"06075021000","Census Tract 210, San Francisco County, California","ca","140","00",,,,"06","075",,,"021000",,,,,,,,,,,,,,".",".",,,,,,,,,,,,,,"1400000US06075021000","Census Tract 210",,,,3739,3739,2372,30,37,744,0,229,327,63.44,0.8,0.99,19.9,0,6.12,8.75,157027,1037,225,190,21.7,18.32,444,74,370,16.67,83.33,1758,634,783,268,15,0,58,36.06,44.54,15.24,0.85,0,3.3,1037,501,422,114,0,0,0,48.31,40.69,10.99,0,0,0,2755,182,2573,6.61,93.39,205045
"06075021100","Census Tract 211, San Francisco County, California","ca","140","00",,,,"06","075",,,"021100",,,,,,,,,,,,,,".",".",,,,,,,,,,,,,,"1400000US06075021100","Census Tract 211",,,,4054,4054,2815,13,0,685,0,98,443,69.44,0.32,0,16.9,0,2.42,10.93,244813,1110,163,108,14.68,9.73,529,14,515,2.65,97.35,2021,430,1078,420,79,14,0,21.28,53.34,20.78,3.91,0.69,0,1110,423,555,102,30,0,0,38.11,50,9.19,2.7,0,0,2973,64,2909,2.15,97.85,250001
"06075021200","Census Tract 212, San Francisco County, California","ca","140","00",,,,"06","075",,,"021200",,,,,,,,,,,,,,".",".",,,,,,,,,,,,,,"1400000US06075021200","Census Tract 212",,,,3052,3052,1820,7,28,341,0,29,827,59.63,0.23,0.92,11.17,0,0.95,27.1,195714,590,119,81,20.17,13.73,539,73,466,13.54,86.46,1424,243,822,318,31,10,0,17.06,57.72,22.33,2.18,0.7,0,590,142,354,85,9,0,0,24.07,60,14.41,1.53,0,0,2094,89,2005,4.25,95.75,224688
"06075021300","Census Tract 213, San Francisco County, California","ca","140","00",,,,"06","075",,,"021300",,,,,,,,,,,,,,".",".",,,,,,,,,,,,,,"1400000US06075021300","Census Tract 213",,,,2948,2948,2079,142,61,255,0,10,401,70.52,4.82,2.07,8.65,0,0.34,13.6,216944,573,55,48,9.6,8.38,497,18,479,3.62,96.38,1212,102,625,362,111,12,0,8.42,51.57,29.87,9.16,0.99,0,573,91,332,67,71,12,0,15.88,57.94,11.69,12.39,2.09,0,2025,51,1974,2.52,97.48,250001
"06075021400","Census Tract 214, San Francisco County, California","ca","140","00",,,,"06","075",,,"021400",,,,,,,,,,,,,,".",".",,,,,,,,,,,,,,"1400000US06075021400","Census Tract 214",,,,3522,3522,2474,21,10,565,0,130,322,70.24,0.6,0.28,16.04,0,3.69,9.14,228056,1039,102,222,9.82,21.37,395,0,395,0,100,1716,317,1072,309,18,0,0,18.47,62.47,18.01,1.05,0,0,1039,278,645,107,9,0,0,26.76,62.08,10.3,0.87,0,0,2510,83,2427,3.31,96.69,250001
"06075021500","Census Tract 215, San Francisco County, California","ca","140","00",,,,"06","075",,,"021500",,,,,,,,,,,,,,".",".",,,,,,,,,,,,,,"1400000US06075021500","Census Tract 215",,,,5341,5341,2642,123,0,1456,0,113,1007,49.47,2.3,0,27.26,0,2.12,18.85,176417,1465,381,180,26.01,12.29,780,23,757,2.95,97.05,2513,217,1513,636,63,32,52,8.64,60.21,25.31,2.51,1.27,2.07,1465,160,1022,263,0,0,20,10.92,69.76,17.95,0,0,1.37,3920,97,3823,2.47,97.53,250001
"06075021600","Census Tract 216, San Francisco County, California","ca","140","00",,,,"06","075",,,"021600",,,,,,,,,,,,,,".",".",,,,,,,,,,,,,,"1400000US06075021600","Census Tract 216",,,,4417,4417,2344,229,0,1004,21,342,477,53.07,5.18,0,22.73,0.48,7.74,10.8,237909,964,217,36,22.51,3.73,773,0,773,0,100,2111,337,1010,660,69,35,0,15.96,47.84,31.26,3.27,1.66,0,964,226,583,153,2,0,0,23.44,60.48,15.87,0.21,0,0,2960,108,2852,3.65,96.35,250001
"06075021700","Census Tract 217, San Francisco County, California","ca","140","00",,,,"06","075",,,"021700",,,,,,,,,,,,,,".",".",,,,,,,,,,,,,,"1400000US06075021700","Census Tract 217",,,,4459,4459,2276,496,25,657,0,257,748,51.04,11.12,0.56,14.73,0,5.76,16.78,139722,541,139,184,25.69,34.01,999,169,830,16.92,83.08,1798,75,1037,540,123,15,8,4.17,57.68,30.03,6.84,0.83,0.44,541,50,340,135,8,0,8,9.24,62.85,24.95,1.48,0,1.48,2648,89,2559,3.36,96.64,183125
"06075021800","Census Tract 218, San Francisco County, California","ca","140","00",,,,"06","075",,,"021800",,,,,,,,,,,,,,".",".",,,,,,,,,,,,,,"1400000US06075021800","Census Tract 218",,,,3999,3999,2551,32,46,603,0,201,566,63.79,0.8,1.15,15.08,0,5.03,14.15,222891,676,61,66,9.02,9.76,603,0,603,0,100,1777,171,942,576,82,6,0,9.62,53.01,32.41,4.61,0.34,0,676,113,402,152,9,0,0,16.72,59.47,22.49,1.33,0,0,2759,83,2676,3.01,96.99,250001
"06075022600","Census Tract 226, San Francisco County, California","ca","140","00",,,,"06","075",,,"022600",,,,,,,,,,,,,,".",".",,,,,,,,,,,,,,"1400000US06075022600","Census Tract 226",,,,4210,4210,1962,109,0,1424,0,261,454,46.6,2.59,0,33.82,0,6.2,10.78,243007,1761,305,61,17.32,3.46,364,0,364,0,100,2185,595,1211,354,25,0,0,27.23,55.42,16.2,1.14,0,0,1761,589,928,244,0,0,0,33.45,52.7,13.86,0,0,0,3560,32,3528,0.9,99.1,250001
"06075022702","Census Tract 227.02, San Francisco County, California","ca","140","00",,,,"06","075",,,"022702",,,,,,,,,,,,,,".",".",,,,,,,,,,,,,,"1400000US06075022702","Census Tract 227.02",,,,2017,2017,1144,1,1,462,0,128,281,56.72,0.05,0.05,22.91,0,6.35,13.93,250001,619,80,103,12.92,16.64,194,21,173,10.82,89.18,1001,133,674,151,43,0,0,13.29,67.33,15.08,4.3,0,0,619,109,454,34,22,0,0,17.61,73.34,5.49,3.55,0,0,1641,108,1533,6.58,93.42,250001
"06075022704","Census Tract 227.04, San Francisco County, California","ca","140","00",,,,"06","075",,,"022704",,,,,,,,,,,,,,".",".",,,,,,,,,,,,,,"1400000US06075022704","Census Tract 227.04",,,,3982,3982,2015,125,0,885,0,360,597,50.6,3.14,0,22.23,0,9.04,14.99,240000,891,118,177,13.24,19.87,753,167,586,22.18,77.82,1822,183,1100,444,43,27,25,10.04,60.37,24.37,2.36,1.48,1.37,891,162,578,127,0,8,16,18.18,64.87,14.25,0,0.9,1.8,2835,226,2609,7.97,92.03,250001
"06075022801","Census Tract 228.01, San Francisco County, California","ca","140","00",,,,"06","075",,,"022801",,,,,,,,,,,,,,".",".",,,,,,,,,,,,,,"1400000US06075022801","Census Tract 228.01",,,,4755,4755,2083,709,372,684,23,610,274,43.81,14.91,7.82,14.38,0.48,12.83,5.76,143531,1016,254,177,25,17.42,675,175,500,25.93,74.07,1895,372,1077,355,91,0,0,19.63,56.83,18.73,4.8,0,0,1016,248,519,201,48,0,0,24.41,51.08,19.78,4.72,0,0,3258,333,2925,10.22,89.78,142721
"06075022802","Census Tract 228.02, San Francisco County, California","ca","140","00",,,,"06","075",,,"022802",,,,,,,,,,,,,,".",".",,,,,,,,,,,,,,"1400000US06075022802","Census Tract 228.02",,,,2236,2236,1038,93,10,423,26,247,399,46.42,4.16,0.45,18.92,1.16,11.05,17.84,137969,422,67,88,15.88,20.85,285,0,285,0,100,751,189,398,133,31,0,0,25.17,53,17.71,4.13,0,0,422,157,167,90,8,0,0,37.2,39.57,21.33,1.9,0,0,1385,215,1170,15.52,84.48,208409
"06075022803","Census Tract 228.03, San Francisco County, California","ca","140","00",,,,"06","075",,,"022803",,,,,,,,,,,,,,".",".",,,,,,,,,,,,,,"1400000US06075022803","Census Tract 228.03",,,,4098,4098,1500,126,0,634,0,1314,524,36.6,3.07,0,15.47,0,32.06,12.79,158545,815,129,125,15.83,15.34,935,238,697,25.45,74.55,1422,382,648,291,84,17,0,26.86,45.57,20.46,5.91,1.2,0,815,314,325,169,7,0,0,38.53,39.88,20.74,0.86,0,0,2710,359,2351,13.25,86.75,166354
"06075022901","Census Tract 229.01, San Francisco County, California","ca","140","00",,,,"06","075",,,"022901",,,,,,,,,,,,,,".",".",,,,,,,,,,,,,,"1400000US06075022901","Census Tract 229.01",,,,4197,4197,1393,77,210,310,0,1326,881,33.19,1.83,5,7.39,0,31.59,20.99,94214,1090,197,154,18.07,14.13,832,32,800,3.85,96.15,1408,402,728,242,36,0,0,28.55,51.7,17.19,2.56,0,0,1090,357,520,177,36,0,0,32.75,47.71,16.24,3.3,0,0,2872,202,2670,7.03,92.97,77535
"06075022902","Census Tract 229.02, San Francisco County, California","ca","140","00",,,,"06","075",,,"022902",,,,,,,,,,,,,,".",".",,,,,,,,,,,,,,"1400000US06075022902","Census Tract 229.02",,,,2019,2019,818,34,19,422,0,410,316,40.52,1.68,0.94,20.9,0,20.31,15.65,199671,399,51,22,12.78,5.51,266,11,255,4.14,95.86,727,160,370,173,24,0,0,22.01,50.89,23.8,3.3,0,0,399,91,204,80,24,0,0,22.81,51.13,20.05,6.02,0,0,1418,141,1277,9.94,90.06,142656
"06075022903","Census Tract 229.03, San Francisco County, California","ca","140","00",,,,"06","075",,,"022903",,,,,,,,,,,,,,".",".",,,,,,,,,,,,,,"1400000US06075022903","Census Tract 229.03",,,,2675,2675,1331,57,64,302,0,342,579,49.76,2.13,2.39,11.29,0,12.79,21.64,201250,593,106,62,17.88,10.46,333,10,323,3,97,1058,159,599,181,108,11,0,15.03,56.62,17.11,10.21,1.04,0,593,92,400,60,41,0,0,15.51,67.45,10.12,6.91,0,0,2074,89,1985,4.29,95.71,185333
"06075023001","Census Tract 230.01, San Francisco County, California","ca","140","00",,,,"06","075",,,"023001",,,,,,,,,,,,,,".",".",,,,,,,,,,,,,,"1400000US06075023001","Census Tract 230.01",,,,5576,5576,529,594,105,3446,0,586,316,9.49,10.65,1.88,61.8,0,10.51,5.67,140179,522,104,67,19.92,12.84,967,94,873,9.72,90.28,1319,35,429,600,136,66,53,2.65,32.52,45.49,10.31,5,4.02,522,12,215,198,49,48,0,2.3,41.19,37.93,9.39,9.2,0,3719,595,3124,16,84,117233
"06075023003","Census Tract 230.03, San Francisco County, California","ca","140","00",,,,"06","075",,,"023003",,,,,,,,,,,,,,".",".",,,,,,,,,,,,,,"1400000US06075023003","Census Tract 230.03",,,,4025,4025,431,500,0,2175,27,520,372,10.71,12.42,0,54.04,0.67,12.92,9.24,118889,210,75,75,35.71,35.71,664,0,664,0,100,1206,195,410,325,176,58,42,16.17,34,26.95,14.59,4.81,3.48,210,24,77,80,22,7,0,11.43,36.67,38.1,10.48,3.33,0,2522,160,2362,6.34,93.66,153871
"06075023102","Census Tract 231.02, San Francisco County, California","ca","140","00",,,,"06","075",,,"023102",,,,,,,,,,,,,,".",".",,,,,,,,,,,,,,"1400000US06075023102","Census Tract 231.02",,,,3411,3411,160,1796,0,280,0,632,543,4.69,52.65,0,8.21,0,18.53,15.92,46331,725,251,152,34.62,20.97,1015,252,763,24.83,75.17,1128,304,469,246,109,0,0,26.95,41.58,21.81,9.66,0,0,725,284,334,81,26,0,0,39.17,46.07,11.17,3.59,0,0,2006,404,1602,20.14,79.86,59221
"06075023103","Census Tract 231.03, San Francisco County, California","ca","140","00",,,,"06","075",,,"023103",,,,,,,,,,,,,,".",".",,,,,,,,,,,,,,"1400000US06075023103","Census Tract 231.03",,,,4512,4512,0,2576,41,516,545,529,305,0,57.09,0.91,11.44,12.08,11.72,6.76,28393,1473,313,412,21.25,27.97,1762,940,822,53.35,46.65,1518,366,960,192,0,0,0,24.11,63.24,12.65,0,0,0,1473,366,960,147,0,0,0,24.85,65.17,9.98,0,0,0,2352,872,1480,37.07,62.93,31776
"06075023200","Census Tract 232, San Francisco County, California","ca","140","00",,,,"06","075",,,"023200",,,,,,,,,,,,,,".",".",,,,,,,,,,,,,,"1400000US06075023200","Census Tract 232",,,,4214,4214,934,1270,16,1260,8,549,177,22.16,30.14,0.38,29.9,0.19,13.03,4.2,111597,381,87,81,22.83,21.26,975,29,946,2.97,97.03,1153,49,483,285,307,7,22,4.25,41.89,24.72,26.63,0.61,1.91,381,37,249,19,76,0,0,9.71,65.35,4.99,19.95,0,0,2654,246,2408,9.27,90.73,95536
"06075023300","Census Tract 233, San Francisco County, California","ca","140","00",,,,"06","075",,,"023300",,,,,,,,,,,,,,".",".",,,,,,,,,,,,,,"1400000US06075023300","Census Tract 233",,,,3934,3934,452,453,0,2123,0,682,224,11.49,11.51,0,53.97,0,17.34,5.69,92574,609,105,222,17.24,36.45,719,206,513,28.65,71.35,1281,199,621,283,131,26,21,15.53,48.48,22.09,10.23,2.03,1.64,609,155,333,118,3,0,0,25.45,54.68,19.38,0.49,0,0,2560,422,2138,16.48,83.52,84292
"06075023400","Census Tract 234, San Francisco County, California","ca","140","00",,,,"06","075",,,"023400",,,,,,,,,,,,,,".",".",,,,,,,,,,,,,,"1400000US06075023400","Census Tract 234",,,,3811,3811,464,938,6,1157,8,606,632,12.18,24.61,0.16,30.36,0.21,15.9,16.58,80788,520,122,291,23.46,55.96,992,361,631,36.39,63.61,1169,268,455,205,167,59,15,22.93,38.92,17.54,14.29,5.05,1.28,520,211,232,66,0,11,0,40.58,44.62,12.69,0,2.12,0,2159,499,1660,23.11,76.89,
"06075025100","Census Tract 251, San Francisco County, California","ca","140","00",,,,"06","075",,,"025100",,,,,,,,,,,,,,".",".",,,,,,,,,,,,,,"1400000US06075025100","Census Tract 251",,,,3342,3342,2079,60,25,536,16,196,430,62.21,1.8,0.75,16.04,0.48,5.86,12.87,139600,522,18,81,3.45,15.52,575,116,459,20.17,79.83,1306,152,564,462,75,53,0,11.64,43.19,35.38,5.74,4.06,0,522,82,235,182,23,0,0,15.71,45.02,34.87,4.41,0,0,2193,178,2015,8.12,91.88,143750
"06075025200","Census Tract 252, San Francisco County, California","ca","140","00",,,,"06","075",,,"025200",,,,,,,,,,,,,,".",".",,,,,,,,,,,,,,"1400000US06075025200","Census Tract 252",,,,5610,5610,2967,54,0,668,0,685,1236,52.89,0.96,0,11.91,0,12.21,22.03,163321,773,154,140,19.92,18.11,1020,15,1005,1.47,98.53,2463,510,1277,615,61,0,0,20.71,51.85,24.97,2.48,0,0,773,220,522,31,0,0,0,28.46,67.53,4.01,0,0,0,3920,535,3385,13.65,86.35,170588
"06075025300","Census Tract 253, San Francisco County, California","ca","140","00",,,,"06","075",,,"025300",,,,,,,,,,,,,,".",".",,,,,,,,,,,,,,"1400000US06075025300","Census Tract 253",,,,4218,4218,1945,66,18,475,0,1207,507,46.11,1.56,0.43,11.26,0,28.62,12.02,189688,819,68,69,8.3,8.42,396,12,384,3.03,96.97,1692,280,895,341,103,18,55,16.55,52.9,20.15,6.09,1.06,3.25,819,228,450,119,22,0,0,27.84,54.95,14.53,2.69,0,0,3217,173,3044,5.38,94.62,205205
"06075025401","Census Tract 254.01, San Francisco County, California","ca","140","00",,,,"06","075",,,"025401",,,,,,,,,,,,,,".",".",,,,,,,,,,,,,,"1400000US06075025401","Census Tract 254.01",,,,3706,3706,2141,153,10,216,0,304,882,57.77,4.13,0.27,5.83,0,8.2,23.8,183902,603,77,51,12.77,8.46,1106,58,1048,5.24,94.76,1357,173,706,399,63,0,16,12.75,52.03,29.4,4.64,0,1.18,603,115,382,106,0,0,0,19.07,63.35,17.58,0,0,0,2208,100,2108,4.53,95.47,183939
"06075025402","Census Tract 254.02, San Francisco County, California","ca","140","00",,,,"06","075",,,"025402",,,,,,,,,,,,,,".",".",,,,,,,,,,,,,,"1400000US06075025402","Census Tract 254.02",,,,3163,3163,1143,231,0,522,0,1020,247,36.14,7.3,0,16.5,0,32.25,7.81,173352,348,89,85,25.57,24.43,370,20,350,5.41,94.59,1087,76,505,324,172,10,0,6.99,46.46,29.81,15.82,0.92,0,348,58,129,105,46,10,0,16.67,37.07,30.17,13.22,2.87,0,2132,126,2006,5.91,94.09,174063
"06075025403","Census Tract 254.03, San Francisco County, California","ca","140","00",,,,"06","075",,,"025403",,,,,,,,,,,,,,".",".",,,,,,,,,,,,,,"1400000US06075025403","Census Tract 254.03",,,,4686,4686,1062,202,28,1100,0,1008,1286,22.66,4.31,0.6,23.47,0,21.51,27.44,128947,670,87,239,12.99,35.67,1021,56,965,5.48,94.52,1380,172,563,424,58,135,28,12.46,40.8,30.72,4.2,9.78,2.03,670,120,306,125,22,97,0,17.91,45.67,18.66,3.28,14.48,0,3027,280,2747,9.25,90.75,113977
"06075025501","Census Tract 255.01, San Francisco County, California","ca","140","00",,,,"06","075",,,"025501",,,,,,,,,,,,,,".",".",,,,,,,,,,,,,,"1400000US06075025501","Census Tract 255.01",,,,4073,4073,663,88,34,1592,0,1237,459,16.28,2.16,0.83,39.09,0,30.37,11.27,146477,198,11,79,5.56,39.9,914,181,733,19.8,80.2,1031,5,358,478,149,0,41,0.48,34.72,46.36,14.45,0,3.98,198,0,64,134,0,0,0,0,32.32,67.68,0,0,0,2384,341,2043,14.3,85.7,131875
"06075025502","Census Tract 255.02, San Francisco County, California","ca","140","00",,,,"06","075",,,"025502",,,,,,,,,,,,,,".",".",,,,,,,,,,,,,,"1400000US06075025502","Census Tract 255.02",,,,3451,3451,1160,39,10,1464,41,429,308,33.61,1.13,0.29,42.42,1.19,12.43,8.92,168483,323,80,53,24.77,16.41,534,49,485,9.18,90.82,1220,175,652,251,118,0,24,14.34,53.44,20.57,9.67,0,1.97,323,100,170,32,21,0,0,30.96,52.63,9.91,6.5,0,0,2300,142,2158,6.17,93.83,214219
"06075025600","Census Tract 256, San Francisco County, California","ca","140","00",,,,"06","075",,,"025600",,,,,,,,,,,,,,".",".",,,,,,,,,,,,,,"1400000US06075025600","Census Tract 256",,,,5290,5290,1265,69,0,2959,36,717,244,23.91,1.3,0,55.94,0.68,13.55,4.61,114250,559,168,107,30.05,19.14,830,80,750,9.64,90.36,1656,234,504,438,229,176,75,14.13,30.43,26.45,13.83,10.63,4.53,559,93,164,101,101,76,24,16.64,29.34,18.07,18.07,13.6,4.29,3345,188,3157,5.62,94.38,109196
"06075025701","Census Tract 257.01, San Francisco County, California","ca","140","00",,,,"06","075",,,"025701",,,,,,,,,,,,,,".",".",,,,,,,,,,,,,,"1400000US06075025701","Census Tract 257.01",,,,5047,5047,645,110,21,3383,0,716,172,12.78,2.18,0.42,67.03,0,14.19,3.41,129663,592,93,86,15.71,14.53,867,48,819,5.54,94.46,1559,100,676,435,192,87,69,6.41,43.36,27.9,12.32,5.58,4.43,592,56,454,22,7,7,46,9.46,76.69,3.72,1.18,1.18,7.77,3441,249,3192,7.24,92.76,124928
"06075025702","Census Tract 257.02, San Francisco County, California","ca","140","00",,,,"06","075",,,"025702",,,,,,,,,,,,,,".",".",,,,,,,,,,,,,,"1400000US06075025702","Census Tract 257.02",,,,4601,4601,1201,52,0,3011,0,104,233,26.1,1.13,0,65.44,0,2.26,5.06,104250,440,160,53,36.36,12.05,1072,23,1049,2.15,97.85,1135,192,293,357,166,95,32,16.92,25.81,31.45,14.63,8.37,2.82,440,131,176,88,45,0,0,29.77,40,20,10.23,0,0,2381,134,2247,5.63,94.37,114819
"06075025800","Census Tract 258, San Francisco County, California","ca","140","00",,,,"06","075",,,"025800",,,,,,,,,,,,,,".",".",,,,,,,,,,,,,,"1400000US06075025800","Census Tract 258",,,,1776,1776,228,127,0,1213,0,58,150,12.84,7.15,0,68.3,0,3.27,8.45,82546,321,102,71,31.78,22.12,244,35,209,14.34,85.66,621,158,194,195,52,0,22,25.44,31.24,31.4,8.37,0,3.54,321,116,154,51,0,0,0,36.14,47.98,15.89,0,0,0,1275,82,1193,6.43,93.57,121731
"06075025900","Census Tract 259, San Francisco County, California","ca","140","00",,,,"06","075",,,"025900",,,,,,,,,,,,,,".",".",,,,,,,,,,,,,,"1400000US06075025900","Census Tract 259",,,,4134,4134,722,168,0,2098,0,881,265,17.46,4.06,0,50.75,0,21.31,6.41,151418,163,15,41,9.2,25.15,692,40,652,5.78,94.22,1444,103,426,710,105,68,32,7.13,29.5,49.17,7.27,4.71,2.22,163,37,59,67,0,0,0,22.7,36.2,41.1,0,0,0,2754,259,2495,9.4,90.6,156591
"06075026001","Census Tract 260.01, San Francisco County, California","ca","140","00",,,,"06","075",,,"026001",,,,,,,,,,,,,,".",".",,,,,,,,,,,,,,"1400000US06075026001","Census Tract 260.01",,,,6010,6010,1172,232,134,2708,22,1206,536,19.5,3.86,2.23,45.06,0.37,20.07,8.92,119088,841,105,193,12.49,22.95,786,129,657,16.41,83.59,1785,203,672,415,440,33,22,11.37,37.65,23.25,24.65,1.85,1.23,841,118,313,182,206,0,22,14.03,37.22,21.64,24.49,0,2.62,4342,463,3879,10.66,89.34,117458
"06075026002","Census Tract 260.02, San Francisco County, California","ca","140","00",,,,"06","075",,,"026002",,,,,,,,,,,,,,".",".",,,,,,,,,,,,,,"1400000US06075026002","Census Tract 260.02",,,,3731,3731,1224,198,58,1332,0,530,389,32.81,5.31,1.55,35.7,0,14.21,10.43,119038,253,101,6,39.92,2.37,636,98,538,15.41,84.59,1038,47,396,391,154,32,18,4.53,38.15,37.67,14.84,3.08,1.73,253,16,123,68,46,0,0,6.32,48.62,26.88,18.18,0,0,1996,271,1725,13.58,86.42,119306
"06075026003","Census Tract 260.03, San Francisco County, California","ca","140","00",,,,"06","075",,,"026003",,,,,,,,,,,,,,".",".",,,,,,,,,,,,,,"1400000US06075026003","Census Tract 260.03",,,,4873,4873,1078,85,58,2002,0,1169,481,22.12,1.74,1.19,41.08,0,23.99,9.87,99044,427,163,33,38.17,7.73,1159,100,1059,8.63,91.37,1393,153,396,599,130,62,53,10.98,28.43,43,9.33,4.45,3.8,427,67,97,245,7,11,0,15.69,22.72,57.38,1.64,2.58,0,2884,128,2756,4.44,95.56,124032
"06075026004","Census Tract 260.04, San Francisco County, California","ca","140","00",,,,"06","075",,,"026004",,,,,,,,,,,,,,".",".",,,,,,,,,,,,,,"1400000US06075026004","Census Tract 260.04",,,,3924,3924,821,409,78,1620,82,405,509,20.92,10.42,1.99,41.28,2.09,10.32,12.97,133542,374,39,151,10.43,40.37,528,55,473,10.42,89.58,1121,160,423,371,74,93,0,14.27,37.73,33.1,6.6,8.3,0,374,129,110,70,0,65,0,34.49,29.41,18.72,0,17.38,0,2596,162,2434,6.24,93.76,116146
"06075026100","Census Tract 261, San Francisco County, California","ca","140","00",,,,"06","075",,,"026100",,,,,,,,,,,,,,".",".",,,,,,,,,,,,,,"1400000US06075026100","Census Tract 261",,,,6601,6601,681,155,166,4526,25,589,459,10.32,2.35,2.51,68.57,0.38,8.92,6.95,123070,663,137,112,20.66,16.89,1183,69,1114,5.83,94.17,2007,361,603,705,275,0,63,17.99,30.04,35.13,13.7,0,3.14,663,243,247,173,0,0,0,36.65,37.25,26.09,0,0,0,4214,531,3683,12.6,87.4,131422
"06075026201","Census Tract 262.01, San Francisco County, California","ca","140","00",,,,"06","075",,,"026201",,,,,,,,,,,,,,".",".",,,,,,,,,,,,,,"1400000US06075026201","Census Tract 262.01",,,,3928,3928,207,8,0,2876,0,715,122,5.27,0.2,0,73.22,0,18.2,3.11,149067,372,11,80,2.96,21.51,765,41,724,5.36,94.64,999,139,312,349,163,36,0,13.91,31.23,34.93,16.32,3.6,0,372,114,132,115,11,0,0,30.65,35.48,30.91,2.96,0,0,2472,125,2347,5.06,94.94,149525
"06075026202","Census Tract 262.02, San Francisco County, California","ca","140","00",,,,"06","075",,,"026202",,,,,,,,,,,,,,".",".",,,,,,,,,,,,,,"1400000US06075026202","Census Tract 262.02",,,,3664,3664,670,43,65,2452,4,213,217,18.29,1.17,1.77,66.92,0.11,5.81,5.92,144127,363,101,77,27.82,21.21,450,34,416,7.56,92.44,1043,171,300,350,118,97,7,16.4,28.76,33.56,11.31,9.3,0.67,363,120,131,72,0,40,0,33.06,36.09,19.83,0,11.02,0,2380,136,2244,5.71,94.29,142984
"06075026301","Census Tract 263.01, San Francisco County, California","ca","140","00",,,,"06","075",,,"026301",,,,,,,,,,,,,,".",".",,,,,,,,,,,,,,"1400000US06075026301","Census Tract 263.01",,,,4955,4955,653,42,0,3162,56,743,299,13.18,0.85,0,63.81,1.13,14.99,6.03,102131,567,39,197,6.88,34.74,900,25,875,2.78,97.22,1365,304,482,344,205,9,21,22.27,35.31,25.2,15.02,0.66,1.54,567,209,171,114,52,0,21,36.86,30.16,20.11,9.17,0,3.7,3020,470,2550,15.56,84.44,101763
"06075026302","Census Tract 263.02, San Francisco County, California","ca","140","00",,,,"06","075",,,"026302",,,,,,,,,,,,,,".",".",,,,,,,,,,,,,,"1400000US06075026302","Census Tract 263.02",,,,4707,4707,622,158,62,2534,14,1032,285,13.21,3.36,1.32,53.83,0.3,21.92,6.05,99091,463,161,97,34.77,20.95,668,15,653,2.25,97.75,1552,164,691,330,241,95,31,10.57,44.52,21.26,15.53,6.12,2,463,106,299,26,32,0,0,22.89,64.58,5.62,6.91,0,0,3199,348,2851,10.88,89.12,132708
"06075026303","Census Tract 263.03, San Francisco County, California","ca","140","00",,,,"06","075",,,"026303",,,,,,,,,,,,,,".",".",,,,,,,,,,,,,,"1400000US06075026303","Census Tract 263.03",,,,4425,4425,731,28,23,2375,59,689,520,16.52,0.63,0.52,53.67,1.33,15.57,11.75,94167,259,92,49,35.52,18.92,746,0,746,0,100,1342,65,278,617,211,104,67,4.84,20.72,45.98,15.72,7.75,4.99,259,27,80,53,32,0,67,10.42,30.89,20.46,12.36,0,25.87,2946,233,2713,7.91,92.09,129183
"06075026401","Census Tract 264.01, San Francisco County, California","ca","140","00",,,,"06","075",,,"026401",,,,,,,,,,,,,,".",".",,,,,,,,,,,,,,"1400000US06075026401","Census Tract 264.01",,,,3470,3470,302,219,24,2345,71,279,230,8.7,6.31,0.69,67.58,2.05,8.04,6.63,80563,296,75,130,25.34,43.92,763,152,611,19.92,80.08,1035,271,244,274,133,100,13,26.18,23.57,26.47,12.85,9.66,1.26,296,73,64,123,36,0,0,24.66,21.62,41.55,12.16,0,0,1979,265,1714,13.39,86.61,76538
"06075026402","Census Tract 264.02, San Francisco County, California","ca","140","00",,,,"06","075",,,"026402",,,,,,,,,,,,,,".",".",,,,,,,,,,,,,,"1400000US06075026402","Census Tract 264.02",,,,4654,4654,1014,287,10,2416,43,427,457,21.79,6.17,0.21,51.91,0.92,9.17,9.82,117230,343,97,18,28.28,5.25,627,59,568,9.41,90.59,1262,144,402,385,250,10,71,11.41,31.85,30.51,19.81,0.79,5.63,343,53,117,80,93,0,0,15.45,34.11,23.32,27.11,0,0,3010,121,2889,4.02,95.98,120733
"06075026403","Census Tract 264.03, San Francisco County, California","ca","140","00",,,,"06","075",,,"026403",,,,,,,,,,,,,,".",".",,,,,,,,,,,,,,"1400000US06075026403","Census Tract 264.03",,,,3453,3453,319,12,0,2638,0,196,288,9.24,0.35,0,76.4,0,5.68,8.34,73750,335,15,187,4.48,55.82,335,50,285,14.93,85.07,1109,164,400,212,310,22,1,14.79,36.07,19.12,27.95,1.98,0.09,335,74,164,45,52,0,0,22.09,48.96,13.43,15.52,0,0,2283,313,1970,13.71,86.29,77143
"06075026404","Census Tract 264.04, San Francisco County, California","ca","140","00",,,,"06","075",,,"026404",,,,,,,,,,,,,,".",".",,,,,,,,,,,,,,"1400000US06075026404","Census Tract 264.04",,,,2404,2404,188,206,0,1320,0,478,212,7.82,8.57,0,54.91,0,19.88,8.82,83500,310,81,41,26.13,13.23,383,29,354,7.57,92.43,694,95,218,205,142,26,8,13.69,31.41,29.54,20.46,3.75,1.15,310,35,109,82,58,26,0,11.29,35.16,26.45,18.71,8.39,0,1596,113,1483,7.08,92.92,95375
"06075030101","Census Tract 301.01, San Francisco County, California","ca","140","00",,,,"06","075",,,"030101",,,,,,,,,,,,,,".",".",,,,,,,,,,,,,,"1400000US06075030101","Census Tract 301.01",,,,4588,4588,2185,117,39,1500,14,102,631,47.62,2.55,0.85,32.69,0.31,2.22,13.75,151384,1612,335,325,20.78,20.16,379,47,332,12.4,87.6,2098,597,1118,352,31,0,0,28.46,53.29,16.78,1.48,0,0,1612,527,910,163,12,0,0,32.69,56.45,10.11,0.74,0,0,3494,370,3124,10.59,89.41,177543
"06075030102","Census Tract 301.02, San Francisco County, California","ca","140","00",,,,"06","075",,,"030102",,,,,,,,,,,,,,".",".",,,,,,,,,,,,,,"1400000US06075030102","Census Tract 301.02",,,,4808,4808,2625,232,0,1229,0,166,556,54.6,4.83,0,25.56,0,3.45,11.56,206515,1142,201,210,17.6,18.39,520,45,475,8.65,91.35,2120,260,1423,311,107,19,0,12.26,67.12,14.67,5.05,0.9,0,1142,173,919,40,0,10,0,15.15,80.47,3.5,0,0.88,0,2843,371,2472,13.05,86.95,250001
"06075030201","Census Tract 302.01, San Francisco County, California","ca","140","00",,,,"06","075",,,"030201",,,,,,,,,,,,,,".",".",,,,,,,,,,,,,,"1400000US06075030201","Census Tract 302.01",,,,4120,4120,2007,52,0,1229,0,485,347,48.71,1.26,0,29.83,0,11.77,8.42,115292,1442,273,409,18.93,28.36,695,160,535,23.02,76.98,1971,611,948,305,53,53,1,31,48.1,15.47,2.69,2.69,0.05,1442,555,671,123,43,49,1,38.49,46.53,8.53,2.98,3.4,0.07,2527,215,2312,8.51,91.49,131464
"06075030202","Census Tract 302.02, San Francisco County, California","ca","140","00",,,,"06","075",,,"030202",,,,,,,,,,,,,,".",".",,,,,,,,,,,,,,"1400000US06075030202","Census Tract 302.02",,,,4017,4017,2080,78,0,1266,0,171,422,51.78,1.94,0,31.52,0,4.26,10.51,149306,1573,140,226,8.9,14.37,504,26,478,5.16,94.84,2045,627,1119,257,34,8,0,30.66,54.72,12.57,1.66,0.39,0,1573,475,948,133,17,0,0,30.2,60.27,8.46,1.08,0,0,2859,88,2771,3.08,96.92,141957
"06075030301","Census Tract 303.01, San Francisco County, California","ca","140","00",,,,"06","075",,,"030301",,,,,,,,,,,,,,".",".",,,,,,,,,,,,,,"1400000US06075030301","Census Tract 303.01",,,,6509,6509,2796,97,0,2546,0,151,919,42.96,1.49,0,39.12,0,2.32,14.12,191338,1098,187,124,17.03,11.29,951,5,946,0.53,99.47,2542,217,1335,668,182,79,61,8.54,52.52,26.28,7.16,3.11,2.4,1098,202,666,109,104,0,17,18.4,60.66,9.93,9.47,0,1.55,4393,110,4283,2.5,97.5,193400
"06075030302","Census Tract 303.02, San Francisco County, California","ca","140","00",,,,"06","075",,,"030302",,,,,,,,,,,,,,".",".",,,,,,,,,,,,,,"1400000US06075030302","Census Tract 303.02",,,,3492,3492,1426,88,7,1469,13,184,305,40.84,2.52,0.2,42.07,0.37,5.27,8.73,170000,436,42,82,9.63,18.81,499,0,499,0,100,1318,17,599,464,152,65,21,1.29,45.45,35.2,11.53,4.93,1.59,436,9,287,60,25,44,11,2.06,65.83,13.76,5.73,10.09,2.52,2117,143,1974,6.75,93.25,226528
"06075030400","Census Tract 304, San Francisco County, California","ca","140","00",,,,"06","075",,,"030400",,,,,,,,,,,,,,".",".",,,,,,,,,,,,,,"1400000US06075030400","Census Tract 304",,,,5120,5120,1930,103,0,2583,0,192,312,37.7,2.01,0,50.45,0,3.75,6.09,140524,342,110,18,32.16,5.26,700,0,700,0,100,2193,150,786,1067,167,11,12,6.84,35.84,48.65,7.62,0.5,0.55,342,7,204,95,36,0,0,2.05,59.65,27.78,10.53,0,0,2716,80,2636,2.95,97.05,170000
"06075030500","Census Tract 305, San Francisco County, California","ca","140","00",,,,"06","075",,,"030500",,,,,,,,,,,,,,".",".",,,,,,,,,,,,,,"1400000US06075030500","Census Tract 305",,,,3778,3778,1682,300,3,1034,0,251,508,44.52,7.94,0.08,27.37,0,6.64,13.45,182375,293,74,0,25.26,0,519,49,470,9.44,90.56,1008,134,291,308,185,38,52,13.29,28.87,30.56,18.35,3.77,5.16,293,53,50,20,94,24,52,18.09,17.06,6.83,32.08,8.19,17.75,1799,173,1626,9.62,90.38,234010
"06075030600","Census Tract 306, San Francisco County, California","ca","140","00",,,,"06","075",,,"030600",,,,,,,,,,,,,,".",".",,,,,,,,,,,,,,"1400000US06075030600","Census Tract 306",,,,2356,2356,1263,23,0,649,0,17,404,53.61,0.98,0,27.55,0,0.72,17.15,238750,137,59,0,43.07,0,397,0,397,0,100,903,33,308,429,117,11,5,3.65,34.11,47.51,12.96,1.22,0.55,137,27,39,71,0,0,0,19.71,28.47,51.82,0,0,0,1426,40,1386,2.81,97.19,250001
"06075030700","Census Tract 307, San Francisco County, California","ca","140","00",,,,"06","075",,,"030700",,,,,,,,,,,,,,".",".",,,,,,,,,,,,,,"1400000US06075030700","Census Tract 307",,,,6600,6600,3477,75,18,2423,0,122,485,52.68,1.14,0.27,36.71,0,1.85,7.35,156827,419,79,51,18.85,12.17,1319,0,1319,0,100,2685,120,882,1338,251,94,0,4.47,32.85,49.83,9.35,3.5,0,419,0,98,262,59,0,0,0,23.39,62.53,14.08,0,0,3646,163,3483,4.47,95.53,224273
"06075030800","Census Tract 308, San Francisco County, California","ca","140","00",,,,"06","075",,,"030800",,,,,,,,,,,,,,".",".",,,,,,,,,,,,,,"1400000US06075030800","Census Tract 308",,,,5769,5769,3362,90,0,1519,0,11,787,58.28,1.56,0,26.33,0,0.19,13.64,190625,553,77,14,13.92,2.53,988,65,923,6.58,93.42,1998,270,518,766,336,46,62,13.51,25.93,38.34,16.82,2.3,3.1,553,143,170,215,25,0,0,25.86,30.74,38.88,4.52,0,0,3472,77,3395,2.22,97.78,227784
"06075030900","Census Tract 309, San Francisco County, California","ca","140","00",,,,"06","075",,,"030900",,,,,,,,,,,,,,".",".",,,,,,,,,,,,,,"1400000US06075030900","Census Tract 309",,,,6425,6425,2666,40,109,2439,4,39,1128,41.49,0.62,1.7,37.96,0.06,0.61,17.56,204375,90,0,50,0,55.56,1359,13,1346,0.96,99.04,2310,99,621,992,310,249,39,4.29,26.88,42.94,13.42,10.78,1.69,90,0,20,0,58,12,0,0,22.22,0,64.44,13.33,0,3348,191,3157,5.7,94.3,238479
"06075031000","Census Tract 310, San Francisco County, California","ca","140","00",,,,"06","075",,,"031000",,,,,,,,,,,,,,".",".",,,,,,,,,,,,,,"1400000US06075031000","Census Tract 310",,,,4336,4336,1859,209,0,1482,0,510,276,42.87,4.82,0,34.18,0,11.76,6.37,196389,372,17,143,4.57,38.44,760,47,713,6.18,93.82,1540,132,552,527,152,166,11,8.57,35.84,34.22,9.87,10.78,0.71,372,98,170,56,48,0,0,26.34,45.7,15.05,12.9,0,0,2652,324,2328,12.22,87.78,205521
"06075031100","Census Tract 311, San Francisco County, California","ca","140","00",,,,"06","075",,,"031100",,,,,,,,,,,,,,".",".",,,,,,,,,,,,,,"1400000US06075031100","Census Tract 311",,,,6276,6276,2655,255,0,2331,0,473,562,42.3,4.06,0,37.14,0,7.54,8.95,197432,859,91,196,10.59,22.82,845,0,845,0,100,2387,204,1003,768,275,137,0,8.55,42.02,32.17,11.52,5.74,0,859,74,452,168,109,56,0,8.61,52.62,19.56,12.69,6.52,0,4196,187,4009,4.46,95.54,196136
"06075031201","Census Tract 312.01, San Francisco County, California","ca","140","00",,,,"06","075",,,"031201",,,,,,,,,,,,,,".",".",,,,,,,,,,,,,,"1400000US06075031201","Census Tract 312.01",,,,5906,5906,1040,240,44,3876,0,351,355,17.61,4.06,0.75,65.63,0,5.94,6.01,107648,862,218,151,25.29,17.52,715,59,656,8.25,91.75,1789,503,534,471,142,86,53,28.12,29.85,26.33,7.94,4.81,2.96,862,310,292,203,38,14,5,35.96,33.87,23.55,4.41,1.62,0.58,4090,329,3761,8.04,91.96,122500
"06075031202","Census Tract 312.02, San Francisco County, California","ca","140","00",,,,"06","075",,,"031202",,,,,,,,,,,,,,".",".",,,,,,,,,,,,,,"1400000US06075031202","Census Tract 312.02",,,,2919,2919,261,86,0,2079,0,312,181,8.94,2.95,0,71.22,0,10.69,6.2,156250,256,15,91,5.86,35.55,593,38,555,6.41,93.59,818,107,235,303,95,72,6,13.08,28.73,37.04,11.61,8.8,0.73,256,45,90,90,5,20,6,17.58,35.16,35.16,1.95,7.81,2.34,1790,156,1634,8.72,91.28,123512
"06075031301","Census Tract 313.01, San Francisco County, California","ca","140","00",,,,"06","075",,,"031301",,,,,,,,,,,,,,".",".",,,,,,,,,,,,,,"1400000US06075031301","Census Tract 313.01",,,,3847,3847,696,365,0,2288,0,115,383,18.09,9.49,0,59.47,0,2.99,9.96,132222,411,83,47,20.19,11.44,549,56,493,10.2,89.8,1560,117,824,293,247,20,59,7.5,52.82,18.78,15.83,1.28,3.78,411,44,173,52,99,11,32,10.71,42.09,12.65,24.09,2.68,7.79,2431,143,2288,5.88,94.12,143464
"06075031302","Census Tract 313.02, San Francisco County, California","ca","140","00",,,,"06","075",,,"031302",,,,,,,,,,,,,,".",".",,,,,,,,,,,,,,"1400000US06075031302","Census Tract 313.02",,,,4727,4727,478,304,0,2723,31,817,374,10.11,6.43,0,57.61,0.66,17.28,7.91,127050,644,107,69,16.61,10.71,643,52,591,8.09,91.91,1733,118,856,614,145,0,0,6.81,49.39,35.43,8.37,0,0,644,51,361,232,0,0,0,7.92,56.06,36.02,0,0,0,3076,236,2840,7.67,92.33,125500
"06075031401","Census Tract 314.01, San Francisco County, California","ca","140","00",,,,"06","075",,,"031401",,,,,,,,,,,,,,".",".",,,,,,,,,,,,,,"1400000US06075031401","Census Tract 314.01",,,,2700,2700,261,111,10,1640,0,336,342,9.67,4.11,0.37,60.74,0,12.44,12.67,102644,267,78,89,29.21,33.33,488,90,398,18.44,81.56,658,91,242,180,78,12,55,13.83,36.78,27.36,11.85,1.82,8.36,267,4,140,77,1,0,45,1.5,52.43,28.84,0.37,0,16.85,1747,155,1592,8.87,91.13,93125
"06075031402","Census Tract 314.02, San Francisco County, California","ca","140","00",,,,"06","075",,,"031402",,,,,,,,,,,,,,".",".",,,,,,,,,,,,,,"1400000US06075031402","Census Tract 314.02",,,,4671,4671,580,589,0,2008,25,949,520,12.42,12.61,0,42.99,0.54,20.32,11.13,165130,151,60,9,39.74,5.96,901,7,894,0.78,99.22,1204,180,301,411,277,21,14,14.95,25,34.14,23.01,1.74,1.16,151,53,40,45,0,13,0,35.1,26.49,29.8,0,8.61,0,2902,322,2580,11.1,88.9,166525
"06075032601","Census Tract 326.01, San Francisco County, California","ca","140","00",,,,"06","075",,,"032601",,,,,,,,,,,,,,".",".",,,,,,,,,,,,,,"1400000US06075032601","Census Tract 326.01",,,,4511,4511,1664,45,17,2009,1,65,710,36.89,1,0.38,44.54,0.02,1.44,15.74,151500,1015,231,152,22.76,14.98,617,0,617,0,100,1782,336,797,473,101,35,40,18.86,44.73,26.54,5.67,1.96,2.24,1015,284,549,131,51,0,0,27.98,54.09,12.91,5.02,0,0,3219,457,2762,14.2,85.8,180065
"06075032602","Census Tract 326.02, San Francisco County, California","ca","140","00",,,,"06","075",,,"032602",,,,,,,,,,,,,,".",".",,,,,,,,,,,,,,"1400000US06075032602","Census Tract 326.02",,,,4105,4105,1292,168,0,2097,7,69,472,31.47,4.09,0,51.08,0.17,1.68,11.5,157550,747,55,184,7.36,24.63,550,8,542,1.45,98.55,1435,187,540,487,85,91,45,13.03,37.63,33.94,5.92,6.34,3.14,747,177,279,236,26,29,0,23.69,37.35,31.59,3.48,3.88,0,2695,157,2538,5.83,94.17,184167
"06075032700","Census Tract 327, San Francisco County, California","ca","140","00",,,,"06","075",,,"032700",,,,,,,,,,,,,,".",".",,,,,,,,,,,,,,"1400000US06075032700","Census Tract 327",,,,6729,6729,2388,16,32,3334,0,337,622,35.49,0.24,0.48,49.55,0,5.01,9.24,158889,842,112,150,13.3,17.81,890,0,890,0,100,2414,176,649,1266,265,58,0,7.29,26.88,52.44,10.98,2.4,0,842,124,348,329,41,0,0,14.73,41.33,39.07,4.87,0,0,4101,291,3810,7.1,92.9,185290
"06075032801","Census Tract 328.01, San Francisco County, California","ca","140","00",,,,"06","075",,,"032801",,,,,,,,,,,,,,".",".",,,,,,,,,,,,,,"1400000US06075032801","Census Tract 328.01",,,,3946,3946,828,5,0,2764,0,53,296,20.98,0.13,0,70.05,0,1.34,7.5,148231,464,88,123,18.97,26.51,568,21,547,3.7,96.3,1313,70,609,476,115,43,0,5.33,46.38,36.25,8.76,3.27,0,464,21,323,120,0,0,0,4.53,69.61,25.86,0,0,0,2318,172,2146,7.42,92.58,157589
"06075032802","Census Tract 328.02, San Francisco County, California","ca","140","00",,,,"06","075",,,"032802",,,,,,,,,,,,,,".",".",,,,,,,,,,,,,,"1400000US06075032802","Census Tract 328.02",,,,4185,4185,1194,16,0,2436,162,235,142,28.53,0.38,0,58.21,3.87,5.62,3.39,113092,497,114,97,22.94,19.52,425,16,409,3.76,96.24,1528,187,758,361,61,149,12,12.24,49.61,23.63,3.99,9.75,0.79,497,151,287,46,0,13,0,30.38,57.75,9.26,0,2.62,0,2640,178,2462,6.74,93.26,152097
"06075032901","Census Tract 329.01, San Francisco County, California","ca","140","00",,,,"06","075",,,"032901",,,,,,,,,,,,,,".",".",,,,,,,,,,,,,,"1400000US06075032901","Census Tract 329.01",,,,5071,5071,1130,200,0,3103,74,24,540,22.28,3.94,0,61.19,1.46,0.47,10.65,167723,430,83,49,19.3,11.4,999,0,999,0,100,1642,208,598,482,264,84,6,12.67,36.42,29.35,16.08,5.12,0.37,430,81,197,95,39,18,0,18.84,45.81,22.09,9.07,4.19,0,3046,206,2840,6.76,93.24,170568
"06075032902","Census Tract 329.02, San Francisco County, California","ca","140","00",,,,"06","075",,,"032902",,,,,,,,,,,,,,".",".",,,,,,,,,,,,,,"1400000US06075032902","Census Tract 329.02",,,,3797,3797,827,25,0,2573,0,93,279,21.78,0.66,0,67.76,0,2.45,7.35,113265,260,65,76,25,29.23,525,0,525,0,100,1330,82,481,568,131,68,0,6.17,36.17,42.71,9.85,5.11,0,260,29,57,143,19,12,0,11.15,21.92,55,7.31,4.62,0,2227,95,2132,4.27,95.73,124830
"06075033001","Census Tract 330.01, San Francisco County, California","ca","140","00",,,,"06","075",,,"033001",,,,,,,,,,,,,,".",".",,,,,,,,,,,,,,"1400000US06075033001","Census Tract 330.01",,,,3858,3858,1007,74,0,2581,0,37,159,26.1,1.92,0,66.9,0,0.96,4.12,162379,197,12,0,6.09,0,620,0,620,0,100,1373,101,319,682,220,25,26,7.36,23.23,49.67,16.02,1.82,1.89,197,9,51,102,35,0,0,4.57,25.89,51.78,17.77,0,0,2375,287,2088,12.08,87.92,193917
"06075033002","Census Tract 330.02, San Francisco County, California","ca","140","00",,,,"06","075",,,"033002",,,,,,,,,,,,,,".",".",,,,,,,,,,,,,,"1400000US06075033002","Census Tract 330.02",,,,3940,3940,1642,3,0,1876,0,67,352,41.68,0.08,0,47.61,0,1.7,8.93,173615,681,127,161,18.65,23.64,564,76,488,13.48,86.52,1533,166,683,405,251,16,12,10.83,44.55,26.42,16.37,1.04,0.78,681,136,294,161,90,0,0,19.97,43.17,23.64,13.22,0,0,2564,257,2307,10.02,89.98,206719
"06075033100","Census Tract 331, San Francisco County, California","ca","140","00",,,,"06","075",,,"033100",,,,,,,,,,,,,,".",".",,,,,,,,,,,,,,"1400000US06075033100","Census Tract 331",,,,3866,3866,1237,56,0,2224,33,24,292,32,1.45,0,57.53,0.85,0.62,7.55,161193,157,28,33,17.83,21.02,870,17,853,1.95,98.05,1413,114,485,623,124,38,29,8.07,34.32,44.09,8.78,2.69,2.05,157,0,58,88,0,11,0,0,36.94,56.05,0,7.01,0,2050,58,1992,2.83,97.17,181375
"06075033201","Census Tract 332.01, San Francisco County, California","ca","140","00",,,,"06","075",,,"033201",,,,,,,,,,,,,,".",".",,,,,,,,,,,,,,"1400000US06075033201","Census Tract 332.01",,,,3535,3535,1108,332,41,1035,13,551,455,31.34,9.39,1.16,29.28,0.37,15.59,12.87,68250,589,57,253,9.68,42.95,56,12,44,21.43,78.57,595,201,232,144,8,10,0,33.78,38.99,24.2,1.34,1.68,0,589,201,232,138,8,10,0,34.13,39.39,23.43,1.36,1.7,0,1453,671,782,46.18,53.82,181851
"06075033203","Census Tract 332.03, San Francisco County, California","ca","140","00",,,,"06","075",,,"033203",,,,,,,,,,,,,,".",".",,,,,,,,,,,,,,"1400000US06075033203","Census Tract 332.03",,,,3339,3339,1018,271,38,1421,0,223,368,30.49,8.12,1.14,42.56,0,6.68,11.02,74671,1453,198,585,13.63,40.26,510,58,452,11.37,88.63,1589,237,727,527,98,0,0,14.92,45.75,33.17,6.17,0,0,1453,223,690,458,82,0,0,15.35,47.49,31.52,5.64,0,0,2368,464,1904,19.59,80.41,159107
"06075033204","Census Tract 332.04, San Francisco County, California","ca","140","00",,,,"06","075",,,"033204",,,,,,,,,,,,,,".",".",,,,,,,,,,,,,,"1400000US06075033204","Census Tract 332.04",,,,3327,3327,904,322,41,1353,0,294,413,27.17,9.68,1.23,40.67,0,8.84,12.41,71750,1634,202,650,12.36,39.78,167,126,41,75.45,24.55,1634,495,744,317,73,0,5,30.29,45.53,19.4,4.47,0,0.31,1634,495,744,317,73,0,5,30.29,45.53,19.4,4.47,0,0.31,2152,545,1607,25.33,74.67,91719
"06075035101","Census Tract 351.01, San Francisco County, California","ca","140","00",,,,"06","075",,,"035101",,,,,,,,,,,,,,".",".",,,,,,,,,,,,,,"1400000US06075035101","Census Tract 351.01",,,,3848,3848,1757,138,0,1472,0,191,290,45.66,3.59,0,38.25,0,4.96,7.54,104648,803,189,67,23.54,8.34,417,13,404,3.12,96.88,1460,228,587,518,111,16,0,15.62,40.21,35.48,7.6,1.1,0,803,181,316,251,55,0,0,22.54,39.35,31.26,6.85,0,0,2529,439,2090,17.36,82.64,128523
"06075035102","Census Tract 351.02, San Francisco County, California","ca","140","00",,,,"06","075",,,"035102",,,,,,,,,,,,,,".",".",,,,,,,,,,,,,,"1400000US06075035102","Census Tract 351.02",,,,3828,3828,1063,0,1,2366,99,75,224,27.77,0,0.03,61.81,2.59,1.96,5.85,166741,288,74,44,25.69,15.28,760,0,760,0,100,1271,120,377,486,189,83,16,9.44,29.66,38.24,14.87,6.53,1.26,288,31,83,120,44,10,0,10.76,28.82,41.67,15.28,3.47,0,2181,77,2104,3.53,96.47,203200
"06075035201","Census Tract 352.01, San Francisco County, California","ca","140","00",,,,"06","075",,,"035201",,,,,,,,,,,,,,".",".",,,,,,,,,,,,,,"1400000US06075035201","Census Tract 352.01",,,,5136,5136,1494,42,0,2859,0,277,464,29.09,0.82,0,55.67,0,5.39,9.03,112413,490,116,89,23.67,18.16,778,88,690,11.31,88.69,1867,221,713,619,185,108,21,11.84,38.19,33.15,9.91,5.78,1.12,490,110,149,170,33,28,0,22.45,30.41,34.69,6.73,5.71,0,3110,220,2890,7.07,92.93,136019
"06075035202","Census Tract 352.02, San Francisco County, California","ca","140","00",,,,"06","075",,,"035202",,,,,,,,,,,,,,".",".",,,,,,,,,,,,,,"1400000US06075035202","Census Tract 352.02",,,,4559,4559,1764,136,0,1789,66,89,715,38.69,2.98,0,39.24,1.45,1.95,15.68,118590,1099,247,164,22.47,14.92,848,19,829,2.24,97.76,1709,121,950,473,66,99,0,7.08,55.59,27.68,3.86,5.79,0,1099,93,649,300,35,22,0,8.46,59.05,27.3,3.18,2,0,2989,152,2837,5.09,94.91,123846
"06075035300","Census Tract 353, San Francisco County, California","ca","140","00",,,,"06","075",,,"035300",,,,,,,,,,,,,,".",".",,,,,,,,,,,,,,"1400000US06075035300","Census Tract 353",,,,6922,6922,2150,8,0,4110,52,469,133,31.06,0.12,0,59.38,0.75,6.78,1.92,163657,653,61,96,9.34,14.7,1281,25,1256,1.95,98.05,2551,238,859,1132,194,107,21,9.33,33.67,44.37,7.6,4.19,0.82,653,82,213,303,55,0,0,12.56,32.62,46.4,8.42,0,0,4160,240,3920,5.77,94.23,200714
"06075035400","Census Tract 354, San Francisco County, California","ca","140","00",,,,"06","075",,,"035400",,,,,,,,,,,,,,".",".",,,,,,,,,,,,,,"1400000US06075035400","Census Tract 354",,,,7154,7154,2382,75,27,2918,0,71,1681,33.3,1.05,0.38,40.79,0,0.99,23.5,142540,499,86,87,17.23,17.43,1417,0,1417,0,100,2444,466,936,687,284,28,43,19.07,38.3,28.11,11.62,1.15,1.76,499,135,173,84,64,0,43,27.05,34.67,16.83,12.83,0,8.62,4035,306,3729,7.58,92.42,143844
"06075040100","Census Tract 401, San Francisco County, California","ca","140","00",,,,"06","075",,,"040100",,,,,,,,,,,,,,".",".",,,,,,,,,,,,,,"1400000US06075040100","Census Tract 401",,,,4277,4277,1791,0,0,1635,0,59,792,41.88,0,0,38.23,0,1.38,18.52,143674,955,177,170,18.53,17.8,664,28,636,4.22,95.78,1677,265,966,337,100,0,9,15.8,57.6,20.1,5.96,0,0.54,955,223,598,125,0,0,9,23.35,62.62,13.09,0,0,0.94,2993,189,2804,6.31,93.69,153021
"06075040200","Census Tract 402, San Francisco County, California","ca","140","00",,,,"06","075",,,"040200",,,,,,,,,,,,,,".",".",,,,,,,,,,,,,,"1400000US06075040200","Census Tract 402",,,,4903,4903,2423,112,0,1816,0,98,454,49.42,2.28,0,37.04,0,2,9.26,175978,1497,231,336,15.43,22.44,504,12,492,2.38,97.62,2326,806,1059,415,46,0,0,34.65,45.53,17.84,1.98,0,0,1497,672,558,221,46,0,0,44.89,37.27,14.76,3.07,0,0,3241,151,3090,4.66,95.34,250001
"06075042601","Census Tract 426.01, San Francisco County, California","ca","140","00",,,,"06","075",,,"042601",,,,,,,,,,,,,,".",".",,,,,,,,,,,,,,"1400000US06075042601","Census Tract 426.01",,,,3999,3999,1783,13,10,1441,0,141,611,44.59,0.33,0.25,36.03,0,3.53,15.28,136458,1268,252,131,19.87,10.33,491,10,481,2.04,97.96,1706,409,851,392,47,7,0,23.97,49.88,22.98,2.75,0.41,0,1268,361,629,265,13,0,0,28.47,49.61,20.9,1.03,0,0,2875,209,2666,7.27,92.73,156932
"06075042602","Census Tract 426.02, San Francisco County, California","ca","140","00",,,,"06","075",,,"042602",,,,,,,,,,,,,,".",".",,,,,,,,,,,,,,"1400000US06075042602","Census Tract 426.02",,,,3060,3060,1396,22,30,1083,0,55,474,45.62,0.72,0.98,35.39,0,1.8,15.49,168667,745,193,34,25.91,4.56,621,16,605,2.58,97.42,1346,263,730,254,44,55,0,19.54,54.23,18.87,3.27,4.09,0,745,183,409,132,12,9,0,24.56,54.9,17.72,1.61,1.21,0,1917,32,1885,1.67,98.33,190896
"06075042700","Census Tract 427, San Francisco County, California","ca","140","00",,,,"06","075",,,"042700",,,,,,,,,,,,,,".",".",,,,,,,,,,,,,,"1400000US06075042700","Census Tract 427",,,,5365,5365,2004,545,54,2392,7,16,347,37.35,10.16,1.01,44.59,0.13,0.3,6.47,119276,1909,451,328,23.62,17.18,790,68,722,8.61,91.39,2594,560,1370,649,15,0,0,21.59,52.81,25.02,0.58,0,0,1909,384,1166,344,15,0,0,20.12,61.08,18.02,0.79,0,0,3267,97,3170,2.97,97.03,139868
"06075042800","Census Tract 428, San Francisco County, California","ca","140","00",,,,"06","075",,,"042800",,,,,,,,,,,,,,".",".",,,,,,,,,,,,,,"1400000US06075042800","Census Tract 428",,,,2419,2419,1443,29,0,621,0,34,292,59.65,1.2,0,25.67,0,1.41,12.07,246635,229,64,61,27.95,26.64,534,0,534,0,100,922,50,362,300,163,20,27,5.42,39.26,32.54,17.68,2.17,2.93,229,31,146,41,5,6,0,13.54,63.76,17.9,2.18,2.62,0,1279,45,1234,3.52,96.48,250001
"06075045100","Census Tract 451, San Francisco County, California","ca","140","00",,,,"06","075",,,"045100",,,,,,,,,,,,,,".",".",,,,,,,,,,,,,,"1400000US06075045100","Census Tract 451",,,,4664,4664,2652,35,53,1344,0,205,375,56.86,0.75,1.14,28.82,0,4.4,8.04,195893,1405,187,145,13.31,10.32,765,11,754,1.44,98.56,1919,309,1090,477,21,0,22,16.1,56.8,24.86,1.09,0,1.15,1405,257,793,333,0,0,22,18.29,56.44,23.7,0,0,1.57,3215,176,3039,5.47,94.53,223007
"06075045201","Census Tract 452.01, San Francisco County, California","ca","140","00",,,,"06","075",,,"045201",,,,,,,,,,,,,,".",".",,,,,,,,,,,,,,"1400000US06075045201","Census Tract 452.01",,,,3113,3113,1303,123,0,1334,0,108,245,41.86,3.95,0,42.85,0,3.47,7.87,178750,646,24,55,3.72,8.51,504,0,504,0,100,1324,299,572,355,98,0,0,22.58,43.2,26.81,7.4,0,0,646,133,253,176,84,0,0,20.59,39.16,27.24,13,0,0,1930,85,1845,4.4,95.6,206731
"06075045202","Census Tract 452.02, San Francisco County, California","ca","140","00",,,,"06","075",,,"045202",,,,,,,,,,,,,,".",".",,,,,,,,,,,,,,"1400000US06075045202","Census Tract 452.02",,,,3304,3304,1557,21,0,1142,72,147,365,47.12,0.64,0,34.56,2.18,4.45,11.05,151480,1071,127,153,11.86,14.29,718,0,718,0,100,1465,351,754,329,31,0,0,23.96,51.47,22.46,2.12,0,0,1071,275,559,206,31,0,0,25.68,52.19,19.23,2.89,0,0,2060,168,1892,8.16,91.84,184375
"06075047600","Census Tract 476, San Francisco County, California","ca","140","00",,,,"06","075",,,"047600",,,,,,,,,,,,,,".",".",,,,,,,,,,,,,,"1400000US06075047600","Census Tract 476",,,,5208,5208,1921,116,21,2581,0,80,489,36.89,2.23,0.4,49.56,0,1.54,9.39,162289,1218,195,108,16.01,8.87,981,29,952,2.96,97.04,2220,389,1227,480,60,64,0,17.52,55.27,21.62,2.7,2.88,0,1218,353,658,173,0,34,0,28.98,54.02,14.2,0,2.79,0,3193,58,3135,1.82,98.18,200264
"06075047701","Census Tract 477.01, San Francisco County, California","ca","140","00",,,,"06","075",,,"047701",,,,,,,,,,,,,,".",".",,,,,,,,,,,,,,"1400000US06075047701","Census Tract 477.01",,,,4742,4742,1751,0,0,2316,0,307,368,36.93,0,0,48.84,0,6.47,7.76,116750,1168,150,328,12.84,28.08,760,27,733,3.55,96.45,2008,595,837,459,66,33,18,29.63,41.68,22.86,3.29,1.64,0.9,1168,453,578,114,11,12,0,38.78,49.49,9.76,0.94,1.03,0,3170,271,2899,8.55,91.45,141995
"06075047702","Census Tract 477.02, San Francisco County, California","ca","140","00",,,,"06","075",,,"047702",,,,,,,,,,,,,,".",".",,,,,,,,,,,,,,"1400000US06075047702","Census Tract 477.02",,,,3441,3441,1413,33,0,1721,0,37,237,41.06,0.96,0,50.01,0,1.08,6.89,119957,975,67,263,6.87,26.97,442,72,370,16.29,83.71,1592,375,682,452,51,15,17,23.56,42.84,28.39,3.2,0.94,1.07,975,291,485,191,8,0,0,29.85,49.74,19.59,0.82,0,0,2160,237,1923,10.97,89.03,158698
"06075047801","Census Tract 478.01, San Francisco County, California","ca","140","00",,,,"06","075",,,"047801",,,,,,,,,,,,,,".",".",,,,,,,,,,,,,,"1400000US06075047801","Census Tract 478.01",,,,4227,4227,1855,35,12,1966,0,76,283,43.88,0.83,0.28,46.51,0,1.8,6.7,171120,783,198,86,25.29,10.98,646,0,646,0,100,1703,232,817,476,99,50,29,13.62,47.97,27.95,5.81,2.94,1.7,783,120,400,240,23,0,0,15.33,51.09,30.65,2.94,0,0,2818,125,2693,4.44,95.56,217083
"06075047802","Census Tract 478.02, San Francisco County, California","ca","140","00",,,,"06","075",,,"047802",,,,,,,,,,,,,,".",".",,,,,,,,,,,,,,"1400000US06075047802","Census Tract 478.02",,,,3897,3897,1885,12,0,1618,0,239,143,48.37,0.31,0,41.52,0,6.13,3.67,133625,832,97,174,11.66,20.91,703,9,694,1.28,98.72,1465,174,742,351,187,11,0,11.88,50.65,23.96,12.76,0.75,0,832,129,446,136,121,0,0,15.5,53.61,16.35,14.54,0,0,2362,106,2256,4.49,95.51,217651
"06075047902","Census Tract 479.02, San Francisco County, California","ca","140","00",,,,"06","075",,,"047902",,,,,,,,,,,,,,".",".",,,,,,,,,,,,,,"1400000US06075047902","Census Tract 479.02",,,,3327,3327,1463,0,53,1132,0,26,653,43.97,0,1.59,34.02,0,0.78,19.63,126058,727,117,134,16.09,18.43,317,16,301,5.05,94.95,1517,243,700,497,53,24,0,16.02,46.14,32.76,3.49,1.58,0,727,207,330,139,37,14,0,28.47,45.39,19.12,5.09,1.93,0,2296,159,2137,6.93,93.07,161583
"06075047903","Census Tract 479.03, San Francisco County, California","ca","140","00",,,,"06","075",,,"047903",,,,,,,,,,,,,,".",".",,,,,,,,,,,,,,"1400000US06075047903","Census Tract 479.03",,,,3608,3608,1618,42,0,1593,0,20,335,44.84,1.16,0,44.15,0,0.55,9.28,148800,593,162,110,27.32,18.55,528,61,467,11.55,88.45,1378,150,823,255,38,112,0,10.89,59.72,18.51,2.76,8.13,0,593,73,467,53,0,0,0,12.31,78.75,8.94,0,0,0,2160,229,1931,10.6,89.4,178604
"06075047904","Census Tract 479.04, San Francisco County, California","ca","140","00",,,,"06","075",,,"047904",,,,,,,,,,,,,,".",".",,,,,,,,,,,,,,"1400000US06075047904","Census Tract 479.04",,,,3175,3175,1796,94,0,650,0,276,359,56.57,2.96,0,20.47,0,8.69,11.31,87494,838,169,233,20.17,27.8,508,82,426,16.14,83.86,1469,463,524,396,51,8,27,31.52,35.67,26.96,3.47,0.54,1.84,838,230,321,236,24,0,27,27.45,38.31,28.16,2.86,0,3.22,1943,400,1543,20.59,79.41,103370
"06075060100","Census Tract 601, San Francisco County, California","ca","140","00",,,,"06","075",,,"060100",,,,,,,,,,,,,,".",".",,,,,,,,,,,,,,"1400000US06075060100","Census Tract 601",,,,3808,3808,2208,35,9,206,0,194,1156,57.98,0.92,0.24,5.41,0,5.09,30.36,236190,1338,243,252,18.16,18.83,1064,0,1064,0,100,1338,70,632,444,158,34,0,5.23,47.23,33.18,11.81,2.54,0,1338,70,632,444,158,34,0,5.23,47.23,33.18,11.81,2.54,0,2554,17,2537,0.67,99.33,250001
"06075060400","Census Tract 604, San Francisco County, California","ca","140","00",,,,"06","075",,,"060400",,,,,,,,,,,,,,".",".",,,,,,,,,,,,,,"1400000US06075060400","Census Tract 604",,,,1818,1818,776,50,0,565,0,174,253,42.68,2.75,0,31.08,0,9.57,13.92,100583,742,142,249,19.14,33.56,321,25,296,7.79,92.21,1026,117,646,254,9,0,0,11.4,62.96,24.76,0.88,0,0,742,97,464,172,9,0,0,13.07,62.53,23.18,1.21,0,0,1242,101,1141,8.13,91.87,91304
"06075060502","Census Tract 605.02, San Francisco County, California","ca","140","00",,,,"06","075",,,"060502",,,,,,,,,,,,,,".",".",,,,,,,,,,,,,,"1400000US06075060502","Census Tract 605.02",,,,3087,3087,200,406,19,1145,185,706,426,6.48,13.15,0.62,37.09,5.99,22.87,13.8,42548,666,84,215,12.61,32.28,846,244,602,28.84,71.16,925,215,365,200,45,50,50,23.24,39.46,21.62,4.86,5.41,5.41,666,208,259,134,10,45,10,31.23,38.89,20.12,1.5,6.76,1.5,1944,443,1501,22.79,77.21,53487
"06075060701","Census Tract 607.01, San Francisco County, California","ca","140","00",,,,"06","075",,,"060701",,,,,,,,,,,,,,".",".",,,,,,,,,,,,,,"1400000US06075060701","Census Tract 607.01",,,,8415,8415,1628,1399,0,4174,0,318,896,19.35,16.63,0,49.6,0,3.78,10.65,248177,2200,539,337,24.5,15.32,1241,25,1216,2.01,97.99,3343,829,2283,124,107,0,0,24.8,68.29,3.71,3.2,0,0,2200,692,1350,51,107,0,0,31.45,61.36,2.32,4.86,0,0,6014,254,5760,4.22,95.78,250001
"06075060702","Census Tract 607.02, San Francisco County, California","ca","140","00",,,,"06","075",,,"060702",,,,,,,,,,,,,,".",".",,,,,,,,,,,,,,"1400000US06075060702","Census Tract 607.02",,,,2359,2359,668,174,4,1193,0,113,207,28.32,7.38,0.17,50.57,0,4.79,8.77,107989,1036,266,178,25.68,17.18,357,10,347,2.8,97.2,1349,469,694,186,0,0,0,34.77,51.45,13.79,0,0,0,1036,380,513,143,0,0,0,36.68,49.52,13.8,0,0,0,1656,119,1537,7.19,92.81,169741
"06075060703","Census Tract 607.03, San Francisco County, California","ca","140","00",,,,"06","075",,,"060703",,,,,,,,,,,,,,".",".",,,,,,,,,,,,,,"1400000US06075060703","Census Tract 607.03",,,,5936,5936,2770,133,0,2146,132,371,384,46.66,2.24,0,36.15,2.22,6.25,6.47,191910,1567,332,244,21.19,15.57,863,0,863,0,100,2784,923,1800,61,0,0,0,33.15,64.66,2.19,0,0,0,1567,736,831,0,0,0,0,46.97,53.03,0,0,0,0,4446,69,4377,1.55,98.45,173049
"06075061000","Census Tract 610, San Francisco County, California","ca","140","00",,,,"06","075",,,"061000",,,,,,,,,,,,,,".",".",,,,,,,,,,,,,,"1400000US06075061000","Census Tract 610",,,,4558,4558,827,442,0,2759,21,245,264,18.14,9.7,0,60.53,0.46,5.38,5.79,125327,454,54,104,11.89,22.91,757,38,719,5.02,94.98,1625,100,701,649,90,63,22,6.15,43.14,39.94,5.54,3.88,1.35,454,61,260,116,10,0,7,13.44,57.27,25.55,2.2,0,1.54,3167,155,3012,4.89,95.11,123977
"06075061101","Census Tract 611.01, San Francisco County, California","ca","140","00",,,,"06","075",,,"061101",,,,,,,,,,,,,,".",".",,,,,,,,,,,,,,"1400000US06075061101","Census Tract 611.01",,,,1814,1814,55,31,6,1641,0,0,81,3.03,1.71,0.33,90.46,0,0,4.47,17569,865,192,325,22.2,37.57,277,90,187,32.49,67.51,935,685,236,14,0,0,0,73.26,25.24,1.5,0,0,0,865,678,173,14,0,0,0,78.38,20,1.62,0,0,0,966,284,682,29.4,70.6,43376
"06075061102","Census Tract 611.02, San Francisco County, California","ca","140","00",,,,"06","075",,,"061102",,,,,,,,,,,,,,".",".",,,,,,,,,,,,,,"1400000US06075061102","Census Tract 611.02",,,,2017,2017,82,69,0,1742,0,80,44,4.07,3.42,0,86.37,0,3.97,2.18,42558,801,254,127,31.71,15.86,245,22,223,8.98,91.02,917,692,159,54,12,0,0,75.46,17.34,5.89,1.31,0,0,801,646,130,13,12,0,0,80.65,16.23,1.62,1.5,0,0,990,100,890,10.1,89.9,45809
"06075061200","Census Tract 612, San Francisco County, California","ca","140","00",,,,"06","075",,,"061200",,,,,,,,,,,,,,".",".",,,,,,,,,,,,,,"1400000US06075061200","Census Tract 612",,,,4163,4163,396,766,0,1169,0,1592,240,9.51,18.4,0,28.08,0,38.24,5.77,117132,627,139,62,22.17,9.89,626,0,626,0,100,1153,175,484,210,232,52,0,15.18,41.98,18.21,20.12,4.51,0,627,175,279,65,108,0,0,27.91,44.5,10.37,17.22,0,0,2759,202,2557,7.32,92.68,82292
"06075061401","Census Tract 614.01, San Francisco County, California","ca","140","00",,,,"06","075",,,"061401",,,,,,,,,,,,,,".",".",,,,,,,,,,,,,,"1400000US06075061401","Census Tract 614.01",,,,2900,2900,1489,54,7,451,0,310,589,51.34,1.86,0.24,15.55,0,10.69,20.31,143665,601,230,106,38.27,17.64,473,56,417,11.84,88.16,1459,340,696,342,49,32,0,23.3,47.7,23.44,3.36,2.19,0,601,203,257,114,8,19,0,33.78,42.76,18.97,1.33,3.16,0,1817,181,1636,9.96,90.04,233309
"06075061402","Census Tract 614.02, San Francisco County, California","ca","140","00",,,,"06","075",,,"061402",,,,,,,,,,,,,,".",".",,,,,,,,,,,,,,"1400000US06075061402","Census Tract 614.02",,,,2354,2354,1442,93,0,585,0,60,174,61.26,3.95,0,24.85,0,2.55,7.39,218125,689,99,153,14.37,22.21,360,0,360,0,100,1189,89,822,164,114,0,0,7.49,69.13,13.79,9.59,0,0,689,60,485,59,85,0,0,8.71,70.39,8.56,12.34,0,0,1736,45,1691,2.59,97.41,227361
"06075061501","Census Tract 615.01, San Francisco County, California","ca","140","00",,,,"06","075",,,"061501",,,,,,,,,,,,,,".",".",,,,,,,,,,,,,,"1400000US06075061501","Census Tract 615.01",,,,1807,1807,787,9,0,690,28,89,204,43.55,0.5,0,38.18,1.55,4.93,11.29,230332,387,66,69,17.05,17.83,150,0,150,0,100,1195,271,776,59,89,0,0,22.68,64.94,4.94,7.45,0,0,387,159,203,0,25,0,0,41.09,52.45,0,6.46,0,0,1448,247,1201,17.06,82.94,250001
"06075061502","Census Tract 615.02, San Francisco County, California","ca","140","00",,,,"06","075",,,"061502",,,,,,,,,,,,,,".",".",,,,,,,,,,,,,,"1400000US06075061502","Census Tract 615.02",,,,2195,2195,1688,58,0,195,0,57,197,76.9,2.64,0,8.88,0,2.6,8.97,119524,1150,251,277,21.83,24.09,182,0,182,0,100,1409,609,687,92,21,0,0,43.22,48.76,6.53,1.49,0,0,1150,590,545,15,0,0,0,51.3,47.39,1.3,0,0,0,1656,184,1472,11.11,88.89,
"06075061503","Census Tract 615.03, San Francisco County, California","ca","140","00",,,,"06","075",,,"061503",,,,,,,,,,,,,,".",".",,,,,,,,,,,,,,"1400000US06075061503","Census Tract 615.03",,,,3612,3612,1322,9,30,1813,0,267,171,36.6,0.25,0.83,50.19,0,7.39,4.73,187067,1556,376,159,24.16,10.22,56,0,56,0,100,1998,1012,785,0,105,55,41,50.65,39.29,0,5.26,2.75,2.05,1556,763,592,0,105,55,41,49.04,38.05,0,6.75,3.53,2.63,3304,353,2951,10.68,89.32,231310
"06075061504","Census Tract 615.04, San Francisco County, California","ca","140","00",,,,"06","075",,,"061504",,,,,,,,,,,,,,".",".",,,,,,,,,,,,,,"1400000US06075061504","Census Tract 615.04",,,,2133,2133,477,15,0,1501,75,31,34,22.36,0.7,0,70.37,3.52,1.45,1.59,249539,807,229,23,28.38,2.85,163,0,163,0,100,1179,387,698,94,0,0,0,32.82,59.2,7.97,0,0,0,807,361,419,27,0,0,0,44.73,51.92,3.35,0,0,0,1678,21,1657,1.25,98.75,250001
"06075061505","Census Tract 615.05, San Francisco County, California","ca","140","00",,,,"06","075",,,"061505",,,,,,,,,,,,,,".",".",,,,,,,,,,,,,,"1400000US06075061505","Census Tract 615.05",,,,1162,1162,357,63,0,698,0,14,30,30.72,5.42,0,60.07,0,1.2,2.58,250001,171,24,0,14.04,0,101,0,101,0,100,529,45,365,77,15,27,0,8.51,69,14.56,2.84,5.1,0,171,26,111,19,15,0,0,15.2,64.91,11.11,8.77,0,0,926,8,918,0.86,99.14,250001
"06075061506","Census Tract 615.06, San Francisco County, California","ca","140","00",,,,"06","075",,,"061506",,,,,,,,,,,,,,".",".",,,,,,,,,,,,,,"1400000US06075061506","Census Tract 615.06",,,,4918,4918,2035,177,0,2444,0,0,262,41.38,3.6,0,49.69,0,0,5.33,250001,1708,196,205,11.48,12,240,0,240,0,100,2762,552,1894,300,0,0,16,19.99,68.57,10.86,0,0,0.58,1708,471,988,233,0,0,16,27.58,57.85,13.64,0,0,0.94,4353,154,4199,3.54,96.46,250001
"06075061507","Census Tract 615.07, San Francisco County, California","ca","140","00",,,,"06","075",,,"061507",,,,,,,,,,,,,,".",".",,,,,,,,,,,,,,"1400000US06075061507","Census Tract 615.07",,,,1550,1550,538,11,0,821,0,33,147,34.71,0.71,0,52.97,0,2.13,9.48,167785,564,162,111,28.72,19.68,219,11,208,5.02,94.98,771,438,313,10,10,0,0,56.81,40.6,1.3,1.3,0,0,564,370,184,10,0,0,0,65.6,32.62,1.77,0,0,0,1206,49,1157,4.06,95.94,190909
"06075061508","Census Tract 615.08, San Francisco County, California","ca","140","00",,,,"06","075",,,"061508",,,,,,,,,,,,,,".",".",,,,,,,,,,,,,,"1400000US06075061508","Census Tract 615.08",,,,2018,2018,861,62,10,787,17,74,207,42.67,3.07,0.5,39,0.84,3.67,10.26,177806,699,119,136,17.02,19.46,28,0,28,0,100,1117,532,486,96,3,0,0,47.63,43.51,8.59,0.27,0,0,699,471,187,41,0,0,0,67.38,26.75,5.87,0,0,0,1768,294,1474,16.63,83.37,212656
"06075980200","Census Tract 9802, San Francisco County, California","ca","140","00",,,,"06","075",,,"980200",,,,,,,,,,,,,,".",".",,,,,,,,,,,,,,"1400000US06075980200","Census Tract 9802",,,,179,179,32,45,0,58,0,40,4,17.88,25.14,0,32.4,0,22.35,2.23,,0,0,0,,,0,0,0,,,0,0,0,0,0,0,0,,,,,,,0,0,0,0,0,0,0,,,,,,,0,0,0,,,
"06075980300","Census Tract 9803, San Francisco County, California","ca","140","00",,,,"06","075",,,"980300",,,,,,,,,,,,,,".",".",,,,,,,,,,,,,,"1400000US06075980300","Census Tract 9803",,,,49,49,37,0,0,0,0,0,12,75.51,0,0,0,0,0,24.49,104333,40,3,0,7.5,0,0,0,0,,,40,24,12,4,0,0,0,60,30,10,0,0,0,40,24,12,4,0,0,0,60,30,10,0,0,0,49,0,49,0,100,
"06075980401","Census Tract 9804.01, San Francisco County, California","ca","140","00",,,,"06","075",,,"980401",,,,,,,,,,,,,,".",".",,,,,,,,,,,,,,"1400000US06075980401","Census Tract 9804.01",,,,0,0,0,0,0,0,0,0,0,,,,,,,,,0,0,0,,,0,0,0,,,0,0,0,0,0,0,0,,,,,,,0,0,0,0,0,0,0,,,,,,,0,0,0,,,
"06075980501","Census Tract 9805.01, San Francisco County, California","ca","140","00",,,,"06","075",,,"980501",,,,,,,,,,,,,,".",".",,,,,,,,,,,,,,"1400000US06075980501","Census Tract 9805.01",,,,155,155,0,0,0,155,0,0,0,0,0,0,100,0,0,0,13569,123,85,17,69.11,13.82,0,0,0,,,123,115,4,0,4,0,0,93.5,3.25,0,3.25,0,0,123,115,4,0,4,0,0,93.5,3.25,0,3.25,0,0,9,0,9,0,100,23500
"06075980600","Census Tract 9806, San Francisco County, California","ca","140","00",,,,"06","075",,,"980600",,,,,,,,,,,,,,".",".",,,,,,,,,,,,,,"1400000US06075980600","Census Tract 9806",,,,1290,1290,254,288,48,463,0,78,159,19.69,22.33,3.72,35.89,0,6.05,12.33,142321,222,42,66,18.92,29.73,307,16,291,5.21,94.79,573,35,325,181,26,6,0,6.11,56.72,31.59,4.54,1.05,0,222,23,125,74,0,0,0,10.36,56.31,33.33,0,0,0,905,82,823,9.06,90.94,136167
"06075980900","Census Tract 9809, San Francisco County, California","ca","140","00",,,,"06","075",,,"980900",,,,,,,,,,,,,,".",".",,,,,,,,,,,,,,"1400000US06075980900","Census Tract 9809",,,,322,322,35,27,0,214,0,17,29,10.87,8.39,0,66.46,0,5.28,9.01,53800,156,65,63,41.67,40.38,42,11,31,26.19,73.81,180,3,149,28,0,0,0,1.67,82.78,15.56,0,0,0,156,3,143,10,0,0,0,1.92,91.67,6.41,0,0,0,260,86,174,33.08,66.92,
"06075990100","Census Tract 9901, San Francisco County, California","ca","140","00",,,,"06","075",,,"990100",,,,,,,,,,,,,,".",".",,,,,,,,,,,,,,"1400000US06075990100","Census Tract 9901",,,,0,0,0,0,0,0,0,0,0,,,,,,,,,0,0,0,,,0,0,0,,,0,0,0,0,0,0,0,,,,,,,0,0,0,0,0,0,0,,,,,,,0,0,0,,,
"06075990200","Census Tract 9902, San Francisco County, California","ca","140","00",,,,"06","075",,,"990200",,,,,,,,,,,,,,".",".",,,,,,,,,,,,,,"1400000US06075990200","Census Tract 9902",,,,0,0,0,0,0,0,0,0,0,,,,,,,,,0,0,0,,,0,0,0,,,0,0,0,0,0,0,0,,,,,,,0,0,0,0,0,0,0,,,,,,,0,0,0,,,
