Geo_FIPS,Geo_QName,Geo_STUSAB,Geo_SUMLEV,Geo_GEOCOMP,Geo_US,Geo_REGION,Geo_DIVISION,Geo_STATE,Geo_COUNTY,Geo_COUSUB,Geo_PLACE,Geo_TRACT,Geo_BLKGRP,Geo_CONCIT,Geo_AIANHH,Geo_AIANHHFP,Geo_AIHHTLI,Geo_AITS,Geo_ANRC,Geo_CBSA,Geo_CSA,Geo_METDIV,Geo_MACC,Geo_MEMI,Geo_NECTA,Geo_CNECTA,Geo_NECTADIV,Geo_UA,Geo_CDCURR,Geo_SLDU,Geo_SLDL,Geo_ZCTA3,Geo_ZCTA5,Geo_SUBMCD,Geo_SDELM,Geo_SDSEC,Geo_SDUNI,Geo_UR,Geo_PCI,Geo_PUMA5,Geo_GEO_ID,Geo_NAME,Geo_BTTR,Geo_BTBG,Geo_PLACESE,SE_A14006_001,SE_A10030_001,SE_A10030_002,SE_A10030_003,SE_A10030_004,SE_A10030_005,SE_A10030_006,SE_A10030_007
"060750101011","Block Group 1, Census Tract 101.01, San Francisco County, California","ca","150","00",,,,"06","075",,,"010101","1",,,,,,,,,,,,,".",".",,,,,,,,,,,,,,"1500000US060750101011","Block Group 1",,,,123826,541,185,276,80,0,0,0
"060750101012","Block Group 2, Census Tract 101.01, San Francisco County, California","ca","150","00",,,,"06","075",,,"010101","2",,,,,,,,,,,,,".",".",,,,,,,,,,,,,,"1500000US060750101012","Block Group 2",,,,66103,671,274,375,22,0,0,0
"060750101021","Block Group 1, Census Tract 101.02, San Francisco County, California","ca","150","00",,,,"06","075",,,"010102","1",,,,,,,,,,,,,".",".",,,,,,,,,,,,,,"1500000US060750101021","Block Group 1",,,,108417,907,303,446,148,10,0,0
"060750102011","Block Group 1, Census Tract 102.01, San Francisco County, California","ca","150","00",,,,"06","075",,,"010201","1",,,,,,,,,,,,,".",".",,,,,,,,,,,,,,"1500000US060750102011","Block Group 1",,,,189181,753,241,368,144,0,0,0
"060750102012","Block Group 2, Census Tract 102.01, San Francisco County, California","ca","150","00",,,,"06","075",,,"010201","2",,,,,,,,,,,,,".",".",,,,,,,,,,,,,,"1500000US060750102012","Block Group 2",,,,152328,622,211,246,70,95,0,0
"060750102021","Block Group 1, Census Tract 102.02, San Francisco County, California","ca","150","00",,,,"06","075",,,"010202","1",,,,,,,,,,,,,".",".",,,,,,,,,,,,,,"1500000US060750102021","Block Group 1",,,,198692,487,101,350,6,0,30,0
"060750102022","Block Group 2, Census Tract 102.02, San Francisco County, California","ca","150","00",,,,"06","075",,,"010202","2",,,,,,,,,,,,,".",".",,,,,,,,,,,,,,"1500000US060750102022","Block Group 2",,,,219038,604,105,347,152,0,0,0
"060750103001","Block Group 1, Census Tract 103, San Francisco County, California","ca","150","00",,,,"06","075",,,"010300","1",,,,,,,,,,,,,".",".",,,,,,,,,,,,,,"1500000US060750103001","Block Group 1",,,,147500,718,224,227,221,46,0,0
"060750103002","Block Group 2, Census Tract 103, San Francisco County, California","ca","150","00",,,,"06","075",,,"010300","2",,,,,,,,,,,,,".",".",,,,,,,,,,,,,,"1500000US060750103002","Block Group 2",,,,208345,445,77,305,46,17,0,0
"060750103003","Block Group 3, Census Tract 103, San Francisco County, California","ca","150","00",,,,"06","075",,,"010300","3",,,,,,,,,,,,,".",".",,,,,,,,,,,,,,"1500000US060750103003","Block Group 3",,,,178889,980,199,682,99,0,0,0
"060750104011","Block Group 1, Census Tract 104.01, San Francisco County, California","ca","150","00",,,,"06","075",,,"010401","1",,,,,,,,,,,,,".",".",,,,,,,,,,,,,,"1500000US060750104011","Block Group 1",,,,216667,268,50,111,107,0,0,0
"060750104012","Block Group 2, Census Tract 104.01, San Francisco County, California","ca","150","00",,,,"06","075",,,"010401","2",,,,,,,,,,,,,".",".",,,,,,,,,,,,,,"1500000US060750104012","Block Group 2",,,,186923,676,221,292,139,11,0,13
"060750104021","Block Group 1, Census Tract 104.02, San Francisco County, California","ca","150","00",,,,"06","075",,,"010402","1",,,,,,,,,,,,,".",".",,,,,,,,,,,,,,"1500000US060750104021","Block Group 1",,,,205441,448,88,211,53,44,52,0
"060750104022","Block Group 2, Census Tract 104.02, San Francisco County, California","ca","150","00",,,,"06","075",,,"010402","2",,,,,,,,,,,,,".",".",,,,,,,,,,,,,,"1500000US060750104022","Block Group 2",,,,158458,459,237,95,73,54,0,0
"060750104023","Block Group 3, Census Tract 104.02, San Francisco County, California","ca","150","00",,,,"06","075",,,"010402","3",,,,,,,,,,,,,".",".",,,,,,,,,,,,,,"1500000US060750104023","Block Group 3",,,,,295,94,177,24,0,0,0
"060750105001","Block Group 1, Census Tract 105, San Francisco County, California","ca","150","00",,,,"06","075",,,"010500","1",,,,,,,,,,,,,".",".",,,,,,,,,,,,,,"1500000US060750105001","Block Group 1",,,,89918,671,206,415,39,0,11,0
"060750105002","Block Group 2, Census Tract 105, San Francisco County, California","ca","150","00",,,,"06","075",,,"010500","2",,,,,,,,,,,,,".",".",,,,,,,,,,,,,,"1500000US060750105002","Block Group 2",,,,209107,453,145,281,27,0,0,0
"060750105003","Block Group 3, Census Tract 105, San Francisco County, California","ca","150","00",,,,"06","075",,,"010500","3",,,,,,,,,,,,,".",".",,,,,,,,,,,,,,"1500000US060750105003","Block Group 3",,,,152500,614,301,313,0,0,0,0
"060750106001","Block Group 1, Census Tract 106, San Francisco County, California","ca","150","00",,,,"06","075",,,"010600","1",,,,,,,,,,,,,".",".",,,,,,,,,,,,,,"1500000US060750106001","Block Group 1",,,,102679,770,436,296,32,6,0,0
"060750106002","Block Group 2, Census Tract 106, San Francisco County, California","ca","150","00",,,,"06","075",,,"010600","2",,,,,,,,,,,,,".",".",,,,,,,,,,,,,,"1500000US060750106002","Block Group 2",,,,42656,550,384,143,23,0,0,0
"060750106003","Block Group 3, Census Tract 106, San Francisco County, California","ca","150","00",,,,"06","075",,,"010600","3",,,,,,,,,,,,,".",".",,,,,,,,,,,,,,"1500000US060750106003","Block Group 3",,,,90481,516,369,94,53,0,0,0
"060750107011","Block Group 1, Census Tract 107.01, San Francisco County, California","ca","150","00",,,,"06","075",,,"010701","1",,,,,,,,,,,,,".",".",,,,,,,,,,,,,,"1500000US060750107011","Block Group 1",,,,33638,733,546,187,0,0,0,0
"060750107012","Block Group 2, Census Tract 107.01, San Francisco County, California","ca","150","00",,,,"06","075",,,"010701","2",,,,,,,,,,,,,".",".",,,,,,,,,,,,,,"1500000US060750107012","Block Group 2",,,,23180,1101,1001,73,27,0,0,0
"060750107021","Block Group 1, Census Tract 107.02, San Francisco County, California","ca","150","00",,,,"06","075",,,"010702","1",,,,,,,,,,,,,".",".",,,,,,,,,,,,,,"1500000US060750107021","Block Group 1",,,,80872,344,165,111,68,0,0,0
"060750107022","Block Group 2, Census Tract 107.02, San Francisco County, California","ca","150","00",,,,"06","075",,,"010702","2",,,,,,,,,,,,,".",".",,,,,,,,,,,,,,"1500000US060750107022","Block Group 2",,,,64554,330,146,169,15,0,0,0
"060750108001","Block Group 1, Census Tract 108, San Francisco County, California","ca","150","00",,,,"06","075",,,"010800","1",,,,,,,,,,,,,".",".",,,,,,,,,,,,,,"1500000US060750108001","Block Group 1",,,,235093,925,60,582,228,55,0,0
"060750108002","Block Group 2, Census Tract 108, San Francisco County, California","ca","150","00",,,,"06","075",,,"010800","2",,,,,,,,,,,,,".",".",,,,,,,,,,,,,,"1500000US060750108002","Block Group 2",,,,,451,190,200,61,0,0,0
"060750108003","Block Group 3, Census Tract 108, San Francisco County, California","ca","150","00",,,,"06","075",,,"010800","3",,,,,,,,,,,,,".",".",,,,,,,,,,,,,,"1500000US060750108003","Block Group 3",,,,168906,1006,434,421,134,17,0,0
"060750109011","Block Group 1, Census Tract 109.01, San Francisco County, California","ca","150","00",,,,"06","075",,,"010901","1",,,,,,,,,,,,,".",".",,,,,,,,,,,,,,"1500000US060750109011","Block Group 1",,,,198125,555,219,254,37,45,0,0
"060750109012","Block Group 2, Census Tract 109.01, San Francisco County, California","ca","150","00",,,,"06","075",,,"010901","2",,,,,,,,,,,,,".",".",,,,,,,,,,,,,,"1500000US060750109012","Block Group 2",,,,184643,516,181,227,99,9,0,0
"060750109021","Block Group 1, Census Tract 109.02, San Francisco County, California","ca","150","00",,,,"06","075",,,"010902","1",,,,,,,,,,,,,".",".",,,,,,,,,,,,,,"1500000US060750109021","Block Group 1",,,,111250,643,462,135,46,0,0,0
"060750109022","Block Group 2, Census Tract 109.02, San Francisco County, California","ca","150","00",,,,"06","075",,,"010902","2",,,,,,,,,,,,,".",".",,,,,,,,,,,,,,"1500000US060750109022","Block Group 2",,,,183309,809,427,301,65,16,0,0
"060750110011","Block Group 1, Census Tract 110.01, San Francisco County, California","ca","150","00",,,,"06","075",,,"011001","1",,,,,,,,,,,,,".",".",,,,,,,,,,,,,,"1500000US060750110011","Block Group 1",,,,87857,698,447,178,47,26,0,0
"060750110012","Block Group 2, Census Tract 110.01, San Francisco County, California","ca","150","00",,,,"06","075",,,"011001","2",,,,,,,,,,,,,".",".",,,,,,,,,,,,,,"1500000US060750110012","Block Group 2",,,,131382,707,267,321,101,18,0,0
"060750110021","Block Group 1, Census Tract 110.02, San Francisco County, California","ca","150","00",,,,"06","075",,,"011002","1",,,,,,,,,,,,,".",".",,,,,,,,,,,,,,"1500000US060750110021","Block Group 1",,,,,340,136,193,11,0,0,0
"060750110022","Block Group 2, Census Tract 110.02, San Francisco County, California","ca","150","00",,,,"06","075",,,"011002","2",,,,,,,,,,,,,".",".",,,,,,,,,,,,,,"1500000US060750110022","Block Group 2",,,,222913,392,116,197,79,0,0,0
"060750110023","Block Group 3, Census Tract 110.02, San Francisco County, California","ca","150","00",,,,"06","075",,,"011002","3",,,,,,,,,,,,,".",".",,,,,,,,,,,,,,"1500000US060750110023","Block Group 3",,,,144926,397,130,258,9,0,0,0
"060750111011","Block Group 1, Census Tract 111.01, San Francisco County, California","ca","150","00",,,,"06","075",,,"011101","1",,,,,,,,,,,,,".",".",,,,,,,,,,,,,,"1500000US060750111011","Block Group 1",,,,89521,598,354,205,39,0,0,0
"060750111012","Block Group 2, Census Tract 111.01, San Francisco County, California","ca","150","00",,,,"06","075",,,"011101","2",,,,,,,,,,,,,".",".",,,,,,,,,,,,,,"1500000US060750111012","Block Group 2",,,,144653,411,229,156,26,0,0,0
"060750111013","Block Group 3, Census Tract 111.01, San Francisco County, California","ca","150","00",,,,"06","075",,,"011101","3",,,,,,,,,,,,,".",".",,,,,,,,,,,,,,"1500000US060750111013","Block Group 3",,,,86667,464,215,229,20,0,0,0
"060750111021","Block Group 1, Census Tract 111.02, San Francisco County, California","ca","150","00",,,,"06","075",,,"011102","1",,,,,,,,,,,,,".",".",,,,,,,,,,,,,,"1500000US060750111021","Block Group 1",,,,111031,643,447,196,0,0,0,0
"060750111022","Block Group 2, Census Tract 111.02, San Francisco County, California","ca","150","00",,,,"06","075",,,"011102","2",,,,,,,,,,,,,".",".",,,,,,,,,,,,,,"1500000US060750111022","Block Group 2",,,,101131,669,504,148,17,0,0,0
"060750112001","Block Group 1, Census Tract 112, San Francisco County, California","ca","150","00",,,,"06","075",,,"011200","1",,,,,,,,,,,,,".",".",,,,,,,,,,,,,,"1500000US060750112001","Block Group 1",,,,56635,619,387,148,84,0,0,0
"060750112002","Block Group 2, Census Tract 112, San Francisco County, California","ca","150","00",,,,"06","075",,,"011200","2",,,,,,,,,,,,,".",".",,,,,,,,,,,,,,"1500000US060750112002","Block Group 2",,,,141154,378,201,145,32,0,0,0
"060750112003","Block Group 3, Census Tract 112, San Francisco County, California","ca","150","00",,,,"06","075",,,"011200","3",,,,,,,,,,,,,".",".",,,,,,,,,,,,,,"1500000US060750112003","Block Group 3",,,,,237,133,94,0,10,0,0
"060750112004","Block Group 4, Census Tract 112, San Francisco County, California","ca","150","00",,,,"06","075",,,"011200","4",,,,,,,,,,,,,".",".",,,,,,,,,,,,,,"1500000US060750112004","Block Group 4",,,,200313,399,206,173,20,0,0,0
"060750113001","Block Group 1, Census Tract 113, San Francisco County, California","ca","150","00",,,,"06","075",,,"011300","1",,,,,,,,,,,,,".",".",,,,,,,,,,,,,,"1500000US060750113001","Block Group 1",,,,65938,524,244,255,25,0,0,0
"060750113002","Block Group 2, Census Tract 113, San Francisco County, California","ca","150","00",,,,"06","075",,,"011300","2",,,,,,,,,,,,,".",".",,,,,,,,,,,,,,"1500000US060750113002","Block Group 2",,,,30321,809,610,167,24,8,0,0
"060750117001","Block Group 1, Census Tract 117, San Francisco County, California","ca","150","00",,,,"06","075",,,"011700","1",,,,,,,,,,,,,".",".",,,,,,,,,,,,,,"1500000US060750117001","Block Group 1",,,,,302,227,75,0,0,0,0
"060750117002","Block Group 2, Census Tract 117, San Francisco County, California","ca","150","00",,,,"06","075",,,"011700","2",,,,,,,,,,,,,".",".",,,,,,,,,,,,,,"1500000US060750117002","Block Group 2",,,,49722,220,190,14,16,0,0,0
"060750117003","Block Group 3, Census Tract 117, San Francisco County, California","ca","150","00",,,,"06","075",,,"011700","3",,,,,,,,,,,,,".",".",,,,,,,,,,,,,,"1500000US060750117003","Block Group 3",,,,,128,95,33,0,0,0,0
"060750117004","Block Group 4, Census Tract 117, San Francisco County, California","ca","150","00",,,,"06","075",,,"011700","4",,,,,,,,,,,,,".",".",,,,,,,,,,,,,,"1500000US060750117004","Block Group 4",,,,98711,461,318,126,0,0,17,0
"060750118001","Block Group 1, Census Tract 118, San Francisco County, California","ca","150","00",,,,"06","075",,,"011800","1",,,,,,,,,,,,,".",".",,,,,,,,,,,,,,"1500000US060750118001","Block Group 1",,,,43833,716,533,151,23,9,0,0
"060750119011","Block Group 1, Census Tract 119.01, San Francisco County, California","ca","150","00",,,,"06","075",,,"011901","1",,,,,,,,,,,,,".",".",,,,,,,,,,,,,,"1500000US060750119011","Block Group 1",,,,101027,675,489,172,11,3,0,0
"060750119012","Block Group 2, Census Tract 119.01, San Francisco County, California","ca","150","00",,,,"06","075",,,"011901","2",,,,,,,,,,,,,".",".",,,,,,,,,,,,,,"1500000US060750119012","Block Group 2",,,,211679,207,64,143,0,0,0,0
"060750119013","Block Group 3, Census Tract 119.01, San Francisco County, California","ca","150","00",,,,"06","075",,,"011901","3",,,,,,,,,,,,,".",".",,,,,,,,,,,,,,"1500000US060750119013","Block Group 3",,,,91992,335,243,83,0,9,0,0
"060750119021","Block Group 1, Census Tract 119.02, San Francisco County, California","ca","150","00",,,,"06","075",,,"011902","1",,,,,,,,,,,,,".",".",,,,,,,,,,,,,,"1500000US060750119021","Block Group 1",,,,113942,256,98,95,63,0,0,0
"060750119022","Block Group 2, Census Tract 119.02, San Francisco County, California","ca","150","00",,,,"06","075",,,"011902","2",,,,,,,,,,,,,".",".",,,,,,,,,,,,,,"1500000US060750119022","Block Group 2",,,,85625,884,604,208,60,12,0,0
"060750119023","Block Group 3, Census Tract 119.02, San Francisco County, California","ca","150","00",,,,"06","075",,,"011902","3",,,,,,,,,,,,,".",".",,,,,,,,,,,,,,"1500000US060750119023","Block Group 3",,,,64833,538,450,81,7,0,0,0
"060750120011","Block Group 1, Census Tract 120.01, San Francisco County, California","ca","150","00",,,,"06","075",,,"012001","1",,,,,,,,,,,,,".",".",,,,,,,,,,,,,,"1500000US060750120011","Block Group 1",,,,92750,521,246,214,12,49,0,0
"060750120012","Block Group 2, Census Tract 120.01, San Francisco County, California","ca","150","00",,,,"06","075",,,"012001","2",,,,,,,,,,,,,".",".",,,,,,,,,,,,,,"1500000US060750120012","Block Group 2",,,,91007,483,356,46,0,81,0,0
"060750120021","Block Group 1, Census Tract 120.02, San Francisco County, California","ca","150","00",,,,"06","075",,,"012002","1",,,,,,,,,,,,,".",".",,,,,,,,,,,,,,"1500000US060750120021","Block Group 1",,,,55185,916,607,309,0,0,0,0
"060750120022","Block Group 2, Census Tract 120.02, San Francisco County, California","ca","150","00",,,,"06","075",,,"012002","2",,,,,,,,,,,,,".",".",,,,,,,,,,,,,,"1500000US060750120022","Block Group 2",,,,115313,443,267,156,20,0,0,0
"060750121001","Block Group 1, Census Tract 121, San Francisco County, California","ca","150","00",,,,"06","075",,,"012100","1",,,,,,,,,,,,,".",".",,,,,,,,,,,,,,"1500000US060750121001","Block Group 1",,,,,486,382,104,0,0,0,0
"060750121002","Block Group 2, Census Tract 121, San Francisco County, California","ca","150","00",,,,"06","075",,,"012100","2",,,,,,,,,,,,,".",".",,,,,,,,,,,,,,"1500000US060750121002","Block Group 2",,,,205096,750,542,208,0,0,0,0
"060750121003","Block Group 3, Census Tract 121, San Francisco County, California","ca","150","00",,,,"06","075",,,"012100","3",,,,,,,,,,,,,".",".",,,,,,,,,,,,,,"1500000US060750121003","Block Group 3",,,,83333,844,611,233,0,0,0,0
"060750122021","Block Group 1, Census Tract 122.02, San Francisco County, California","ca","150","00",,,,"06","075",,,"012202","1",,,,,,,,,,,,,".",".",,,,,,,,,,,,,,"1500000US060750122021","Block Group 1",,,,55417,835,643,172,20,0,0,0
"060750122022","Block Group 2, Census Tract 122.02, San Francisco County, California","ca","150","00",,,,"06","075",,,"012202","2",,,,,,,,,,,,,".",".",,,,,,,,,,,,,,"1500000US060750122022","Block Group 2",,,,51083,653,411,242,0,0,0,0
"060750122031","Block Group 1, Census Tract 122.03, San Francisco County, California","ca","150","00",,,,"06","075",,,"012203","1",,,,,,,,,,,,,".",".",,,,,,,,,,,,,,"1500000US060750122031","Block Group 1",,,,14364,738,655,42,41,0,0,0
"060750122032","Block Group 2, Census Tract 122.03, San Francisco County, California","ca","150","00",,,,"06","075",,,"012203","2",,,,,,,,,,,,,".",".",,,,,,,,,,,,,,"1500000US060750122032","Block Group 2",,,,48922,343,221,122,0,0,0,0
"060750122041","Block Group 1, Census Tract 122.04, San Francisco County, California","ca","150","00",,,,"06","075",,,"012204","1",,,,,,,,,,,,,".",".",,,,,,,,,,,,,,"1500000US060750122041","Block Group 1",,,,,491,419,62,0,0,0,10
"060750122042","Block Group 2, Census Tract 122.04, San Francisco County, California","ca","150","00",,,,"06","075",,,"012204","2",,,,,,,,,,,,,".",".",,,,,,,,,,,,,,"1500000US060750122042","Block Group 2",,,,67604,517,292,225,0,0,0,0
"060750122043","Block Group 3, Census Tract 122.04, San Francisco County, California","ca","150","00",,,,"06","075",,,"012204","3",,,,,,,,,,,,,".",".",,,,,,,,,,,,,,"1500000US060750122043","Block Group 3",,,,99769,558,521,16,21,0,0,0
"060750123011","Block Group 1, Census Tract 123.01, San Francisco County, California","ca","150","00",,,,"06","075",,,"012301","1",,,,,,,,,,,,,".",".",,,,,,,,,,,,,,"1500000US060750123011","Block Group 1",,,,34706,626,559,56,11,0,0,0
"060750123012","Block Group 2, Census Tract 123.01, San Francisco County, California","ca","150","00",,,,"06","075",,,"012301","2",,,,,,,,,,,,,".",".",,,,,,,,,,,,,,"1500000US060750123012","Block Group 2",,,,23912,461,400,61,0,0,0,0
"060750123013","Block Group 3, Census Tract 123.01, San Francisco County, California","ca","150","00",,,,"06","075",,,"012301","3",,,,,,,,,,,,,".",".",,,,,,,,,,,,,,"1500000US060750123013","Block Group 3",,,,14055,224,202,22,0,0,0,0
"060750123021","Block Group 1, Census Tract 123.02, San Francisco County, California","ca","150","00",,,,"06","075",,,"012302","1",,,,,,,,,,,,,".",".",,,,,,,,,,,,,,"1500000US060750123021","Block Group 1",,,,104531,349,329,13,7,0,0,0
"060750123022","Block Group 2, Census Tract 123.02, San Francisco County, California","ca","150","00",,,,"06","075",,,"012302","2",,,,,,,,,,,,,".",".",,,,,,,,,,,,,,"1500000US060750123022","Block Group 2",,,,84028,527,432,65,30,0,0,0
"060750123023","Block Group 3, Census Tract 123.02, San Francisco County, California","ca","150","00",,,,"06","075",,,"012302","3",,,,,,,,,,,,,".",".",,,,,,,,,,,,,,"1500000US060750123023","Block Group 3",,,,47439,442,373,44,25,0,0,0
"060750123024","Block Group 4, Census Tract 123.02, San Francisco County, California","ca","150","00",,,,"06","075",,,"012302","4",,,,,,,,,,,,,".",".",,,,,,,,,,,,,,"1500000US060750123024","Block Group 4",,,,32292,568,472,66,0,0,0,30
"060750124031","Block Group 1, Census Tract 124.03, San Francisco County, California","ca","150","00",,,,"06","075",,,"012403","1",,,,,,,,,,,,,".",".",,,,,,,,,,,,,,"1500000US060750124031","Block Group 1",,,,,662,495,119,48,0,0,0
"060750124032","Block Group 2, Census Tract 124.03, San Francisco County, California","ca","150","00",,,,"06","075",,,"012403","2",,,,,,,,,,,,,".",".",,,,,,,,,,,,,,"1500000US060750124032","Block Group 2",,,,70127,519,338,166,15,0,0,0
"060750124041","Block Group 1, Census Tract 124.04, San Francisco County, California","ca","150","00",,,,"06","075",,,"012404","1",,,,,,,,,,,,,".",".",,,,,,,,,,,,,,"1500000US060750124041","Block Group 1",,,,,775,585,149,14,0,0,27
"060750124042","Block Group 2, Census Tract 124.04, San Francisco County, California","ca","150","00",,,,"06","075",,,"012404","2",,,,,,,,,,,,,".",".",,,,,,,,,,,,,,"1500000US060750124042","Block Group 2",,,,,371,339,14,18,0,0,0
"060750124043","Block Group 3, Census Tract 124.04, San Francisco County, California","ca","150","00",,,,"06","075",,,"012404","3",,,,,,,,,,,,,".",".",,,,,,,,,,,,,,"1500000US060750124043","Block Group 3",,,,52820,353,258,73,0,22,0,0
"060750124051","Block Group 1, Census Tract 124.05, San Francisco County, California","ca","150","00",,,,"06","075",,,"012405","1",,,,,,,,,,,,,".",".",,,,,,,,,,,,,,"1500000US060750124051","Block Group 1",,,,46969,625,544,68,13,0,0,0
"060750124052","Block Group 2, Census Tract 124.05, San Francisco County, California","ca","150","00",,,,"06","075",,,"012405","2",,,,,,,,,,,,,".",".",,,,,,,,,,,,,,"1500000US060750124052","Block Group 2",,,,178147,1383,938,350,82,13,0,0
"060750124053","Block Group 3, Census Tract 124.05, San Francisco County, California","ca","150","00",,,,"06","075",,,"012405","3",,,,,,,,,,,,,".",".",,,,,,,,,,,,,,"1500000US060750124053","Block Group 3",,,,111392,505,232,252,0,21,0,0
"060750124061","Block Group 1, Census Tract 124.06, San Francisco County, California","ca","150","00",,,,"06","075",,,"012406","1",,,,,,,,,,,,,".",".",,,,,,,,,,,,,,"1500000US060750124061","Block Group 1",,,,,313,263,50,0,0,0,0
"060750124062","Block Group 2, Census Tract 124.06, San Francisco County, California","ca","150","00",,,,"06","075",,,"012406","2",,,,,,,,,,,,,".",".",,,,,,,,,,,,,,"1500000US060750124062","Block Group 2",,,,25912,634,456,164,14,0,0,0
"060750125021","Block Group 1, Census Tract 125.02, San Francisco County, California","ca","150","00",,,,"06","075",,,"012502","1",,,,,,,,,,,,,".",".",,,,,,,,,,,,,,"1500000US060750125021","Block Group 1",,,,14600,533,533,0,0,0,0,0
"060750125022","Block Group 2, Census Tract 125.02, San Francisco County, California","ca","150","00",,,,"06","075",,,"012502","2",,,,,,,,,,,,,".",".",,,,,,,,,,,,,,"1500000US060750125022","Block Group 2",,,,,644,459,96,89,0,0,0
"060750125023","Block Group 3, Census Tract 125.02, San Francisco County, California","ca","150","00",,,,"06","075",,,"012502","3",,,,,,,,,,,,,".",".",,,,,,,,,,,,,,"1500000US060750125023","Block Group 3",,,,18222,550,483,21,0,46,0,0
"060750125024","Block Group 4, Census Tract 125.02, San Francisco County, California","ca","150","00",,,,"06","075",,,"012502","4",,,,,,,,,,,,,".",".",,,,,,,,,,,,,,"1500000US060750125024","Block Group 4",,,,,543,423,120,0,0,0,0
"060750125031","Block Group 1, Census Tract 125.03, San Francisco County, California","ca","150","00",,,,"06","075",,,"012503","1",,,,,,,,,,,,,".",".",,,,,,,,,,,,,,"1500000US060750125031","Block Group 1",,,,,699,600,99,0,0,0,0
"060750125032","Block Group 2, Census Tract 125.03, San Francisco County, California","ca","150","00",,,,"06","075",,,"012503","2",,,,,,,,,,,,,".",".",,,,,,,,,,,,,,"1500000US060750125032","Block Group 2",,,,,535,344,100,0,91,0,0
"060750125033","Block Group 3, Census Tract 125.03, San Francisco County, California","ca","150","00",,,,"06","075",,,"012503","3",,,,,,,,,,,,,".",".",,,,,,,,,,,,,,"1500000US060750125033","Block Group 3",,,,71703,971,714,257,0,0,0,0
"060750125041","Block Group 1, Census Tract 125.04, San Francisco County, California","ca","150","00",,,,"06","075",,,"012504","1",,,,,,,,,,,,,".",".",,,,,,,,,,,,,,"1500000US060750125041","Block Group 1",,,,22639,333,252,4,51,26,0,0
"060750126011","Block Group 1, Census Tract 126.01, San Francisco County, California","ca","150","00",,,,"06","075",,,"012601","1",,,,,,,,,,,,,".",".",,,,,,,,,,,,,,"1500000US060750126011","Block Group 1",,,,170282,681,241,333,88,19,0,0
"060750126012","Block Group 2, Census Tract 126.01, San Francisco County, California","ca","150","00",,,,"06","075",,,"012601","2",,,,,,,,,,,,,".",".",,,,,,,,,,,,,,"1500000US060750126012","Block Group 2",,,,178462,610,176,329,105,0,0,0
"060750126021","Block Group 1, Census Tract 126.02, San Francisco County, California","ca","150","00",,,,"06","075",,,"012602","1",,,,,,,,,,,,,".",".",,,,,,,,,,,,,,"1500000US060750126021","Block Group 1",,,,250001,724,175,366,127,56,0,0
"060750126022","Block Group 2, Census Tract 126.02, San Francisco County, California","ca","150","00",,,,"06","075",,,"012602","2",,,,,,,,,,,,,".",".",,,,,,,,,,,,,,"1500000US060750126022","Block Group 2",,,,196838,701,167,370,88,65,0,11
"060750127001","Block Group 1, Census Tract 127, San Francisco County, California","ca","150","00",,,,"06","075",,,"012700","1",,,,,,,,,,,,,".",".",,,,,,,,,,,,,,"1500000US060750127001","Block Group 1",,,,250001,956,0,732,190,10,0,24
"060750127002","Block Group 2, Census Tract 127, San Francisco County, California","ca","150","00",,,,"06","075",,,"012700","2",,,,,,,,,,,,,".",".",,,,,,,,,,,,,,"1500000US060750127002","Block Group 2",,,,250001,755,110,473,172,0,0,0
"060750127003","Block Group 3, Census Tract 127, San Francisco County, California","ca","150","00",,,,"06","075",,,"012700","3",,,,,,,,,,,,,".",".",,,,,,,,,,,,,,"1500000US060750127003","Block Group 3",,,,154080,363,160,103,100,0,0,0
"060750128011","Block Group 1, Census Tract 128.01, San Francisco County, California","ca","150","00",,,,"06","075",,,"012801","1",,,,,,,,,,,,,".",".",,,,,,,,,,,,,,"1500000US060750128011","Block Group 1",,,,250001,301,0,193,84,14,10,0
"060750128012","Block Group 2, Census Tract 128.01, San Francisco County, California","ca","150","00",,,,"06","075",,,"012801","2",,,,,,,,,,,,,".",".",,,,,,,,,,,,,,"1500000US060750128012","Block Group 2",,,,250001,463,113,237,53,18,42,0
"060750128013","Block Group 3, Census Tract 128.01, San Francisco County, California","ca","150","00",,,,"06","075",,,"012801","3",,,,,,,,,,,,,".",".",,,,,,,,,,,,,,"1500000US060750128013","Block Group 3",,,,213704,446,220,152,61,13,0,0
"060750128021","Block Group 1, Census Tract 128.02, San Francisco County, California","ca","150","00",,,,"06","075",,,"012802","1",,,,,,,,,,,,,".",".",,,,,,,,,,,,,,"1500000US060750128021","Block Group 1",,,,176620,391,51,220,72,10,38,0
"060750128022","Block Group 2, Census Tract 128.02, San Francisco County, California","ca","150","00",,,,"06","075",,,"012802","2",,,,,,,,,,,,,".",".",,,,,,,,,,,,,,"1500000US060750128022","Block Group 2",,,,250001,544,140,317,87,0,0,0
"060750129011","Block Group 1, Census Tract 129.01, San Francisco County, California","ca","150","00",,,,"06","075",,,"012901","1",,,,,,,,,,,,,".",".",,,,,,,,,,,,,,"1500000US060750129011","Block Group 1",,,,237969,670,186,448,30,6,0,0
"060750129012","Block Group 2, Census Tract 129.01, San Francisco County, California","ca","150","00",,,,"06","075",,,"012901","2",,,,,,,,,,,,,".",".",,,,,,,,,,,,,,"1500000US060750129012","Block Group 2",,,,231209,784,140,514,122,0,0,8
"060750129021","Block Group 1, Census Tract 129.02, San Francisco County, California","ca","150","00",,,,"06","075",,,"012902","1",,,,,,,,,,,,,".",".",,,,,,,,,,,,,,"1500000US060750129021","Block Group 1",,,,210822,683,188,340,73,82,0,0
"060750129022","Block Group 2, Census Tract 129.02, San Francisco County, California","ca","150","00",,,,"06","075",,,"012902","2",,,,,,,,,,,,,".",".",,,,,,,,,,,,,,"1500000US060750129022","Block Group 2",,,,183214,696,227,374,68,27,0,0
"060750129023","Block Group 3, Census Tract 129.02, San Francisco County, California","ca","150","00",,,,"06","075",,,"012902","3",,,,,,,,,,,,,".",".",,,,,,,,,,,,,,"1500000US060750129023","Block Group 3",,,,250001,321,73,184,39,25,0,0
"060750130011","Block Group 1, Census Tract 130.01, San Francisco County, California","ca","150","00",,,,"06","075",,,"013001","1",,,,,,,,,,,,,".",".",,,,,,,,,,,,,,"1500000US060750130011","Block Group 1",,,,166806,473,163,235,75,0,0,0
"060750130012","Block Group 2, Census Tract 130.01, San Francisco County, California","ca","150","00",,,,"06","075",,,"013001","2",,,,,,,,,,,,,".",".",,,,,,,,,,,,,,"1500000US060750130012","Block Group 2",,,,119016,390,39,191,160,0,0,0
"060750130021","Block Group 1, Census Tract 130.02, San Francisco County, California","ca","150","00",,,,"06","075",,,"013002","1",,,,,,,,,,,,,".",".",,,,,,,,,,,,,,"1500000US060750130021","Block Group 1",,,,250001,854,246,408,168,32,0,0
"060750130022","Block Group 2, Census Tract 130.02, San Francisco County, California","ca","150","00",,,,"06","075",,,"013002","2",,,,,,,,,,,,,".",".",,,,,,,,,,,,,,"1500000US060750130022","Block Group 2",,,,209125,399,134,221,33,11,0,0
"060750131011","Block Group 1, Census Tract 131.01, San Francisco County, California","ca","150","00",,,,"06","075",,,"013101","1",,,,,,,,,,,,,".",".",,,,,,,,,,,,,,"1500000US060750131011","Block Group 1",,,,245417,755,216,500,39,0,0,0
"060750131012","Block Group 2, Census Tract 131.01, San Francisco County, California","ca","150","00",,,,"06","075",,,"013101","2",,,,,,,,,,,,,".",".",,,,,,,,,,,,,,"1500000US060750131012","Block Group 2",,,,196518,537,150,324,36,13,0,14
"060750131013","Block Group 3, Census Tract 131.01, San Francisco County, California","ca","150","00",,,,"06","075",,,"013101","3",,,,,,,,,,,,,".",".",,,,,,,,,,,,,,"1500000US060750131013","Block Group 3",,,,156168,521,105,310,90,16,0,0
"060750131014","Block Group 4, Census Tract 131.01, San Francisco County, California","ca","150","00",,,,"06","075",,,"013101","4",,,,,,,,,,,,,".",".",,,,,,,,,,,,,,"1500000US060750131014","Block Group 4",,,,228333,530,118,337,75,0,0,0
"060750131021","Block Group 1, Census Tract 131.02, San Francisco County, California","ca","150","00",,,,"06","075",,,"013102","1",,,,,,,,,,,,,".",".",,,,,,,,,,,,,,"1500000US060750131021","Block Group 1",,,,222344,789,204,461,94,19,11,0
"060750131022","Block Group 2, Census Tract 131.02, San Francisco County, California","ca","150","00",,,,"06","075",,,"013102","2",,,,,,,,,,,,,".",".",,,,,,,,,,,,,,"1500000US060750131022","Block Group 2",,,,250001,776,198,449,92,30,7,0
"060750132001","Block Group 1, Census Tract 132, San Francisco County, California","ca","150","00",,,,"06","075",,,"013200","1",,,,,,,,,,,,,".",".",,,,,,,,,,,,,,"1500000US060750132001","Block Group 1",,,,225438,367,10,152,205,0,0,0
"060750132002","Block Group 2, Census Tract 132, San Francisco County, California","ca","150","00",,,,"06","075",,,"013200","2",,,,,,,,,,,,,".",".",,,,,,,,,,,,,,"1500000US060750132002","Block Group 2",,,,250001,358,1,177,163,17,0,0
"060750132003","Block Group 3, Census Tract 132, San Francisco County, California","ca","150","00",,,,"06","075",,,"013200","3",,,,,,,,,,,,,".",".",,,,,,,,,,,,,,"1500000US060750132003","Block Group 3",,,,152132,652,169,401,52,17,13,0
"060750132004","Block Group 4, Census Tract 132, San Francisco County, California","ca","150","00",,,,"06","075",,,"013200","4",,,,,,,,,,,,,".",".",,,,,,,,,,,,,,"1500000US060750132004","Block Group 4",,,,154545,832,181,618,33,0,0,0
"060750133001","Block Group 1, Census Tract 133, San Francisco County, California","ca","150","00",,,,"06","075",,,"013300","1",,,,,,,,,,,,,".",".",,,,,,,,,,,,,,"1500000US060750133001","Block Group 1",,,,250001,192,26,63,85,18,0,0
"060750133002","Block Group 2, Census Tract 133, San Francisco County, California","ca","150","00",,,,"06","075",,,"013300","2",,,,,,,,,,,,,".",".",,,,,,,,,,,,,,"1500000US060750133002","Block Group 2",,,,223167,600,208,156,210,11,0,15
"060750133003","Block Group 3, Census Tract 133, San Francisco County, California","ca","150","00",,,,"06","075",,,"013300","3",,,,,,,,,,,,,".",".",,,,,,,,,,,,,,"1500000US060750133003","Block Group 3",,,,24043,545,350,153,42,0,0,0
"060750133004","Block Group 4, Census Tract 133, San Francisco County, California","ca","150","00",,,,"06","075",,,"013300","4",,,,,,,,,,,,,".",".",,,,,,,,,,,,,,"1500000US060750133004","Block Group 4",,,,,358,83,83,146,46,0,0
"060750133005","Block Group 5, Census Tract 133, San Francisco County, California","ca","150","00",,,,"06","075",,,"013300","5",,,,,,,,,,,,,".",".",,,,,,,,,,,,,,"1500000US060750133005","Block Group 5",,,,201750,304,12,192,57,37,6,0
"060750134011","Block Group 1, Census Tract 134.01, San Francisco County, California","ca","150","00",,,,"06","075",,,"013401","1",,,,,,,,,,,,,".",".",,,,,,,,,,,,,,"1500000US060750134011","Block Group 1",,,,208140,425,117,232,62,14,0,0
"060750134012","Block Group 2, Census Tract 134.01, San Francisco County, California","ca","150","00",,,,"06","075",,,"013401","2",,,,,,,,,,,,,".",".",,,,,,,,,,,,,,"1500000US060750134012","Block Group 2",,,,239333,372,98,160,111,3,0,0
"060750134021","Block Group 1, Census Tract 134.02, San Francisco County, California","ca","150","00",,,,"06","075",,,"013402","1",,,,,,,,,,,,,".",".",,,,,,,,,,,,,,"1500000US060750134021","Block Group 1",,,,170190,1205,233,757,159,0,56,0
"060750135001","Block Group 1, Census Tract 135, San Francisco County, California","ca","150","00",,,,"06","075",,,"013500","1",,,,,,,,,,,,,".",".",,,,,,,,,,,,,,"1500000US060750135001","Block Group 1",,,,182083,821,177,531,106,7,0,0
"060750135002","Block Group 2, Census Tract 135, San Francisco County, California","ca","150","00",,,,"06","075",,,"013500","2",,,,,,,,,,,,,".",".",,,,,,,,,,,,,,"1500000US060750135002","Block Group 2",,,,180893,346,123,181,42,0,0,0
"060750135003","Block Group 3, Census Tract 135, San Francisco County, California","ca","150","00",,,,"06","075",,,"013500","3",,,,,,,,,,,,,".",".",,,,,,,,,,,,,,"1500000US060750135003","Block Group 3",,,,183385,447,230,200,17,0,0,0
"060750151001","Block Group 1, Census Tract 151, San Francisco County, California","ca","150","00",,,,"06","075",,,"015100","1",,,,,,,,,,,,,".",".",,,,,,,,,,,,,,"1500000US060750151001","Block Group 1",,,,168043,542,140,357,28,13,4,0
"060750151002","Block Group 2, Census Tract 151, San Francisco County, California","ca","150","00",,,,"06","075",,,"015100","2",,,,,,,,,,,,,".",".",,,,,,,,,,,,,,"1500000US060750151002","Block Group 2",,,,199556,719,317,383,19,0,0,0
"060750151003","Block Group 3, Census Tract 151, San Francisco County, California","ca","150","00",,,,"06","075",,,"015100","3",,,,,,,,,,,,,".",".",,,,,,,,,,,,,,"1500000US060750151003","Block Group 3",,,,117857,452,238,200,14,0,0,0
"060750152011","Block Group 1, Census Tract 152.01, San Francisco County, California","ca","150","00",,,,"06","075",,,"015201","1",,,,,,,,,,,,,".",".",,,,,,,,,,,,,,"1500000US060750152011","Block Group 1",,,,127167,682,317,283,52,30,0,0
"060750152012","Block Group 2, Census Tract 152.01, San Francisco County, California","ca","150","00",,,,"06","075",,,"015201","2",,,,,,,,,,,,,".",".",,,,,,,,,,,,,,"1500000US060750152012","Block Group 2",,,,88438,291,167,122,2,0,0,0
"060750152021","Block Group 1, Census Tract 152.02, San Francisco County, California","ca","150","00",,,,"06","075",,,"015202","1",,,,,,,,,,,,,".",".",,,,,,,,,,,,,,"1500000US060750152021","Block Group 1",,,,88796,446,190,199,34,23,0,0
"060750152022","Block Group 2, Census Tract 152.02, San Francisco County, California","ca","150","00",,,,"06","075",,,"015202","2",,,,,,,,,,,,,".",".",,,,,,,,,,,,,,"1500000US060750152022","Block Group 2",,,,209583,619,117,472,30,0,0,0
"060750153001","Block Group 1, Census Tract 153, San Francisco County, California","ca","150","00",,,,"06","075",,,"015300","1",,,,,,,,,,,,,".",".",,,,,,,,,,,,,,"1500000US060750153001","Block Group 1",,,,245212,413,132,171,103,7,0,0
"060750153002","Block Group 2, Census Tract 153, San Francisco County, California","ca","150","00",,,,"06","075",,,"015300","2",,,,,,,,,,,,,".",".",,,,,,,,,,,,,,"1500000US060750153002","Block Group 2",,,,173182,664,224,316,124,0,0,0
"060750154011","Block Group 1, Census Tract 154.01, San Francisco County, California","ca","150","00",,,,"06","075",,,"015401","1",,,,,,,,,,,,,".",".",,,,,,,,,,,,,,"1500000US060750154011","Block Group 1",,,,180459,1138,267,676,167,28,0,0
"060750154012","Block Group 2, Census Tract 154.01, San Francisco County, California","ca","150","00",,,,"06","075",,,"015401","2",,,,,,,,,,,,,".",".",,,,,,,,,,,,,,"1500000US060750154012","Block Group 2",,,,,494,73,277,79,65,0,0
"060750154021","Block Group 1, Census Tract 154.02, San Francisco County, California","ca","150","00",,,,"06","075",,,"015402","1",,,,,,,,,,,,,".",".",,,,,,,,,,,,,,"1500000US060750154021","Block Group 1",,,,230250,698,79,473,98,35,0,13
"060750154022","Block Group 2, Census Tract 154.02, San Francisco County, California","ca","150","00",,,,"06","075",,,"015402","2",,,,,,,,,,,,,".",".",,,,,,,,,,,,,,"1500000US060750154022","Block Group 2",,,,167023,633,68,293,229,43,0,0
"060750155001","Block Group 1, Census Tract 155, San Francisco County, California","ca","150","00",,,,"06","075",,,"015500","1",,,,,,,,,,,,,".",".",,,,,,,,,,,,,,"1500000US060750155001","Block Group 1",,,,131953,900,361,435,104,0,0,0
"060750155002","Block Group 2, Census Tract 155, San Francisco County, California","ca","150","00",,,,"06","075",,,"015500","2",,,,,,,,,,,,,".",".",,,,,,,,,,,,,,"1500000US060750155002","Block Group 2",,,,,281,122,127,15,17,0,0
"060750155003","Block Group 3, Census Tract 155, San Francisco County, California","ca","150","00",,,,"06","075",,,"015500","3",,,,,,,,,,,,,".",".",,,,,,,,,,,,,,"1500000US060750155003","Block Group 3",,,,22340,537,422,74,41,0,0,0
"060750155004","Block Group 4, Census Tract 155, San Francisco County, California","ca","150","00",,,,"06","075",,,"015500","4",,,,,,,,,,,,,".",".",,,,,,,,,,,,,,"1500000US060750155004","Block Group 4",,,,162361,532,373,86,73,0,0,0
"060750156001","Block Group 1, Census Tract 156, San Francisco County, California","ca","150","00",,,,"06","075",,,"015600","1",,,,,,,,,,,,,".",".",,,,,,,,,,,,,,"1500000US060750156001","Block Group 1",,,,121528,241,28,148,51,14,0,0
"060750156002","Block Group 2, Census Tract 156, San Francisco County, California","ca","150","00",,,,"06","075",,,"015600","2",,,,,,,,,,,,,".",".",,,,,,,,,,,,,,"1500000US060750156002","Block Group 2",,,,111333,616,167,336,68,14,31,0
"060750156003","Block Group 3, Census Tract 156, San Francisco County, California","ca","150","00",,,,"06","075",,,"015600","3",,,,,,,,,,,,,".",".",,,,,,,,,,,,,,"1500000US060750156003","Block Group 3",,,,41948,519,217,255,47,0,0,0
"060750157011","Block Group 1, Census Tract 157.01, San Francisco County, California","ca","150","00",,,,"06","075",,,"015701","1",,,,,,,,,,,,,".",".",,,,,,,,,,,,,,"1500000US060750157011","Block Group 1",,,,184688,877,138,364,327,48,0,0
"060750157012","Block Group 2, Census Tract 157.01, San Francisco County, California","ca","150","00",,,,"06","075",,,"015701","2",,,,,,,,,,,,,".",".",,,,,,,,,,,,,,"1500000US060750157012","Block Group 2",,,,140536,340,91,203,46,0,0,0
"060750157021","Block Group 1, Census Tract 157.02, San Francisco County, California","ca","150","00",,,,"06","075",,,"015702","1",,,,,,,,,,,,,".",".",,,,,,,,,,,,,,"1500000US060750157021","Block Group 1",,,,195089,777,124,505,109,39,0,0
"060750157022","Block Group 2, Census Tract 157.02, San Francisco County, California","ca","150","00",,,,"06","075",,,"015702","2",,,,,,,,,,,,,".",".",,,,,,,,,,,,,,"1500000US060750157022","Block Group 2",,,,250001,620,80,337,157,36,10,0
"060750158011","Block Group 1, Census Tract 158.01, San Francisco County, California","ca","150","00",,,,"06","075",,,"015801","1",,,,,,,,,,,,,".",".",,,,,,,,,,,,,,"1500000US060750158011","Block Group 1",,,,,202,35,167,0,0,0,0
"060750158012","Block Group 2, Census Tract 158.01, San Francisco County, California","ca","150","00",,,,"06","075",,,"015801","2",,,,,,,,,,,,,".",".",,,,,,,,,,,,,,"1500000US060750158012","Block Group 2",,,,210259,734,199,391,134,0,10,0
"060750158013","Block Group 3, Census Tract 158.01, San Francisco County, California","ca","150","00",,,,"06","075",,,"015801","3",,,,,,,,,,,,,".",".",,,,,,,,,,,,,,"1500000US060750158013","Block Group 3",,,,114545,480,141,263,65,0,0,11
"060750158021","Block Group 1, Census Tract 158.02, San Francisco County, California","ca","150","00",,,,"06","075",,,"015802","1",,,,,,,,,,,,,".",".",,,,,,,,,,,,,,"1500000US060750158021","Block Group 1",,,,186935,712,223,304,128,48,0,9
"060750158022","Block Group 2, Census Tract 158.02, San Francisco County, California","ca","150","00",,,,"06","075",,,"015802","2",,,,,,,,,,,,,".",".",,,,,,,,,,,,,,"1500000US060750158022","Block Group 2",,,,118056,860,291,464,99,6,0,0
"060750159001","Block Group 1, Census Tract 159, San Francisco County, California","ca","150","00",,,,"06","075",,,"015900","1",,,,,,,,,,,,,".",".",,,,,,,,,,,,,,"1500000US060750159001","Block Group 1",,,,,689,308,326,55,0,0,0
"060750159002","Block Group 2, Census Tract 159, San Francisco County, California","ca","150","00",,,,"06","075",,,"015900","2",,,,,,,,,,,,,".",".",,,,,,,,,,,,,,"1500000US060750159002","Block Group 2",,,,,483,231,151,53,29,19,0
"060750159003","Block Group 3, Census Tract 159, San Francisco County, California","ca","150","00",,,,"06","075",,,"015900","3",,,,,,,,,,,,,".",".",,,,,,,,,,,,,,"1500000US060750159003","Block Group 3",,,,87589,495,306,102,87,0,0,0
"060750159004","Block Group 4, Census Tract 159, San Francisco County, California","ca","150","00",,,,"06","075",,,"015900","4",,,,,,,,,,,,,".",".",,,,,,,,,,,,,,"1500000US060750159004","Block Group 4",,,,97788,492,251,212,29,0,0,0
"060750160001","Block Group 1, Census Tract 160, San Francisco County, California","ca","150","00",,,,"06","075",,,"016000","1",,,,,,,,,,,,,".",".",,,,,,,,,,,,,,"1500000US060750160001","Block Group 1",,,,,633,385,200,48,0,0,0
"060750160002","Block Group 2, Census Tract 160, San Francisco County, California","ca","150","00",,,,"06","075",,,"016000","2",,,,,,,,,,,,,".",".",,,,,,,,,,,,,,"1500000US060750160002","Block Group 2",,,,143511,1091,638,432,8,13,0,0
"060750161011","Block Group 1, Census Tract 161.01, San Francisco County, California","ca","150","00",,,,"06","075",,,"016101","1",,,,,,,,,,,,,".",".",,,,,,,,,,,,,,"1500000US060750161011","Block Group 1",,,,30595,1066,617,308,141,0,0,0
"060750161012","Block Group 2, Census Tract 161.01, San Francisco County, California","ca","150","00",,,,"06","075",,,"016101","2",,,,,,,,,,,,,".",".",,,,,,,,,,,,,,"1500000US060750161012","Block Group 2",,,,158958,506,252,249,5,0,0,0
"060750161021","Block Group 1, Census Tract 161.02, San Francisco County, California","ca","150","00",,,,"06","075",,,"016102","1",,,,,,,,,,,,,".",".",,,,,,,,,,,,,,"1500000US060750161021","Block Group 1",,,,69250,324,46,225,7,46,0,0
"060750161022","Block Group 2, Census Tract 161.02, San Francisco County, California","ca","150","00",,,,"06","075",,,"016102","2",,,,,,,,,,,,,".",".",,,,,,,,,,,,,,"1500000US060750161022","Block Group 2",,,,18298,888,595,193,100,0,0,0
"060750162001","Block Group 1, Census Tract 162, San Francisco County, California","ca","150","00",,,,"06","075",,,"016200","1",,,,,,,,,,,,,".",".",,,,,,,,,,,,,,"1500000US060750162001","Block Group 1",,,,94243,795,528,178,89,0,0,0
"060750162002","Block Group 2, Census Tract 162, San Francisco County, California","ca","150","00",,,,"06","075",,,"016200","2",,,,,,,,,,,,,".",".",,,,,,,,,,,,,,"1500000US060750162002","Block Group 2",,,,,589,292,266,31,0,0,0
"060750162003","Block Group 3, Census Tract 162, San Francisco County, California","ca","150","00",,,,"06","075",,,"016200","3",,,,,,,,,,,,,".",".",,,,,,,,,,,,,,"1500000US060750162003","Block Group 3",,,,162917,488,184,297,7,0,0,0
"060750163001","Block Group 1, Census Tract 163, San Francisco County, California","ca","150","00",,,,"06","075",,,"016300","1",,,,,,,,,,,,,".",".",,,,,,,,,,,,,,"1500000US060750163001","Block Group 1",,,,48977,313,188,73,39,13,0,0
"060750163002","Block Group 2, Census Tract 163, San Francisco County, California","ca","150","00",,,,"06","075",,,"016300","2",,,,,,,,,,,,,".",".",,,,,,,,,,,,,,"1500000US060750163002","Block Group 2",,,,136422,637,286,322,0,29,0,0
"060750163003","Block Group 3, Census Tract 163, San Francisco County, California","ca","150","00",,,,"06","075",,,"016300","3",,,,,,,,,,,,,".",".",,,,,,,,,,,,,,"1500000US060750163003","Block Group 3",,,,180188,489,124,316,49,0,0,0
"060750163004","Block Group 4, Census Tract 163, San Francisco County, California","ca","150","00",,,,"06","075",,,"016300","4",,,,,,,,,,,,,".",".",,,,,,,,,,,,,,"1500000US060750163004","Block Group 4",,,,59960,505,120,342,25,0,18,0
"060750164001","Block Group 1, Census Tract 164, San Francisco County, California","ca","150","00",,,,"06","075",,,"016400","1",,,,,,,,,,,,,".",".",,,,,,,,,,,,,,"1500000US060750164001","Block Group 1",,,,210673,815,244,462,72,5,32,0
"060750164002","Block Group 2, Census Tract 164, San Francisco County, California","ca","150","00",,,,"06","075",,,"016400","2",,,,,,,,,,,,,".",".",,,,,,,,,,,,,,"1500000US060750164002","Block Group 2",,,,190066,365,153,171,30,11,0,0
"060750164003","Block Group 3, Census Tract 164, San Francisco County, California","ca","150","00",,,,"06","075",,,"016400","3",,,,,,,,,,,,,".",".",,,,,,,,,,,,,,"1500000US060750164003","Block Group 3",,,,176181,499,253,196,19,0,0,31
"060750165001","Block Group 1, Census Tract 165, San Francisco County, California","ca","150","00",,,,"06","075",,,"016500","1",,,,,,,,,,,,,".",".",,,,,,,,,,,,,,"1500000US060750165001","Block Group 1",,,,121961,526,265,215,46,0,0,0
"060750165002","Block Group 2, Census Tract 165, San Francisco County, California","ca","150","00",,,,"06","075",,,"016500","2",,,,,,,,,,,,,".",".",,,,,,,,,,,,,,"1500000US060750165002","Block Group 2",,,,189000,626,111,454,61,0,0,0
"060750165003","Block Group 3, Census Tract 165, San Francisco County, California","ca","150","00",,,,"06","075",,,"016500","3",,,,,,,,,,,,,".",".",,,,,,,,,,,,,,"1500000US060750165003","Block Group 3",,,,221100,822,250,436,136,0,0,0
"060750165004","Block Group 4, Census Tract 165, San Francisco County, California","ca","150","00",,,,"06","075",,,"016500","4",,,,,,,,,,,,,".",".",,,,,,,,,,,,,,"1500000US060750165004","Block Group 4",,,,161979,329,57,225,47,0,0,0
"060750166011","Block Group 1, Census Tract 166.01, San Francisco County, California","ca","150","00",,,,"06","075",,,"016601","1",,,,,,,,,,,,,".",".",,,,,,,,,,,,,,"1500000US060750166011","Block Group 1",,,,129844,862,291,487,62,0,22,0
"060750166012","Block Group 2, Census Tract 166.01, San Francisco County, California","ca","150","00",,,,"06","075",,,"016601","2",,,,,,,,,,,,,".",".",,,,,,,,,,,,,,"1500000US060750166012","Block Group 2",,,,177813,649,310,291,48,0,0,0
"060750166021","Block Group 1, Census Tract 166.02, San Francisco County, California","ca","150","00",,,,"06","075",,,"016602","1",,,,,,,,,,,,,".",".",,,,,,,,,,,,,,"1500000US060750166021","Block Group 1",,,,218394,988,197,700,52,39,0,0
"060750167001","Block Group 1, Census Tract 167, San Francisco County, California","ca","150","00",,,,"06","075",,,"016700","1",,,,,,,,,,,,,".",".",,,,,,,,,,,,,,"1500000US060750167001","Block Group 1",,,,245341,670,178,353,139,0,0,0
"060750167002","Block Group 2, Census Tract 167, San Francisco County, California","ca","150","00",,,,"06","075",,,"016700","2",,,,,,,,,,,,,".",".",,,,,,,,,,,,,,"1500000US060750167002","Block Group 2",,,,,293,77,184,32,0,0,0
"060750167003","Block Group 3, Census Tract 167, San Francisco County, California","ca","150","00",,,,"06","075",,,"016700","3",,,,,,,,,,,,,".",".",,,,,,,,,,,,,,"1500000US060750167003","Block Group 3",,,,250001,634,286,156,192,0,0,0
"060750167004","Block Group 4, Census Tract 167, San Francisco County, California","ca","150","00",,,,"06","075",,,"016700","4",,,,,,,,,,,,,".",".",,,,,,,,,,,,,,"1500000US060750167004","Block Group 4",,,,233947,718,338,245,120,15,0,0
"060750168011","Block Group 1, Census Tract 168.01, San Francisco County, California","ca","150","00",,,,"06","075",,,"016801","1",,,,,,,,,,,,,".",".",,,,,,,,,,,,,,"1500000US060750168011","Block Group 1",,,,238958,582,286,177,49,15,0,55
"060750168012","Block Group 2, Census Tract 168.01, San Francisco County, California","ca","150","00",,,,"06","075",,,"016801","2",,,,,,,,,,,,,".",".",,,,,,,,,,,,,,"1500000US060750168012","Block Group 2",,,,87200,576,332,205,35,4,0,0
"060750168013","Block Group 3, Census Tract 168.01, San Francisco County, California","ca","150","00",,,,"06","075",,,"016801","3",,,,,,,,,,,,,".",".",,,,,,,,,,,,,,"1500000US060750168013","Block Group 3",,,,218011,839,426,375,33,0,5,0
"060750168021","Block Group 1, Census Tract 168.02, San Francisco County, California","ca","150","00",,,,"06","075",,,"016802","1",,,,,,,,,,,,,".",".",,,,,,,,,,,,,,"1500000US060750168021","Block Group 1",,,,150667,782,466,282,34,0,0,0
"060750168022","Block Group 2, Census Tract 168.02, San Francisco County, California","ca","150","00",,,,"06","075",,,"016802","2",,,,,,,,,,,,,".",".",,,,,,,,,,,,,,"1500000US060750168022","Block Group 2",,,,73693,485,252,205,28,0,0,0
"060750168023","Block Group 3, Census Tract 168.02, San Francisco County, California","ca","150","00",,,,"06","075",,,"016802","3",,,,,,,,,,,,,".",".",,,,,,,,,,,,,,"1500000US060750168023","Block Group 3",,,,171328,657,229,344,15,69,0,0
"060750169001","Block Group 1, Census Tract 169, San Francisco County, California","ca","150","00",,,,"06","075",,,"016900","1",,,,,,,,,,,,,".",".",,,,,,,,,,,,,,"1500000US060750169001","Block Group 1",,,,,696,244,386,51,15,0,0
"060750169002","Block Group 2, Census Tract 169, San Francisco County, California","ca","150","00",,,,"06","075",,,"016900","2",,,,,,,,,,,,,".",".",,,,,,,,,,,,,,"1500000US060750169002","Block Group 2",,,,157143,506,339,135,23,0,0,9
"060750169003","Block Group 3, Census Tract 169, San Francisco County, California","ca","150","00",,,,"06","075",,,"016900","3",,,,,,,,,,,,,".",".",,,,,,,,,,,,,,"1500000US060750169003","Block Group 3",,,,197273,418,148,189,54,17,10,0
"060750170001","Block Group 1, Census Tract 170, San Francisco County, California","ca","150","00",,,,"06","075",,,"017000","1",,,,,,,,,,,,,".",".",,,,,,,,,,,,,,"1500000US060750170001","Block Group 1",,,,250001,437,70,258,109,0,0,0
"060750170002","Block Group 2, Census Tract 170, San Francisco County, California","ca","150","00",,,,"06","075",,,"017000","2",,,,,,,,,,,,,".",".",,,,,,,,,,,,,,"1500000US060750170002","Block Group 2",,,,231103,389,52,182,151,4,0,0
"060750170003","Block Group 3, Census Tract 170, San Francisco County, California","ca","150","00",,,,"06","075",,,"017000","3",,,,,,,,,,,,,".",".",,,,,,,,,,,,,,"1500000US060750170003","Block Group 3",,,,245714,774,198,392,160,24,0,0
"060750170004","Block Group 4, Census Tract 170, San Francisco County, California","ca","150","00",,,,"06","075",,,"017000","4",,,,,,,,,,,,,".",".",,,,,,,,,,,,,,"1500000US060750170004","Block Group 4",,,,223929,546,92,309,145,0,0,0
"060750171011","Block Group 1, Census Tract 171.01, San Francisco County, California","ca","150","00",,,,"06","075",,,"017101","1",,,,,,,,,,,,,".",".",,,,,,,,,,,,,,"1500000US060750171011","Block Group 1",,,,233214,548,117,224,162,29,9,7
"060750171012","Block Group 2, Census Tract 171.01, San Francisco County, California","ca","150","00",,,,"06","075",,,"017101","2",,,,,,,,,,,,,".",".",,,,,,,,,,,,,,"1500000US060750171012","Block Group 2",,,,250001,590,68,278,197,47,0,0
"060750171013","Block Group 3, Census Tract 171.01, San Francisco County, California","ca","150","00",,,,"06","075",,,"017101","3",,,,,,,,,,,,,".",".",,,,,,,,,,,,,,"1500000US060750171013","Block Group 3",,,,135000,638,264,253,111,10,0,0
"060750171021","Block Group 1, Census Tract 171.02, San Francisco County, California","ca","150","00",,,,"06","075",,,"017102","1",,,,,,,,,,,,,".",".",,,,,,,,,,,,,,"1500000US060750171021","Block Group 1",,,,225278,506,124,256,124,2,0,0
"060750171022","Block Group 2, Census Tract 171.02, San Francisco County, California","ca","150","00",,,,"06","075",,,"017102","2",,,,,,,,,,,,,".",".",,,,,,,,,,,,,,"1500000US060750171022","Block Group 2",,,,167685,328,103,142,49,34,0,0
"060750171023","Block Group 3, Census Tract 171.02, San Francisco County, California","ca","150","00",,,,"06","075",,,"017102","3",,,,,,,,,,,,,".",".",,,,,,,,,,,,,,"1500000US060750171023","Block Group 3",,,,175217,704,213,346,145,0,0,0
"060750176021","Block Group 1, Census Tract 176.02, San Francisco County, California","ca","150","00",,,,"06","075",,,"017602","1",,,,,,,,,,,,,".",".",,,,,,,,,,,,,,"1500000US060750176021","Block Group 1",,,,150508,719,427,280,2,0,0,10
"060750176022","Block Group 2, Census Tract 176.02, San Francisco County, California","ca","150","00",,,,"06","075",,,"017602","2",,,,,,,,,,,,,".",".",,,,,,,,,,,,,,"1500000US060750176022","Block Group 2",,,,90101,601,399,103,99,0,0,0
"060750176023","Block Group 3, Census Tract 176.02, San Francisco County, California","ca","150","00",,,,"06","075",,,"017602","3",,,,,,,,,,,,,".",".",,,,,,,,,,,,,,"1500000US060750176023","Block Group 3",,,,14286,214,185,29,0,0,0,0
"060750176031","Block Group 1, Census Tract 176.03, San Francisco County, California","ca","150","00",,,,"06","075",,,"017603","1",,,,,,,,,,,,,".",".",,,,,,,,,,,,,,"1500000US060750176031","Block Group 1",,,,,526,446,80,0,0,0,0
"060750176032","Block Group 2, Census Tract 176.03, San Francisco County, California","ca","150","00",,,,"06","075",,,"017603","2",,,,,,,,,,,,,".",".",,,,,,,,,,,,,,"1500000US060750176032","Block Group 2",,,,,327,242,85,0,0,0,0
"060750176033","Block Group 3, Census Tract 176.03, San Francisco County, California","ca","150","00",,,,"06","075",,,"017603","3",,,,,,,,,,,,,".",".",,,,,,,,,,,,,,"1500000US060750176033","Block Group 3",,,,,508,335,173,0,0,0,0
"060750176034","Block Group 4, Census Tract 176.03, San Francisco County, California","ca","150","00",,,,"06","075",,,"017603","4",,,,,,,,,,,,,".",".",,,,,,,,,,,,,,"1500000US060750176034","Block Group 4",,,,193309,1015,442,371,129,47,26,0
"060750176041","Block Group 1, Census Tract 176.04, San Francisco County, California","ca","150","00",,,,"06","075",,,"017604","1",,,,,,,,,,,,,".",".",,,,,,,,,,,,,,"1500000US060750176041","Block Group 1",,,,141944,624,358,225,41,0,0,0
"060750176042","Block Group 2, Census Tract 176.04, San Francisco County, California","ca","150","00",,,,"06","075",,,"017604","2",,,,,,,,,,,,,".",".",,,,,,,,,,,,,,"1500000US060750176042","Block Group 2",,,,103841,983,619,258,106,0,0,0
"060750176043","Block Group 3, Census Tract 176.04, San Francisco County, California","ca","150","00",,,,"06","075",,,"017604","3",,,,,,,,,,,,,".",".",,,,,,,,,,,,,,"1500000US060750176043","Block Group 3",,,,51325,568,538,7,23,0,0,0
"060750177001","Block Group 1, Census Tract 177, San Francisco County, California","ca","150","00",,,,"06","075",,,"017700","1",,,,,,,,,,,,,".",".",,,,,,,,,,,,,,"1500000US060750177001","Block Group 1",,,,227143,254,112,123,11,8,0,0
"060750177002","Block Group 2, Census Tract 177, San Francisco County, California","ca","150","00",,,,"06","075",,,"017700","2",,,,,,,,,,,,,".",".",,,,,,,,,,,,,,"1500000US060750177002","Block Group 2",,,,146500,920,333,435,152,0,0,0
"060750178011","Block Group 1, Census Tract 178.01, San Francisco County, California","ca","150","00",,,,"06","075",,,"017801","1",,,,,,,,,,,,,".",".",,,,,,,,,,,,,,"1500000US060750178011","Block Group 1",,,,15466,822,638,161,23,0,0,0
"060750178012","Block Group 2, Census Tract 178.01, San Francisco County, California","ca","150","00",,,,"06","075",,,"017801","2",,,,,,,,,,,,,".",".",,,,,,,,,,,,,,"1500000US060750178012","Block Group 2",,,,152054,728,282,325,121,0,0,0
"060750178013","Block Group 3, Census Tract 178.01, San Francisco County, California","ca","150","00",,,,"06","075",,,"017801","3",,,,,,,,,,,,,".",".",,,,,,,,,,,,,,"1500000US060750178013","Block Group 3",,,,97083,831,511,302,18,0,0,0
"060750178031","Block Group 1, Census Tract 178.03, San Francisco County, California","ca","150","00",,,,"06","075",,,"017803","1",,,,,,,,,,,,,".",".",,,,,,,,,,,,,,"1500000US060750178031","Block Group 1",,,,64526,623,447,99,77,0,0,0
"060750178032","Block Group 2, Census Tract 178.03, San Francisco County, California","ca","150","00",,,,"06","075",,,"017803","2",,,,,,,,,,,,,".",".",,,,,,,,,,,,,,"1500000US060750178032","Block Group 2",,,,250001,551,168,364,19,0,0,0
"060750178041","Block Group 1, Census Tract 178.04, San Francisco County, California","ca","150","00",,,,"06","075",,,"017804","1",,,,,,,,,,,,,".",".",,,,,,,,,,,,,,"1500000US060750178041","Block Group 1",,,,152721,667,371,225,71,0,0,0
"060750178042","Block Group 2, Census Tract 178.04, San Francisco County, California","ca","150","00",,,,"06","075",,,"017804","2",,,,,,,,,,,,,".",".",,,,,,,,,,,,,,"1500000US060750178042","Block Group 2",,,,84254,637,247,375,15,0,0,0
"060750178043","Block Group 3, Census Tract 178.04, San Francisco County, California","ca","150","00",,,,"06","075",,,"017804","3",,,,,,,,,,,,,".",".",,,,,,,,,,,,,,"1500000US060750178043","Block Group 3",,,,138603,406,83,309,14,0,0,0
"060750178044","Block Group 4, Census Tract 178.04, San Francisco County, California","ca","150","00",,,,"06","075",,,"017804","4",,,,,,,,,,,,,".",".",,,,,,,,,,,,,,"1500000US060750178044","Block Group 4",,,,143993,422,222,177,23,0,0,0
"060750179031","Block Group 1, Census Tract 179.03, San Francisco County, California","ca","150","00",,,,"06","075",,,"017903","1",,,,,,,,,,,,,".",".",,,,,,,,,,,,,,"1500000US060750179031","Block Group 1",,,,91750,617,91,213,160,146,7,0
"060750179032","Block Group 2, Census Tract 179.03, San Francisco County, California","ca","150","00",,,,"06","075",,,"017903","2",,,,,,,,,,,,,".",".",,,,,,,,,,,,,,"1500000US060750179032","Block Group 2",,,,,0,0,0,0,0,0,0
"060750180001","Block Group 1, Census Tract 180, San Francisco County, California","ca","150","00",,,,"06","075",,,"018000","1",,,,,,,,,,,,,".",".",,,,,,,,,,,,,,"1500000US060750180001","Block Group 1",,,,194688,408,107,301,0,0,0,0
"060750180002","Block Group 2, Census Tract 180, San Francisco County, California","ca","150","00",,,,"06","075",,,"018000","2",,,,,,,,,,,,,".",".",,,,,,,,,,,,,,"1500000US060750180002","Block Group 2",,,,203942,343,195,128,20,0,0,0
"060750180003","Block Group 3, Census Tract 180, San Francisco County, California","ca","150","00",,,,"06","075",,,"018000","3",,,,,,,,,,,,,".",".",,,,,,,,,,,,,,"1500000US060750180003","Block Group 3",,,,178750,455,221,234,0,0,0,0
"060750180004","Block Group 4, Census Tract 180, San Francisco County, California","ca","150","00",,,,"06","075",,,"018000","4",,,,,,,,,,,,,".",".",,,,,,,,,,,,,,"1500000US060750180004","Block Group 4",,,,250001,319,110,179,21,9,0,0
"060750201011","Block Group 1, Census Tract 201.01, San Francisco County, California","ca","150","00",,,,"06","075",,,"020101","1",,,,,,,,,,,,,".",".",,,,,,,,,,,,,,"1500000US060750201011","Block Group 1",,,,126250,878,312,471,86,9,0,0
"060750201012","Block Group 2, Census Tract 201.01, San Francisco County, California","ca","150","00",,,,"06","075",,,"020101","2",,,,,,,,,,,,,".",".",,,,,,,,,,,,,,"1500000US060750201012","Block Group 2",,,,140397,1039,523,431,0,85,0,0
"060750201021","Block Group 1, Census Tract 201.02, San Francisco County, California","ca","150","00",,,,"06","075",,,"020102","1",,,,,,,,,,,,,".",".",,,,,,,,,,,,,,"1500000US060750201021","Block Group 1",,,,95764,674,450,87,137,0,0,0
"060750201022","Block Group 2, Census Tract 201.02, San Francisco County, California","ca","150","00",,,,"06","075",,,"020102","2",,,,,,,,,,,,,".",".",,,,,,,,,,,,,,"1500000US060750201022","Block Group 2",,,,,467,172,62,198,0,0,35
"060750201023","Block Group 3, Census Tract 201.02, San Francisco County, California","ca","150","00",,,,"06","075",,,"020102","3",,,,,,,,,,,,,".",".",,,,,,,,,,,,,,"1500000US060750201023","Block Group 3",,,,,255,138,64,53,0,0,0
"060750202011","Block Group 1, Census Tract 202.01, San Francisco County, California","ca","150","00",,,,"06","075",,,"020201","1",,,,,,,,,,,,,".",".",,,,,,,,,,,,,,"1500000US060750202011","Block Group 1",,,,75440,561,356,174,20,7,4,0
"060750202012","Block Group 2, Census Tract 202.01, San Francisco County, California","ca","150","00",,,,"06","075",,,"020201","2",,,,,,,,,,,,,".",".",,,,,,,,,,,,,,"1500000US060750202012","Block Group 2",,,,239167,444,145,197,67,35,0,0
"060750202021","Block Group 1, Census Tract 202.02, San Francisco County, California","ca","150","00",,,,"06","075",,,"020202","1",,,,,,,,,,,,,".",".",,,,,,,,,,,,,,"1500000US060750202021","Block Group 1",,,,178632,763,427,288,48,0,0,0
"060750202022","Block Group 2, Census Tract 202.02, San Francisco County, California","ca","150","00",,,,"06","075",,,"020202","2",,,,,,,,,,,,,".",".",,,,,,,,,,,,,,"1500000US060750202022","Block Group 2",,,,120833,688,268,388,21,11,0,0
"060750202023","Block Group 3, Census Tract 202.02, San Francisco County, California","ca","150","00",,,,"06","075",,,"020202","3",,,,,,,,,,,,,".",".",,,,,,,,,,,,,,"1500000US060750202023","Block Group 3",,,,240370,722,390,222,59,51,0,0
"060750203001","Block Group 1, Census Tract 203, San Francisco County, California","ca","150","00",,,,"06","075",,,"020300","1",,,,,,,,,,,,,".",".",,,,,,,,,,,,,,"1500000US060750203001","Block Group 1",,,,145000,908,335,524,43,6,0,0
"060750203002","Block Group 2, Census Tract 203, San Francisco County, California","ca","150","00",,,,"06","075",,,"020300","2",,,,,,,,,,,,,".",".",,,,,,,,,,,,,,"1500000US060750203002","Block Group 2",,,,237935,691,280,353,58,0,0,0
"060750203003","Block Group 3, Census Tract 203, San Francisco County, California","ca","150","00",,,,"06","075",,,"020300","3",,,,,,,,,,,,,".",".",,,,,,,,,,,,,,"1500000US060750203003","Block Group 3",,,,143333,590,297,194,72,27,0,0
"060750204011","Block Group 1, Census Tract 204.01, San Francisco County, California","ca","150","00",,,,"06","075",,,"020401","1",,,,,,,,,,,,,".",".",,,,,,,,,,,,,,"1500000US060750204011","Block Group 1",,,,164625,527,99,260,168,0,0,0
"060750204012","Block Group 2, Census Tract 204.01, San Francisco County, California","ca","150","00",,,,"06","075",,,"020401","2",,,,,,,,,,,,,".",".",,,,,,,,,,,,,,"1500000US060750204012","Block Group 2",,,,116855,500,50,258,168,16,8,0
"060750204013","Block Group 3, Census Tract 204.01, San Francisco County, California","ca","150","00",,,,"06","075",,,"020401","3",,,,,,,,,,,,,".",".",,,,,,,,,,,,,,"1500000US060750204013","Block Group 3",,,,250001,580,120,306,82,35,37,0
"060750204021","Block Group 1, Census Tract 204.02, San Francisco County, California","ca","150","00",,,,"06","075",,,"020402","1",,,,,,,,,,,,,".",".",,,,,,,,,,,,,,"1500000US060750204021","Block Group 1",,,,158315,686,219,276,171,20,0,0
"060750204022","Block Group 2, Census Tract 204.02, San Francisco County, California","ca","150","00",,,,"06","075",,,"020402","2",,,,,,,,,,,,,".",".",,,,,,,,,,,,,,"1500000US060750204022","Block Group 2",,,,121711,672,31,411,206,24,0,0
"060750204023","Block Group 3, Census Tract 204.02, San Francisco County, California","ca","150","00",,,,"06","075",,,"020402","3",,,,,,,,,,,,,".",".",,,,,,,,,,,,,,"1500000US060750204023","Block Group 3",,,,180143,454,63,221,170,0,0,0
"060750204024","Block Group 4, Census Tract 204.02, San Francisco County, California","ca","150","00",,,,"06","075",,,"020402","4",,,,,,,,,,,,,".",".",,,,,,,,,,,,,,"1500000US060750204024","Block Group 4",,,,188454,573,82,344,88,0,59,0
"060750205001","Block Group 1, Census Tract 205, San Francisco County, California","ca","150","00",,,,"06","075",,,"020500","1",,,,,,,,,,,,,".",".",,,,,,,,,,,,,,"1500000US060750205001","Block Group 1",,,,153021,397,151,206,30,10,0,0
"060750205002","Block Group 2, Census Tract 205, San Francisco County, California","ca","150","00",,,,"06","075",,,"020500","2",,,,,,,,,,,,,".",".",,,,,,,,,,,,,,"1500000US060750205002","Block Group 2",,,,208929,414,104,214,96,0,0,0
"060750205003","Block Group 3, Census Tract 205, San Francisco County, California","ca","150","00",,,,"06","075",,,"020500","3",,,,,,,,,,,,,".",".",,,,,,,,,,,,,,"1500000US060750205003","Block Group 3",,,,250001,463,37,253,164,9,0,0
"060750206011","Block Group 1, Census Tract 206.01, San Francisco County, California","ca","150","00",,,,"06","075",,,"020601","1",,,,,,,,,,,,,".",".",,,,,,,,,,,,,,"1500000US060750206011","Block Group 1",,,,241250,477,177,200,44,56,0,0
"060750206012","Block Group 2, Census Tract 206.01, San Francisco County, California","ca","150","00",,,,"06","075",,,"020601","2",,,,,,,,,,,,,".",".",,,,,,,,,,,,,,"1500000US060750206012","Block Group 2",,,,180417,922,402,336,92,46,46,0
"060750206021","Block Group 1, Census Tract 206.02, San Francisco County, California","ca","150","00",,,,"06","075",,,"020602","1",,,,,,,,,,,,,".",".",,,,,,,,,,,,,,"1500000US060750206021","Block Group 1",,,,204276,665,217,288,143,17,0,0
"060750206022","Block Group 2, Census Tract 206.02, San Francisco County, California","ca","150","00",,,,"06","075",,,"020602","2",,,,,,,,,,,,,".",".",,,,,,,,,,,,,,"1500000US060750206022","Block Group 2",,,,203906,652,206,335,111,0,0,0
"060750207011","Block Group 1, Census Tract 207.01, San Francisco County, California","ca","150","00",,,,"06","075",,,"020701","1",,,,,,,,,,,,,".",".",,,,,,,,,,,,,,"1500000US060750207011","Block Group 1",,,,250001,486,58,377,32,0,19,0
"060750207012","Block Group 2, Census Tract 207.01, San Francisco County, California","ca","150","00",,,,"06","075",,,"020701","2",,,,,,,,,,,,,".",".",,,,,,,,,,,,,,"1500000US060750207012","Block Group 2",,,,187377,518,201,269,48,0,0,0
"060750207013","Block Group 3, Census Tract 207.01, San Francisco County, California","ca","150","00",,,,"06","075",,,"020701","3",,,,,,,,,,,,,".",".",,,,,,,,,,,,,,"1500000US060750207013","Block Group 3",,,,181201,393,142,228,13,0,10,0
"060750207021","Block Group 1, Census Tract 207.02, San Francisco County, California","ca","150","00",,,,"06","075",,,"020702","1",,,,,,,,,,,,,".",".",,,,,,,,,,,,,,"1500000US060750207021","Block Group 1",,,,106250,592,344,222,26,0,0,0
"060750207022","Block Group 2, Census Tract 207.02, San Francisco County, California","ca","150","00",,,,"06","075",,,"020702","2",,,,,,,,,,,,,".",".",,,,,,,,,,,,,,"1500000US060750207022","Block Group 2",,,,157083,512,212,261,39,0,0,0
"060750208011","Block Group 1, Census Tract 208.01, San Francisco County, California","ca","150","00",,,,"06","075",,,"020801","1",,,,,,,,,,,,,".",".",,,,,,,,,,,,,,"1500000US060750208011","Block Group 1",,,,149625,521,235,235,51,0,0,0
"060750208012","Block Group 2, Census Tract 208.01, San Francisco County, California","ca","150","00",,,,"06","075",,,"020801","2",,,,,,,,,,,,,".",".",,,,,,,,,,,,,,"1500000US060750208012","Block Group 2",,,,62021,600,227,231,127,15,0,0
"060750208013","Block Group 3, Census Tract 208.01, San Francisco County, California","ca","150","00",,,,"06","075",,,"020801","3",,,,,,,,,,,,,".",".",,,,,,,,,,,,,,"1500000US060750208013","Block Group 3",,,,154107,398,116,164,89,29,0,0
"060750208021","Block Group 1, Census Tract 208.02, San Francisco County, California","ca","150","00",,,,"06","075",,,"020802","1",,,,,,,,,,,,,".",".",,,,,,,,,,,,,,"1500000US060750208021","Block Group 1",,,,121389,630,422,152,48,8,0,0
"060750208022","Block Group 2, Census Tract 208.02, San Francisco County, California","ca","150","00",,,,"06","075",,,"020802","2",,,,,,,,,,,,,".",".",,,,,,,,,,,,,,"1500000US060750208022","Block Group 2",,,,90455,484,269,215,0,0,0,0
"060750209001","Block Group 1, Census Tract 209, San Francisco County, California","ca","150","00",,,,"06","075",,,"020900","1",,,,,,,,,,,,,".",".",,,,,,,,,,,,,,"1500000US060750209001","Block Group 1",,,,83611,478,217,194,46,21,0,0
"060750209002","Block Group 2, Census Tract 209, San Francisco County, California","ca","150","00",,,,"06","075",,,"020900","2",,,,,,,,,,,,,".",".",,,,,,,,,,,,,,"1500000US060750209002","Block Group 2",,,,78750,330,123,175,5,27,0,0
"060750209003","Block Group 3, Census Tract 209, San Francisco County, California","ca","150","00",,,,"06","075",,,"020900","3",,,,,,,,,,,,,".",".",,,,,,,,,,,,,,"1500000US060750209003","Block Group 3",,,,,324,117,175,32,0,0,0
"060750209004","Block Group 4, Census Tract 209, San Francisco County, California","ca","150","00",,,,"06","075",,,"020900","4",,,,,,,,,,,,,".",".",,,,,,,,,,,,,,"1500000US060750209004","Block Group 4",,,,97117,425,151,250,24,0,0,0
"060750210001","Block Group 1, Census Tract 210, San Francisco County, California","ca","150","00",,,,"06","075",,,"021000","1",,,,,,,,,,,,,".",".",,,,,,,,,,,,,,"1500000US060750210001","Block Group 1",,,,180795,538,127,228,125,0,0,58
"060750210002","Block Group 2, Census Tract 210, San Francisco County, California","ca","150","00",,,,"06","075",,,"021000","2",,,,,,,,,,,,,".",".",,,,,,,,,,,,,,"1500000US060750210002","Block Group 2",,,,124301,382,118,246,18,0,0,0
"060750210003","Block Group 3, Census Tract 210, San Francisco County, California","ca","150","00",,,,"06","075",,,"021000","3",,,,,,,,,,,,,".",".",,,,,,,,,,,,,,"1500000US060750210003","Block Group 3",,,,157368,588,257,217,114,0,0,0
"060750210004","Block Group 4, Census Tract 210, San Francisco County, California","ca","150","00",,,,"06","075",,,"021000","4",,,,,,,,,,,,,".",".",,,,,,,,,,,,,,"1500000US060750210004","Block Group 4",,,,,250,132,92,11,15,0,0
"060750211001","Block Group 1, Census Tract 211, San Francisco County, California","ca","150","00",,,,"06","075",,,"021100","1",,,,,,,,,,,,,".",".",,,,,,,,,,,,,,"1500000US060750211001","Block Group 1",,,,250001,589,48,339,153,35,14,0
"060750211002","Block Group 2, Census Tract 211, San Francisco County, California","ca","150","00",,,,"06","075",,,"021100","2",,,,,,,,,,,,,".",".",,,,,,,,,,,,,,"1500000US060750211002","Block Group 2",,,,147196,609,212,318,69,10,0,0
"060750211003","Block Group 3, Census Tract 211, San Francisco County, California","ca","150","00",,,,"06","075",,,"021100","3",,,,,,,,,,,,,".",".",,,,,,,,,,,,,,"1500000US060750211003","Block Group 3",,,,250001,391,87,183,96,25,0,0
"060750211004","Block Group 4, Census Tract 211, San Francisco County, California","ca","150","00",,,,"06","075",,,"021100","4",,,,,,,,,,,,,".",".",,,,,,,,,,,,,,"1500000US060750211004","Block Group 4",,,,247778,432,83,238,102,9,0,0
"060750212001","Block Group 1, Census Tract 212, San Francisco County, California","ca","150","00",,,,"06","075",,,"021200","1",,,,,,,,,,,,,".",".",,,,,,,,,,,,,,"1500000US060750212001","Block Group 1",,,,197875,453,84,212,134,23,0,0
"060750212002","Block Group 2, Census Tract 212, San Francisco County, California","ca","150","00",,,,"06","075",,,"021200","2",,,,,,,,,,,,,".",".",,,,,,,,,,,,,,"1500000US060750212002","Block Group 2",,,,152583,577,70,404,85,8,10,0
"060750212003","Block Group 3, Census Tract 212, San Francisco County, California","ca","150","00",,,,"06","075",,,"021200","3",,,,,,,,,,,,,".",".",,,,,,,,,,,,,,"1500000US060750212003","Block Group 3",,,,240000,394,89,206,99,0,0,0
"060750213001","Block Group 1, Census Tract 213, San Francisco County, California","ca","150","00",,,,"06","075",,,"021300","1",,,,,,,,,,,,,".",".",,,,,,,,,,,,,,"1500000US060750213001","Block Group 1",,,,250001,498,70,227,148,41,12,0
"060750213002","Block Group 2, Census Tract 213, San Francisco County, California","ca","150","00",,,,"06","075",,,"021300","2",,,,,,,,,,,,,".",".",,,,,,,,,,,,,,"1500000US060750213002","Block Group 2",,,,204044,714,32,398,214,70,0,0
"060750214001","Block Group 1, Census Tract 214, San Francisco County, California","ca","150","00",,,,"06","075",,,"021400","1",,,,,,,,,,,,,".",".",,,,,,,,,,,,,,"1500000US060750214001","Block Group 1",,,,245227,420,72,253,95,0,0,0
"060750214002","Block Group 2, Census Tract 214, San Francisco County, California","ca","150","00",,,,"06","075",,,"021400","2",,,,,,,,,,,,,".",".",,,,,,,,,,,,,,"1500000US060750214002","Block Group 2",,,,177206,696,102,488,97,9,0,0
"060750214003","Block Group 3, Census Tract 214, San Francisco County, California","ca","150","00",,,,"06","075",,,"021400","3",,,,,,,,,,,,,".",".",,,,,,,,,,,,,,"1500000US060750214003","Block Group 3",,,,238000,600,143,331,117,9,0,0
"060750215001","Block Group 1, Census Tract 215, San Francisco County, California","ca","150","00",,,,"06","075",,,"021500","1",,,,,,,,,,,,,".",".",,,,,,,,,,,,,,"1500000US060750215001","Block Group 1",,,,191346,562,56,321,142,11,0,32
"060750215002","Block Group 2, Census Tract 215, San Francisco County, California","ca","150","00",,,,"06","075",,,"021500","2",,,,,,,,,,,,,".",".",,,,,,,,,,,,,,"1500000US060750215002","Block Group 2",,,,152303,772,91,469,164,16,32,0
"060750215003","Block Group 3, Census Tract 215, San Francisco County, California","ca","150","00",,,,"06","075",,,"021500","3",,,,,,,,,,,,,".",".",,,,,,,,,,,,,,"1500000US060750215003","Block Group 3",,,,,262,32,151,59,0,0,20
"060750215004","Block Group 4, Census Tract 215, San Francisco County, California","ca","150","00",,,,"06","075",,,"021500","4",,,,,,,,,,,,,".",".",,,,,,,,,,,,,,"1500000US060750215004","Block Group 4",,,,183184,385,16,172,161,36,0,0
"060750215005","Block Group 5, Census Tract 215, San Francisco County, California","ca","150","00",,,,"06","075",,,"021500","5",,,,,,,,,,,,,".",".",,,,,,,,,,,,,,"1500000US060750215005","Block Group 5",,,,250001,532,22,400,110,0,0,0
"060750216001","Block Group 1, Census Tract 216, San Francisco County, California","ca","150","00",,,,"06","075",,,"021600","1",,,,,,,,,,,,,".",".",,,,,,,,,,,,,,"1500000US060750216001","Block Group 1",,,,250001,929,138,390,380,21,0,0
"060750216002","Block Group 2, Census Tract 216, San Francisco County, California","ca","150","00",,,,"06","075",,,"021600","2",,,,,,,,,,,,,".",".",,,,,,,,,,,,,,"1500000US060750216002","Block Group 2",,,,196875,825,95,463,184,48,35,0
"060750216003","Block Group 3, Census Tract 216, San Francisco County, California","ca","150","00",,,,"06","075",,,"021600","3",,,,,,,,,,,,,".",".",,,,,,,,,,,,,,"1500000US060750216003","Block Group 3",,,,,357,104,157,96,0,0,0
"060750217001","Block Group 1, Census Tract 217, San Francisco County, California","ca","150","00",,,,"06","075",,,"021700","1",,,,,,,,,,,,,".",".",,,,,,,,,,,,,,"1500000US060750217001","Block Group 1",,,,130938,548,10,321,190,27,0,0
"060750217002","Block Group 2, Census Tract 217, San Francisco County, California","ca","150","00",,,,"06","075",,,"021700","2",,,,,,,,,,,,,".",".",,,,,,,,,,,,,,"1500000US060750217002","Block Group 2",,,,178929,640,16,369,203,37,15,0
"060750217003","Block Group 3, Census Tract 217, San Francisco County, California","ca","150","00",,,,"06","075",,,"021700","3",,,,,,,,,,,,,".",".",,,,,,,,,,,,,,"1500000US060750217003","Block Group 3",,,,117034,610,49,347,147,59,0,8
"060750218001","Block Group 1, Census Tract 218, San Francisco County, California","ca","150","00",,,,"06","075",,,"021800","1",,,,,,,,,,,,,".",".",,,,,,,,,,,,,,"1500000US060750218001","Block Group 1",,,,181833,524,55,245,168,56,0,0
"060750218002","Block Group 2, Census Tract 218, San Francisco County, California","ca","150","00",,,,"06","075",,,"021800","2",,,,,,,,,,,,,".",".",,,,,,,,,,,,,,"1500000US060750218002","Block Group 2",,,,250001,449,44,281,107,11,6,0
"060750218003","Block Group 3, Census Tract 218, San Francisco County, California","ca","150","00",,,,"06","075",,,"021800","3",,,,,,,,,,,,,".",".",,,,,,,,,,,,,,"1500000US060750218003","Block Group 3",,,,250001,389,16,239,134,0,0,0
"060750218004","Block Group 4, Census Tract 218, San Francisco County, California","ca","150","00",,,,"06","075",,,"021800","4",,,,,,,,,,,,,".",".",,,,,,,,,,,,,,"1500000US060750218004","Block Group 4",,,,250001,415,56,177,167,15,0,0
"060750226001","Block Group 1, Census Tract 226, San Francisco County, California","ca","150","00",,,,"06","075",,,"022600","1",,,,,,,,,,,,,".",".",,,,,,,,,,,,,,"1500000US060750226001","Block Group 1",,,,241250,1318,348,700,262,8,0,0
"060750226002","Block Group 2, Census Tract 226, San Francisco County, California","ca","150","00",,,,"06","075",,,"022600","2",,,,,,,,,,,,,".",".",,,,,,,,,,,,,,"1500000US060750226002","Block Group 2",,,,250001,867,247,511,92,17,0,0
"060750227021","Block Group 1, Census Tract 227.02, San Francisco County, California","ca","150","00",,,,"06","075",,,"022702","1",,,,,,,,,,,,,".",".",,,,,,,,,,,,,,"1500000US060750227021","Block Group 1",,,,250001,624,75,448,81,20,0,0
"060750227022","Block Group 2, Census Tract 227.02, San Francisco County, California","ca","150","00",,,,"06","075",,,"022702","2",,,,,,,,,,,,,".",".",,,,,,,,,,,,,,"1500000US060750227022","Block Group 2",,,,250001,377,58,226,70,23,0,0
"060750227041","Block Group 1, Census Tract 227.04, San Francisco County, California","ca","150","00",,,,"06","075",,,"022704","1",,,,,,,,,,,,,".",".",,,,,,,,,,,,,,"1500000US060750227041","Block Group 1",,,,250001,854,157,511,164,14,8,0
"060750227042","Block Group 2, Census Tract 227.04, San Francisco County, California","ca","150","00",,,,"06","075",,,"022704","2",,,,,,,,,,,,,".",".",,,,,,,,,,,,,,"1500000US060750227042","Block Group 2",,,,250001,498,26,260,166,11,10,25
"060750227043","Block Group 3, Census Tract 227.04, San Francisco County, California","ca","150","00",,,,"06","075",,,"022704","3",,,,,,,,,,,,,".",".",,,,,,,,,,,,,,"1500000US060750227043","Block Group 3",,,,217931,470,0,329,114,18,9,0
"060750228011","Block Group 1, Census Tract 228.01, San Francisco County, California","ca","150","00",,,,"06","075",,,"022801","1",,,,,,,,,,,,,".",".",,,,,,,,,,,,,,"1500000US060750228011","Block Group 1",,,,106172,725,157,446,103,19,0,0
"060750228012","Block Group 2, Census Tract 228.01, San Francisco County, California","ca","150","00",,,,"06","075",,,"022801","2",,,,,,,,,,,,,".",".",,,,,,,,,,,,,,"1500000US060750228012","Block Group 2",,,,188083,679,131,406,98,44,0,0
"060750228013","Block Group 3, Census Tract 228.01, San Francisco County, California","ca","150","00",,,,"06","075",,,"022801","3",,,,,,,,,,,,,".",".",,,,,,,,,,,,,,"1500000US060750228013","Block Group 3",,,,,491,84,225,154,28,0,0
"060750228021","Block Group 1, Census Tract 228.02, San Francisco County, California","ca","150","00",,,,"06","075",,,"022802","1",,,,,,,,,,,,,".",".",,,,,,,,,,,,,,"1500000US060750228021","Block Group 1",,,,150536,303,89,115,72,27,0,0
"060750228022","Block Group 2, Census Tract 228.02, San Francisco County, California","ca","150","00",,,,"06","075",,,"022802","2",,,,,,,,,,,,,".",".",,,,,,,,,,,,,,"1500000US060750228022","Block Group 2",,,,123611,448,100,283,61,4,0,0
"060750228031","Block Group 1, Census Tract 228.03, San Francisco County, California","ca","150","00",,,,"06","075",,,"022803","1",,,,,,,,,,,,,".",".",,,,,,,,,,,,,,"1500000US060750228031","Block Group 1",,,,157977,803,274,307,151,54,17,0
"060750228032","Block Group 2, Census Tract 228.03, San Francisco County, California","ca","150","00",,,,"06","075",,,"022803","2",,,,,,,,,,,,,".",".",,,,,,,,,,,,,,"1500000US060750228032","Block Group 2",,,,193456,285,66,167,45,7,0,0
"060750228033","Block Group 3, Census Tract 228.03, San Francisco County, California","ca","150","00",,,,"06","075",,,"022803","3",,,,,,,,,,,,,".",".",,,,,,,,,,,,,,"1500000US060750228033","Block Group 3",,,,157287,334,42,174,95,23,0,0
"060750229011","Block Group 1, Census Tract 229.01, San Francisco County, California","ca","150","00",,,,"06","075",,,"022901","1",,,,,,,,,,,,,".",".",,,,,,,,,,,,,,"1500000US060750229011","Block Group 1",,,,133424,475,128,279,68,0,0,0
"060750229012","Block Group 2, Census Tract 229.01, San Francisco County, California","ca","150","00",,,,"06","075",,,"022901","2",,,,,,,,,,,,,".",".",,,,,,,,,,,,,,"1500000US060750229012","Block Group 2",,,,90714,582,185,244,117,36,0,0
"060750229013","Block Group 3, Census Tract 229.01, San Francisco County, California","ca","150","00",,,,"06","075",,,"022901","3",,,,,,,,,,,,,".",".",,,,,,,,,,,,,,"1500000US060750229013","Block Group 3",,,,63036,351,89,205,57,0,0,0
"060750229021","Block Group 1, Census Tract 229.02, San Francisco County, California","ca","150","00",,,,"06","075",,,"022902","1",,,,,,,,,,,,,".",".",,,,,,,,,,,,,,"1500000US060750229021","Block Group 1",,,,230761,378,102,191,76,9,0,0
"060750229022","Block Group 2, Census Tract 229.02, San Francisco County, California","ca","150","00",,,,"06","075",,,"022902","2",,,,,,,,,,,,,".",".",,,,,,,,,,,,,,"1500000US060750229022","Block Group 2",,,,198750,349,58,179,97,15,0,0
"060750229031","Block Group 1, Census Tract 229.03, San Francisco County, California","ca","150","00",,,,"06","075",,,"022903","1",,,,,,,,,,,,,".",".",,,,,,,,,,,,,,"1500000US060750229031","Block Group 1",,,,225777,525,85,270,83,87,0,0
"060750229032","Block Group 2, Census Tract 229.03, San Francisco County, California","ca","150","00",,,,"06","075",,,"022903","2",,,,,,,,,,,,,".",".",,,,,,,,,,,,,,"1500000US060750229032","Block Group 2",,,,250001,256,51,139,61,0,5,0
"060750229033","Block Group 3, Census Tract 229.03, San Francisco County, California","ca","150","00",,,,"06","075",,,"022903","3",,,,,,,,,,,,,".",".",,,,,,,,,,,,,,"1500000US060750229033","Block Group 3",,,,190216,277,23,190,37,21,6,0
"060750230011","Block Group 1, Census Tract 230.01, San Francisco County, California","ca","150","00",,,,"06","075",,,"023001","1",,,,,,,,,,,,,".",".",,,,,,,,,,,,,,"1500000US060750230011","Block Group 1",,,,125500,430,35,17,201,69,66,42
"060750230012","Block Group 2, Census Tract 230.01, San Francisco County, California","ca","150","00",,,,"06","075",,,"023001","2",,,,,,,,,,,,,".",".",,,,,,,,,,,,,,"1500000US060750230012","Block Group 2",,,,145263,354,0,141,146,67,0,0
"060750230013","Block Group 3, Census Tract 230.01, San Francisco County, California","ca","150","00",,,,"06","075",,,"023001","3",,,,,,,,,,,,,".",".",,,,,,,,,,,,,,"1500000US060750230013","Block Group 3",,,,145313,535,0,271,253,0,0,11
"060750230031","Block Group 1, Census Tract 230.03, San Francisco County, California","ca","150","00",,,,"06","075",,,"023003","1",,,,,,,,,,,,,".",".",,,,,,,,,,,,,,"1500000US060750230031","Block Group 1",,,,95871,267,25,150,38,10,44,0
"060750230032","Block Group 2, Census Tract 230.03, San Francisco County, California","ca","150","00",,,,"06","075",,,"023003","2",,,,,,,,,,,,,".",".",,,,,,,,,,,,,,"1500000US060750230032","Block Group 2",,,,,413,91,65,164,51,14,28
"060750230033","Block Group 3, Census Tract 230.03, San Francisco County, California","ca","150","00",,,,"06","075",,,"023003","3",,,,,,,,,,,,,".",".",,,,,,,,,,,,,,"1500000US060750230033","Block Group 3",,,,154516,526,79,195,123,115,0,14
"060750231021","Block Group 1, Census Tract 231.02, San Francisco County, California","ca","150","00",,,,"06","075",,,"023102","1",,,,,,,,,,,,,".",".",,,,,,,,,,,,,,"1500000US060750231021","Block Group 1",,,,57793,679,198,251,148,82,0,0
"060750231022","Block Group 2, Census Tract 231.02, San Francisco County, California","ca","150","00",,,,"06","075",,,"023102","2",,,,,,,,,,,,,".",".",,,,,,,,,,,,,,"1500000US060750231022","Block Group 2",,,,,449,106,218,98,27,0,0
"060750231031","Block Group 1, Census Tract 231.03, San Francisco County, California","ca","150","00",,,,"06","075",,,"023103","1",,,,,,,,,,,,,".",".",,,,,,,,,,,,,,"1500000US060750231031","Block Group 1",,,,27708,619,190,373,56,0,0,0
"060750231032","Block Group 2, Census Tract 231.03, San Francisco County, California","ca","150","00",,,,"06","075",,,"023103","2",,,,,,,,,,,,,".",".",,,,,,,,,,,,,,"1500000US060750231032","Block Group 2",,,,30316,899,176,587,136,0,0,0
"060750232001","Block Group 1, Census Tract 232, San Francisco County, California","ca","150","00",,,,"06","075",,,"023200","1",,,,,,,,,,,,,".",".",,,,,,,,,,,,,,"1500000US060750232001","Block Group 1",,,,123167,514,19,99,209,180,7,0
"060750232002","Block Group 2, Census Tract 232, San Francisco County, California","ca","150","00",,,,"06","075",,,"023200","2",,,,,,,,,,,,,".",".",,,,,,,,,,,,,,"1500000US060750232002","Block Group 2",,,,61458,378,11,259,14,94,0,0
"060750232003","Block Group 3, Census Tract 232, San Francisco County, California","ca","150","00",,,,"06","075",,,"023200","3",,,,,,,,,,,,,".",".",,,,,,,,,,,,,,"1500000US060750232003","Block Group 3",,,,197375,261,19,125,62,33,0,22
"060750233001","Block Group 1, Census Tract 233, San Francisco County, California","ca","150","00",,,,"06","075",,,"023300","1",,,,,,,,,,,,,".",".",,,,,,,,,,,,,,"1500000US060750233001","Block Group 1",,,,,355,83,155,95,17,5,0
"060750233002","Block Group 2, Census Tract 233, San Francisco County, California","ca","150","00",,,,"06","075",,,"023300","2",,,,,,,,,,,,,".",".",,,,,,,,,,,,,,"1500000US060750233002","Block Group 2",,,,115735,926,116,466,188,114,21,21
"060750234001","Block Group 1, Census Tract 234, San Francisco County, California","ca","150","00",,,,"06","075",,,"023400","1",,,,,,,,,,,,,".",".",,,,,,,,,,,,,,"1500000US060750234001","Block Group 1",,,,,643,199,190,113,141,0,0
"060750234002","Block Group 2, Census Tract 234, San Francisco County, California","ca","150","00",,,,"06","075",,,"023400","2",,,,,,,,,,,,,".",".",,,,,,,,,,,,,,"1500000US060750234002","Block Group 2",,,,,526,69,265,92,26,59,15
"060750251001","Block Group 1, Census Tract 251, San Francisco County, California","ca","150","00",,,,"06","075",,,"025100","1",,,,,,,,,,,,,".",".",,,,,,,,,,,,,,"1500000US060750251001","Block Group 1",,,,123594,725,107,303,272,43,0,0
"060750251002","Block Group 2, Census Tract 251, San Francisco County, California","ca","150","00",,,,"06","075",,,"025100","2",,,,,,,,,,,,,".",".",,,,,,,,,,,,,,"1500000US060750251002","Block Group 2",,,,214444,268,20,170,70,8,0,0
"060750251003","Block Group 3, Census Tract 251, San Francisco County, California","ca","150","00",,,,"06","075",,,"025100","3",,,,,,,,,,,,,".",".",,,,,,,,,,,,,,"1500000US060750251003","Block Group 3",,,,138750,313,25,91,120,24,53,0
"060750252001","Block Group 1, Census Tract 252, San Francisco County, California","ca","150","00",,,,"06","075",,,"025200","1",,,,,,,,,,,,,".",".",,,,,,,,,,,,,,"1500000US060750252001","Block Group 1",,,,90368,520,108,323,89,0,0,0
"060750252002","Block Group 2, Census Tract 252, San Francisco County, California","ca","150","00",,,,"06","075",,,"025200","2",,,,,,,,,,,,,".",".",,,,,,,,,,,,,,"1500000US060750252002","Block Group 2",,,,250001,752,57,521,140,34,0,0
"060750252003","Block Group 3, Census Tract 252, San Francisco County, California","ca","150","00",,,,"06","075",,,"025200","3",,,,,,,,,,,,,".",".",,,,,,,,,,,,,,"1500000US060750252003","Block Group 3",,,,250001,659,75,322,235,27,0,0
"060750252004","Block Group 4, Census Tract 252, San Francisco County, California","ca","150","00",,,,"06","075",,,"025200","4",,,,,,,,,,,,,".",".",,,,,,,,,,,,,,"1500000US060750252004","Block Group 4",,,,,532,270,111,151,0,0,0
"060750253001","Block Group 1, Census Tract 253, San Francisco County, California","ca","150","00",,,,"06","075",,,"025300","1",,,,,,,,,,,,,".",".",,,,,,,,,,,,,,"1500000US060750253001","Block Group 1",,,,238864,328,31,204,65,28,0,0
"060750253002","Block Group 2, Census Tract 253, San Francisco County, California","ca","150","00",,,,"06","075",,,"025300","2",,,,,,,,,,,,,".",".",,,,,,,,,,,,,,"1500000US060750253002","Block Group 2",,,,180313,298,5,187,92,14,0,0
"060750253003","Block Group 3, Census Tract 253, San Francisco County, California","ca","150","00",,,,"06","075",,,"025300","3",,,,,,,,,,,,,".",".",,,,,,,,,,,,,,"1500000US060750253003","Block Group 3",,,,170688,285,31,164,71,19,0,0
"060750253004","Block Group 4, Census Tract 253, San Francisco County, California","ca","150","00",,,,"06","075",,,"025300","4",,,,,,,,,,,,,".",".",,,,,,,,,,,,,,"1500000US060750253004","Block Group 4",,,,188672,781,213,340,113,42,18,55
"060750254011","Block Group 1, Census Tract 254.01, San Francisco County, California","ca","150","00",,,,"06","075",,,"025401","1",,,,,,,,,,,,,".",".",,,,,,,,,,,,,,"1500000US060750254011","Block Group 1",,,,118333,556,49,231,248,28,0,0
"060750254012","Block Group 2, Census Tract 254.01, San Francisco County, California","ca","150","00",,,,"06","075",,,"025401","2",,,,,,,,,,,,,".",".",,,,,,,,,,,,,,"1500000US060750254012","Block Group 2",,,,250001,482,66,281,95,24,0,16
"060750254013","Block Group 3, Census Tract 254.01, San Francisco County, California","ca","150","00",,,,"06","075",,,"025401","3",,,,,,,,,,,,,".",".",,,,,,,,,,,,,,"1500000US060750254013","Block Group 3",,,,153650,319,58,194,56,11,0,0
"060750254021","Block Group 1, Census Tract 254.02, San Francisco County, California","ca","150","00",,,,"06","075",,,"025402","1",,,,,,,,,,,,,".",".",,,,,,,,,,,,,,"1500000US060750254021","Block Group 1",,,,169628,457,33,202,96,126,0,0
"060750254022","Block Group 2, Census Tract 254.02, San Francisco County, California","ca","150","00",,,,"06","075",,,"025402","2",,,,,,,,,,,,,".",".",,,,,,,,,,,,,,"1500000US060750254022","Block Group 2",,,,188100,248,9,159,80,0,0,0
"060750254023","Block Group 3, Census Tract 254.02, San Francisco County, California","ca","150","00",,,,"06","075",,,"025402","3",,,,,,,,,,,,,".",".",,,,,,,,,,,,,,"1500000US060750254023","Block Group 3",,,,169914,382,34,144,148,46,10,0
"060750254031","Block Group 1, Census Tract 254.03, San Francisco County, California","ca","150","00",,,,"06","075",,,"025403","1",,,,,,,,,,,,,".",".",,,,,,,,,,,,,,"1500000US060750254031","Block Group 1",,,,171583,785,116,306,219,37,107,0
"060750254032","Block Group 2, Census Tract 254.03, San Francisco County, California","ca","150","00",,,,"06","075",,,"025403","2",,,,,,,,,,,,,".",".",,,,,,,,,,,,,,"1500000US060750254032","Block Group 2",,,,81991,595,56,257,205,21,28,28
"060750255011","Block Group 1, Census Tract 255.01, San Francisco County, California","ca","150","00",,,,"06","075",,,"025501","1",,,,,,,,,,,,,".",".",,,,,,,,,,,,,,"1500000US060750255011","Block Group 1",,,,112143,508,0,144,245,119,0,0
"060750255012","Block Group 2, Census Tract 255.01, San Francisco County, California","ca","150","00",,,,"06","075",,,"025501","2",,,,,,,,,,,,,".",".",,,,,,,,,,,,,,"1500000US060750255012","Block Group 2",,,,169250,352,5,153,153,0,0,41
"060750255013","Block Group 3, Census Tract 255.01, San Francisco County, California","ca","150","00",,,,"06","075",,,"025501","3",,,,,,,,,,,,,".",".",,,,,,,,,,,,,,"1500000US060750255013","Block Group 3",,,,,171,0,61,80,30,0,0
"060750255021","Block Group 1, Census Tract 255.02, San Francisco County, California","ca","150","00",,,,"06","075",,,"025502","1",,,,,,,,,,,,,".",".",,,,,,,,,,,,,,"1500000US060750255021","Block Group 1",,,,173854,213,34,119,23,13,0,24
"060750255022","Block Group 2, Census Tract 255.02, San Francisco County, California","ca","150","00",,,,"06","075",,,"025502","2",,,,,,,,,,,,,".",".",,,,,,,,,,,,,,"1500000US060750255022","Block Group 2",,,,102477,565,92,306,98,69,0,0
"060750255023","Block Group 3, Census Tract 255.02, San Francisco County, California","ca","150","00",,,,"06","075",,,"025502","3",,,,,,,,,,,,,".",".",,,,,,,,,,,,,,"1500000US060750255023","Block Group 3",,,,238106,442,49,227,130,36,0,0
"060750256001","Block Group 1, Census Tract 256, San Francisco County, California","ca","150","00",,,,"06","075",,,"025600","1",,,,,,,,,,,,,".",".",,,,,,,,,,,,,,"1500000US060750256001","Block Group 1",,,,,454,75,152,151,59,17,0
"060750256002","Block Group 2, Census Tract 256, San Francisco County, California","ca","150","00",,,,"06","075",,,"025600","2",,,,,,,,,,,,,".",".",,,,,,,,,,,,,,"1500000US060750256002","Block Group 2",,,,,294,7,119,45,115,8,0
"060750256003","Block Group 3, Census Tract 256, San Francisco County, California","ca","150","00",,,,"06","075",,,"025600","3",,,,,,,,,,,,,".",".",,,,,,,,,,,,,,"1500000US060750256003","Block Group 3",,,,140543,353,41,67,96,27,86,36
"060750256004","Block Group 4, Census Tract 256, San Francisco County, California","ca","150","00",,,,"06","075",,,"025600","4",,,,,,,,,,,,,".",".",,,,,,,,,,,,,,"1500000US060750256004","Block Group 4",,,,108899,555,111,166,146,28,65,39
"060750257011","Block Group 1, Census Tract 257.01, San Francisco County, California","ca","150","00",,,,"06","075",,,"025701","1",,,,,,,,,,,,,".",".",,,,,,,,,,,,,,"1500000US060750257011","Block Group 1",,,,145729,335,0,137,150,13,22,13
"060750257012","Block Group 2, Census Tract 257.01, San Francisco County, California","ca","150","00",,,,"06","075",,,"025701","2",,,,,,,,,,,,,".",".",,,,,,,,,,,,,,"1500000US060750257012","Block Group 2",,,,124099,655,66,257,203,71,12,46
"060750257013","Block Group 3, Census Tract 257.01, San Francisco County, California","ca","150","00",,,,"06","075",,,"025701","3",,,,,,,,,,,,,".",".",,,,,,,,,,,,,,"1500000US060750257013","Block Group 3",,,,131250,569,34,282,82,108,53,10
"060750257021","Block Group 1, Census Tract 257.02, San Francisco County, California","ca","150","00",,,,"06","075",,,"025702","1",,,,,,,,,,,,,".",".",,,,,,,,,,,,,,"1500000US060750257021","Block Group 1",,,,85417,164,27,67,26,22,0,22
"060750257022","Block Group 2, Census Tract 257.02, San Francisco County, California","ca","150","00",,,,"06","075",,,"025702","2",,,,,,,,,,,,,".",".",,,,,,,,,,,,,,"1500000US060750257022","Block Group 2",,,,122622,548,140,38,229,45,86,10
"060750257023","Block Group 3, Census Tract 257.02, San Francisco County, California","ca","150","00",,,,"06","075",,,"025702","3",,,,,,,,,,,,,".",".",,,,,,,,,,,,,,"1500000US060750257023","Block Group 3",,,,99107,423,25,188,102,99,9,0
"060750258001","Block Group 1, Census Tract 258, San Francisco County, California","ca","150","00",,,,"06","075",,,"025800","1",,,,,,,,,,,,,".",".",,,,,,,,,,,,,,"1500000US060750258001","Block Group 1",,,,109583,388,56,142,138,30,0,22
"060750258002","Block Group 2, Census Tract 258, San Francisco County, California","ca","150","00",,,,"06","075",,,"025800","2",,,,,,,,,,,,,".",".",,,,,,,,,,,,,,"1500000US060750258002","Block Group 2",,,,38063,233,102,52,57,22,0,0
"060750259001","Block Group 1, Census Tract 259, San Francisco County, California","ca","150","00",,,,"06","075",,,"025900","1",,,,,,,,,,,,,".",".",,,,,,,,,,,,,,"1500000US060750259001","Block Group 1",,,,154474,614,35,165,329,67,18,0
"060750259002","Block Group 2, Census Tract 259, San Francisco County, California","ca","150","00",,,,"06","075",,,"025900","2",,,,,,,,,,,,,".",".",,,,,,,,,,,,,,"1500000US060750259002","Block Group 2",,,,150858,830,68,261,381,38,50,32
"060750260011","Block Group 1, Census Tract 260.01, San Francisco County, California","ca","150","00",,,,"06","075",,,"026001","1",,,,,,,,,,,,,".",".",,,,,,,,,,,,,,"1500000US060750260011","Block Group 1",,,,176065,533,16,203,106,195,13,0
"060750260012","Block Group 2, Census Tract 260.01, San Francisco County, California","ca","150","00",,,,"06","075",,,"026001","2",,,,,,,,,,,,,".",".",,,,,,,,,,,,,,"1500000US060750260012","Block Group 2",,,,91432,531,81,122,170,136,0,22
"060750260013","Block Group 3, Census Tract 260.01, San Francisco County, California","ca","150","00",,,,"06","075",,,"026001","3",,,,,,,,,,,,,".",".",,,,,,,,,,,,,,"1500000US060750260013","Block Group 3",,,,157440,349,64,141,68,68,8,0
"060750260014","Block Group 4, Census Tract 260.01, San Francisco County, California","ca","150","00",,,,"06","075",,,"026001","4",,,,,,,,,,,,,".",".",,,,,,,,,,,,,,"1500000US060750260014","Block Group 4",,,,98636,372,42,206,71,41,12,0
"060750260021","Block Group 1, Census Tract 260.02, San Francisco County, California","ca","150","00",,,,"06","075",,,"026002","1",,,,,,,,,,,,,".",".",,,,,,,,,,,,,,"1500000US060750260021","Block Group 1",,,,119615,398,20,178,143,44,5,8
"060750260022","Block Group 2, Census Tract 260.02, San Francisco County, California","ca","150","00",,,,"06","075",,,"026002","2",,,,,,,,,,,,,".",".",,,,,,,,,,,,,,"1500000US060750260022","Block Group 2",,,,111250,640,27,218,248,110,27,10
"060750260031","Block Group 1, Census Tract 260.03, San Francisco County, California","ca","150","00",,,,"06","075",,,"026003","1",,,,,,,,,,,,,".",".",,,,,,,,,,,,,,"1500000US060750260031","Block Group 1",,,,104583,762,101,210,287,113,51,0
"060750260032","Block Group 2, Census Tract 260.03, San Francisco County, California","ca","150","00",,,,"06","075",,,"026003","2",,,,,,,,,,,,,".",".",,,,,,,,,,,,,,"1500000US060750260032","Block Group 2",,,,95250,631,52,186,312,17,11,53
"060750260041","Block Group 1, Census Tract 260.04, San Francisco County, California","ca","150","00",,,,"06","075",,,"026004","1",,,,,,,,,,,,,".",".",,,,,,,,,,,,,,"1500000US060750260041","Block Group 1",,,,125000,730,102,320,213,30,65,0
"060750260042","Block Group 2, Census Tract 260.04, San Francisco County, California","ca","150","00",,,,"06","075",,,"026004","2",,,,,,,,,,,,,".",".",,,,,,,,,,,,,,"1500000US060750260042","Block Group 2",,,,156705,391,58,103,158,44,28,0
"060750261001","Block Group 1, Census Tract 261, San Francisco County, California","ca","150","00",,,,"06","075",,,"026100","1",,,,,,,,,,,,,".",".",,,,,,,,,,,,,,"1500000US060750261001","Block Group 1",,,,,372,110,150,77,23,0,12
"060750261002","Block Group 2, Census Tract 261, San Francisco County, California","ca","150","00",,,,"06","075",,,"026100","2",,,,,,,,,,,,,".",".",,,,,,,,,,,,,,"1500000US060750261002","Block Group 2",,,,91806,785,124,175,316,165,0,5
"060750261003","Block Group 3, Census Tract 261, San Francisco County, California","ca","150","00",,,,"06","075",,,"026100","3",,,,,,,,,,,,,".",".",,,,,,,,,,,,,,"1500000US060750261003","Block Group 3",,,,131656,417,78,120,160,59,0,0
"060750261004","Block Group 4, Census Tract 261, San Francisco County, California","ca","150","00",,,,"06","075",,,"026100","4",,,,,,,,,,,,,".",".",,,,,,,,,,,,,,"1500000US060750261004","Block Group 4",,,,163281,433,49,158,152,28,0,46
"060750262011","Block Group 1, Census Tract 262.01, San Francisco County, California","ca","150","00",,,,"06","075",,,"026201","1",,,,,,,,,,,,,".",".",,,,,,,,,,,,,,"1500000US060750262011","Block Group 1",,,,103981,274,47,103,78,37,9,0
"060750262012","Block Group 2, Census Tract 262.01, San Francisco County, California","ca","150","00",,,,"06","075",,,"026201","2",,,,,,,,,,,,,".",".",,,,,,,,,,,,,,"1500000US060750262012","Block Group 2",,,,154211,326,0,107,178,41,0,0
"060750262013","Block Group 3, Census Tract 262.01, San Francisco County, California","ca","150","00",,,,"06","075",,,"026201","3",,,,,,,,,,,,,".",".",,,,,,,,,,,,,,"1500000US060750262013","Block Group 3",,,,149464,399,92,102,93,85,27,0
"060750262021","Block Group 1, Census Tract 262.02, San Francisco County, California","ca","150","00",,,,"06","075",,,"026202","1",,,,,,,,,,,,,".",".",,,,,,,,,,,,,,"1500000US060750262021","Block Group 1",,,,143836,686,66,227,215,81,97,0
"060750262022","Block Group 2, Census Tract 262.02, San Francisco County, California","ca","150","00",,,,"06","075",,,"026202","2",,,,,,,,,,,,,".",".",,,,,,,,,,,,,,"1500000US060750262022","Block Group 2",,,,149861,357,105,73,135,37,0,7
"060750263011","Block Group 1, Census Tract 263.01, San Francisco County, California","ca","150","00",,,,"06","075",,,"026301","1",,,,,,,,,,,,,".",".",,,,,,,,,,,,,,"1500000US060750263011","Block Group 1",,,,113173,303,42,95,129,37,0,0
"060750263012","Block Group 2, Census Tract 263.01, San Francisco County, California","ca","150","00",,,,"06","075",,,"026301","2",,,,,,,,,,,,,".",".",,,,,,,,,,,,,,"1500000US060750263012","Block Group 2",,,,88125,712,162,277,150,118,5,0
"060750263013","Block Group 3, Census Tract 263.01, San Francisco County, California","ca","150","00",,,,"06","075",,,"026301","3",,,,,,,,,,,,,".",".",,,,,,,,,,,,,,"1500000US060750263013","Block Group 3",,,,129688,350,100,110,65,50,4,21
"060750263021","Block Group 1, Census Tract 263.02, San Francisco County, California","ca","150","00",,,,"06","075",,,"026302","1",,,,,,,,,,,,,".",".",,,,,,,,,,,,,,"1500000US060750263021","Block Group 1",,,,201500,326,50,143,23,64,46,0
"060750263022","Block Group 2, Census Tract 263.02, San Francisco County, California","ca","150","00",,,,"06","075",,,"026302","2",,,,,,,,,,,,,".",".",,,,,,,,,,,,,,"1500000US060750263022","Block Group 2",,,,128603,288,19,124,51,46,25,23
"060750263023","Block Group 3, Census Tract 263.02, San Francisco County, California","ca","150","00",,,,"06","075",,,"026302","3",,,,,,,,,,,,,".",".",,,,,,,,,,,,,,"1500000US060750263023","Block Group 3",,,,85455,938,95,424,256,131,24,8
"060750263031","Block Group 1, Census Tract 263.03, San Francisco County, California","ca","150","00",,,,"06","075",,,"026303","1",,,,,,,,,,,,,".",".",,,,,,,,,,,,,,"1500000US060750263031","Block Group 1",,,,128894,553,26,122,273,53,12,67
"060750263032","Block Group 2, Census Tract 263.03, San Francisco County, California","ca","150","00",,,,"06","075",,,"026303","2",,,,,,,,,,,,,".",".",,,,,,,,,,,,,,"1500000US060750263032","Block Group 2",,,,82132,368,7,98,85,110,68,0
"060750263033","Block Group 3, Census Tract 263.03, San Francisco County, California","ca","150","00",,,,"06","075",,,"026303","3",,,,,,,,,,,,,".",".",,,,,,,,,,,,,,"1500000US060750263033","Block Group 3",,,,,421,32,58,259,48,24,0
"060750264011","Block Group 1, Census Tract 264.01, San Francisco County, California","ca","150","00",,,,"06","075",,,"026401","1",,,,,,,,,,,,,".",".",,,,,,,,,,,,,,"1500000US060750264011","Block Group 1",,,,93750,528,72,126,170,92,68,0
"060750264012","Block Group 2, Census Tract 264.01, San Francisco County, California","ca","150","00",,,,"06","075",,,"026401","2",,,,,,,,,,,,,".",".",,,,,,,,,,,,,,"1500000US060750264012","Block Group 2",,,,78920,507,199,118,104,41,32,13
"060750264021","Block Group 1, Census Tract 264.02, San Francisco County, California","ca","150","00",,,,"06","075",,,"026402","1",,,,,,,,,,,,,".",".",,,,,,,,,,,,,,"1500000US060750264021","Block Group 1",,,,122639,281,43,92,79,7,0,60
"060750264022","Block Group 2, Census Tract 264.02, San Francisco County, California","ca","150","00",,,,"06","075",,,"026402","2",,,,,,,,,,,,,".",".",,,,,,,,,,,,,,"1500000US060750264022","Block Group 2",,,,108977,486,54,201,112,109,10,0
"060750264023","Block Group 3, Census Tract 264.02, San Francisco County, California","ca","150","00",,,,"06","075",,,"026402","3",,,,,,,,,,,,,".",".",,,,,,,,,,,,,,"1500000US060750264023","Block Group 3",,,,209297,495,47,109,194,134,0,11
"060750264031","Block Group 1, Census Tract 264.03, San Francisco County, California","ca","150","00",,,,"06","075",,,"026403","1",,,,,,,,,,,,,".",".",,,,,,,,,,,,,,"1500000US060750264031","Block Group 1",,,,125833,442,79,127,76,160,0,0
"060750264032","Block Group 2, Census Tract 264.03, San Francisco County, California","ca","150","00",,,,"06","075",,,"026403","2",,,,,,,,,,,,,".",".",,,,,,,,,,,,,,"1500000US060750264032","Block Group 2",,,,70359,667,85,273,136,150,22,1
"060750264041","Block Group 1, Census Tract 264.04, San Francisco County, California","ca","150","00",,,,"06","075",,,"026404","1",,,,,,,,,,,,,".",".",,,,,,,,,,,,,,"1500000US060750264041","Block Group 1",,,,68906,424,69,132,115,77,23,8
"060750264042","Block Group 2, Census Tract 264.04, San Francisco County, California","ca","150","00",,,,"06","075",,,"026404","2",,,,,,,,,,,,,".",".",,,,,,,,,,,,,,"1500000US060750264042","Block Group 2",,,,97000,270,26,86,90,65,3,0
"060750301011","Block Group 1, Census Tract 301.01, San Francisco County, California","ca","150","00",,,,"06","075",,,"030101","1",,,,,,,,,,,,,".",".",,,,,,,,,,,,,,"1500000US060750301011","Block Group 1",,,,157989,737,165,532,40,0,0,0
"060750301012","Block Group 2, Census Tract 301.01, San Francisco County, California","ca","150","00",,,,"06","075",,,"030101","2",,,,,,,,,,,,,".",".",,,,,,,,,,,,,,"1500000US060750301012","Block Group 2",,,,131491,572,172,296,86,18,0,0
"060750301013","Block Group 3, Census Tract 301.01, San Francisco County, California","ca","150","00",,,,"06","075",,,"030101","3",,,,,,,,,,,,,".",".",,,,,,,,,,,,,,"1500000US060750301013","Block Group 3",,,,127679,303,126,133,44,0,0,0
"060750301014","Block Group 4, Census Tract 301.01, San Francisco County, California","ca","150","00",,,,"06","075",,,"030101","4",,,,,,,,,,,,,".",".",,,,,,,,,,,,,,"1500000US060750301014","Block Group 4",,,,180246,486,134,157,182,13,0,0
"060750301021","Block Group 1, Census Tract 301.02, San Francisco County, California","ca","150","00",,,,"06","075",,,"030102","1",,,,,,,,,,,,,".",".",,,,,,,,,,,,,,"1500000US060750301021","Block Group 1",,,,227315,588,46,314,184,35,9,0
"060750301022","Block Group 2, Census Tract 301.02, San Francisco County, California","ca","150","00",,,,"06","075",,,"030102","2",,,,,,,,,,,,,".",".",,,,,,,,,,,,,,"1500000US060750301022","Block Group 2",,,,250001,311,40,194,63,14,0,0
"060750301023","Block Group 3, Census Tract 301.02, San Francisco County, California","ca","150","00",,,,"06","075",,,"030102","3",,,,,,,,,,,,,".",".",,,,,,,,,,,,,,"1500000US060750301023","Block Group 3",,,,126029,834,133,658,31,12,0,0
"060750301024","Block Group 4, Census Tract 301.02, San Francisco County, California","ca","150","00",,,,"06","075",,,"030102","4",,,,,,,,,,,,,".",".",,,,,,,,,,,,,,"1500000US060750301024","Block Group 4",,,,147070,387,41,257,33,46,10,0
"060750302011","Block Group 1, Census Tract 302.01, San Francisco County, California","ca","150","00",,,,"06","075",,,"030201","1",,,,,,,,,,,,,".",".",,,,,,,,,,,,,,"1500000US060750302011","Block Group 1",,,,96464,999,379,438,146,11,25,0
"060750302012","Block Group 2, Census Tract 302.01, San Francisco County, California","ca","150","00",,,,"06","075",,,"030201","2",,,,,,,,,,,,,".",".",,,,,,,,,,,,,,"1500000US060750302012","Block Group 2",,,,81500,424,102,225,62,10,24,1
"060750302013","Block Group 3, Census Tract 302.01, San Francisco County, California","ca","150","00",,,,"06","075",,,"030201","3",,,,,,,,,,,,,".",".",,,,,,,,,,,,,,"1500000US060750302013","Block Group 3",,,,182250,548,130,285,97,32,4,0
"060750302021","Block Group 1, Census Tract 302.02, San Francisco County, California","ca","150","00",,,,"06","075",,,"030202","1",,,,,,,,,,,,,".",".",,,,,,,,,,,,,,"1500000US060750302021","Block Group 1",,,,181452,832,210,541,64,17,0,0
"060750302022","Block Group 2, Census Tract 302.02, San Francisco County, California","ca","150","00",,,,"06","075",,,"030202","2",,,,,,,,,,,,,".",".",,,,,,,,,,,,,,"1500000US060750302022","Block Group 2",,,,132188,680,304,259,109,0,8,0
"060750302023","Block Group 3, Census Tract 302.02, San Francisco County, California","ca","150","00",,,,"06","075",,,"030202","3",,,,,,,,,,,,,".",".",,,,,,,,,,,,,,"1500000US060750302023","Block Group 3",,,,138839,533,113,319,84,17,0,0
"060750303011","Block Group 1, Census Tract 303.01, San Francisco County, California","ca","150","00",,,,"06","075",,,"030301","1",,,,,,,,,,,,,".",".",,,,,,,,,,,,,,"1500000US060750303011","Block Group 1",,,,186125,316,24,102,139,34,0,17
"060750303012","Block Group 2, Census Tract 303.01, San Francisco County, California","ca","150","00",,,,"06","075",,,"030301","2",,,,,,,,,,,,,".",".",,,,,,,,,,,,,,"1500000US060750303012","Block Group 2",,,,197202,834,126,379,184,101,0,44
"060750303013","Block Group 3, Census Tract 303.01, San Francisco County, California","ca","150","00",,,,"06","075",,,"030301","3",,,,,,,,,,,,,".",".",,,,,,,,,,,,,,"1500000US060750303013","Block Group 3",,,,202887,887,50,667,117,7,46,0
"060750303014","Block Group 4, Census Tract 303.01, San Francisco County, California","ca","150","00",,,,"06","075",,,"030301","4",,,,,,,,,,,,,".",".",,,,,,,,,,,,,,"1500000US060750303014","Block Group 4",,,,146042,505,17,187,228,40,33,0
"060750303021","Block Group 1, Census Tract 303.02, San Francisco County, California","ca","150","00",,,,"06","075",,,"030302","1",,,,,,,,,,,,,".",".",,,,,,,,,,,,,,"1500000US060750303021","Block Group 1",,,,135455,426,0,210,114,48,33,21
"060750303022","Block Group 2, Census Tract 303.02, San Francisco County, California","ca","150","00",,,,"06","075",,,"030302","2",,,,,,,,,,,,,".",".",,,,,,,,,,,,,,"1500000US060750303022","Block Group 2",,,,250001,453,9,240,154,37,13,0
"060750303023","Block Group 3, Census Tract 303.02, San Francisco County, California","ca","150","00",,,,"06","075",,,"030302","3",,,,,,,,,,,,,".",".",,,,,,,,,,,,,,"1500000US060750303023","Block Group 3",,,,166979,439,8,149,196,67,19,0
"060750304001","Block Group 1, Census Tract 304, San Francisco County, California","ca","150","00",,,,"06","075",,,"030400","1",,,,,,,,,,,,,".",".",,,,,,,,,,,,,,"1500000US060750304001","Block Group 1",,,,177917,420,14,104,232,58,0,12
"060750304002","Block Group 2, Census Tract 304, San Francisco County, California","ca","150","00",,,,"06","075",,,"030400","2",,,,,,,,,,,,,".",".",,,,,,,,,,,,,,"1500000US060750304002","Block Group 2",,,,250001,364,0,155,168,41,0,0
"060750304003","Block Group 3, Census Tract 304, San Francisco County, California","ca","150","00",,,,"06","075",,,"030400","3",,,,,,,,,,,,,".",".",,,,,,,,,,,,,,"1500000US060750304003","Block Group 3",,,,,701,15,235,390,50,11,0
"060750304004","Block Group 4, Census Tract 304, San Francisco County, California","ca","150","00",,,,"06","075",,,"030400","4",,,,,,,,,,,,,".",".",,,,,,,,,,,,,,"1500000US060750304004","Block Group 4",,,,116818,368,106,97,157,8,0,0
"060750304005","Block Group 5, Census Tract 304, San Francisco County, California","ca","150","00",,,,"06","075",,,"030400","5",,,,,,,,,,,,,".",".",,,,,,,,,,,,,,"1500000US060750304005","Block Group 5",,,,,340,15,195,120,10,0,0
"060750305001","Block Group 1, Census Tract 305, San Francisco County, California","ca","150","00",,,,"06","075",,,"030500","1",,,,,,,,,,,,,".",".",,,,,,,,,,,,,,"1500000US060750305001","Block Group 1",,,,167895,290,21,127,68,60,14,0
"060750305002","Block Group 2, Census Tract 305, San Francisco County, California","ca","150","00",,,,"06","075",,,"030500","2",,,,,,,,,,,,,".",".",,,,,,,,,,,,,,"1500000US060750305002","Block Group 2",,,,197452,428,24,78,173,77,24,52
"060750305003","Block Group 3, Census Tract 305, San Francisco County, California","ca","150","00",,,,"06","075",,,"030500","3",,,,,,,,,,,,,".",".",,,,,,,,,,,,,,"1500000US060750305003","Block Group 3",,,,,290,89,86,67,48,0,0
"060750306001","Block Group 1, Census Tract 306, San Francisco County, California","ca","150","00",,,,"06","075",,,"030600","1",,,,,,,,,,,,,".",".",,,,,,,,,,,,,,"1500000US060750306001","Block Group 1",,,,236667,254,6,96,129,23,0,0
"060750306002","Block Group 2, Census Tract 306, San Francisco County, California","ca","150","00",,,,"06","075",,,"030600","2",,,,,,,,,,,,,".",".",,,,,,,,,,,,,,"1500000US060750306002","Block Group 2",,,,228542,341,27,108,187,19,0,0
"060750306003","Block Group 3, Census Tract 306, San Francisco County, California","ca","150","00",,,,"06","075",,,"030600","3",,,,,,,,,,,,,".",".",,,,,,,,,,,,,,"1500000US060750306003","Block Group 3",,,,250001,308,0,104,113,75,11,5
"060750307001","Block Group 1, Census Tract 307, San Francisco County, California","ca","150","00",,,,"06","075",,,"030700","1",,,,,,,,,,,,,".",".",,,,,,,,,,,,,,"1500000US060750307001","Block Group 1",,,,149770,1294,75,352,670,182,15,0
"060750307002","Block Group 2, Census Tract 307, San Francisco County, California","ca","150","00",,,,"06","075",,,"030700","2",,,,,,,,,,,,,".",".",,,,,,,,,,,,,,"1500000US060750307002","Block Group 2",,,,180417,541,0,214,271,14,42,0
"060750307003","Block Group 3, Census Tract 307, San Francisco County, California","ca","150","00",,,,"06","075",,,"030700","3",,,,,,,,,,,,,".",".",,,,,,,,,,,,,,"1500000US060750307003","Block Group 3",,,,202892,850,45,316,397,55,37,0
"060750308001","Block Group 1, Census Tract 308, San Francisco County, California","ca","150","00",,,,"06","075",,,"030800","1",,,,,,,,,,,,,".",".",,,,,,,,,,,,,,"1500000US060750308001","Block Group 1",,,,250001,315,18,99,101,97,0,0
"060750308002","Block Group 2, Census Tract 308, San Francisco County, California","ca","150","00",,,,"06","075",,,"030800","2",,,,,,,,,,,,,".",".",,,,,,,,,,,,,,"1500000US060750308002","Block Group 2",,,,250001,277,0,37,207,33,0,0
"060750308003","Block Group 3, Census Tract 308, San Francisco County, California","ca","150","00",,,,"06","075",,,"030800","3",,,,,,,,,,,,,".",".",,,,,,,,,,,,,,"1500000US060750308003","Block Group 3",,,,250001,174,0,27,51,14,20,62
"060750308004","Block Group 4, Census Tract 308, San Francisco County, California","ca","150","00",,,,"06","075",,,"030800","4",,,,,,,,,,,,,".",".",,,,,,,,,,,,,,"1500000US060750308004","Block Group 4",,,,136357,744,161,222,254,107,0,0
"060750308005","Block Group 5, Census Tract 308, San Francisco County, California","ca","150","00",,,,"06","075",,,"030800","5",,,,,,,,,,,,,".",".",,,,,,,,,,,,,,"1500000US060750308005","Block Group 5",,,,151912,488,91,133,153,85,26,0
"060750309001","Block Group 1, Census Tract 309, San Francisco County, California","ca","150","00",,,,"06","075",,,"030900","1",,,,,,,,,,,,,".",".",,,,,,,,,,,,,,"1500000US060750309001","Block Group 1",,,,250001,274,0,118,106,50,0,0
"060750309002","Block Group 2, Census Tract 309, San Francisco County, California","ca","150","00",,,,"06","075",,,"030900","2",,,,,,,,,,,,,".",".",,,,,,,,,,,,,,"1500000US060750309002","Block Group 2",,,,237755,734,13,109,476,75,61,0
"060750309003","Block Group 3, Census Tract 309, San Francisco County, California","ca","150","00",,,,"06","075",,,"030900","3",,,,,,,,,,,,,".",".",,,,,,,,,,,,,,"1500000US060750309003","Block Group 3",,,,194605,330,0,71,72,108,79,0
"060750309004","Block Group 4, Census Tract 309, San Francisco County, California","ca","150","00",,,,"06","075",,,"030900","4",,,,,,,,,,,,,".",".",,,,,,,,,,,,,,"1500000US060750309004","Block Group 4",,,,,324,86,125,51,38,24,0
"060750309005","Block Group 5, Census Tract 309, San Francisco County, California","ca","150","00",,,,"06","075",,,"030900","5",,,,,,,,,,,,,".",".",,,,,,,,,,,,,,"1500000US060750309005","Block Group 5",,,,250001,172,0,18,89,7,58,0
"060750309006","Block Group 6, Census Tract 309, San Francisco County, California","ca","150","00",,,,"06","075",,,"030900","6",,,,,,,,,,,,,".",".",,,,,,,,,,,,,,"1500000US060750309006","Block Group 6",,,,250001,173,0,53,81,0,0,39
"060750309007","Block Group 7, Census Tract 309, San Francisco County, California","ca","150","00",,,,"06","075",,,"030900","7",,,,,,,,,,,,,".",".",,,,,,,,,,,,,,"1500000US060750309007","Block Group 7",,,,133601,303,0,127,117,32,27,0
"060750310001","Block Group 1, Census Tract 310, San Francisco County, California","ca","150","00",,,,"06","075",,,"031000","1",,,,,,,,,,,,,".",".",,,,,,,,,,,,,,"1500000US060750310001","Block Group 1",,,,202306,354,23,17,140,58,116,0
"060750310002","Block Group 2, Census Tract 310, San Francisco County, California","ca","150","00",,,,"06","075",,,"031000","2",,,,,,,,,,,,,".",".",,,,,,,,,,,,,,"1500000US060750310002","Block Group 2",,,,164444,640,86,335,146,46,16,11
"060750310003","Block Group 3, Census Tract 310, San Francisco County, California","ca","150","00",,,,"06","075",,,"031000","3",,,,,,,,,,,,,".",".",,,,,,,,,,,,,,"1500000US060750310003","Block Group 3",,,,178409,546,23,200,241,48,34,0
"060750311001","Block Group 1, Census Tract 311, San Francisco County, California","ca","150","00",,,,"06","075",,,"031100","1",,,,,,,,,,,,,".",".",,,,,,,,,,,,,,"1500000US060750311001","Block Group 1",,,,250001,420,15,225,73,26,81,0
"060750311002","Block Group 2, Census Tract 311, San Francisco County, California","ca","150","00",,,,"06","075",,,"031100","2",,,,,,,,,,,,,".",".",,,,,,,,,,,,,,"1500000US060750311002","Block Group 2",,,,155393,501,106,210,185,0,0,0
"060750311003","Block Group 3, Census Tract 311, San Francisco County, California","ca","150","00",,,,"06","075",,,"031100","3",,,,,,,,,,,,,".",".",,,,,,,,,,,,,,"1500000US060750311003","Block Group 3",,,,211083,283,28,119,119,17,0,0
"060750311004","Block Group 4, Census Tract 311, San Francisco County, California","ca","150","00",,,,"06","075",,,"031100","4",,,,,,,,,,,,,".",".",,,,,,,,,,,,,,"1500000US060750311004","Block Group 4",,,,172426,509,16,150,203,84,56,0
"060750311005","Block Group 5, Census Tract 311, San Francisco County, California","ca","150","00",,,,"06","075",,,"031100","5",,,,,,,,,,,,,".",".",,,,,,,,,,,,,,"1500000US060750311005","Block Group 5",,,,196955,674,39,299,188,148,0,0
"060750312011","Block Group 1, Census Tract 312.01, San Francisco County, California","ca","150","00",,,,"06","075",,,"031201","1",,,,,,,,,,,,,".",".",,,,,,,,,,,,,,"1500000US060750312011","Block Group 1",,,,102014,775,142,183,282,74,46,48
"060750312012","Block Group 2, Census Tract 312.01, San Francisco County, California","ca","150","00",,,,"06","075",,,"031201","2",,,,,,,,,,,,,".",".",,,,,,,,,,,,,,"1500000US060750312012","Block Group 2",,,,98867,481,191,228,50,12,0,0
"060750312013","Block Group 3, Census Tract 312.01, San Francisco County, California","ca","150","00",,,,"06","075",,,"031201","3",,,,,,,,,,,,,".",".",,,,,,,,,,,,,,"1500000US060750312013","Block Group 3",,,,136435,201,86,21,47,17,25,5
"060750312014","Block Group 4, Census Tract 312.01, San Francisco County, California","ca","150","00",,,,"06","075",,,"031201","4",,,,,,,,,,,,,".",".",,,,,,,,,,,,,,"1500000US060750312014","Block Group 4",,,,,332,84,102,92,39,15,0
"060750312021","Block Group 1, Census Tract 312.02, San Francisco County, California","ca","150","00",,,,"06","075",,,"031202","1",,,,,,,,,,,,,".",".",,,,,,,,,,,,,,"1500000US060750312021","Block Group 1",,,,144402,375,67,81,159,37,31,0
"060750312022","Block Group 2, Census Tract 312.02, San Francisco County, California","ca","150","00",,,,"06","075",,,"031202","2",,,,,,,,,,,,,".",".",,,,,,,,,,,,,,"1500000US060750312022","Block Group 2",,,,181791,443,40,154,144,58,41,6
"060750313011","Block Group 1, Census Tract 313.01, San Francisco County, California","ca","150","00",,,,"06","075",,,"031301","1",,,,,,,,,,,,,".",".",,,,,,,,,,,,,,"1500000US060750313011","Block Group 1",,,,51781,491,45,291,65,50,0,40
"060750313012","Block Group 2, Census Tract 313.01, San Francisco County, California","ca","150","00",,,,"06","075",,,"031301","2",,,,,,,,,,,,,".",".",,,,,,,,,,,,,,"1500000US060750313012","Block Group 2",,,,131131,481,37,155,147,124,9,9
"060750313013","Block Group 3, Census Tract 313.01, San Francisco County, California","ca","150","00",,,,"06","075",,,"031301","3",,,,,,,,,,,,,".",".",,,,,,,,,,,,,,"1500000US060750313013","Block Group 3",,,,178180,588,35,378,81,73,11,10
"060750313021","Block Group 1, Census Tract 313.02, San Francisco County, California","ca","150","00",,,,"06","075",,,"031302","1",,,,,,,,,,,,,".",".",,,,,,,,,,,,,,"1500000US060750313021","Block Group 1",,,,93839,540,37,273,203,27,0,0
"060750313022","Block Group 2, Census Tract 313.02, San Francisco County, California","ca","150","00",,,,"06","075",,,"031302","2",,,,,,,,,,,,,".",".",,,,,,,,,,,,,,"1500000US060750313022","Block Group 2",,,,118396,369,19,203,116,31,0,0
"060750313023","Block Group 3, Census Tract 313.02, San Francisco County, California","ca","150","00",,,,"06","075",,,"031302","3",,,,,,,,,,,,,".",".",,,,,,,,,,,,,,"1500000US060750313023","Block Group 3",,,,171500,824,62,380,295,87,0,0
"060750314011","Block Group 1, Census Tract 314.01, San Francisco County, California","ca","150","00",,,,"06","075",,,"031401","1",,,,,,,,,,,,,".",".",,,,,,,,,,,,,,"1500000US060750314011","Block Group 1",,,,99893,415,0,193,149,57,12,4
"060750314012","Block Group 2, Census Tract 314.01, San Francisco County, California","ca","150","00",,,,"06","075",,,"031401","2",,,,,,,,,,,,,".",".",,,,,,,,,,,,,,"1500000US060750314012","Block Group 2",,,,113750,243,91,49,31,21,0,51
"060750314021","Block Group 1, Census Tract 314.02, San Francisco County, California","ca","150","00",,,,"06","075",,,"031402","1",,,,,,,,,,,,,".",".",,,,,,,,,,,,,,"1500000US060750314021","Block Group 1",,,,150446,690,103,147,254,151,21,14
"060750314022","Block Group 2, Census Tract 314.02, San Francisco County, California","ca","150","00",,,,"06","075",,,"031402","2",,,,,,,,,,,,,".",".",,,,,,,,,,,,,,"1500000US060750314022","Block Group 2",,,,201333,272,44,70,84,74,0,0
"060750314023","Block Group 3, Census Tract 314.02, San Francisco County, California","ca","150","00",,,,"06","075",,,"031402","3",,,,,,,,,,,,,".",".",,,,,,,,,,,,,,"1500000US060750314023","Block Group 3",,,,216250,242,33,84,73,52,0,0
"060750326011","Block Group 1, Census Tract 326.01, San Francisco County, California","ca","150","00",,,,"06","075",,,"032601","1",,,,,,,,,,,,,".",".",,,,,,,,,,,,,,"1500000US060750326011","Block Group 1",,,,152083,638,79,410,127,22,0,0
"060750326012","Block Group 2, Census Tract 326.01, San Francisco County, California","ca","150","00",,,,"06","075",,,"032601","2",,,,,,,,,,,,,".",".",,,,,,,,,,,,,,"1500000US060750326012","Block Group 2",,,,119250,672,217,161,215,32,35,12
"060750326013","Block Group 3, Census Tract 326.01, San Francisco County, California","ca","150","00",,,,"06","075",,,"032601","3",,,,,,,,,,,,,".",".",,,,,,,,,,,,,,"1500000US060750326013","Block Group 3",,,,166250,472,40,226,131,47,0,28
"060750326021","Block Group 1, Census Tract 326.02, San Francisco County, California","ca","150","00",,,,"06","075",,,"032602","1",,,,,,,,,,,,,".",".",,,,,,,,,,,,,,"1500000US060750326021","Block Group 1",,,,213125,610,25,200,291,25,42,27
"060750326022","Block Group 2, Census Tract 326.02, San Francisco County, California","ca","150","00",,,,"06","075",,,"032602","2",,,,,,,,,,,,,".",".",,,,,,,,,,,,,,"1500000US060750326022","Block Group 2",,,,144750,450,76,164,115,47,42,6
"060750326023","Block Group 3, Census Tract 326.02, San Francisco County, California","ca","150","00",,,,"06","075",,,"032602","3",,,,,,,,,,,,,".",".",,,,,,,,,,,,,,"1500000US060750326023","Block Group 3",,,,74531,375,86,176,81,13,7,12
"060750327001","Block Group 1, Census Tract 327, San Francisco County, California","ca","150","00",,,,"06","075",,,"032700","1",,,,,,,,,,,,,".",".",,,,,,,,,,,,,,"1500000US060750327001","Block Group 1",,,,145764,241,68,19,96,35,23,0
"060750327002","Block Group 2, Census Tract 327, San Francisco County, California","ca","150","00",,,,"06","075",,,"032700","2",,,,,,,,,,,,,".",".",,,,,,,,,,,,,,"1500000US060750327002","Block Group 2",,,,,538,20,259,179,60,20,0
"060750327003","Block Group 3, Census Tract 327, San Francisco County, California","ca","150","00",,,,"06","075",,,"032700","3",,,,,,,,,,,,,".",".",,,,,,,,,,,,,,"1500000US060750327003","Block Group 3",,,,86489,434,71,124,213,19,7,0
"060750327004","Block Group 4, Census Tract 327, San Francisco County, California","ca","150","00",,,,"06","075",,,"032700","4",,,,,,,,,,,,,".",".",,,,,,,,,,,,,,"1500000US060750327004","Block Group 4",,,,112481,255,0,57,176,22,0,0
"060750327005","Block Group 5, Census Tract 327, San Francisco County, California","ca","150","00",,,,"06","075",,,"032700","5",,,,,,,,,,,,,".",".",,,,,,,,,,,,,,"1500000US060750327005","Block Group 5",,,,104333,218,0,64,115,39,0,0
"060750327006","Block Group 6, Census Tract 327, San Francisco County, California","ca","150","00",,,,"06","075",,,"032700","6",,,,,,,,,,,,,".",".",,,,,,,,,,,,,,"1500000US060750327006","Block Group 6",,,,250001,301,0,85,160,48,8,0
"060750327007","Block Group 7, Census Tract 327, San Francisco County, California","ca","150","00",,,,"06","075",,,"032700","7",,,,,,,,,,,,,".",".",,,,,,,,,,,,,,"1500000US060750327007","Block Group 7",,,,250001,427,17,41,327,42,0,0
"060750328011","Block Group 1, Census Tract 328.01, San Francisco County, California","ca","150","00",,,,"06","075",,,"032801","1",,,,,,,,,,,,,".",".",,,,,,,,,,,,,,"1500000US060750328011","Block Group 1",,,,102857,452,20,291,122,19,0,0
"060750328012","Block Group 2, Census Tract 328.01, San Francisco County, California","ca","150","00",,,,"06","075",,,"032801","2",,,,,,,,,,,,,".",".",,,,,,,,,,,,,,"1500000US060750328012","Block Group 2",,,,174018,423,10,244,146,12,11,0
"060750328013","Block Group 3, Census Tract 328.01, San Francisco County, California","ca","150","00",,,,"06","075",,,"032801","3",,,,,,,,,,,,,".",".",,,,,,,,,,,,,,"1500000US060750328013","Block Group 3",,,,196406,438,40,74,208,84,32,0
"060750328021","Block Group 1, Census Tract 328.02, San Francisco County, California","ca","150","00",,,,"06","075",,,"032802","1",,,,,,,,,,,,,".",".",,,,,,,,,,,,,,"1500000US060750328021","Block Group 1",,,,102813,618,114,323,120,28,33,0
"060750328022","Block Group 2, Census Tract 328.02, San Francisco County, California","ca","150","00",,,,"06","075",,,"032802","2",,,,,,,,,,,,,".",".",,,,,,,,,,,,,,"1500000US060750328022","Block Group 2",,,,167692,560,36,255,117,24,116,12
"060750328023","Block Group 3, Census Tract 328.02, San Francisco County, California","ca","150","00",,,,"06","075",,,"032802","3",,,,,,,,,,,,,".",".",,,,,,,,,,,,,,"1500000US060750328023","Block Group 3",,,,193611,350,37,180,124,9,0,0
"060750329011","Block Group 1, Census Tract 329.01, San Francisco County, California","ca","150","00",,,,"06","075",,,"032901","1",,,,,,,,,,,,,".",".",,,,,,,,,,,,,,"1500000US060750329011","Block Group 1",,,,168111,306,43,120,69,35,39,0
"060750329012","Block Group 2, Census Tract 329.01, San Francisco County, California","ca","150","00",,,,"06","075",,,"032901","2",,,,,,,,,,,,,".",".",,,,,,,,,,,,,,"1500000US060750329012","Block Group 2",,,,175982,433,25,137,165,70,36,0
"060750329013","Block Group 3, Census Tract 329.01, San Francisco County, California","ca","150","00",,,,"06","075",,,"032901","3",,,,,,,,,,,,,".",".",,,,,,,,,,,,,,"1500000US060750329013","Block Group 3",,,,203889,438,31,172,147,82,0,6
"060750329014","Block Group 4, Census Tract 329.01, San Francisco County, California","ca","150","00",,,,"06","075",,,"032901","4",,,,,,,,,,,,,".",".",,,,,,,,,,,,,,"1500000US060750329014","Block Group 4",,,,165039,465,109,169,101,77,9,0
"060750329021","Block Group 1, Census Tract 329.02, San Francisco County, California","ca","150","00",,,,"06","075",,,"032902","1",,,,,,,,,,,,,".",".",,,,,,,,,,,,,,"1500000US060750329021","Block Group 1",,,,131641,481,22,159,211,29,60,0
"060750329022","Block Group 2, Census Tract 329.02, San Francisco County, California","ca","150","00",,,,"06","075",,,"032902","2",,,,,,,,,,,,,".",".",,,,,,,,,,,,,,"1500000US060750329022","Block Group 2",,,,102375,432,44,161,145,82,0,0
"060750329023","Block Group 3, Census Tract 329.02, San Francisco County, California","ca","150","00",,,,"06","075",,,"032902","3",,,,,,,,,,,,,".",".",,,,,,,,,,,,,,"1500000US060750329023","Block Group 3",,,,105655,417,16,161,212,20,8,0
"060750330011","Block Group 1, Census Tract 330.01, San Francisco County, California","ca","150","00",,,,"06","075",,,"033001","1",,,,,,,,,,,,,".",".",,,,,,,,,,,,,,"1500000US060750330011","Block Group 1",,,,168348,613,28,45,421,107,12,0
"060750330012","Block Group 2, Census Tract 330.01, San Francisco County, California","ca","150","00",,,,"06","075",,,"033001","2",,,,,,,,,,,,,".",".",,,,,,,,,,,,,,"1500000US060750330012","Block Group 2",,,,138846,434,64,212,66,53,13,26
"060750330013","Block Group 3, Census Tract 330.01, San Francisco County, California","ca","150","00",,,,"06","075",,,"033001","3",,,,,,,,,,,,,".",".",,,,,,,,,,,,,,"1500000US060750330013","Block Group 3",,,,232708,326,9,62,195,60,0,0
"060750330021","Block Group 1, Census Tract 330.02, San Francisco County, California","ca","150","00",,,,"06","075",,,"033002","1",,,,,,,,,,,,,".",".",,,,,,,,,,,,,,"1500000US060750330021","Block Group 1",,,,177344,559,126,225,123,69,16,0
"060750330022","Block Group 2, Census Tract 330.02, San Francisco County, California","ca","150","00",,,,"06","075",,,"033002","2",,,,,,,,,,,,,".",".",,,,,,,,,,,,,,"1500000US060750330022","Block Group 2",,,,139013,375,39,182,131,23,0,0
"060750330023","Block Group 3, Census Tract 330.02, San Francisco County, California","ca","150","00",,,,"06","075",,,"033002","3",,,,,,,,,,,,,".",".",,,,,,,,,,,,,,"1500000US060750330023","Block Group 3",,,,182422,599,1,276,151,159,0,12
"060750331001","Block Group 1, Census Tract 331, San Francisco County, California","ca","150","00",,,,"06","075",,,"033100","1",,,,,,,,,,,,,".",".",,,,,,,,,,,,,,"1500000US060750331001","Block Group 1",,,,181111,176,17,55,66,15,11,12
"060750331002","Block Group 2, Census Tract 331, San Francisco County, California","ca","150","00",,,,"06","075",,,"033100","2",,,,,,,,,,,,,".",".",,,,,,,,,,,,,,"1500000US060750331002","Block Group 2",,,,193393,337,0,125,183,19,10,0
"060750331003","Block Group 3, Census Tract 331, San Francisco County, California","ca","150","00",,,,"06","075",,,"033100","3",,,,,,,,,,,,,".",".",,,,,,,,,,,,,,"1500000US060750331003","Block Group 3",,,,165000,252,15,58,101,44,17,17
"060750331004","Block Group 4, Census Tract 331, San Francisco County, California","ca","150","00",,,,"06","075",,,"033100","4",,,,,,,,,,,,,".",".",,,,,,,,,,,,,,"1500000US060750331004","Block Group 4",,,,154400,648,82,247,273,46,0,0
"060750332011","Block Group 1, Census Tract 332.01, San Francisco County, California","ca","150","00",,,,"06","075",,,"033201","1",,,,,,,,,,,,,".",".",,,,,,,,,,,,,,"1500000US060750332011","Block Group 1",,,,68250,595,201,232,144,8,10,0
"060750332031","Block Group 1, Census Tract 332.03, San Francisco County, California","ca","150","00",,,,"06","075",,,"033203","1",,,,,,,,,,,,,".",".",,,,,,,,,,,,,,"1500000US060750332031","Block Group 1",,,,74276,903,193,308,354,48,0,0
"060750332032","Block Group 2, Census Tract 332.03, San Francisco County, California","ca","150","00",,,,"06","075",,,"033203","2",,,,,,,,,,,,,".",".",,,,,,,,,,,,,,"1500000US060750332032","Block Group 2",,,,78365,686,44,419,173,50,0,0
"060750332041","Block Group 1, Census Tract 332.04, San Francisco County, California","ca","150","00",,,,"06","075",,,"033204","1",,,,,,,,,,,,,".",".",,,,,,,,,,,,,,"1500000US060750332041","Block Group 1",,,,142708,322,84,67,106,60,0,5
"060750332042","Block Group 2, Census Tract 332.04, San Francisco County, California","ca","150","00",,,,"06","075",,,"033204","2",,,,,,,,,,,,,".",".",,,,,,,,,,,,,,"1500000US060750332042","Block Group 2",,,,55339,822,316,430,69,7,0,0
"060750332043","Block Group 3, Census Tract 332.04, San Francisco County, California","ca","150","00",,,,"06","075",,,"033204","3",,,,,,,,,,,,,".",".",,,,,,,,,,,,,,"1500000US060750332043","Block Group 3",,,,91196,490,95,247,142,6,0,0
"060750351011","Block Group 1, Census Tract 351.01, San Francisco County, California","ca","150","00",,,,"06","075",,,"035101","1",,,,,,,,,,,,,".",".",,,,,,,,,,,,,,"1500000US060750351011","Block Group 1",,,,102695,392,118,174,66,34,0,0
"060750351012","Block Group 2, Census Tract 351.01, San Francisco County, California","ca","150","00",,,,"06","075",,,"035101","2",,,,,,,,,,,,,".",".",,,,,,,,,,,,,,"1500000US060750351012","Block Group 2",,,,130595,606,90,209,291,0,16,0
"060750351013","Block Group 3, Census Tract 351.01, San Francisco County, California","ca","150","00",,,,"06","075",,,"035101","3",,,,,,,,,,,,,".",".",,,,,,,,,,,,,,"1500000US060750351013","Block Group 3",,,,188125,462,20,204,161,77,0,0
"060750351021","Block Group 1, Census Tract 351.02, San Francisco County, California","ca","150","00",,,,"06","075",,,"035102","1",,,,,,,,,,,,,".",".",,,,,,,,,,,,,,"1500000US060750351021","Block Group 1",,,,148750,258,0,122,60,76,0,0
"060750351022","Block Group 2, Census Tract 351.02, San Francisco County, California","ca","150","00",,,,"06","075",,,"035102","2",,,,,,,,,,,,,".",".",,,,,,,,,,,,,,"1500000US060750351022","Block Group 2",,,,175000,302,32,78,153,32,7,0
"060750351023","Block Group 3, Census Tract 351.02, San Francisco County, California","ca","150","00",,,,"06","075",,,"035102","3",,,,,,,,,,,,,".",".",,,,,,,,,,,,,,"1500000US060750351023","Block Group 3",,,,,297,41,96,112,22,26,0
"060750351024","Block Group 4, Census Tract 351.02, San Francisco County, California","ca","150","00",,,,"06","075",,,"035102","4",,,,,,,,,,,,,".",".",,,,,,,,,,,,,,"1500000US060750351024","Block Group 4",,,,173281,414,47,81,161,59,50,16
"060750352011","Block Group 1, Census Tract 352.01, San Francisco County, California","ca","150","00",,,,"06","075",,,"035201","1",,,,,,,,,,,,,".",".",,,,,,,,,,,,,,"1500000US060750352011","Block Group 1",,,,135529,387,24,156,108,99,0,0
"060750352012","Block Group 2, Census Tract 352.01, San Francisco County, California","ca","150","00",,,,"06","075",,,"035201","2",,,,,,,,,,,,,".",".",,,,,,,,,,,,,,"1500000US060750352012","Block Group 2",,,,148015,241,28,56,129,28,0,0
"060750352013","Block Group 3, Census Tract 352.01, San Francisco County, California","ca","150","00",,,,"06","075",,,"035201","3",,,,,,,,,,,,,".",".",,,,,,,,,,,,,,"1500000US060750352013","Block Group 3",,,,109907,356,21,166,94,23,47,5
"060750352014","Block Group 4, Census Tract 352.01, San Francisco County, California","ca","150","00",,,,"06","075",,,"035201","4",,,,,,,,,,,,,".",".",,,,,,,,,,,,,,"1500000US060750352014","Block Group 4",,,,168177,503,102,138,184,9,54,16
"060750352015","Block Group 5, Census Tract 352.01, San Francisco County, California","ca","150","00",,,,"06","075",,,"035201","5",,,,,,,,,,,,,".",".",,,,,,,,,,,,,,"1500000US060750352015","Block Group 5",,,,74375,380,46,197,104,26,7,0
"060750352021","Block Group 1, Census Tract 352.02, San Francisco County, California","ca","150","00",,,,"06","075",,,"035202","1",,,,,,,,,,,,,".",".",,,,,,,,,,,,,,"1500000US060750352021","Block Group 1",,,,102220,633,31,369,192,8,33,0
"060750352022","Block Group 2, Census Tract 352.02, San Francisco County, California","ca","150","00",,,,"06","075",,,"035202","2",,,,,,,,,,,,,".",".",,,,,,,,,,,,,,"1500000US060750352022","Block Group 2",,,,123448,554,54,232,176,48,44,0
"060750352023","Block Group 3, Census Tract 352.02, San Francisco County, California","ca","150","00",,,,"06","075",,,"035202","3",,,,,,,,,,,,,".",".",,,,,,,,,,,,,,"1500000US060750352023","Block Group 3",,,,100455,522,36,349,105,10,22,0
"060750353001","Block Group 1, Census Tract 353, San Francisco County, California","ca","150","00",,,,"06","075",,,"035300","1",,,,,,,,,,,,,".",".",,,,,,,,,,,,,,"1500000US060750353001","Block Group 1",,,,214312,382,18,109,212,22,0,21
"060750353002","Block Group 2, Census Tract 353, San Francisco County, California","ca","150","00",,,,"06","075",,,"035300","2",,,,,,,,,,,,,".",".",,,,,,,,,,,,,,"1500000US060750353002","Block Group 2",,,,175795,459,29,63,224,118,25,0
"060750353003","Block Group 3, Census Tract 353, San Francisco County, California","ca","150","00",,,,"06","075",,,"035300","3",,,,,,,,,,,,,".",".",,,,,,,,,,,,,,"1500000US060750353003","Block Group 3",,,,114458,367,58,140,102,10,57,0
"060750353004","Block Group 4, Census Tract 353, San Francisco County, California","ca","150","00",,,,"06","075",,,"035300","4",,,,,,,,,,,,,".",".",,,,,,,,,,,,,,"1500000US060750353004","Block Group 4",,,,154000,300,0,164,114,22,0,0
"060750353005","Block Group 5, Census Tract 353, San Francisco County, California","ca","150","00",,,,"06","075",,,"035300","5",,,,,,,,,,,,,".",".",,,,,,,,,,,,,,"1500000US060750353005","Block Group 5",,,,174492,644,63,200,356,0,25,0
"060750353006","Block Group 6, Census Tract 353, San Francisco County, California","ca","150","00",,,,"06","075",,,"035300","6",,,,,,,,,,,,,".",".",,,,,,,,,,,,,,"1500000US060750353006","Block Group 6",,,,,399,70,183,124,22,0,0
"060750354001","Block Group 1, Census Tract 354, San Francisco County, California","ca","150","00",,,,"06","075",,,"035400","1",,,,,,,,,,,,,".",".",,,,,,,,,,,,,,"1500000US060750354001","Block Group 1",,,,144795,357,0,136,199,22,0,0
"060750354002","Block Group 2, Census Tract 354, San Francisco County, California","ca","150","00",,,,"06","075",,,"035400","2",,,,,,,,,,,,,".",".",,,,,,,,,,,,,,"1500000US060750354002","Block Group 2",,,,168750,539,139,151,94,97,15,43
"060750354003","Block Group 3, Census Tract 354, San Francisco County, California","ca","150","00",,,,"06","075",,,"035400","3",,,,,,,,,,,,,".",".",,,,,,,,,,,,,,"1500000US060750354003","Block Group 3",,,,,359,51,118,100,90,0,0
"060750354004","Block Group 4, Census Tract 354, San Francisco County, California","ca","150","00",,,,"06","075",,,"035400","4",,,,,,,,,,,,,".",".",,,,,,,,,,,,,,"1500000US060750354004","Block Group 4",,,,86205,675,98,373,142,62,0,0
"060750354005","Block Group 5, Census Tract 354, San Francisco County, California","ca","150","00",,,,"06","075",,,"035400","5",,,,,,,,,,,,,".",".",,,,,,,,,,,,,,"1500000US060750354005","Block Group 5",,,,153750,514,178,158,152,13,13,0
"060750401001","Block Group 1, Census Tract 401, San Francisco County, California","ca","150","00",,,,"06","075",,,"040100","1",,,,,,,,,,,,,".",".",,,,,,,,,,,,,,"1500000US060750401001","Block Group 1",,,,250001,386,0,204,97,76,0,9
"060750401002","Block Group 2, Census Tract 401, San Francisco County, California","ca","150","00",,,,"06","075",,,"040100","2",,,,,,,,,,,,,".",".",,,,,,,,,,,,,,"1500000US060750401002","Block Group 2",,,,148646,447,124,244,79,0,0,0
"060750401003","Block Group 3, Census Tract 401, San Francisco County, California","ca","150","00",,,,"06","075",,,"040100","3",,,,,,,,,,,,,".",".",,,,,,,,,,,,,,"1500000US060750401003","Block Group 3",,,,111797,504,113,315,52,24,0,0
"060750401004","Block Group 4, Census Tract 401, San Francisco County, California","ca","150","00",,,,"06","075",,,"040100","4",,,,,,,,,,,,,".",".",,,,,,,,,,,,,,"1500000US060750401004","Block Group 4",,,,103289,340,28,203,109,0,0,0
"060750402001","Block Group 1, Census Tract 402, San Francisco County, California","ca","150","00",,,,"06","075",,,"040200","1",,,,,,,,,,,,,".",".",,,,,,,,,,,,,,"1500000US060750402001","Block Group 1",,,,208333,790,232,408,104,46,0,0
"060750402002","Block Group 2, Census Tract 402, San Francisco County, California","ca","150","00",,,,"06","075",,,"040200","2",,,,,,,,,,,,,".",".",,,,,,,,,,,,,,"1500000US060750402002","Block Group 2",,,,250001,502,263,120,119,0,0,0
"060750402003","Block Group 3, Census Tract 402, San Francisco County, California","ca","150","00",,,,"06","075",,,"040200","3",,,,,,,,,,,,,".",".",,,,,,,,,,,,,,"1500000US060750402003","Block Group 3",,,,100446,487,172,282,33,0,0,0
"060750402004","Block Group 4, Census Tract 402, San Francisco County, California","ca","150","00",,,,"06","075",,,"040200","4",,,,,,,,,,,,,".",".",,,,,,,,,,,,,,"1500000US060750402004","Block Group 4",,,,139408,547,139,249,159,0,0,0
"060750426011","Block Group 1, Census Tract 426.01, San Francisco County, California","ca","150","00",,,,"06","075",,,"042601","1",,,,,,,,,,,,,".",".",,,,,,,,,,,,,,"1500000US060750426011","Block Group 1",,,,117813,536,181,270,69,9,7,0
"060750426012","Block Group 2, Census Tract 426.01, San Francisco County, California","ca","150","00",,,,"06","075",,,"042601","2",,,,,,,,,,,,,".",".",,,,,,,,,,,,,,"1500000US060750426012","Block Group 2",,,,153947,1170,228,581,323,38,0,0
"060750426021","Block Group 1, Census Tract 426.02, San Francisco County, California","ca","150","00",,,,"06","075",,,"042602","1",,,,,,,,,,,,,".",".",,,,,,,,,,,,,,"1500000US060750426021","Block Group 1",,,,149677,464,73,300,82,0,9,0
"060750426022","Block Group 2, Census Tract 426.02, San Francisco County, California","ca","150","00",,,,"06","075",,,"042602","2",,,,,,,,,,,,,".",".",,,,,,,,,,,,,,"1500000US060750426022","Block Group 2",,,,190556,414,114,174,120,6,0,0
"060750426023","Block Group 3, Census Tract 426.02, San Francisco County, California","ca","150","00",,,,"06","075",,,"042602","3",,,,,,,,,,,,,".",".",,,,,,,,,,,,,,"1500000US060750426023","Block Group 3",,,,182759,468,76,256,52,38,46,0
"060750427001","Block Group 1, Census Tract 427, San Francisco County, California","ca","150","00",,,,"06","075",,,"042700","1",,,,,,,,,,,,,".",".",,,,,,,,,,,,,,"1500000US060750427001","Block Group 1",,,,143904,782,122,548,112,0,0,0
"060750427002","Block Group 2, Census Tract 427, San Francisco County, California","ca","150","00",,,,"06","075",,,"042700","2",,,,,,,,,,,,,".",".",,,,,,,,,,,,,,"1500000US060750427002","Block Group 2",,,,76964,879,212,476,191,0,0,0
"060750427003","Block Group 3, Census Tract 427, San Francisco County, California","ca","150","00",,,,"06","075",,,"042700","3",,,,,,,,,,,,,".",".",,,,,,,,,,,,,,"1500000US060750427003","Block Group 3",,,,129647,933,226,346,346,15,0,0
"060750428001","Block Group 1, Census Tract 428, San Francisco County, California","ca","150","00",,,,"06","075",,,"042800","1",,,,,,,,,,,,,".",".",,,,,,,,,,,,,,"1500000US060750428001","Block Group 1",,,,226591,444,38,208,122,76,0,0
"060750428002","Block Group 2, Census Tract 428, San Francisco County, California","ca","150","00",,,,"06","075",,,"042800","2",,,,,,,,,,,,,".",".",,,,,,,,,,,,,,"1500000US060750428002","Block Group 2",,,,250001,267,7,95,107,50,8,0
"060750428003","Block Group 3, Census Tract 428, San Francisco County, California","ca","150","00",,,,"06","075",,,"042800","3",,,,,,,,,,,,,".",".",,,,,,,,,,,,,,"1500000US060750428003","Block Group 3",,,,250001,211,5,59,71,37,12,27
"060750451001","Block Group 1, Census Tract 451, San Francisco County, California","ca","150","00",,,,"06","075",,,"045100","1",,,,,,,,,,,,,".",".",,,,,,,,,,,,,,"1500000US060750451001","Block Group 1",,,,205870,926,181,679,60,6,0,0
"060750451002","Block Group 2, Census Tract 451, San Francisco County, California","ca","150","00",,,,"06","075",,,"045100","2",,,,,,,,,,,,,".",".",,,,,,,,,,,,,,"1500000US060750451002","Block Group 2",,,,146146,547,54,188,290,15,0,0
"060750451003","Block Group 3, Census Tract 451, San Francisco County, California","ca","150","00",,,,"06","075",,,"045100","3",,,,,,,,,,,,,".",".",,,,,,,,,,,,,,"1500000US060750451003","Block Group 3",,,,176875,446,74,223,127,0,0,22
"060750452011","Block Group 1, Census Tract 452.01, San Francisco County, California","ca","150","00",,,,"06","075",,,"045201","1",,,,,,,,,,,,,".",".",,,,,,,,,,,,,,"1500000US060750452011","Block Group 1",,,,226010,513,81,188,188,56,0,0
"060750452012","Block Group 2, Census Tract 452.01, San Francisco County, California","ca","150","00",,,,"06","075",,,"045201","2",,,,,,,,,,,,,".",".",,,,,,,,,,,,,,"1500000US060750452012","Block Group 2",,,,148750,326,110,132,84,0,0,0
"060750452013","Block Group 3, Census Tract 452.01, San Francisco County, California","ca","150","00",,,,"06","075",,,"045201","3",,,,,,,,,,,,,".",".",,,,,,,,,,,,,,"1500000US060750452013","Block Group 3",,,,144323,485,108,252,83,42,0,0
"060750452021","Block Group 1, Census Tract 452.02, San Francisco County, California","ca","150","00",,,,"06","075",,,"045202","1",,,,,,,,,,,,,".",".",,,,,,,,,,,,,,"1500000US060750452021","Block Group 1",,,,100750,708,247,284,146,31,0,0
"060750452022","Block Group 2, Census Tract 452.02, San Francisco County, California","ca","150","00",,,,"06","075",,,"045202","2",,,,,,,,,,,,,".",".",,,,,,,,,,,,,,"1500000US060750452022","Block Group 2",,,,168304,757,104,470,183,0,0,0
"060750476001","Block Group 1, Census Tract 476, San Francisco County, California","ca","150","00",,,,"06","075",,,"047600","1",,,,,,,,,,,,,".",".",,,,,,,,,,,,,,"1500000US060750476001","Block Group 1",,,,121438,612,174,309,95,0,34,0
"060750476002","Block Group 2, Census Tract 476, San Francisco County, California","ca","150","00",,,,"06","075",,,"047600","2",,,,,,,,,,,,,".",".",,,,,,,,,,,,,,"1500000US060750476002","Block Group 2",,,,221250,521,33,359,99,0,30,0
"060750476003","Block Group 3, Census Tract 476, San Francisco County, California","ca","150","00",,,,"06","075",,,"047600","3",,,,,,,,,,,,,".",".",,,,,,,,,,,,,,"1500000US060750476003","Block Group 3",,,,180568,563,100,221,182,60,0,0
"060750476004","Block Group 4, Census Tract 476, San Francisco County, California","ca","150","00",,,,"06","075",,,"047600","4",,,,,,,,,,,,,".",".",,,,,,,,,,,,,,"1500000US060750476004","Block Group 4",,,,161084,524,82,338,104,0,0,0
"060750477011","Block Group 1, Census Tract 477.01, San Francisco County, California","ca","150","00",,,,"06","075",,,"047701","1",,,,,,,,,,,,,".",".",,,,,,,,,,,,,,"1500000US060750477011","Block Group 1",,,,65893,591,271,215,94,0,11,0
"060750477012","Block Group 2, Census Tract 477.01, San Francisco County, California","ca","150","00",,,,"06","075",,,"047701","2",,,,,,,,,,,,,".",".",,,,,,,,,,,,,,"1500000US060750477012","Block Group 2",,,,141250,702,114,354,158,36,22,18
"060750477013","Block Group 3, Census Tract 477.01, San Francisco County, California","ca","150","00",,,,"06","075",,,"047701","3",,,,,,,,,,,,,".",".",,,,,,,,,,,,,,"1500000US060750477013","Block Group 3",,,,141712,715,210,268,207,30,0,0
"060750477021","Block Group 1, Census Tract 477.02, San Francisco County, California","ca","150","00",,,,"06","075",,,"047702","1",,,,,,,,,,,,,".",".",,,,,,,,,,,,,,"1500000US060750477021","Block Group 1",,,,101761,411,73,171,134,16,0,17
"060750477022","Block Group 2, Census Tract 477.02, San Francisco County, California","ca","150","00",,,,"06","075",,,"047702","2",,,,,,,,,,,,,".",".",,,,,,,,,,,,,,"1500000US060750477022","Block Group 2",,,,124500,508,120,160,217,11,0,0
"060750477023","Block Group 3, Census Tract 477.02, San Francisco County, California","ca","150","00",,,,"06","075",,,"047702","3",,,,,,,,,,,,,".",".",,,,,,,,,,,,,,"1500000US060750477023","Block Group 3",,,,119970,673,182,351,101,24,15,0
"060750478011","Block Group 1, Census Tract 478.01, San Francisco County, California","ca","150","00",,,,"06","075",,,"047801","1",,,,,,,,,,,,,".",".",,,,,,,,,,,,,,"1500000US060750478011","Block Group 1",,,,241917,494,50,180,148,66,50,0
"060750478012","Block Group 2, Census Tract 478.01, San Francisco County, California","ca","150","00",,,,"06","075",,,"047801","2",,,,,,,,,,,,,".",".",,,,,,,,,,,,,,"1500000US060750478012","Block Group 2",,,,111693,595,119,244,222,0,0,10
"060750478013","Block Group 3, Census Tract 478.01, San Francisco County, California","ca","150","00",,,,"06","075",,,"047801","3",,,,,,,,,,,,,".",".",,,,,,,,,,,,,,"1500000US060750478013","Block Group 3",,,,169032,614,63,393,106,33,0,19
"060750478021","Block Group 1, Census Tract 478.02, San Francisco County, California","ca","150","00",,,,"06","075",,,"047802","1",,,,,,,,,,,,,".",".",,,,,,,,,,,,,,"1500000US060750478021","Block Group 1",,,,99722,474,93,263,67,40,11,0
"060750478022","Block Group 2, Census Tract 478.02, San Francisco County, California","ca","150","00",,,,"06","075",,,"047802","2",,,,,,,,,,,,,".",".",,,,,,,,,,,,,,"1500000US060750478022","Block Group 2",,,,188690,518,38,249,186,45,0,0
"060750478023","Block Group 3, Census Tract 478.02, San Francisco County, California","ca","150","00",,,,"06","075",,,"047802","3",,,,,,,,,,,,,".",".",,,,,,,,,,,,,,"1500000US060750478023","Block Group 3",,,,128854,473,43,230,98,102,0,0
"060750479021","Block Group 1, Census Tract 479.02, San Francisco County, California","ca","150","00",,,,"06","075",,,"047902","1",,,,,,,,,,,,,".",".",,,,,,,,,,,,,,"1500000US060750479021","Block Group 1",,,,99226,651,129,290,180,34,18,0
"060750479022","Block Group 2, Census Tract 479.02, San Francisco County, California","ca","150","00",,,,"06","075",,,"047902","2",,,,,,,,,,,,,".",".",,,,,,,,,,,,,,"1500000US060750479022","Block Group 2",,,,141607,445,57,228,153,7,0,0
"060750479023","Block Group 3, Census Tract 479.02, San Francisco County, California","ca","150","00",,,,"06","075",,,"047902","3",,,,,,,,,,,,,".",".",,,,,,,,,,,,,,"1500000US060750479023","Block Group 3",,,,162023,421,57,182,164,12,6,0
"060750479031","Block Group 1, Census Tract 479.03, San Francisco County, California","ca","150","00",,,,"06","075",,,"047903","1",,,,,,,,,,,,,".",".",,,,,,,,,,,,,,"1500000US060750479031","Block Group 1",,,,101797,271,31,171,57,12,0,0
"060750479032","Block Group 2, Census Tract 479.03, San Francisco County, California","ca","150","00",,,,"06","075",,,"047903","2",,,,,,,,,,,,,".",".",,,,,,,,,,,,,,"1500000US060750479032","Block Group 2",,,,191299,641,82,339,119,26,75,0
"060750479033","Block Group 3, Census Tract 479.03, San Francisco County, California","ca","150","00",,,,"06","075",,,"047903","3",,,,,,,,,,,,,".",".",,,,,,,,,,,,,,"1500000US060750479033","Block Group 3",,,,148500,466,37,313,79,0,37,0
"060750479041","Block Group 1, Census Tract 479.04, San Francisco County, California","ca","150","00",,,,"06","075",,,"047904","1",,,,,,,,,,,,,".",".",,,,,,,,,,,,,,"1500000US060750479041","Block Group 1",,,,86488,1125,456,381,264,24,0,0
"060750479042","Block Group 2, Census Tract 479.04, San Francisco County, California","ca","150","00",,,,"06","075",,,"047904","2",,,,,,,,,,,,,".",".",,,,,,,,,,,,,,"1500000US060750479042","Block Group 2",,,,222750,344,7,143,132,27,8,27
"060750601001","Block Group 1, Census Tract 601, San Francisco County, California","ca","150","00",,,,"06","075",,,"060100","1",,,,,,,,,,,,,".",".",,,,,,,,,,,,,,"1500000US060750601001","Block Group 1",,,,222679,881,41,421,306,113,0,0
"060750601002","Block Group 2, Census Tract 601, San Francisco County, California","ca","150","00",,,,"06","075",,,"060100","2",,,,,,,,,,,,,".",".",,,,,,,,,,,,,,"1500000US060750601002","Block Group 2",,,,250001,457,29,211,138,45,34,0
"060750604001","Block Group 1, Census Tract 604, San Francisco County, California","ca","150","00",,,,"06","075",,,"060400","1",,,,,,,,,,,,,".",".",,,,,,,,,,,,,,"1500000US060750604001","Block Group 1",,,,78125,665,46,456,154,9,0,0
"060750604002","Block Group 2, Census Tract 604, San Francisco County, California","ca","150","00",,,,"06","075",,,"060400","2",,,,,,,,,,,,,".",".",,,,,,,,,,,,,,"1500000US060750604002","Block Group 2",,,,126563,361,71,190,100,0,0,0
"060750605021","Block Group 1, Census Tract 605.02, San Francisco County, California","ca","150","00",,,,"06","075",,,"060502","1",,,,,,,,,,,,,".",".",,,,,,,,,,,,,,"1500000US060750605021","Block Group 1",,,,31531,335,77,141,105,0,12,0
"060750605022","Block Group 2, Census Tract 605.02, San Francisco County, California","ca","150","00",,,,"06","075",,,"060502","2",,,,,,,,,,,,,".",".",,,,,,,,,,,,,,"1500000US060750605022","Block Group 2",,,,26250,186,72,91,13,10,0,0
"060750605023","Block Group 3, Census Tract 605.02, San Francisco County, California","ca","150","00",,,,"06","075",,,"060502","3",,,,,,,,,,,,,".",".",,,,,,,,,,,,,,"1500000US060750605023","Block Group 3",,,,87500,404,66,133,82,35,38,50
"060750607011","Block Group 1, Census Tract 607.01, San Francisco County, California","ca","150","00",,,,"06","075",,,"060701","1",,,,,,,,,,,,,".",".",,,,,,,,,,,,,,"1500000US060750607011","Block Group 1",,,,250001,646,156,466,24,0,0,0
"060750607012","Block Group 2, Census Tract 607.01, San Francisco County, California","ca","150","00",,,,"06","075",,,"060701","2",,,,,,,,,,,,,".",".",,,,,,,,,,,,,,"1500000US060750607012","Block Group 2",,,,169917,1718,499,1052,60,107,0,0
"060750607013","Block Group 3, Census Tract 607.01, San Francisco County, California","ca","150","00",,,,"06","075",,,"060701","3",,,,,,,,,,,,,".",".",,,,,,,,,,,,,,"1500000US060750607013","Block Group 3",,,,250001,979,174,765,40,0,0,0
"060750607021","Block Group 1, Census Tract 607.02, San Francisco County, California","ca","150","00",,,,"06","075",,,"060702","1",,,,,,,,,,,,,".",".",,,,,,,,,,,,,,"1500000US060750607021","Block Group 1",,,,107989,1349,469,694,186,0,0,0
"060750607031","Block Group 1, Census Tract 607.03, San Francisco County, California","ca","150","00",,,,"06","075",,,"060703","1",,,,,,,,,,,,,".",".",,,,,,,,,,,,,,"1500000US060750607031","Block Group 1",,,,,866,226,640,0,0,0,0
"060750607032","Block Group 2, Census Tract 607.03, San Francisco County, California","ca","150","00",,,,"06","075",,,"060703","2",,,,,,,,,,,,,".",".",,,,,,,,,,,,,,"1500000US060750607032","Block Group 2",,,,,796,420,339,37,0,0,0
"060750607033","Block Group 3, Census Tract 607.03, San Francisco County, California","ca","150","00",,,,"06","075",,,"060703","3",,,,,,,,,,,,,".",".",,,,,,,,,,,,,,"1500000US060750607033","Block Group 3",,,,210682,1122,277,821,24,0,0,0
"060750610001","Block Group 1, Census Tract 610, San Francisco County, California","ca","150","00",,,,"06","075",,,"061000","1",,,,,,,,,,,,,".",".",,,,,,,,,,,,,,"1500000US060750610001","Block Group 1",,,,89459,698,47,312,223,57,59,0
"060750610002","Block Group 2, Census Tract 610, San Francisco County, California","ca","150","00",,,,"06","075",,,"061000","2",,,,,,,,,,,,,".",".",,,,,,,,,,,,,,"1500000US060750610002","Block Group 2",,,,135300,472,22,132,283,16,4,15
"060750610003","Block Group 3, Census Tract 610, San Francisco County, California","ca","150","00",,,,"06","075",,,"061000","3",,,,,,,,,,,,,".",".",,,,,,,,,,,,,,"1500000US060750610003","Block Group 3",,,,151438,455,31,257,143,17,0,7
"060750611011","Block Group 1, Census Tract 611.01, San Francisco County, California","ca","150","00",,,,"06","075",,,"061101","1",,,,,,,,,,,,,".",".",,,,,,,,,,,,,,"1500000US060750611011","Block Group 1",,,,26875,383,296,73,14,0,0,0
"060750611012","Block Group 2, Census Tract 611.01, San Francisco County, California","ca","150","00",,,,"06","075",,,"061101","2",,,,,,,,,,,,,".",".",,,,,,,,,,,,,,"1500000US060750611012","Block Group 2",,,,14508,552,389,163,0,0,0,0
"060750611021","Block Group 1, Census Tract 611.02, San Francisco County, California","ca","150","00",,,,"06","075",,,"061102","1",,,,,,,,,,,,,".",".",,,,,,,,,,,,,,"1500000US060750611021","Block Group 1",,,,43649,380,295,73,0,12,0,0
"060750611022","Block Group 2, Census Tract 611.02, San Francisco County, California","ca","150","00",,,,"06","075",,,"061102","2",,,,,,,,,,,,,".",".",,,,,,,,,,,,,,"1500000US060750611022","Block Group 2",,,,31806,537,397,86,54,0,0,0
"060750612001","Block Group 1, Census Tract 612, San Francisco County, California","ca","150","00",,,,"06","075",,,"061200","1",,,,,,,,,,,,,".",".",,,,,,,,,,,,,,"1500000US060750612001","Block Group 1",,,,114125,310,42,96,86,86,0,0
"060750612002","Block Group 2, Census Tract 612, San Francisco County, California","ca","150","00",,,,"06","075",,,"061200","2",,,,,,,,,,,,,".",".",,,,,,,,,,,,,,"1500000US060750612002","Block Group 2",,,,144844,304,47,145,67,45,0,0
"060750612003","Block Group 3, Census Tract 612, San Francisco County, California","ca","150","00",,,,"06","075",,,"061200","3",,,,,,,,,,,,,".",".",,,,,,,,,,,,,,"1500000US060750612003","Block Group 3",,,,97901,539,86,243,57,101,52,0
"060750614011","Block Group 1, Census Tract 614.01, San Francisco County, California","ca","150","00",,,,"06","075",,,"061401","1",,,,,,,,,,,,,".",".",,,,,,,,,,,,,,"1500000US060750614011","Block Group 1",,,,44112,467,143,296,18,8,2,0
"060750614012","Block Group 2, Census Tract 614.01, San Francisco County, California","ca","150","00",,,,"06","075",,,"061401","2",,,,,,,,,,,,,".",".",,,,,,,,,,,,,,"1500000US060750614012","Block Group 2",,,,210024,329,134,115,69,11,0,0
"060750614013","Block Group 3, Census Tract 614.01, San Francisco County, California","ca","150","00",,,,"06","075",,,"061401","3",,,,,,,,,,,,,".",".",,,,,,,,,,,,,,"1500000US060750614013","Block Group 3",,,,250001,663,63,285,255,30,30,0
"060750614021","Block Group 1, Census Tract 614.02, San Francisco County, California","ca","150","00",,,,"06","075",,,"061402","1",,,,,,,,,,,,,".",".",,,,,,,,,,,,,,"1500000US060750614021","Block Group 1",,,,181553,905,60,689,91,65,0,0
"060750614022","Block Group 2, Census Tract 614.02, San Francisco County, California","ca","150","00",,,,"06","075",,,"061402","2",,,,,,,,,,,,,".",".",,,,,,,,,,,,,,"1500000US060750614022","Block Group 2",,,,250001,284,29,133,73,49,0,0
"060750615011","Block Group 1, Census Tract 615.01, San Francisco County, California","ca","150","00",,,,"06","075",,,"061501","1",,,,,,,,,,,,,".",".",,,,,,,,,,,,,,"1500000US060750615011","Block Group 1",,,,222455,686,53,510,59,64,0,0
"060750615012","Block Group 2, Census Tract 615.01, San Francisco County, California","ca","150","00",,,,"06","075",,,"061501","2",,,,,,,,,,,,,".",".",,,,,,,,,,,,,,"1500000US060750615012","Block Group 2",,,,250001,255,65,190,0,0,0,0
"060750615013","Block Group 3, Census Tract 615.01, San Francisco County, California","ca","150","00",,,,"06","075",,,"061501","3",,,,,,,,,,,,,".",".",,,,,,,,,,,,,,"1500000US060750615013","Block Group 3",,,,,254,153,76,0,25,0,0
"060750615021","Block Group 1, Census Tract 615.02, San Francisco County, California","ca","150","00",,,,"06","075",,,"061502","1",,,,,,,,,,,,,".",".",,,,,,,,,,,,,,"1500000US060750615021","Block Group 1",,,,168694,743,279,382,61,21,0,0
"060750615022","Block Group 2, Census Tract 615.02, San Francisco County, California","ca","150","00",,,,"06","075",,,"061502","2",,,,,,,,,,,,,".",".",,,,,,,,,,,,,,"1500000US060750615022","Block Group 2",,,,,666,330,305,31,0,0,0
"060750615031","Block Group 1, Census Tract 615.03, San Francisco County, California","ca","150","00",,,,"06","075",,,"061503","1",,,,,,,,,,,,,".",".",,,,,,,,,,,,,,"1500000US060750615031","Block Group 1",,,,197292,1213,660,352,0,105,55,41
"060750615032","Block Group 2, Census Tract 615.03, San Francisco County, California","ca","150","00",,,,"06","075",,,"061503","2",,,,,,,,,,,,,".",".",,,,,,,,,,,,,,"1500000US060750615032","Block Group 2",,,,139324,412,196,216,0,0,0,0
"060750615033","Block Group 3, Census Tract 615.03, San Francisco County, California","ca","150","00",,,,"06","075",,,"061503","3",,,,,,,,,,,,,".",".",,,,,,,,,,,,,,"1500000US060750615033","Block Group 3",,,,166654,373,156,217,0,0,0,0
"060750615041","Block Group 1, Census Tract 615.04, San Francisco County, California","ca","150","00",,,,"06","075",,,"061504","1",,,,,,,,,,,,,".",".",,,,,,,,,,,,,,"1500000US060750615041","Block Group 1",,,,247895,592,285,307,0,0,0,0
"060750615042","Block Group 2, Census Tract 615.04, San Francisco County, California","ca","150","00",,,,"06","075",,,"061504","2",,,,,,,,,,,,,".",".",,,,,,,,,,,,,,"1500000US060750615042","Block Group 2",,,,250001,587,102,391,94,0,0,0
"060750615051","Block Group 1, Census Tract 615.05, San Francisco County, California","ca","150","00",,,,"06","075",,,"061505","1",,,,,,,,,,,,,".",".",,,,,,,,,,,,,,"1500000US060750615051","Block Group 1",,,,250001,529,45,365,77,15,27,0
"060750615061","Block Group 1, Census Tract 615.06, San Francisco County, California","ca","150","00",,,,"06","075",,,"061506","1",,,,,,,,,,,,,".",".",,,,,,,,,,,,,,"1500000US060750615061","Block Group 1",,,,250001,1168,131,895,142,0,0,0
"060750615062","Block Group 2, Census Tract 615.06, San Francisco County, California","ca","150","00",,,,"06","075",,,"061506","2",,,,,,,,,,,,,".",".",,,,,,,,,,,,,,"1500000US060750615062","Block Group 2",,,,219508,734,286,382,66,0,0,0
"060750615063","Block Group 3, Census Tract 615.06, San Francisco County, California","ca","150","00",,,,"06","075",,,"061506","3",,,,,,,,,,,,,".",".",,,,,,,,,,,,,,"1500000US060750615063","Block Group 3",,,,219380,860,135,617,92,0,0,16
"060750615071","Block Group 1, Census Tract 615.07, San Francisco County, California","ca","150","00",,,,"06","075",,,"061507","1",,,,,,,,,,,,,".",".",,,,,,,,,,,,,,"1500000US060750615071","Block Group 1",,,,167785,771,438,313,10,10,0,0
"060750615072","Block Group 2, Census Tract 615.07, San Francisco County, California","ca","150","00",,,,"06","075",,,"061507","2",,,,,,,,,,,,,".",".",,,,,,,,,,,,,,"1500000US060750615072","Block Group 2",,,,,0,0,0,0,0,0,0
"060750615081","Block Group 1, Census Tract 615.08, San Francisco County, California","ca","150","00",,,,"06","075",,,"061508","1",,,,,,,,,,,,,".",".",,,,,,,,,,,,,,"1500000US060750615081","Block Group 1",,,,250001,301,12,289,0,0,0,0
"060750615082","Block Group 2, Census Tract 615.08, San Francisco County, California","ca","150","00",,,,"06","075",,,"061508","2",,,,,,,,,,,,,".",".",,,,,,,,,,,,,,"1500000US060750615082","Block Group 2",,,,150063,539,471,68,0,0,0,0
"060750615083","Block Group 3, Census Tract 615.08, San Francisco County, California","ca","150","00",,,,"06","075",,,"061508","3",,,,,,,,,,,,,".",".",,,,,,,,,,,,,,"1500000US060750615083","Block Group 3",,,,218224,277,49,129,96,3,0,0
"060759802001","Block Group 1, Census Tract 9802, San Francisco County, California","ca","150","00",,,,"06","075",,,"980200","1",,,,,,,,,,,,,".",".",,,,,,,,,,,,,,"1500000US060759802001","Block Group 1",,,,,0,0,0,0,0,0,0
"060759803001","Block Group 1, Census Tract 9803, San Francisco County, California","ca","150","00",,,,"06","075",,,"980300","1",,,,,,,,,,,,,".",".",,,,,,,,,,,,,,"1500000US060759803001","Block Group 1",,,,104333,40,24,12,4,0,0,0
"060759804011","Block Group 1, Census Tract 9804.01, San Francisco County, California","ca","150","00",,,,"06","075",,,"980401","1",,,,,,,,,,,,,".",".",,,,,,,,,,,,,,"1500000US060759804011","Block Group 1",,,,,0,0,0,0,0,0,0
"060759805011","Block Group 1, Census Tract 9805.01, San Francisco County, California","ca","150","00",,,,"06","075",,,"980501","1",,,,,,,,,,,,,".",".",,,,,,,,,,,,,,"1500000US060759805011","Block Group 1",,,,13569,123,115,4,0,4,0,0
"060759806001","Block Group 1, Census Tract 9806, San Francisco County, California","ca","150","00",,,,"06","075",,,"980600","1",,,,,,,,,,,,,".",".",,,,,,,,,,,,,,"1500000US060759806001","Block Group 1",,,,142321,573,35,325,181,26,6,0
"060759809001","Block Group 1, Census Tract 9809, San Francisco County, California","ca","150","00",,,,"06","075",,,"980900","1",,,,,,,,,,,,,".",".",,,,,,,,,,,,,,"1500000US060759809001","Block Group 1",,,,53800,180,3,149,28,0,0,0
"060759901000","Block Group 0, Census Tract 9901, San Francisco County, California","ca","150","00",,,,"06","075",,,"990100","0",,,,,,,,,,,,,".",".",,,,,,,,,,,,,,"1500000US060759901000","Block Group 0",,,,,0,0,0,0,0,0,0
"060759902000","Block Group 0, Census Tract 9902, San Francisco County, California","ca","150","00",,,,"06","075",,,"990200","0",,,,,,,,,,,,,".",".",,,,,,,,,,,,,,"1500000US060759902000","Block Group 0",,,,,0,0,0,0,0,0,0
