"FIPS","Qualifying Name","State Postal Abbreviation","Summary Level","Geographic Component","US","Census Region","Census Division","State (FIPS Code)","County of current residence","County Subdivision (FIPS)","Place (FIPS Code)","Census Tract","Block Group","Consolidated City","American Indian Area/Alaska Native Area/Hawaiian Home Land (Census)","American Indian Area/Alaska Native Area/Hawaiian Home Land (FIPS)","American Indian Trust Land/Hawaiian Home Land Indicator","American Indian Tribal Subdivision (FIPS)","Alaska Native Regional Corporation (FIPS)","Metropolitan and Micropolitan Statistical Area","Combined Statistical Area","Metropolitan Statistical Area Metropolitan Division","Metropolitan Area Central City","Metropolitan/Micropolitan Indicator Flag","New England City and Town Area","New England City and Town Combined Statistical Area","New England City and Town Area Division","Urban Area","Current Congressional District ***","State Legislative District Upper","State Legislative District Lower","ZIP Code Tabulation Area (3-digit)","5-digit ZIP Code Tabulation Area","Subminor Civil Division (FIPS)","State-School District (Elementary)","State-School District (Secondary)","State-School District (Unified)","Urban/Rural","Principal City Indicator","Public Use Microdata Area – File","Geographic Identifier","Area Name","Tribal Tract","Tribal Block Group","Place (State FIPS + Place FIPS)","Workers 16 Years and Over:","Workers 16 Years and Over: Car, Truck, or Van","Workers 16 Years and Over: Drove Alone","Workers 16 Years and Over: Carpooled","Workers 16 Years and Over: Public Transportation (Includes Taxicab)","Workers 16 Years and Over: Motorcycle","Workers 16 Years and Over: Bicycle","Workers 16 Years and Over: Walked","Workers 16 Years and Over: Other Means","Workers 16 Years and Over: Worked At Home","% Workers 16 Years and Over: Car, Truck, or Van","% Workers 16 Years and Over: Drove Alone","% Workers 16 Years and Over: Carpooled","% Workers 16 Years and Over: Public Transportation (Includes Taxicab)","% Workers 16 Years and Over: Motorcycle","% Workers 16 Years and Over: Bicycle","% Workers 16 Years and Over: Walked","% Workers 16 Years and Over: Other Means","% Workers 16 Years and Over: Worked At Home","Total Population","Total Population:","Total Population: Under 18 Years","Total Population: 18 to 34 Years","Total Population: 35 to 64 Years","Total Population: 65 and Over","% Total Population: Under 18 Years","% Total Population: 18 to 34 Years","% Total Population: 35 to 64 Years","% Total Population: 65 and Over","Total Population:","Total Population: White Alone","Total Population: Black or African American Alone","Total Population: American Indian and Alaska Native Alone","Total Population: Asian Alone","Total Population: Native Hawaiian and Other Pacific Islander Alone","Total Population: Some Other Race Alone","Total Population: Two or More Races","% Total Population: White Alone","% Total Population: Black or African American Alone","% Total Population: American Indian and Alaska Native Alone","% Total Population: Asian Alone","% Total Population: Native Hawaiian and Other Pacific Islander Alone","% Total Population: Some Other Race Alone","% Total Population: Two or More Races","Total Population","Total Population: Not Hispanic or Latino","Total Population: Not Hispanic or Latino: White Alone","Total Population: Not Hispanic or Latino: Black or African American Alone","Total Population: Not Hispanic or Latino: American Indian and Alaska Native Alone","Total Population: Not Hispanic or Latino: Asian Alone","Total Population: Not Hispanic or Latino: Native Hawaiian and Other Pacific Islander Alone","Total Population: Not Hispanic or Latino: Some Other Race Alone","Total Population: Not Hispanic or Latino: Two or More Races","Total Population: Hispanic or Latino","Total Population: Hispanic or Latino: White Alone","Total Population: Hispanic or Latino: Black or African American Alone","Total Population: Hispanic or Latino: American Indian and Alaska Native Alone","Total Population: Hispanic or Latino: Asian Alone","Total Population: Hispanic or Latino: Native Hawaiian and Other Pacific Islander Alone","Total Population: Hispanic or Latino: Some Other Race Alone","Total Population: Hispanic or Latino: Two or More Races","% Total Population: Not Hispanic or Latino","% Total Population: Not Hispanic or Latino: White Alone","% Total Population: Not Hispanic or Latino: Black or African American Alone","% Total Population: Not Hispanic or Latino: American Indian and Alaska Native Alone","% Total Population: Not Hispanic or Latino: Asian Alone","% Total Population: Not Hispanic or Latino: Native Hawaiian and Other Pacific Islander Alone","% Total Population: Not Hispanic or Latino: Some Other Race Alone","% Total Population: Not Hispanic or Latino: Two or More Races","% Total Population: Hispanic or Latino","% Total Population: Hispanic or Latino: White Alone","% Total Population: Hispanic or Latino: Black or African American Alone","% Total Population: Hispanic or Latino: American Indian and Alaska Native Alone","% Total Population: Hispanic or Latino: Asian Alone","% Total Population: Hispanic or Latino: Native Hawaiian and Other Pacific Islander Alone","% Total Population: Hispanic or Latino: Some Other Race Alone","% Total Population: Hispanic or Latino: Two or More Races","Occupied Housing Units","Occupied Housing Units: With Related Children of the Householder Under 18","Occupied Housing Units: With Related Children of the Householder Under 18: With Own Children of the Householder Under 18","Occupied Housing Units: With Related Children of the Householder Under 18: With Own Children of the Householder Under 18: Under 6 Years Only","Occupied Housing Units: With Related Children of the Householder Under 18: With Own Children of the Householder Under 18: Under 6 Years and 6 to 17 Years","Occupied Housing Units: With Related Children of the Householder Under 18: With Own Children of the Householder Under 18: 6 to 17 Years","Occupied Housing Units: With Related Children of the Householder Under 18: No Own Children of the Householder Under 18","Occupied Housing Units: No Related Children of the Householder Under 18","% Occupied Housing Units: With Related Children of the Householder Under 18","% Occupied Housing Units: With Related Children of the Householder Under 18: With Own Children of the Householder Under 18","% Occupied Housing Units: With Related Children of the Householder Under 18: With Own Children of the Householder Under 18: Under 6 Years Only","% Occupied Housing Units: With Related Children of the Householder Under 18: With Own Children of the Householder Under 18: Under 6 Years and 6 to 17 Years","% Occupied Housing Units: With Related Children of the Householder Under 18: With Own Children of the Householder Under 18: 6 to 17 Years","% Occupied Housing Units: With Related Children of the Householder Under 18: No Own Children of the Householder Under 18","% Occupied Housing Units: No Related Children of the Householder Under 18","Median Household Income (In 2023 Inflation Adjusted Dollars)","Median Family Income (In 2023 Inflation Adjusted Dollars)","Occupied Housing Units","Occupied Housing Units: No Vehicle Available","Occupied Housing Units: 1 Vehicle Available","Occupied Housing Units: 2 Vehicles Available","Occupied Housing Units: 3 Vehicles Available","Occupied Housing Units: 4 Vehicles Available","Occupied Housing Units: 5 or More Vehicles Available","% Occupied Housing Units: No Vehicle Available","% Occupied Housing Units: 1 Vehicle Available","% Occupied Housing Units: 2 Vehicles Available","% Occupied Housing Units: 3 Vehicles Available","% Occupied Housing Units: 4 Vehicles Available","% Occupied Housing Units: 5 or More Vehicles Available"
Geo_FIPS,Geo_QName,Geo_STUSAB,Geo_SUMLEV,Geo_GEOCOMP,Geo_US,Geo_REGION,Geo_DIVISION,Geo_STATE,Geo_COUNTY,Geo_COUSUB,Geo_PLACE,Geo_TRACT,Geo_BLKGRP,Geo_CONCIT,Geo_AIANHH,Geo_AIANHHFP,Geo_AIHHTLI,Geo_AITS,Geo_ANRC,Geo_CBSA,Geo_CSA,Geo_METDIV,Geo_MACC,Geo_MEMI,Geo_NECTA,Geo_CNECTA,Geo_NECTADIV,Geo_UA,Geo_CDCURR,Geo_SLDU,Geo_SLDL,Geo_ZCTA3,Geo_ZCTA5,Geo_SUBMCD,Geo_SDELM,Geo_SDSEC,Geo_SDUNI,Geo_UR,Geo_PCI,Geo_PUMA5,Geo_GEO_ID,Geo_NAME,Geo_BTTR,Geo_BTBG,Geo_PLACESE,SE_A09005_001,SE_A09005_002,SE_A09005_009,SE_A09005_010,SE_A09005_003,SE_A09005_004,SE_A09005_005,SE_A09005_006,SE_A09005_007,SE_A09005_008,PCT_SE_A09005_002,PCT_SE_A09005_009,PCT_SE_A09005_010,PCT_SE_A09005_003,PCT_SE_A09005_004,PCT_SE_A09005_005,PCT_SE_A09005_006,PCT_SE_A09005_007,PCT_SE_A09005_008,SE_A00001_001,SE_B01001_001,SE_B01001_002,SE_B01001_003,SE_B01001_004,SE_B01001_005,PCT_SE_B01001_002,PCT_SE_B01001_003,PCT_SE_B01001_004,PCT_SE_B01001_005,SE_A03001_001,SE_A03001_002,SE_A03001_003,SE_A03001_004,SE_A03001_005,SE_A03001_006,SE_A03001_007,SE_A03001_008,PCT_SE_A03001_002,PCT_SE_A03001_003,PCT_SE_A03001_004,PCT_SE_A03001_005,PCT_SE_A03001_006,PCT_SE_A03001_007,PCT_SE_A03001_008,SE_A04001_001,SE_A04001_002,SE_A04001_003,SE_A04001_004,SE_A04001_005,SE_A04001_006,SE_A04001_007,SE_A04001_008,SE_A04001_009,SE_A04001_010,SE_A04001_011,SE_A04001_012,SE_A04001_013,SE_A04001_014,SE_A04001_015,SE_A04001_016,SE_A04001_017,PCT_SE_A04001_002,PCT_SE_A04001_003,PCT_SE_A04001_004,PCT_SE_A04001_005,PCT_SE_A04001_006,PCT_SE_A04001_007,PCT_SE_A04001_008,PCT_SE_A04001_009,PCT_SE_A04001_010,PCT_SE_A04001_011,PCT_SE_A04001_012,PCT_SE_A04001_013,PCT_SE_A04001_014,PCT_SE_A04001_015,PCT_SE_A04001_016,PCT_SE_A04001_017,SE_A10022_001,SE_A10022_002,SE_A10022_003,SE_A10022_004,SE_A10022_005,SE_A10022_006,SE_A10022_007,SE_A10022_008,PCT_SE_A10022_002,PCT_SE_A10022_003,PCT_SE_A10022_004,PCT_SE_A10022_005,PCT_SE_A10022_006,PCT_SE_A10022_007,PCT_SE_A10022_008,SE_A14006_001,SE_A14010_001,SE_A10030_001,SE_A10030_002,SE_A10030_003,SE_A10030_004,SE_A10030_005,SE_A10030_006,SE_A10030_007,PCT_SE_A10030_002,PCT_SE_A10030_003,PCT_SE_A10030_004,PCT_SE_A10030_005,PCT_SE_A10030_006,PCT_SE_A10030_007
"06075010101","Census Tract 101.01, San Francisco County, California","ca","140","00",,,,"06","075",,,"010101",,,,,,,,,,,,,,".",".",,,,,,,,,,,,,,"1400000US06075010101","Census Tract 101.01",,,,1159,159,153,6,280,0,44,94,67,515,13.72,13.2,0.52,24.16,0,3.8,8.11,5.78,44.43,2004,2004,83,620,905,396,4.14,30.94,45.16,19.76,2004,835,132,67,608,46,149,167,41.67,6.59,3.34,30.34,2.3,7.44,8.33,2004,1668,770,132,52,608,0,47,59,336,65,0,15,0,46,102,108,83.23,38.42,6.59,2.59,30.34,0,2.35,2.94,16.77,3.24,0,0.75,0,2.3,5.09,5.39,1212,35,35,35,0,0,0,1177,2.89,2.89,2.89,0,0,0,97.11,101974,101338,1212,459,651,102,0,0,0,37.87,53.71,8.42,0,0,0
"06075010102","Census Tract 101.02, San Francisco County, California","ca","140","00",,,,"06","075",,,"010102",,,,,,,,,,,,,,".",".",,,,,,,,,,,,,,"1400000US06075010102","Census Tract 101.02",,,,855,266,240,26,186,0,16,114,0,273,31.11,28.07,3.04,21.75,0,1.87,13.33,0,31.93,1795,1795,267,353,805,370,14.87,19.67,44.85,20.61,1795,562,322,0,766,16,76,53,31.31,17.94,0,42.67,0.89,4.23,2.95,1795,1702,554,322,0,766,16,0,44,93,8,0,0,0,0,76,9,94.82,30.86,17.94,0,42.67,0.89,0,2.45,5.18,0.45,0,0,0,0,4.23,0.5,907,217,202,18,11,173,15,690,23.93,22.27,1.98,1.21,19.07,1.65,76.07,108417,,907,303,446,148,10,0,0,33.41,49.17,16.32,1.1,0,0
"06075010201","Census Tract 102.01, San Francisco County, California","ca","140","00",,,,"06","075",,,"010201",,,,,,,,,,,,,,".",".",,,,,,,,,,,,,,"1400000US06075010201","Census Tract 102.01",,,,1706,313,302,11,258,0,40,267,29,799,18.35,17.7,0.64,15.12,0,2.34,15.65,1.7,46.83,2608,2608,229,1035,907,437,8.78,39.69,34.78,16.76,2608,1793,134,0,206,0,18,457,68.75,5.14,0,7.9,0,0.69,17.52,2608,2297,1762,134,0,206,0,0,195,311,31,0,0,0,0,18,262,88.08,67.56,5.14,0,7.9,0,0,7.48,11.92,1.19,0,0,0,0,0.69,10.05,1375,203,149,43,15,91,54,1172,14.76,10.84,3.13,1.09,6.62,3.93,85.24,160221,250001,1375,452,614,214,95,0,0,32.87,44.65,15.56,6.91,0,0
"06075010202","Census Tract 102.02, San Francisco County, California","ca","140","00",,,,"06","075",,,"010202",,,,,,,,,,,,,,".",".",,,,,,,,,,,,,,"1400000US06075010202","Census Tract 102.02",,,,1273,319,292,27,179,0,69,283,0,423,25.06,22.94,2.12,14.06,0,5.42,22.23,0,33.23,1761,1761,102,608,697,354,5.79,34.53,39.58,20.1,1761,1179,58,0,284,27,86,127,66.95,3.29,0,16.13,1.53,4.88,7.21,1761,1706,1179,58,0,284,27,38,120,55,0,0,0,0,0,48,7,96.88,66.95,3.29,0,16.13,1.53,2.16,6.81,3.12,0,0,0,0,0,2.73,0.4,1091,60,60,39,0,21,0,1031,5.5,5.5,3.57,0,1.92,0,94.5,206484,157296,1091,206,697,158,0,30,0,18.88,63.89,14.48,0,2.75,0
"06075010300","Census Tract 103, San Francisco County, California","ca","140","00",,,,"06","075",,,"010300",,,,,,,,,,,,,,".",".",,,,,,,,,,,,,,"1400000US06075010300","Census Tract 103",,,,2467,603,603,0,223,0,61,206,0,1374,24.44,24.44,0,9.04,0,2.47,8.35,0,55.7,3791,3791,186,1237,1394,974,4.91,32.63,36.77,25.69,3791,2313,0,76,949,0,28,425,61.01,0,2,25.03,0,0.74,11.21,3791,3338,2258,0,0,949,0,28,103,453,55,0,76,0,0,0,322,88.05,59.56,0,0,25.03,0,0.74,2.72,11.95,1.45,0,2,0,0,0,8.49,2143,132,132,38,0,94,0,2011,6.16,6.16,1.77,0,4.39,0,93.84,158973,193885,2143,500,1214,366,63,0,0,23.33,56.65,17.08,2.94,0,0
"06075010401","Census Tract 104.01, San Francisco County, California","ca","140","00",,,,"06","075",,,"010401",,,,,,,,,,,,,,".",".",,,,,,,,,,,,,,"1400000US06075010401","Census Tract 104.01",,,,1195,519,468,51,34,0,32,255,33,322,43.43,39.16,4.27,2.85,0,2.68,21.34,2.76,26.95,2393,2393,618,437,965,373,25.83,18.26,40.33,15.59,2393,1315,11,1,477,0,73,516,54.95,0.46,0.04,19.93,0,3.05,21.56,2393,1909,1290,11,0,477,0,0,131,484,25,0,1,0,0,73,385,79.77,53.91,0.46,0,19.93,0,0,5.47,20.23,1.04,0,0.04,0,0,3.05,16.09,944,313,306,189,20,97,7,631,33.16,32.42,20.02,2.12,10.28,0.74,66.84,207500,250001,944,271,403,246,11,0,13,28.71,42.69,26.06,1.17,0,1.38
"06075010402","Census Tract 104.02, San Francisco County, California","ca","140","00",,,,"06","075",,,"010402",,,,,,,,,,,,,,".",".",,,,,,,,,,,,,,"1400000US06075010402","Census Tract 104.02",,,,1297,240,240,0,140,0,4,348,36,529,18.5,18.5,0,10.79,0,0.31,26.83,2.78,40.79,2012,2012,135,625,959,293,6.71,31.06,47.66,14.56,2012,1236,9,0,527,0,24,216,61.43,0.45,0,26.19,0,1.19,10.74,2012,1852,1130,9,0,527,0,15,171,160,106,0,0,0,0,9,45,92.05,56.16,0.45,0,26.19,0,0.75,8.5,7.95,5.27,0,0,0,0,0.45,2.24,1202,90,90,25,0,65,0,1112,7.49,7.49,2.08,0,5.41,0,92.51,158500,250001,1202,419,483,150,98,52,0,34.86,40.18,12.48,8.15,4.33,0
"06075010500","Census Tract 105, San Francisco County, California","ca","140","00",,,,"06","075",,,"010500",,,,,,,,,,,,,,".",".",,,,,,,,,,,,,,"1400000US06075010500","Census Tract 105",,,,1636,261,182,79,294,0,53,510,29,489,15.95,11.12,4.83,17.97,0,3.24,31.17,1.77,29.89,3177,3177,376,815,1101,885,11.84,25.65,34.66,27.86,3177,1376,39,0,1606,0,23,133,43.31,1.23,0,50.55,0,0.72,4.19,3177,3120,1352,39,0,1606,0,0,123,57,24,0,0,0,0,23,10,98.21,42.56,1.23,0,50.55,0,0,3.87,1.79,0.76,0,0,0,0,0.72,0.31,1738,230,209,31,88,90,21,1508,13.23,12.03,1.78,5.06,5.18,1.21,86.77,171667,221190,1738,652,1009,66,0,11,0,37.51,58.06,3.8,0,0.63,0
"06075010600","Census Tract 106, San Francisco County, California","ca","140","00",,,,"06","075",,,"010600",,,,,,,,,,,,,,".",".",,,,,,,,,,,,,,"1400000US06075010600","Census Tract 106",,,,1979,301,283,18,551,0,16,606,41,464,15.21,14.3,0.91,27.84,0,0.81,30.62,2.07,23.45,3293,3293,292,1030,1318,653,8.87,31.28,40.02,19.83,3293,1025,100,13,1647,0,62,446,31.13,3.04,0.39,50.02,0,1.88,13.54,3293,2876,893,100,0,1647,0,11,225,417,132,0,13,0,0,51,221,87.34,27.12,3.04,0,50.02,0,0.33,6.83,12.66,4.01,0,0.39,0,0,1.55,6.71,1836,174,174,0,73,101,0,1662,9.48,9.48,0,3.98,5.5,0,90.52,86111,115938,1836,1189,533,108,6,0,0,64.76,29.03,5.88,0.33,0,0
"06075010701","Census Tract 107.01, San Francisco County, California","ca","140","00",,,,"06","075",,,"010701",,,,,,,,,,,,,,".",".",,,,,,,,,,,,,,"1400000US06075010701","Census Tract 107.01",,,,1280,92,92,0,578,0,0,337,31,242,7.19,7.19,0,45.16,0,0,26.33,2.42,18.91,3280,3280,175,406,1412,1287,5.34,12.38,43.05,39.24,3280,192,0,0,3039,0,10,39,5.85,0,0,92.65,0,0.3,1.19,3280,3248,160,0,0,3039,0,10,39,32,32,0,0,0,0,0,0,99.02,4.88,0,0,92.65,0,0.3,1.19,0.98,0.98,0,0,0,0,0,0,1834,165,165,0,0,165,0,1669,9,9,0,0,9,0,91,27531,32732,1834,1547,260,27,0,0,0,84.35,14.18,1.47,0,0,0
"06075010702","Census Tract 107.02, San Francisco County, California","ca","140","00",,,,"06","075",,,"010702",,,,,,,,,,,,,,".",".",,,,,,,,,,,,,,"1400000US06075010702","Census Tract 107.02",,,,799,123,82,41,185,0,0,235,50,206,15.39,10.26,5.13,23.15,0,0,29.41,6.26,25.78,1380,1380,170,326,648,236,12.32,23.62,46.96,17.1,1380,357,0,37,692,0,197,97,25.87,0,2.68,50.14,0,14.28,7.03,1380,1137,348,0,0,692,0,0,97,243,9,0,37,0,0,197,0,82.39,25.22,0,0,50.14,0,0,7.03,17.61,0.65,0,2.68,0,0,14.28,0,674,116,116,51,0,65,0,558,17.21,17.21,7.57,0,9.64,0,82.79,80472,,674,311,280,83,0,0,0,46.14,41.54,12.31,0,0,0
"06075010800","Census Tract 108, San Francisco County, California","ca","140","00",,,,"06","075",,,"010800",,,,,,,,,,,,,,".",".",,,,,,,,,,,,,,"1400000US06075010800","Census Tract 108",,,,3020,667,558,109,617,0,58,873,0,805,22.09,18.48,3.61,20.43,0,1.92,28.91,0,26.66,4334,4334,86,1417,1833,998,1.98,32.69,42.29,23.03,4334,2089,377,0,1416,0,201,251,48.2,8.7,0,32.67,0,4.64,5.79,4334,4114,2012,377,0,1416,0,97,212,220,77,0,0,0,0,104,39,94.92,46.42,8.7,0,32.67,0,2.24,4.89,5.08,1.78,0,0,0,0,2.4,0.9,2382,67,46,0,0,46,21,2315,2.81,1.93,0,0,1.93,0.88,97.19,150298,199219,2382,684,1203,423,72,0,0,28.72,50.5,17.76,3.02,0,0
"06075010901","Census Tract 109.01, San Francisco County, California","ca","140","00",,,,"06","075",,,"010901",,,,,,,,,,,,,,".",".",,,,,,,,,,,,,,"1400000US06075010901","Census Tract 109.01",,,,1567,478,431,47,393,0,59,312,80,245,30.5,27.5,3,25.08,0,3.77,19.91,5.11,15.63,2069,2069,131,969,656,313,6.33,46.83,31.71,15.13,2069,1400,9,27,364,0,25,244,67.67,0.43,1.3,17.59,0,1.21,11.79,2069,1732,1234,9,0,364,0,25,100,337,166,0,27,0,0,0,144,83.71,59.64,0.43,0,17.59,0,1.21,4.83,16.29,8.02,0,1.3,0,0,0,6.96,1071,69,69,18,23,28,0,1002,6.44,6.44,1.68,2.15,2.61,0,93.56,190139,250001,1071,400,481,136,54,0,0,37.35,44.91,12.7,5.04,0,0
"06075010902","Census Tract 109.02, San Francisco County, California","ca","140","00",,,,"06","075",,,"010902",,,,,,,,,,,,,,".",".",,,,,,,,,,,,,,"1400000US06075010902","Census Tract 109.02",,,,1938,449,345,104,268,0,141,147,17,916,23.17,17.8,5.37,13.83,0,7.28,7.59,0.88,47.27,2568,2568,171,1111,881,405,6.66,43.26,34.31,15.77,2568,1723,0,0,407,0,96,342,67.1,0,0,15.85,0,3.74,13.32,2568,2158,1591,0,0,407,0,0,160,410,132,0,0,0,0,96,182,84.03,61.95,0,0,15.85,0,0,6.23,15.97,5.14,0,0,0,0,3.74,7.09,1452,125,125,12,0,113,0,1327,8.61,8.61,0.83,0,7.78,0,91.39,141591,179297,1452,889,436,111,16,0,0,61.23,30.03,7.64,1.1,0,0
"06075011001","Census Tract 110.01, San Francisco County, California","ca","140","00",,,,"06","075",,,"011001",,,,,,,,,,,,,,".",".",,,,,,,,,,,,,,"1400000US06075011001","Census Tract 110.01",,,,1563,323,261,62,429,0,39,210,0,562,20.67,16.7,3.97,27.45,0,2.5,13.44,0,35.96,2327,2327,100,894,853,480,4.3,38.42,36.66,20.63,2327,1491,0,0,781,0,45,10,64.07,0,0,33.56,0,1.93,0.43,2327,2271,1468,0,0,781,0,12,10,56,23,0,0,0,0,33,0,97.59,63.09,0,0,33.56,0,0.52,0.43,2.41,0.99,0,0,0,0,1.42,0,1405,103,103,84,0,19,0,1302,7.33,7.33,5.98,0,1.35,0,92.67,117750,,1405,714,499,148,44,0,0,50.82,35.52,10.53,3.13,0,0
"06075011002","Census Tract 110.02, San Francisco County, California","ca","140","00",,,,"06","075",,,"011002",,,,,,,,,,,,,,".",".",,,,,,,,,,,,,,"1400000US06075011002","Census Tract 110.02",,,,1219,302,229,73,245,0,0,348,23,301,24.77,18.79,5.99,20.1,0,0,28.55,1.89,24.69,1755,1755,123,589,793,250,7.01,33.56,45.19,14.25,1755,725,0,0,695,0,122,213,41.31,0,0,39.6,0,6.95,12.14,1755,1491,686,0,0,695,0,0,110,264,39,0,0,0,0,122,103,84.96,39.09,0,0,39.6,0,0,6.27,15.04,2.22,0,0,0,0,6.95,5.87,1129,93,93,23,0,70,0,1036,8.24,8.24,2.04,0,6.2,0,91.76,155575,156714,1129,382,648,99,0,0,0,33.84,57.4,8.77,0,0,0
"06075011101","Census Tract 111.01, San Francisco County, California","ca","140","00",,,,"06","075",,,"011101",,,,,,,,,,,,,,".",".",,,,,,,,,,,,,,"1400000US06075011101","Census Tract 111.01",,,,1666,295,278,17,429,0,52,341,117,432,17.71,16.69,1.02,25.75,0,3.12,20.47,7.02,25.93,2470,2470,140,835,1002,493,5.67,33.81,40.57,19.96,2470,1236,76,0,967,0,18,173,50.04,3.08,0,39.15,0,0.73,7,2470,2230,1100,76,0,967,0,0,87,240,136,0,0,0,0,18,86,90.28,44.53,3.08,0,39.15,0,0,3.52,9.72,5.51,0,0,0,0,0.73,3.48,1473,87,73,32,14,27,14,1386,5.91,4.96,2.17,0.95,1.83,0.95,94.09,112418,121820,1473,798,590,85,0,0,0,54.18,40.05,5.77,0,0,0
"06075011102","Census Tract 111.02, San Francisco County, California","ca","140","00",,,,"06","075",,,"011102",,,,,,,,,,,,,,".",".",,,,,,,,,,,,,,"1400000US06075011102","Census Tract 111.02",,,,1411,123,123,0,398,0,29,556,57,248,8.72,8.72,0,28.21,0,2.06,39.4,4.04,17.58,2205,2205,116,854,830,405,5.26,38.73,37.64,18.37,2205,731,244,5,894,0,203,128,33.15,11.07,0.23,40.54,0,9.21,5.8,2205,1960,715,244,0,894,0,0,107,245,16,0,5,0,0,203,21,88.89,32.43,11.07,0,40.54,0,0,4.85,11.11,0.73,0,0.23,0,0,9.21,0.95,1312,93,93,60,0,33,0,1219,7.09,7.09,4.57,0,2.52,0,92.91,101976,151461,1312,951,344,17,0,0,0,72.48,26.22,1.3,0,0,0
"06075011200","Census Tract 112, San Francisco County, California","ca","140","00",,,,"06","075",,,"011200",,,,,,,,,,,,,,".",".",,,,,,,,,,,,,,"1400000US06075011200","Census Tract 112",,,,1568,323,274,49,288,0,0,401,10,546,20.6,17.47,3.12,18.37,0,0,25.57,0.64,34.82,2678,2678,166,877,949,686,6.2,32.75,35.44,25.62,2678,1382,50,0,974,0,55,217,51.61,1.87,0,36.37,0,2.05,8.1,2678,2621,1348,50,0,974,0,55,194,57,34,0,0,0,0,0,23,97.87,50.34,1.87,0,36.37,0,2.05,7.24,2.13,1.27,0,0,0,0,0,0.86,1633,120,120,45,17,58,0,1513,7.35,7.35,2.76,1.04,3.55,0,92.65,118347,183182,1633,927,560,136,10,0,0,56.77,34.29,8.33,0.61,0,0
"06075011300","Census Tract 113, San Francisco County, California","ca","140","00",,,,"06","075",,,"011300",,,,,,,,,,,,,,".",".",,,,,,,,,,,,,,"1400000US06075011300","Census Tract 113",,,,1245,139,121,18,212,10,0,468,13,403,11.16,9.72,1.45,17.03,0.8,0,37.59,1.04,32.37,2518,2518,157,770,853,738,6.24,30.58,33.88,29.31,2518,563,48,0,1797,0,13,97,22.36,1.91,0,71.37,0,0.52,3.85,2518,2418,488,48,0,1795,0,0,87,100,75,0,0,2,0,13,10,96.03,19.38,1.91,0,71.29,0,0,3.46,3.97,2.98,0,0,0.08,0,0.52,0.4,1333,100,87,0,0,87,13,1233,7.5,6.53,0,0,6.53,0.98,92.5,35507,36588,1333,854,422,49,8,0,0,64.07,31.66,3.68,0.6,0,0
"06075011700","Census Tract 117, San Francisco County, California","ca","140","00",,,,"06","075",,,"011700",,,,,,,,,,,,,,".",".",,,,,,,,,,,,,,"1400000US06075011700","Census Tract 117",,,,1019,132,97,35,193,0,0,469,25,200,12.95,9.52,3.43,18.94,0,0,46.03,2.45,19.63,1947,1947,207,276,1152,312,10.63,14.18,59.17,16.02,1947,841,57,0,633,0,146,270,43.19,2.93,0,32.51,0,7.5,13.87,1947,1659,825,57,0,633,0,3,141,288,16,0,0,0,0,143,129,85.21,42.37,2.93,0,32.51,0,0.15,7.24,14.79,0.82,0,0,0,0,7.34,6.63,1111,150,150,64,0,86,0,961,13.5,13.5,5.76,0,7.74,0,86.5,51964,98398,1111,830,248,16,0,17,0,74.71,22.32,1.44,0,1.53,0
"06075011800","Census Tract 118, San Francisco County, California","ca","140","00",,,,"06","075",,,"011800",,,,,,,,,,,,,,".",".",,,,,,,,,,,,,,"1400000US06075011800","Census Tract 118",,,,704,98,35,63,214,0,1,251,6,134,13.92,4.97,8.95,30.4,0,0.14,35.65,0.85,19.03,1635,1635,134,383,637,481,8.2,23.43,38.96,29.42,1635,136,30,0,1373,0,6,90,8.32,1.83,0,83.98,0,0.37,5.5,1635,1599,122,30,0,1373,0,0,74,36,14,0,0,0,0,6,16,97.8,7.46,1.83,0,83.98,0,0,4.53,2.2,0.86,0,0,0,0,0.37,0.98,716,90,63,1,0,62,27,626,12.57,8.8,0.14,0,8.66,3.77,87.43,43833,50033,716,533,151,23,9,0,0,74.44,21.09,3.21,1.26,0,0
"06075011901","Census Tract 119.01, San Francisco County, California","ca","140","00",,,,"06","075",,,"011901",,,,,,,,,,,,,,".",".",,,,,,,,,,,,,,"1400000US06075011901","Census Tract 119.01",,,,1521,186,163,23,368,0,16,530,55,366,12.23,10.72,1.51,24.19,0,1.05,34.85,3.62,24.06,2084,2084,152,754,864,314,7.29,36.18,41.46,15.07,2084,942,57,0,645,11,240,189,45.2,2.74,0,30.95,0.53,11.52,9.07,2084,1703,846,57,0,645,11,9,135,381,96,0,0,0,0,231,54,81.72,40.6,2.74,0,30.95,0.53,0.43,6.48,18.28,4.61,0,0,0,0,11.08,2.59,1217,94,78,63,5,10,16,1123,7.72,6.41,5.18,0.41,0.82,1.31,92.28,101827,214628,1217,796,398,11,12,0,0,65.41,32.7,0.9,0.99,0,0
"06075011902","Census Tract 119.02, San Francisco County, California","ca","140","00",,,,"06","075",,,"011902",,,,,,,,,,,,,,".",".",,,,,,,,,,,,,,"1400000US06075011902","Census Tract 119.02",,,,1606,188,188,0,288,0,0,604,30,496,11.71,11.71,0,17.93,0,0,37.61,1.87,30.88,2732,2732,93,1074,984,581,3.4,39.31,36.02,21.27,2732,1204,69,9,975,0,333,142,44.07,2.53,0.33,35.69,0,12.19,5.2,2732,2361,1138,69,0,975,0,51,128,371,66,0,9,0,0,282,14,86.42,41.65,2.53,0,35.69,0,1.87,4.69,13.58,2.42,0,0.33,0,0,10.32,0.51,1678,72,72,31,15,26,0,1606,4.29,4.29,1.85,0.89,1.55,0,95.71,77241,51563,1678,1152,384,130,12,0,0,68.65,22.88,7.75,0.72,0,0
"06075012001","Census Tract 120.01, San Francisco County, California","ca","140","00",,,,"06","075",,,"012001",,,,,,,,,,,,,,".",".",,,,,,,,,,,,,,"1400000US06075012001","Census Tract 120.01",,,,1217,174,123,51,133,11,31,394,56,418,14.3,10.11,4.19,10.93,0.9,2.55,32.37,4.6,34.35,1738,1738,114,685,719,220,6.56,39.41,41.37,12.66,1738,665,12,0,330,0,257,474,38.26,0.69,0,18.99,0,14.79,27.27,1738,1478,660,12,0,330,0,187,289,260,5,0,0,0,0,70,185,85.04,37.97,0.69,0,18.99,0,10.76,16.63,14.96,0.29,0,0,0,0,4.03,10.64,1004,56,56,56,0,0,0,948,5.58,5.58,5.58,0,0,0,94.42,91040,,1004,602,260,12,130,0,0,59.96,25.9,1.2,12.95,0,0
"06075012002","Census Tract 120.02, San Francisco County, California","ca","140","00",,,,"06","075",,,"012002",,,,,,,,,,,,,,".",".",,,,,,,,,,,,,,"1400000US06075012002","Census Tract 120.02",,,,1191,116,106,10,289,10,201,353,0,222,9.74,8.9,0.84,24.27,0.84,16.88,29.64,0,18.64,2035,2035,75,860,899,201,3.69,42.26,44.18,9.88,2035,652,157,0,703,0,201,322,32.04,7.71,0,34.55,0,9.88,15.82,2035,1489,529,143,0,692,0,0,125,546,123,14,0,11,0,201,197,73.17,26,7.03,0,34,0,0,6.14,26.83,6.04,0.69,0,0.54,0,9.88,9.68,1359,36,36,24,0,12,0,1323,2.65,2.65,1.77,0,0.88,0,97.35,71619,95833,1359,874,465,20,0,0,0,64.31,34.22,1.47,0,0,0
"06075012100","Census Tract 121, San Francisco County, California","ca","140","00",,,,"06","075",,,"012100",,,,,,,,,,,,,,".",".",,,,,,,,,,,,,,"1400000US06075012100","Census Tract 121",,,,2296,306,232,74,582,0,64,904,38,402,13.33,10.1,3.22,25.35,0,2.79,39.37,1.66,17.51,3250,3250,54,1314,1441,441,1.66,40.43,44.34,13.57,3250,1626,75,2,935,0,254,358,50.03,2.31,0.06,28.77,0,7.82,11.02,3250,2643,1425,37,0,935,0,5,241,607,201,38,2,0,0,249,117,81.32,43.85,1.14,0,28.77,0,0.15,7.42,18.68,6.18,1.17,0.06,0,0,7.66,3.6,2080,27,10,10,0,0,17,2053,1.3,0.48,0.48,0,0,0.82,98.7,92059,127762,2080,1535,545,0,0,0,0,73.8,26.2,0,0,0,0
"06075012202","Census Tract 122.02, San Francisco County, California","ca","140","00",,,,"06","075",,,"012202",,,,,,,,,,,,,,".",".",,,,,,,,,,,,,,"1400000US06075012202","Census Tract 122.02",,,,1263,115,86,29,455,16,0,409,36,232,9.11,6.81,2.3,36.03,1.27,0,32.38,2.85,18.37,3017,3017,205,651,1537,624,6.79,21.58,50.94,20.68,3017,1178,407,82,765,0,379,206,39.05,13.49,2.72,25.36,0,12.56,6.83,3017,2484,1104,407,64,765,0,7,137,533,74,0,18,0,0,372,69,82.33,36.59,13.49,2.12,25.36,0,0.23,4.54,17.67,2.45,0,0.6,0,0,12.33,2.29,1488,140,64,50,14,0,76,1348,9.41,4.3,3.36,0.94,0,5.11,90.59,54650,83750,1488,1054,414,20,0,0,0,70.83,27.82,1.34,0,0,0
"06075012203","Census Tract 122.03, San Francisco County, California","ca","140","00",,,,"06","075",,,"012203",,,,,,,,,,,,,,".",".",,,,,,,,,,,,,,"1400000US06075012203","Census Tract 122.03",,,,651,62,62,0,264,97,0,212,0,16,9.52,9.52,0,40.55,14.9,0,32.57,0,2.46,1895,1895,251,232,1032,380,13.25,12.24,54.46,20.05,1895,1150,138,91,341,0,32,143,60.69,7.28,4.8,17.99,0,1.69,7.55,1895,1613,1075,138,9,341,0,32,18,282,75,0,82,0,0,0,125,85.12,56.73,7.28,0.47,17.99,0,1.69,0.95,14.88,3.96,0,4.33,0,0,0,6.6,1081,163,118,33,0,85,45,918,15.08,10.92,3.05,0,7.86,4.16,84.92,22982,,1081,876,164,41,0,0,0,81.04,15.17,3.79,0,0,0
"06075012204","Census Tract 122.04, San Francisco County, California","ca","140","00",,,,"06","075",,,"012204",,,,,,,,,,,,,,".",".",,,,,,,,,,,,,,"1400000US06075012204","Census Tract 122.04",,,,1489,211,82,129,344,0,140,471,0,323,14.17,5.51,8.66,23.1,0,9.4,31.63,0,21.69,2389,2389,214,750,1118,307,8.96,31.39,46.8,12.85,2389,1137,0,18,734,0,56,444,47.59,0,0.75,30.72,0,2.34,18.59,2389,1940,1003,0,0,734,0,0,203,449,134,0,18,0,0,56,241,81.21,41.98,0,0,30.72,0,0,8.5,18.79,5.61,0,0.75,0,0,2.34,10.09,1566,181,181,13,14,154,0,1385,11.56,11.56,0.83,0.89,9.83,0,88.44,65217,117519,1566,1232,303,21,0,0,10,78.67,19.35,1.34,0,0,0.64
"06075012301","Census Tract 123.01, San Francisco County, California","ca","140","00",,,,"06","075",,,"012301",,,,,,,,,,,,,,".",".",,,,,,,,,,,,,,"1400000US06075012301","Census Tract 123.01",,,,652,58,45,13,229,0,31,276,0,58,8.9,6.9,1.99,35.12,0,4.75,42.33,0,8.9,1766,1766,101,321,792,552,5.72,18.18,44.85,31.26,1766,706,222,21,456,27,250,84,39.98,12.57,1.19,25.82,1.53,14.16,4.76,1766,1396,657,196,0,456,0,31,56,370,49,26,21,0,27,219,28,79.05,37.2,11.1,0,25.82,0,1.76,3.17,20.95,2.77,1.47,1.19,0,1.53,12.4,1.59,1311,31,31,0,12,19,0,1280,2.36,2.36,0,0.92,1.45,0,97.64,24284,68512,1311,1161,139,11,0,0,0,88.56,10.6,0.84,0,0,0
"06075012302","Census Tract 123.02, San Francisco County, California","ca","140","00",,,,"06","075",,,"012302",,,,,,,,,,,,,,".",".",,,,,,,,,,,,,,"1400000US06075012302","Census Tract 123.02",,,,1563,140,140,0,388,0,38,715,0,282,8.96,8.96,0,24.82,0,2.43,45.75,0,18.04,2586,2586,108,981,1197,300,4.18,37.94,46.29,11.6,2586,1159,189,60,718,0,222,238,44.82,7.31,2.32,27.76,0,8.58,9.2,2586,2155,1064,189,25,718,0,62,97,431,95,0,35,0,0,160,141,83.33,41.14,7.31,0.97,27.76,0,2.4,3.75,16.67,3.67,0,1.35,0,0,6.19,5.45,1886,64,64,64,0,0,0,1822,3.39,3.39,3.39,0,0,0,96.61,55741,81375,1886,1606,188,62,0,0,30,85.15,9.97,3.29,0,0,1.59
"06075012403","Census Tract 124.03, San Francisco County, California","ca","140","00",,,,"06","075",,,"012403",,,,,,,,,,,,,,".",".",,,,,,,,,,,,,,"1400000US06075012403","Census Tract 124.03",,,,1366,347,267,80,555,41,13,214,61,135,25.4,19.55,5.86,40.63,3,0.95,15.67,4.47,9.88,2696,2696,355,548,1417,376,13.17,20.33,52.56,13.95,2696,254,74,38,1435,0,579,316,9.42,2.74,1.41,53.23,0,21.48,11.72,2696,1916,254,74,0,1418,0,137,33,780,0,0,38,17,0,442,283,71.07,9.42,2.74,0,52.6,0,5.08,1.22,28.93,0,0,1.41,0.63,0,16.39,10.5,1181,192,154,13,12,129,38,989,16.26,13.04,1.1,1.02,10.92,3.22,83.74,46185,71592,1181,833,285,63,0,0,0,70.53,24.13,5.33,0,0,0
"06075012404","Census Tract 124.04, San Francisco County, California","ca","140","00",,,,"06","075",,,"012404",,,,,,,,,,,,,,".",".",,,,,,,,,,,,,,"1400000US06075012404","Census Tract 124.04",,,,1341,291,261,30,497,0,126,372,55,0,21.7,19.46,2.24,37.06,0,9.4,27.74,4.1,0,2587,2587,86,626,1497,378,3.32,24.2,57.87,14.61,2587,923,185,94,662,0,630,93,35.68,7.15,3.63,25.59,0,24.35,3.59,2587,1590,783,127,0,602,0,0,78,997,140,58,94,60,0,630,15,61.46,30.27,4.91,0,23.27,0,0,3.02,38.54,5.41,2.24,3.63,2.32,0,24.35,0.58,1499,49,38,0,0,38,11,1450,3.27,2.54,0,0,2.54,0.73,96.73,35074,76196,1499,1182,236,32,22,0,27,78.85,15.74,2.13,1.47,0,1.8
"06075012405","Census Tract 124.05, San Francisco County, California","ca","140","00",,,,"06","075",,,"012405",,,,,,,,,,,,,,".",".",,,,,,,,,,,,,,"1400000US06075012405","Census Tract 124.05",,,,2662,362,353,9,732,0,49,534,0,985,13.6,13.26,0.34,27.5,0,1.84,20.06,0,37,3878,3878,391,1885,1471,131,10.08,48.61,37.93,3.38,3878,1444,614,82,715,0,94,929,37.24,15.83,2.11,18.44,0,2.42,23.96,3878,3031,1337,614,0,715,0,0,365,847,107,0,82,0,0,94,564,78.16,34.48,15.83,0,18.44,0,0,9.41,21.84,2.76,0,2.11,0,0,2.42,14.54,2513,236,158,75,0,83,78,2277,9.39,6.29,2.98,0,3.3,3.1,90.61,107311,89551,2513,1714,670,95,34,0,0,68.21,26.66,3.78,1.35,0,0
"06075012406","Census Tract 124.06, San Francisco County, California","ca","140","00",,,,"06","075",,,"012406",,,,,,,,,,,,,,".",".",,,,,,,,,,,,,,"1400000US06075012406","Census Tract 124.06",,,,614,106,95,11,135,0,30,230,0,113,17.26,15.47,1.79,21.99,0,4.89,37.46,0,18.4,1358,1358,0,284,686,388,0,20.91,50.52,28.57,1358,522,111,0,437,0,231,57,38.44,8.17,0,32.18,0,17.01,4.2,1358,1085,509,111,0,437,0,17,11,273,13,0,0,0,0,214,46,79.9,37.48,8.17,0,32.18,0,1.25,0.81,20.1,0.96,0,0,0,0,15.76,3.39,947,0,0,0,0,0,0,947,0,0,0,0,0,0,100,26132,,947,719,214,14,0,0,0,75.92,22.6,1.48,0,0,0
"06075012502","Census Tract 125.02, San Francisco County, California","ca","140","00",,,,"06","075",,,"012502",,,,,,,,,,,,,,".",".",,,,,,,,,,,,,,"1400000US06075012502","Census Tract 125.02",,,,1469,173,173,0,647,0,17,445,45,142,11.78,11.78,0,44.04,0,1.16,30.29,3.06,9.67,4689,4689,413,660,1935,1681,8.81,14.08,41.27,35.85,4689,933,526,386,1349,0,1051,444,19.9,11.22,8.23,28.77,0,22.41,9.47,4689,3214,888,491,382,1349,0,13,91,1475,45,35,4,0,0,1038,353,68.54,18.94,10.47,8.15,28.77,0,0.28,1.94,31.46,0.96,0.75,0.09,0,0,22.14,7.53,2270,207,207,87,0,120,0,2063,9.12,9.12,3.83,0,5.29,0,90.88,19128,53824,2270,1898,237,89,46,0,0,83.61,10.44,3.92,2.03,0,0
"06075012503","Census Tract 125.03, San Francisco County, California","ca","140","00",,,,"06","075",,,"012503",,,,,,,,,,,,,,".",".",,,,,,,,,,,,,,"1400000US06075012503","Census Tract 125.03",,,,1778,283,282,1,647,0,54,610,15,169,15.92,15.86,0.06,36.39,0,3.04,34.31,0.84,9.51,4497,4497,527,955,2220,795,11.72,21.24,49.37,17.68,4497,1132,450,121,1585,0,880,329,25.17,10.01,2.69,35.25,0,19.57,7.32,4497,3071,1031,450,0,1549,0,0,41,1426,101,0,121,36,0,880,288,68.29,22.93,10.01,0,34.45,0,0,0.91,31.71,2.25,0,2.69,0.8,0,19.57,6.4,2205,289,289,25,108,156,0,1916,13.11,13.11,1.13,4.9,7.07,0,86.89,47301,80645,2205,1658,456,0,91,0,0,75.19,20.68,0,4.13,0,0
"06075012504","Census Tract 125.04, San Francisco County, California","ca","140","00",,,,"06","075",,,"012504",,,,,,,,,,,,,,".",".",,,,,,,,,,,,,,"1400000US06075012504","Census Tract 125.04",,,,201,0,0,0,160,0,15,0,0,26,0,0,0,79.6,0,7.46,0,0,12.94,651,651,23,99,248,281,3.53,15.21,38.1,43.16,651,49,69,30,295,0,6,202,7.53,10.6,4.61,45.31,0,0.92,31.03,651,459,49,69,30,295,0,0,16,192,0,0,0,0,0,6,186,70.51,7.53,10.6,4.61,45.31,0,0,2.46,29.49,0,0,0,0,0,0.92,28.57,333,26,26,0,0,26,0,307,7.81,7.81,0,0,7.81,0,92.19,22639,,333,252,4,51,26,0,0,75.68,1.2,15.32,7.81,0,0
"06075012601","Census Tract 126.01, San Francisco County, California","ca","140","00",,,,"06","075",,,"012601",,,,,,,,,,,,,,".",".",,,,,,,,,,,,,,"1400000US06075012601","Census Tract 126.01",,,,1459,417,369,48,417,7,53,36,0,529,28.58,25.29,3.29,28.58,0.48,3.63,2.47,0,36.26,2045,2045,270,754,804,217,13.2,36.87,39.32,10.61,2045,1425,0,0,290,0,8,322,69.68,0,0,14.18,0,0.39,15.75,2045,1863,1370,0,0,236,0,0,257,182,55,0,0,54,0,8,65,91.1,66.99,0,0,11.54,0,0,12.57,8.9,2.69,0,0,2.64,0,0.39,3.18,1291,168,168,17,16,135,0,1123,13.01,13.01,1.32,1.24,10.46,0,86.99,176750,248224,1291,417,662,193,19,0,0,32.3,51.28,14.95,1.47,0,0
"06075012602","Census Tract 126.02, San Francisco County, California","ca","140","00",,,,"06","075",,,"012602",,,,,,,,,,,,,,".",".",,,,,,,,,,,,,,"1400000US06075012602","Census Tract 126.02",,,,2017,611,490,121,543,16,31,42,27,747,30.29,24.29,6,26.92,0.79,1.54,2.08,1.34,37.04,2956,2956,325,1384,998,249,10.99,46.82,33.76,8.42,2956,2348,0,0,258,0,49,301,79.43,0,0,8.73,0,1.66,10.18,2956,2823,2304,0,0,258,0,12,249,133,44,0,0,0,0,37,52,95.5,77.94,0,0,8.73,0,0.41,8.42,4.5,1.49,0,0,0,0,1.25,1.76,1425,174,174,50,22,102,0,1251,12.21,12.21,3.51,1.54,7.16,0,87.79,237917,250001,1425,342,736,215,121,0,11,24,51.65,15.09,8.49,0,0.77
"06075012700","Census Tract 127, San Francisco County, California","ca","140","00",,,,"06","075",,,"012700",,,,,,,,,,,,,,".",".",,,,,,,,,,,,,,"1400000US06075012700","Census Tract 127",,,,2515,908,727,181,368,54,0,94,52,1039,36.1,28.91,7.2,14.63,2.15,0,3.74,2.07,41.31,3973,3973,585,1670,1405,313,14.72,42.03,35.36,7.88,3973,3234,47,0,228,0,62,402,81.4,1.18,0,5.74,0,1.56,10.12,3973,3661,3180,47,0,228,0,0,206,312,54,0,0,0,0,62,196,92.15,80.04,1.18,0,5.74,0,0,5.18,7.85,1.36,0,0,0,0,1.56,4.93,2074,309,309,174,0,135,0,1765,14.9,14.9,8.39,0,6.51,0,85.1,250001,250001,2074,270,1308,462,10,0,24,13.02,63.07,22.28,0.48,0,1.16
"06075012801","Census Tract 128.01, San Francisco County, California","ca","140","00",,,,"06","075",,,"012801",,,,,,,,,,,,,,".",".",,,,,,,,,,,,,,"1400000US06075012801","Census Tract 128.01",,,,1457,548,389,159,152,0,24,178,0,555,37.61,26.7,10.91,10.43,0,1.65,12.22,0,38.09,2547,2547,484,690,940,433,19,27.09,36.91,17,2547,1881,20,0,235,18,43,350,73.85,0.79,0,9.23,0.71,1.69,13.74,2547,2138,1817,20,0,235,18,18,30,409,64,0,0,0,0,25,320,83.94,71.34,0.79,0,9.23,0.71,0.71,1.18,16.06,2.51,0,0,0,0,0.98,12.56,1210,158,158,37,16,105,0,1052,13.06,13.06,3.06,1.32,8.68,0,86.94,236553,250001,1210,333,582,198,45,52,0,27.52,48.1,16.36,3.72,4.3,0
"06075012802","Census Tract 128.02, San Francisco County, California","ca","140","00",,,,"06","075",,,"012802",,,,,,,,,,,,,,".",".",,,,,,,,,,,,,,"1400000US06075012802","Census Tract 128.02",,,,1352,232,194,38,265,0,134,53,29,639,17.16,14.35,2.81,19.6,0,9.91,3.92,2.14,47.26,2035,2035,329,971,554,181,16.17,47.71,27.22,8.89,2035,1443,5,0,184,0,63,340,70.91,0.25,0,9.04,0,3.1,16.71,2035,1677,1433,5,0,184,0,0,55,358,10,0,0,0,0,63,285,82.41,70.42,0.25,0,9.04,0,0,2.7,17.59,0.49,0,0,0,0,3.1,14,935,178,178,102,0,76,0,757,19.04,19.04,10.91,0,8.13,0,80.96,250001,250001,935,191,537,159,10,38,0,20.43,57.43,17.01,1.07,4.06,0
"06075012901","Census Tract 129.01, San Francisco County, California","ca","140","00",,,,"06","075",,,"012901",,,,,,,,,,,,,,".",".",,,,,,,,,,,,,,"1400000US06075012901","Census Tract 129.01",,,,2205,548,542,6,471,42,71,144,35,894,24.85,24.58,0.27,21.36,1.9,3.22,6.53,1.59,40.54,2887,2887,411,1457,888,131,14.24,50.47,30.76,4.54,2887,2016,1,1,498,0,32,339,69.83,0.03,0.03,17.25,0,1.11,11.74,2887,2581,1928,1,0,498,0,0,154,306,88,0,1,0,0,32,185,89.4,66.78,0.03,0,17.25,0,0,5.33,10.6,3.05,0,0.03,0,0,1.11,6.41,1454,229,229,172,8,49,0,1225,15.75,15.75,11.83,0.55,3.37,0,84.25,231841,250001,1454,326,962,152,6,0,8,22.42,66.16,10.45,0.41,0,0.55
"06075012902","Census Tract 129.02, San Francisco County, California","ca","140","00",,,,"06","075",,,"012902",,,,,,,,,,,,,,".",".",,,,,,,,,,,,,,"1400000US06075012902","Census Tract 129.02",,,,2067,509,393,116,561,25,82,55,47,788,24.63,19.01,5.61,27.14,1.21,3.97,2.66,2.27,38.12,2735,2735,128,1424,708,475,4.68,52.07,25.89,17.37,2735,1969,32,0,402,82,120,130,71.99,1.17,0,14.7,3,4.39,4.75,2735,2488,1908,32,0,402,82,0,64,247,61,0,0,0,0,120,66,90.97,69.76,1.17,0,14.7,3,0,2.34,9.03,2.23,0,0,0,0,4.39,2.41,1700,95,70,0,0,70,25,1605,5.59,4.12,0,0,4.12,1.47,94.41,210921,250001,1700,488,898,180,134,0,0,28.71,52.82,10.59,7.88,0,0
"06075013001","Census Tract 130.01, San Francisco County, California","ca","140","00",,,,"06","075",,,"013001",,,,,,,,,,,,,,".",".",,,,,,,,,,,,,,"1400000US06075013001","Census Tract 130.01",,,,1062,382,365,17,292,0,85,116,36,151,35.97,34.37,1.6,27.5,0,8,10.92,3.39,14.22,1770,1770,361,782,518,109,20.4,44.18,29.27,6.16,1770,1457,13,3,181,0,52,64,82.32,0.73,0.17,10.23,0,2.94,3.62,1770,1665,1435,13,3,166,0,0,48,105,22,0,0,15,0,52,16,94.07,81.07,0.73,0.17,9.38,0,0,2.71,5.93,1.24,0,0,0.85,0,2.94,0.9,863,174,174,143,0,31,0,689,20.16,20.16,16.57,0,3.59,0,79.84,127031,119160,863,202,426,235,0,0,0,23.41,49.36,27.23,0,0,0
"06075013002","Census Tract 130.02, San Francisco County, California","ca","140","00",,,,"06","075",,,"013002",,,,,,,,,,,,,,".",".",,,,,,,,,,,,,,"1400000US06075013002","Census Tract 130.02",,,,1863,392,316,76,403,0,0,169,70,829,21.04,16.96,4.08,21.63,0,0,9.07,3.76,44.5,2785,2785,591,865,1182,147,21.22,31.06,42.44,5.28,2785,1963,0,54,374,0,0,394,70.48,0,1.94,13.43,0,0,14.15,2785,2600,1896,0,54,374,0,0,276,185,67,0,0,0,0,0,118,93.36,68.08,0,1.94,13.43,0,0,9.91,6.64,2.41,0,0,0,0,0,4.24,1253,334,324,187,0,137,10,919,26.66,25.86,14.92,0,10.93,0.8,73.34,238008,250001,1253,380,629,201,43,0,0,30.33,50.2,16.04,3.43,0,0
"06075013101","Census Tract 131.01, San Francisco County, California","ca","140","00",,,,"06","075",,,"013101",,,,,,,,,,,,,,".",".",,,,,,,,,,,,,,"1400000US06075013101","Census Tract 131.01",,,,2649,599,452,147,410,16,26,517,172,909,22.61,17.06,5.55,15.48,0.6,0.98,19.52,6.49,34.31,3935,3935,345,1695,1333,562,8.77,43.07,33.88,14.28,3935,2584,64,0,992,0,26,269,65.67,1.63,0,25.21,0,0.66,6.84,3935,3763,2568,64,0,992,0,0,139,172,16,0,0,0,0,26,130,95.63,65.26,1.63,0,25.21,0,0,3.53,4.37,0.41,0,0,0,0,0.66,3.3,2343,180,180,70,20,90,0,2163,7.68,7.68,2.99,0.85,3.84,0,92.32,206518,208417,2343,589,1471,240,29,0,14,25.14,62.78,10.24,1.24,0,0.6
"06075013102","Census Tract 131.02, San Francisco County, California","ca","140","00",,,,"06","075",,,"013102",,,,,,,,,,,,,,".",".",,,,,,,,,,,,,,"1400000US06075013102","Census Tract 131.02",,,,1833,639,547,92,292,9,40,148,40,665,34.86,29.84,5.02,15.93,0.49,2.18,8.07,2.18,36.28,2725,2725,316,787,1180,442,11.6,28.88,43.3,16.22,2725,1961,73,0,351,0,84,256,71.96,2.68,0,12.88,0,3.08,9.39,2725,2338,1778,73,0,351,0,0,136,387,183,0,0,0,0,84,120,85.8,65.25,2.68,0,12.88,0,0,4.99,14.2,6.72,0,0,0,0,3.08,4.4,1565,184,171,74,0,97,13,1381,11.76,10.93,4.73,0,6.2,0.83,88.24,250001,250001,1565,402,910,186,49,18,0,25.69,58.15,11.88,3.13,1.15,0
"06075013200","Census Tract 132, San Francisco County, California","ca","140","00",,,,"06","075",,,"013200",,,,,,,,,,,,,,".",".",,,,,,,,,,,,,,"1400000US06075013200","Census Tract 132",,,,2202,662,484,178,347,18,112,120,164,779,30.06,21.98,8.08,15.76,0.82,5.09,5.45,7.45,35.38,3721,3721,413,957,1549,802,11.1,25.72,41.63,21.55,3721,2480,1,0,794,0,27,419,66.65,0.03,0,21.34,0,0.73,11.26,3721,3506,2376,1,0,794,0,27,308,215,104,0,0,0,0,0,111,94.22,63.85,0.03,0,21.34,0,0.73,8.28,5.78,2.79,0,0,0,0,0,2.98,2209,268,268,68,51,149,0,1941,12.13,12.13,3.08,2.31,6.75,0,87.87,205265,250001,2209,361,1348,453,34,13,0,16.34,61.02,20.51,1.54,0.59,0
"06075013300","Census Tract 133, San Francisco County, California","ca","140","00",,,,"06","075",,,"013300",,,,,,,,,,,,,,".",".",,,,,,,,,,,,,,"1400000US06075013300","Census Tract 133",,,,1961,704,636,68,434,0,71,128,30,594,35.9,32.43,3.47,22.13,0,3.62,6.53,1.53,30.29,4160,4160,740,772,1561,1087,17.79,18.56,37.52,26.13,4160,2916,39,0,812,0,38,355,70.1,0.94,0,19.52,0,0.91,8.53,4160,3895,2835,39,0,812,0,0,209,265,81,0,0,0,0,38,146,93.63,68.15,0.94,0,19.52,0,0,5.02,6.37,1.95,0,0,0,0,0.91,3.51,1999,445,440,64,0,376,5,1554,22.26,22.01,3.2,0,18.81,0.25,77.74,177898,250001,1999,679,647,540,112,6,15,33.97,32.37,27.01,5.6,0.3,0.75
"06075013401","Census Tract 134.01, San Francisco County, California","ca","140","00",,,,"06","075",,,"013401",,,,,,,,,,,,,,".",".",,,,,,,,,,,,,,"1400000US06075013401","Census Tract 134.01",,,,951,307,269,38,225,0,7,47,123,242,32.28,28.29,4,23.66,0,0.74,4.94,12.93,25.45,1456,1456,195,587,468,206,13.39,40.32,32.14,14.15,1456,1006,4,4,131,0,31,280,69.09,0.27,0.27,9,0,2.13,19.23,1456,1292,884,4,4,131,0,22,247,164,122,0,0,0,0,9,33,88.74,60.71,0.27,0.27,9,0,1.51,16.96,11.26,8.38,0,0,0,0,0.62,2.27,797,102,102,32,18,52,0,695,12.8,12.8,4.02,2.26,6.52,0,87.2,208608,250001,797,215,392,173,17,0,0,26.98,49.18,21.71,2.13,0,0
"06075013402","Census Tract 134.02, San Francisco County, California","ca","140","00",,,,"06","075",,,"013402",,,,,,,,,,,,,,".",".",,,,,,,,,,,,,,"1400000US06075013402","Census Tract 134.02",,,,1484,514,433,81,344,10,32,35,0,549,34.64,29.18,5.46,23.18,0.67,2.16,2.36,0,36.99,2302,2302,279,610,987,426,12.12,26.5,42.88,18.51,2302,1609,115,3,398,0,45,132,69.9,5,0.13,17.29,0,1.95,5.73,2302,2167,1549,115,3,398,0,0,102,135,60,0,0,0,0,45,30,94.14,67.29,5,0.13,17.29,0,0,4.43,5.86,2.61,0,0,0,0,1.95,1.3,1205,176,163,98,28,37,13,1029,14.61,13.53,8.13,2.32,3.07,1.08,85.39,170190,250001,1205,233,757,159,0,56,0,19.34,62.82,13.2,0,4.65,0
"06075013500","Census Tract 135, San Francisco County, California","ca","140","00",,,,"06","075",,,"013500",,,,,,,,,,,,,,".",".",,,,,,,,,,,,,,"1400000US06075013500","Census Tract 135",,,,1793,672,613,59,373,0,51,170,30,497,37.48,34.19,3.29,20.8,0,2.84,9.48,1.67,27.72,2544,2544,230,964,930,420,9.04,37.89,36.56,16.51,2544,2011,10,0,263,0,15,245,79.05,0.39,0,10.34,0,0.59,9.63,2544,2197,1856,10,0,237,0,0,94,347,155,0,0,26,0,15,151,86.36,72.96,0.39,0,9.32,0,0,3.69,13.64,6.09,0,0,1.02,0,0.59,5.94,1614,129,129,45,9,75,0,1485,7.99,7.99,2.79,0.56,4.65,0,92.01,182241,250001,1614,530,912,165,7,0,0,32.84,56.51,10.22,0.43,0,0
"06075015100","Census Tract 151, San Francisco County, California","ca","140","00",,,,"06","075",,,"015100",,,,,,,,,,,,,,".",".",,,,,,,,,,,,,,"1400000US06075015100","Census Tract 151",,,,1627,278,248,30,514,7,43,236,31,518,17.09,15.24,1.84,31.59,0.43,2.64,14.51,1.91,31.84,2840,2840,114,1067,961,698,4.01,37.57,33.84,24.58,2840,1406,118,6,1070,0,25,215,49.51,4.15,0.21,37.68,0,0.88,7.57,2840,2673,1312,118,6,1070,0,16,151,167,94,0,0,0,0,9,64,94.12,46.2,4.15,0.21,37.68,0,0.56,5.32,5.88,3.31,0,0,0,0,0.32,2.25,1713,110,110,32,0,78,0,1603,6.42,6.42,1.87,0,4.55,0,93.58,170568,226944,1713,695,940,61,13,4,0,40.57,54.87,3.56,0.76,0.23,0
"06075015201","Census Tract 152.01, San Francisco County, California","ca","140","00",,,,"06","075",,,"015201",,,,,,,,,,,,,,".",".",,,,,,,,,,,,,,"1400000US06075015201","Census Tract 152.01",,,,979,386,279,107,199,0,15,113,0,266,39.43,28.5,10.93,20.33,0,1.53,11.54,0,27.17,1532,1532,124,641,496,271,8.09,41.84,32.38,17.69,1532,920,84,0,419,0,0,109,60.05,5.48,0,27.35,0,0,7.11,1532,1441,840,84,0,419,0,0,98,91,80,0,0,0,0,0,11,94.06,54.83,5.48,0,27.35,0,0,6.4,5.94,5.22,0,0,0,0,0,0.72,973,44,14,0,0,14,30,929,4.52,1.44,0,0,1.44,3.08,95.48,113450,165169,973,484,405,54,30,0,0,49.74,41.62,5.55,3.08,0,0
"06075015202","Census Tract 152.02, San Francisco County, California","ca","140","00",,,,"06","075",,,"015202",,,,,,,,,,,,,,".",".",,,,,,,,,,,,,,"1400000US06075015202","Census Tract 152.02",,,,1584,468,366,102,257,0,0,157,112,590,29.55,23.11,6.44,16.22,0,0,9.91,7.07,37.25,2334,2334,193,921,722,498,8.27,39.46,30.93,21.34,2334,1187,441,0,506,0,23,177,50.86,18.89,0,21.68,0,0.99,7.58,2334,2217,1161,441,0,506,0,0,109,117,26,0,0,0,0,23,68,94.99,49.74,18.89,0,21.68,0,0,4.67,5.01,1.11,0,0,0,0,0.99,2.91,1065,157,106,90,0,16,51,908,14.74,9.95,8.45,0,1.5,4.79,85.26,177533,250001,1065,307,671,64,23,0,0,28.83,63,6.01,2.16,0,0
"06075015300","Census Tract 153, San Francisco County, California","ca","140","00",,,,"06","075",,,"015300",,,,,,,,,,,,,,".",".",,,,,,,,,,,,,,"1400000US06075015300","Census Tract 153",,,,1599,233,191,42,393,0,22,226,87,638,14.57,11.94,2.63,24.58,0,1.38,14.13,5.44,39.9,2427,2427,243,1082,699,403,10.01,44.58,28.8,16.6,2427,1605,163,20,298,0,39,302,66.13,6.72,0.82,12.28,0,1.61,12.44,2427,2125,1525,163,0,298,0,0,139,302,80,0,20,0,0,39,163,87.56,62.83,6.72,0,12.28,0,0,5.73,12.44,3.3,0,0.82,0,0,1.61,6.72,1077,154,154,76,0,78,0,923,14.3,14.3,7.06,0,7.24,0,85.7,215417,250001,1077,356,487,227,7,0,0,33.05,45.22,21.08,0.65,0,0
"06075015401","Census Tract 154.01, San Francisco County, California","ca","140","00",,,,"06","075",,,"015401",,,,,,,,,,,,,,".",".",,,,,,,,,,,,,,"1400000US06075015401","Census Tract 154.01",,,,2076,507,411,96,479,0,15,153,89,833,24.42,19.8,4.62,23.07,0,0.72,7.37,4.29,40.13,3035,3035,309,1039,1248,439,10.18,34.23,41.12,14.46,3035,1634,24,0,1008,0,117,252,53.84,0.79,0,33.21,0,3.86,8.3,3035,2770,1568,24,0,1008,0,29,141,265,66,0,0,0,0,88,111,91.27,51.66,0.79,0,33.21,0,0.96,4.65,8.73,2.17,0,0,0,0,2.9,3.66,1632,183,165,36,65,64,18,1449,11.21,10.11,2.21,3.98,3.92,1.1,88.79,173409,239614,1632,340,953,246,93,0,0,20.83,58.39,15.07,5.7,0,0
"06075015402","Census Tract 154.02, San Francisco County, California","ca","140","00",,,,"06","075",,,"015402",,,,,,,,,,,,,,".",".",,,,,,,,,,,,,,"1400000US06075015402","Census Tract 154.02",,,,1836,627,457,170,349,0,0,61,8,791,34.15,24.89,9.26,19.01,0,0,3.32,0.44,43.08,2747,2747,457,663,1405,222,16.64,24.14,51.15,8.08,2747,1818,0,0,472,0,125,332,66.18,0,0,17.18,0,4.55,12.09,2747,2259,1669,0,0,450,0,0,140,488,149,0,0,22,0,125,192,82.24,60.76,0,0,16.38,0,0,5.1,17.76,5.42,0,0,0.8,0,4.55,6.99,1331,335,335,77,52,206,0,996,25.17,25.17,5.79,3.91,15.48,0,74.83,207292,250001,1331,147,766,327,78,0,13,11.04,57.55,24.57,5.86,0,0.98
"06075015500","Census Tract 155, San Francisco County, California","ca","140","00",,,,"06","075",,,"015500",,,,,,,,,,,,,,".",".",,,,,,,,,,,,,,"1400000US06075015500","Census Tract 155",,,,1765,420,419,1,525,0,7,189,0,624,23.8,23.74,0.06,29.75,0,0.4,10.71,0,35.35,3936,3936,168,1390,812,1566,4.27,35.32,20.63,39.79,3936,1788,156,7,1296,0,307,382,45.43,3.96,0.18,32.93,0,7.8,9.71,3936,3236,1570,156,7,1296,0,51,156,700,218,0,0,0,0,256,226,82.22,39.89,3.96,0.18,32.93,0,1.3,3.96,17.78,5.54,0,0,0,0,6.5,5.74,2250,117,117,24,0,93,0,2133,5.2,5.2,1.07,0,4.13,0,94.8,95909,189077,2250,1278,722,233,17,0,0,56.8,32.09,10.36,0.76,0,0
"06075015600","Census Tract 156, San Francisco County, California","ca","140","00",,,,"06","075",,,"015600",,,,,,,,,,,,,,".",".",,,,,,,,,,,,,,"1400000US06075015600","Census Tract 156",,,,1562,548,395,153,404,21,15,117,0,457,35.08,25.29,9.8,25.86,1.34,0.96,7.49,0,29.26,2927,2927,229,1034,927,737,7.82,35.33,31.67,25.18,2927,1195,142,36,1135,0,68,351,40.83,4.85,1.23,38.78,0,2.32,11.99,2927,2694,1115,142,36,1135,0,0,266,233,80,0,0,0,0,68,85,92.04,38.09,4.85,1.23,38.78,0,0,9.09,7.96,2.73,0,0,0,0,2.32,2.9,1376,119,119,39,6,74,0,1257,8.65,8.65,2.83,0.44,5.38,0,91.35,89792,130147,1376,412,739,166,28,31,0,29.94,53.71,12.06,2.03,2.25,0
"06075015701","Census Tract 157.01, San Francisco County, California","ca","140","00",,,,"06","075",,,"015701",,,,,,,,,,,,,,".",".",,,,,,,,,,,,,,"1400000US06075015701","Census Tract 157.01",,,,2778,725,671,54,892,0,21,541,19,580,26.1,24.15,1.94,32.11,0,0.76,19.47,0.68,20.88,4958,4958,316,3192,1112,338,6.37,64.38,22.43,6.82,4958,2315,119,8,1699,0,264,553,46.69,2.4,0.16,34.27,0,5.32,11.15,4958,4262,2163,93,0,1601,0,0,405,696,152,26,8,98,0,264,148,85.96,43.63,1.88,0,32.29,0,0,8.17,14.04,3.07,0.52,0.16,1.98,0,5.32,2.99,1217,173,154,22,22,110,19,1044,14.22,12.65,1.81,1.81,9.04,1.56,85.78,156581,187542,1217,229,567,373,48,0,0,18.82,46.59,30.65,3.94,0,0
"06075015702","Census Tract 157.02, San Francisco County, California","ca","140","00",,,,"06","075",,,"015702",,,,,,,,,,,,,,".",".",,,,,,,,,,,,,,"1400000US06075015702","Census Tract 157.02",,,,2200,765,679,86,496,18,146,89,0,686,34.77,30.86,3.91,22.55,0.82,6.64,4.05,0,31.18,3109,3109,399,1038,1274,398,12.83,33.39,40.98,12.8,3109,1778,29,0,405,0,597,300,57.19,0.93,0,13.03,0,19.2,9.65,3109,2750,1683,17,0,405,0,461,184,359,95,12,0,0,0,136,116,88.45,54.13,0.55,0,13.03,0,14.83,5.92,11.55,3.06,0.39,0,0,0,4.37,3.73,1397,291,291,165,0,126,0,1106,20.83,20.83,11.81,0,9.02,0,79.17,211641,250001,1397,204,842,266,75,10,0,14.6,60.27,19.04,5.37,0.72,0
"06075015801","Census Tract 158.01, San Francisco County, California","ca","140","00",,,,"06","075",,,"015801",,,,,,,,,,,,,,".",".",,,,,,,,,,,,,,"1400000US06075015801","Census Tract 158.01",,,,1680,488,454,34,546,0,32,136,52,426,29.05,27.02,2.02,32.5,0,1.9,8.1,3.1,25.36,3220,3220,523,845,1206,646,16.24,26.24,37.45,20.06,3220,1370,782,0,709,0,98,261,42.55,24.29,0,22.02,0,3.04,8.11,3220,3008,1333,782,0,709,0,0,184,212,37,0,0,0,0,98,77,93.42,41.4,24.29,0,22.02,0,0,5.71,6.58,1.15,0,0,0,0,3.04,2.39,1416,286,237,101,21,115,49,1130,20.2,16.74,7.13,1.48,8.12,3.46,79.8,149643,175066,1416,375,821,199,0,10,11,26.48,57.98,14.05,0,0.71,0.78
"06075015802","Census Tract 158.02, San Francisco County, California","ca","140","00",,,,"06","075",,,"015802",,,,,,,,,,,,,,".",".",,,,,,,,,,,,,,"1400000US06075015802","Census Tract 158.02",,,,2192,610,435,175,531,0,106,146,85,714,27.83,19.84,7.98,24.22,0,4.84,6.66,3.88,32.57,3163,3163,150,1596,1176,241,4.74,50.46,37.18,7.62,3163,1633,248,0,545,0,221,516,51.63,7.84,0,17.23,0,6.99,16.31,3163,2839,1562,248,0,545,0,51,433,324,71,0,0,0,0,170,83,89.76,49.38,7.84,0,17.23,0,1.61,13.69,10.24,2.24,0,0,0,0,5.37,2.62,1572,116,116,18,24,74,0,1456,7.38,7.38,1.15,1.53,4.71,0,92.62,142700,215179,1572,514,768,227,54,0,9,32.7,48.85,14.44,3.44,0,0.57
"06075015900","Census Tract 159, San Francisco County, California","ca","140","00",,,,"06","075",,,"015900",,,,,,,,,,,,,,".",".",,,,,,,,,,,,,,"1400000US06075015900","Census Tract 159",,,,2407,597,485,112,554,0,91,353,39,773,24.8,20.15,4.65,23.02,0,3.78,14.67,1.62,32.11,4876,4876,896,1119,1688,1173,18.38,22.95,34.62,24.06,4876,1749,557,125,1423,0,619,403,35.87,11.42,2.56,29.18,0,12.69,8.26,4876,4076,1650,557,0,1423,0,107,339,800,99,0,125,0,0,512,64,83.59,33.84,11.42,0,29.18,0,2.19,6.95,16.41,2.03,0,2.56,0,0,10.5,1.31,2159,399,348,17,55,276,51,1760,18.48,16.12,0.79,2.55,12.78,2.36,81.52,83162,157597,2159,1096,791,224,29,19,0,50.76,36.64,10.38,1.34,0.88,0
"06075016000","Census Tract 160, San Francisco County, California","ca","140","00",,,,"06","075",,,"016000",,,,,,,,,,,,,,".",".",,,,,,,,,,,,,,"1400000US06075016000","Census Tract 160",,,,1604,606,543,63,277,3,19,252,48,399,37.78,33.85,3.93,17.27,0.19,1.18,15.71,2.99,24.88,2725,2725,95,822,939,869,3.49,30.17,34.46,31.89,2725,980,119,6,915,0,277,428,35.96,4.37,0.22,33.58,0,10.17,15.71,2725,2319,934,119,6,915,0,6,339,406,46,0,0,0,0,271,89,85.1,34.28,4.37,0.22,33.58,0,0.22,12.44,14.9,1.69,0,0,0,0,9.94,3.27,1724,81,47,33,0,14,34,1643,4.7,2.73,1.91,0,0.81,1.97,95.3,141304,141793,1724,1023,632,56,13,0,0,59.34,36.66,3.25,0.75,0,0
"06075016101","Census Tract 161.01, San Francisco County, California","ca","140","00",,,,"06","075",,,"016101",,,,,,,,,,,,,,".",".",,,,,,,,,,,,,,"1400000US06075016101","Census Tract 161.01",,,,970,162,162,0,311,0,5,42,87,363,16.7,16.7,0,32.06,0,0.52,4.33,8.97,37.42,2444,2444,158,641,762,883,6.46,26.23,31.18,36.13,2444,1029,272,0,741,0,0,402,42.1,11.13,0,30.32,0,0,16.45,2444,2421,1017,272,0,741,0,0,391,23,12,0,0,0,0,0,11,99.06,41.61,11.13,0,30.32,0,0,16,0.94,0.49,0,0,0,0,0,0.45,1572,114,114,6,46,62,0,1458,7.25,7.25,0.38,2.93,3.94,0,92.75,,,1572,869,557,146,0,0,0,55.28,35.43,9.29,0,0,0
"06075016102","Census Tract 161.02, San Francisco County, California","ca","140","00",,,,"06","075",,,"016102",,,,,,,,,,,,,,".",".",,,,,,,,,,,,,,"1400000US06075016102","Census Tract 161.02",,,,779,236,236,0,446,0,0,86,0,11,30.3,30.3,0,57.25,0,0,11.04,0,1.41,2798,2798,291,373,1278,856,10.4,13.33,45.68,30.59,2798,359,1134,0,617,185,266,237,12.83,40.53,0,22.05,6.61,9.51,8.47,2798,2305,348,980,0,592,185,0,200,493,11,154,0,25,0,266,37,82.38,12.44,35.03,0,21.16,6.61,0,7.15,17.62,0.39,5.5,0,0.89,0,9.51,1.32,1212,186,154,0,0,154,32,1026,15.35,12.71,0,0,12.71,2.64,84.65,,54688,1212,641,418,107,46,0,0,52.89,34.49,8.83,3.8,0,0
"06075016200","Census Tract 162, San Francisco County, California","ca","140","00",,,,"06","075",,,"016200",,,,,,,,,,,,,,".",".",,,,,,,,,,,,,,"1400000US06075016200","Census Tract 162",,,,2367,487,487,0,440,84,320,288,0,748,20.57,20.57,0,18.59,3.55,13.52,12.17,0,31.6,3198,3198,155,1428,1237,378,4.85,44.65,38.68,11.82,3198,1503,123,11,873,2,424,262,47,3.85,0.34,27.3,0.06,13.26,8.19,3198,2811,1424,123,11,873,2,258,120,387,79,0,0,0,0,166,142,87.9,44.53,3.85,0.34,27.3,0.06,8.07,3.75,12.1,2.47,0,0,0,0,5.19,4.44,1872,97,97,51,0,46,0,1775,5.18,5.18,2.72,0,2.46,0,94.82,125913,250001,1872,1004,741,127,0,0,0,53.63,39.58,6.78,0,0,0
"06075016300","Census Tract 163, San Francisco County, California","ca","140","00",,,,"06","075",,,"016300",,,,,,,,,,,,,,".",".",,,,,,,,,,,,,,"1400000US06075016300","Census Tract 163",,,,2278,530,408,122,599,27,162,140,0,820,23.27,17.91,5.36,26.29,1.19,7.11,6.15,0,36,3794,3794,324,1442,1676,352,8.54,38.01,44.18,9.28,3794,2280,579,0,380,19,305,231,60.09,15.26,0,10.02,0.5,8.04,6.09,3794,3417,2172,491,0,380,19,222,133,377,108,88,0,0,0,83,98,90.06,57.25,12.94,0,10.02,0.5,5.85,3.51,9.94,2.85,2.32,0,0,0,2.19,2.58,1944,185,185,102,0,83,0,1759,9.52,9.52,5.25,0,4.27,0,90.48,101964,175313,1944,718,1053,113,42,18,0,36.93,54.17,5.81,2.16,0.93,0
"06075016400","Census Tract 164, San Francisco County, California","ca","140","00",,,,"06","075",,,"016400",,,,,,,,,,,,,,".",".",,,,,,,,,,,,,,"1400000US06075016400","Census Tract 164",,,,2312,629,527,102,709,0,104,54,35,781,27.21,22.79,4.41,30.67,0,4.5,2.34,1.51,33.78,3481,3481,334,1516,1358,273,9.59,43.55,39.01,7.84,3481,2246,201,0,629,0,120,285,64.52,5.77,0,18.07,0,3.45,8.19,3481,3161,2209,201,0,598,0,12,141,320,37,0,0,31,0,108,144,90.81,63.46,5.77,0,17.18,0,0.34,4.05,9.19,1.06,0,0,0.89,0,3.1,4.14,1679,262,246,228,11,7,16,1417,15.6,14.65,13.58,0.66,0.42,0.95,84.4,183281,233750,1679,650,829,121,16,32,31,38.71,49.37,7.21,0.95,1.91,1.85
"06075016500","Census Tract 165, San Francisco County, California","ca","140","00",,,,"06","075",,,"016500",,,,,,,,,,,,,,".",".",,,,,,,,,,,,,,"1400000US06075016500","Census Tract 165",,,,3534,580,409,171,759,10,208,613,100,1264,16.41,11.57,4.84,21.48,0.28,5.89,17.35,2.83,35.77,5393,5393,511,2205,2121,556,9.48,40.89,39.33,10.31,5393,3737,313,167,449,0,133,594,69.29,5.8,3.1,8.33,0,2.47,11.01,5393,4666,3650,313,0,449,0,44,210,727,87,0,167,0,0,89,384,86.52,67.68,5.8,0,8.33,0,0.82,3.89,13.48,1.61,0,3.1,0,0,1.65,7.12,2303,309,271,121,6,144,38,1994,13.42,11.77,5.25,0.26,6.25,1.65,86.58,180152,220030,2303,683,1330,290,0,0,0,29.66,57.75,12.59,0,0,0
"06075016601","Census Tract 166.01, San Francisco County, California","ca","140","00",,,,"06","075",,,"016601",,,,,,,,,,,,,,".",".",,,,,,,,,,,,,,"1400000US06075016601","Census Tract 166.01",,,,1983,454,404,50,513,15,102,216,12,671,22.89,20.37,2.52,25.87,0.76,5.14,10.89,0.61,33.84,3027,3027,275,1033,1323,396,9.08,34.13,43.71,13.08,3027,2165,103,0,345,0,105,309,71.52,3.4,0,11.4,0,3.47,10.21,3027,2865,2136,103,0,345,0,15,266,162,29,0,0,0,0,90,43,94.65,70.56,3.4,0,11.4,0,0.5,8.79,5.35,0.96,0,0,0,0,2.97,1.42,1511,163,153,15,15,123,10,1348,10.79,10.13,0.99,0.99,8.14,0.66,89.21,146691,210417,1511,601,778,110,0,22,0,39.77,51.49,7.28,0,1.46,0
"06075016602","Census Tract 166.02, San Francisco County, California","ca","140","00",,,,"06","075",,,"016602",,,,,,,,,,,,,,".",".",,,,,,,,,,,,,,"1400000US06075016602","Census Tract 166.02",,,,1586,390,295,95,366,9,100,40,0,681,24.59,18.6,5.99,23.08,0.57,6.31,2.52,0,42.94,1986,1986,161,1094,616,115,8.11,55.09,31.02,5.79,1986,1426,175,17,160,0,12,196,71.8,8.81,0.86,8.06,0,0.6,9.87,1986,1850,1339,165,0,160,0,0,186,136,87,10,17,0,0,12,10,93.15,67.42,8.31,0,8.06,0,0,9.37,6.85,4.38,0.5,0.86,0,0,0.6,0.5,988,89,89,40,3,46,0,899,9.01,9.01,4.05,0.3,4.66,0,90.99,218394,250001,988,197,700,52,39,0,0,19.94,70.85,5.26,3.95,0,0
"06075016700","Census Tract 167, San Francisco County, California","ca","140","00",,,,"06","075",,,"016700",,,,,,,,,,,,,,".",".",,,,,,,,,,,,,,"1400000US06075016700","Census Tract 167",,,,4051,838,732,106,1180,0,508,83,74,1368,20.69,18.07,2.62,29.13,0,12.54,2.05,1.83,33.77,5092,5092,399,2223,2061,409,7.84,43.66,40.48,8.03,5092,3299,130,0,877,0,150,636,64.79,2.55,0,17.22,0,2.95,12.49,5092,4814,3261,130,0,877,0,56,490,278,38,0,0,0,0,94,146,94.54,64.04,2.55,0,17.22,0,1.1,9.62,5.46,0.75,0,0,0,0,1.85,2.87,2315,282,282,68,59,155,0,2033,12.18,12.18,2.94,2.55,6.7,0,87.82,246989,250001,2315,879,938,483,15,0,0,37.97,40.52,20.86,0.65,0,0
"06075016801","Census Tract 168.01, San Francisco County, California","ca","140","00",,,,"06","075",,,"016801",,,,,,,,,,,,,,".",".",,,,,,,,,,,,,,"1400000US06075016801","Census Tract 168.01",,,,2826,327,280,47,1238,55,152,269,127,658,11.57,9.91,1.66,43.81,1.95,5.38,9.52,4.49,23.28,4013,4013,405,1336,1901,371,10.09,33.29,47.37,9.24,4013,2088,236,5,811,55,321,497,52.03,5.88,0.12,20.21,1.37,8,12.38,4013,3150,1735,225,5,811,55,20,299,863,353,11,0,0,0,301,198,78.49,43.23,5.61,0.12,20.21,1.37,0.5,7.45,21.51,8.8,0.27,0,0,0,7.5,4.93,1997,218,218,79,9,130,0,1779,10.92,10.92,3.96,0.45,6.51,0,89.08,148173,250001,1997,1044,757,117,19,5,55,52.28,37.91,5.86,0.95,0.25,2.75
"06075016802","Census Tract 168.02, San Francisco County, California","ca","140","00",,,,"06","075",,,"016802",,,,,,,,,,,,,,".",".",,,,,,,,,,,,,,"1400000US06075016802","Census Tract 168.02",,,,2726,505,473,32,694,0,40,561,38,888,18.53,17.35,1.17,25.46,0,1.47,20.58,1.39,32.58,3754,3754,240,1854,1400,260,6.39,49.39,37.29,6.93,3754,1932,331,0,810,86,102,493,51.47,8.82,0,21.58,2.29,2.72,13.13,3754,3408,1881,295,0,810,86,17,319,346,51,36,0,0,0,85,174,90.78,50.11,7.86,0,21.58,2.29,0.45,8.5,9.22,1.36,0.96,0,0,0,2.26,4.64,1924,134,118,38,26,54,16,1790,6.96,6.13,1.98,1.35,2.81,0.83,93.04,109107,153135,1924,947,831,77,69,0,0,49.22,43.19,4,3.59,0,0
"06075016900","Census Tract 169, San Francisco County, California","ca","140","00",,,,"06","075",,,"016900",,,,,,,,,,,,,,".",".",,,,,,,,,,,,,,"1400000US06075016900","Census Tract 169",,,,1875,350,270,80,629,0,58,133,8,697,18.67,14.4,4.27,33.55,0,3.09,7.09,0.43,37.17,2890,2890,303,880,1444,263,10.48,30.45,49.97,9.1,2890,1999,44,53,395,18,124,257,69.17,1.52,1.83,13.67,0.62,4.29,8.89,2890,2660,1946,44,20,395,18,50,187,230,53,0,33,0,0,74,70,92.04,67.34,1.52,0.69,13.67,0.62,1.73,6.47,7.96,1.83,0,1.14,0,0,2.56,2.42,1620,182,182,56,9,117,0,1438,11.23,11.23,3.46,0.56,7.22,0,88.77,174545,250001,1620,731,710,128,32,10,9,45.12,43.83,7.9,1.98,0.62,0.56
"06075017000","Census Tract 170, San Francisco County, California","ca","140","00",,,,"06","075",,,"017000",,,,,,,,,,,,,,".",".",,,,,,,,,,,,,,"1400000US06075017000","Census Tract 170",,,,2707,625,538,87,731,0,104,87,181,979,23.09,19.87,3.21,27,0,3.84,3.21,6.69,36.17,4016,4016,370,887,2088,671,9.21,22.09,51.99,16.71,4016,2928,109,0,511,0,16,452,72.91,2.71,0,12.72,0,0.4,11.25,4016,3678,2808,87,0,511,0,0,272,338,120,22,0,0,0,16,180,91.58,69.92,2.17,0,12.72,0,0,6.77,8.42,2.99,0.55,0,0,0,0.4,4.48,2146,245,245,51,8,186,0,1901,11.42,11.42,2.38,0.37,8.67,0,88.58,240556,250001,2146,412,1141,565,28,0,0,19.2,53.17,26.33,1.3,0,0
"06075017101","Census Tract 171.01, San Francisco County, California","ca","140","00",,,,"06","075",,,"017101",,,,,,,,,,,,,,".",".",,,,,,,,,,,,,,"1400000US06075017101","Census Tract 171.01",,,,2405,658,584,74,546,35,172,65,17,912,27.36,24.28,3.08,22.7,1.46,7.15,2.7,0.71,37.92,4125,4125,869,1289,1454,513,21.07,31.25,35.25,12.44,4125,2833,32,16,599,0,15,630,68.68,0.78,0.39,14.52,0,0.36,15.27,4125,3908,2782,32,0,599,0,15,480,217,51,0,16,0,0,0,150,94.74,67.44,0.78,0,14.52,0,0.36,11.64,5.26,1.24,0,0.39,0,0,0,3.64,1776,405,398,129,104,165,7,1371,22.8,22.41,7.26,5.86,9.29,0.39,77.2,200357,250001,1776,449,755,470,86,9,7,25.28,42.51,26.46,4.84,0.51,0.39
"06075017102","Census Tract 171.02, San Francisco County, California","ca","140","00",,,,"06","075",,,"017102",,,,,,,,,,,,,,".",".",,,,,,,,,,,,,,"1400000US06075017102","Census Tract 171.02",,,,2289,727,611,116,519,0,118,175,72,678,31.76,26.69,5.07,22.67,0,5.16,7.65,3.15,29.62,3550,3550,578,1177,1405,390,16.28,33.15,39.58,10.99,3550,2715,53,15,326,0,144,297,76.48,1.49,0.42,9.18,0,4.06,8.37,3550,3056,2544,42,6,273,0,19,172,494,171,11,9,53,0,125,125,86.08,71.66,1.18,0.17,7.69,0,0.54,4.85,13.92,4.82,0.31,0.25,1.49,0,3.52,3.52,1538,294,275,109,80,86,19,1244,19.12,17.88,7.09,5.2,5.59,1.24,80.88,176304,250001,1538,440,744,318,36,0,0,28.61,48.37,20.68,2.34,0,0
"06075017602","Census Tract 176.02, San Francisco County, California","ca","140","00",,,,"06","075",,,"017602",,,,,,,,,,,,,,".",".",,,,,,,,,,,,,,"1400000US06075017602","Census Tract 176.02",,,,1996,319,209,110,305,31,64,685,106,486,15.98,10.47,5.51,15.28,1.55,3.21,34.32,5.31,24.35,3251,3251,299,876,1720,356,9.2,26.95,52.91,10.95,3251,773,680,56,1267,0,136,339,23.78,20.92,1.72,38.97,0,4.18,10.43,3251,3017,760,680,4,1267,0,81,225,234,13,0,52,0,0,55,114,92.8,23.38,20.92,0.12,38.97,0,2.49,6.92,7.2,0.4,0,1.6,0,0,1.69,3.51,1534,228,228,20,0,208,0,1306,14.86,14.86,1.3,0,13.56,0,85.14,83468,136935,1534,1011,412,101,0,0,10,65.91,26.86,6.58,0,0,0.65
"06075017603","Census Tract 176.03, San Francisco County, California","ca","140","00",,,,"06","075",,,"017603",,,,,,,,,,,,,,".",".",,,,,,,,,,,,,,"1400000US06075017603","Census Tract 176.03",,,,2699,343,235,108,696,51,66,580,40,923,12.71,8.71,4,25.79,1.89,2.45,21.49,1.48,34.2,4527,4527,419,1799,1777,532,9.26,39.74,39.25,11.75,4527,1634,423,285,1674,108,129,274,36.09,9.34,6.3,36.98,2.39,2.85,6.05,4527,3903,1460,423,0,1674,108,0,238,624,174,0,285,0,0,129,36,86.22,32.25,9.34,0,36.98,2.39,0,5.26,13.78,3.84,0,6.3,0,0,2.85,0.8,2376,222,222,86,26,110,0,2154,9.34,9.34,3.62,1.09,4.63,0,90.66,132600,,2376,1465,709,129,47,26,0,61.66,29.84,5.43,1.98,1.09,0
"06075017604","Census Tract 176.04, San Francisco County, California","ca","140","00",,,,"06","075",,,"017604",,,,,,,,,,,,,,".",".",,,,,,,,,,,,,,"1400000US06075017604","Census Tract 176.04",,,,2327,224,208,16,810,0,254,606,64,369,9.63,8.94,0.69,34.81,0,10.92,26.04,2.75,15.86,3720,3720,267,2049,1190,214,7.18,55.08,31.99,5.75,3720,988,523,12,1163,61,829,144,26.56,14.06,0.32,31.26,1.64,22.28,3.87,3720,2791,918,523,12,1163,61,27,87,929,70,0,0,0,0,802,57,75.03,24.68,14.06,0.32,31.26,1.64,0.73,2.34,24.97,1.88,0,0,0,0,21.56,1.53,2175,191,191,166,25,0,0,1984,8.78,8.78,7.63,1.15,0,0,91.22,106438,117250,2175,1515,490,170,0,0,0,69.66,22.53,7.82,0,0,0
"06075017700","Census Tract 177, San Francisco County, California","ca","140","00",,,,"06","075",,,"017700",,,,,,,,,,,,,,".",".",,,,,,,,,,,,,,"1400000US06075017700","Census Tract 177",,,,1698,443,380,63,476,0,68,122,16,573,26.09,22.38,3.71,28.03,0,4,7.18,0.94,33.75,2360,2360,267,667,1236,190,11.31,28.26,52.37,8.05,2360,1240,21,52,559,0,287,201,52.54,0.89,2.2,23.69,0,12.16,8.52,2360,1680,1005,21,0,559,0,0,95,680,235,0,52,0,0,287,106,71.19,42.58,0.89,0,23.69,0,0,4.03,28.81,9.96,0,2.2,0,0,12.16,4.49,1174,233,209,41,8,160,24,941,19.85,17.8,3.49,0.68,13.63,2.04,80.15,178125,,1174,445,558,163,8,0,0,37.9,47.53,13.88,0.68,0,0
"06075017801","Census Tract 178.01, San Francisco County, California","ca","140","00",,,,"06","075",,,"017801",,,,,,,,,,,,,,".",".",,,,,,,,,,,,,,"1400000US06075017801","Census Tract 178.01",,,,1452,122,122,0,153,0,14,521,15,627,8.4,8.4,0,10.54,0,0.96,35.88,1.03,43.18,3335,3335,31,674,866,1764,0.93,20.21,25.97,52.89,3335,788,23,23,2289,0,99,113,23.63,0.69,0.69,68.64,0,2.97,3.39,3335,2963,533,23,23,2289,0,67,28,372,255,0,0,0,0,32,85,88.85,15.98,0.69,0.69,68.64,0,2.01,0.84,11.15,7.65,0,0,0,0,0.96,2.55,2381,28,11,11,0,0,17,2353,1.18,0.46,0.46,0,0,0.71,98.82,31215,65625,2381,1431,788,162,0,0,0,60.1,33.1,6.8,0,0,0
"06075017803","Census Tract 178.03, San Francisco County, California","ca","140","00",,,,"06","075",,,"017803",,,,,,,,,,,,,,".",".",,,,,,,,,,,,,,"1400000US06075017803","Census Tract 178.03",,,,1236,175,96,79,282,0,69,251,72,387,14.16,7.77,6.39,22.82,0,5.58,20.31,5.83,31.31,2318,2318,222,944,908,244,9.58,40.72,39.17,10.53,2318,784,226,0,1036,6,95,171,33.82,9.75,0,44.69,0.26,4.1,7.38,2318,2148,733,226,0,1036,6,24,123,170,51,0,0,0,0,71,48,92.67,31.62,9.75,0,44.69,0.26,1.04,5.31,7.33,2.2,0,0,0,0,3.06,2.07,1174,115,115,60,20,35,0,1059,9.8,9.8,5.11,1.7,2.98,0,90.2,126319,189375,1174,615,463,96,0,0,0,52.39,39.44,8.18,0,0,0
"06075017804","Census Tract 178.04, San Francisco County, California","ca","140","00",,,,"06","075",,,"017804",,,,,,,,,,,,,,".",".",,,,,,,,,,,,,,"1400000US06075017804","Census Tract 178.04",,,,2805,601,596,5,518,0,55,645,131,855,21.43,21.25,0.18,18.47,0,1.96,22.99,4.67,30.48,3911,3911,184,1785,1568,374,4.7,45.64,40.09,9.56,3911,1232,347,22,1666,0,307,337,31.5,8.87,0.56,42.6,0,7.85,8.62,3911,3328,1153,347,22,1666,0,0,140,583,79,0,0,0,0,307,197,85.09,29.48,8.87,0.56,42.6,0,0,3.58,14.91,2.02,0,0,0,0,7.85,5.04,2132,149,149,39,0,110,0,1983,6.99,6.99,1.83,0,5.16,0,93.01,138561,212321,2132,923,1086,123,0,0,0,43.29,50.94,5.77,0,0,0
"06075017903","Census Tract 179.03, San Francisco County, California","ca","140","00",,,,"06","075",,,"017903",,,,,,,,,,,,,,".",".",,,,,,,,,,,,,,"1400000US06075017903","Census Tract 179.03",,,,1397,500,422,78,472,0,21,158,67,179,35.79,30.21,5.58,33.79,0,1.5,11.31,4.8,12.81,2829,2829,433,1163,1140,93,15.31,41.11,40.3,3.29,2829,1009,570,35,203,23,419,570,35.67,20.15,1.24,7.18,0.81,14.81,20.15,2829,1934,838,556,6,203,23,3,305,895,171,14,29,0,0,416,265,68.36,29.62,19.65,0.21,7.18,0.81,0.11,10.78,31.64,6.04,0.49,1.03,0,0,14.7,9.37,617,149,142,12,23,107,7,468,24.15,23.01,1.94,3.73,17.34,1.13,75.85,91750,53182,617,91,213,160,146,7,0,14.75,34.52,25.93,23.66,1.13,0
"06075018000","Census Tract 180, San Francisco County, California","ca","140","00",,,,"06","075",,,"018000",,,,,,,,,,,,,,".",".",,,,,,,,,,,,,,"1400000US06075018000","Census Tract 180",,,,2082,356,339,17,370,0,59,481,170,646,17.1,16.28,0.82,17.77,0,2.83,23.1,8.17,31.03,3636,3636,352,1632,1270,382,9.68,44.88,34.93,10.51,3636,1413,253,31,911,28,297,703,38.86,6.96,0.85,25.06,0.77,8.17,19.33,3636,2499,1122,249,31,911,28,25,133,1137,291,4,0,0,0,272,570,68.73,30.86,6.85,0.85,25.06,0.77,0.69,3.66,31.27,8,0.11,0,0,0,7.48,15.68,1525,175,175,58,66,51,0,1350,11.48,11.48,3.8,4.33,3.34,0,88.52,209083,218681,1525,633,842,41,9,0,0,41.51,55.21,2.69,0.59,0,0
"06075020101","Census Tract 201.01, San Francisco County, California","ca","140","00",,,,"06","075",,,"020101",,,,,,,,,,,,,,".",".",,,,,,,,,,,,,,"1400000US06075020101","Census Tract 201.01",,,,2814,766,616,150,720,0,121,540,186,481,27.22,21.89,5.33,25.59,0,4.3,19.19,6.61,17.09,4221,4221,482,1570,1789,380,11.42,37.19,42.38,9,4221,1440,335,69,782,0,683,912,34.12,7.94,1.63,18.53,0,16.18,21.61,4221,2819,1397,335,15,782,0,10,280,1402,43,0,54,0,0,673,632,66.79,33.1,7.94,0.36,18.53,0,0.24,6.63,33.21,1.02,0,1.28,0,0,15.94,14.97,1917,217,97,40,0,57,120,1700,11.32,5.06,2.09,0,2.97,6.26,88.68,140132,141529,1917,835,902,86,94,0,0,43.56,47.05,4.49,4.9,0,0
"06075020102","Census Tract 201.02, San Francisco County, California","ca","140","00",,,,"06","075",,,"020102",,,,,,,,,,,,,,".",".",,,,,,,,,,,,,,"1400000US06075020102","Census Tract 201.02",,,,1971,665,603,62,576,0,82,242,11,395,33.74,30.59,3.15,29.22,0,4.16,12.28,0.56,20.04,3627,3627,280,517,2218,612,7.72,14.25,61.15,16.87,3627,1082,376,42,800,0,707,620,29.83,10.37,1.16,22.06,0,19.49,17.09,3627,2327,999,376,42,800,0,24,86,1300,83,0,0,0,0,683,534,64.16,27.54,10.37,1.16,22.06,0,0.66,2.37,35.84,2.29,0,0,0,0,18.83,14.72,1396,149,141,1,29,111,8,1247,10.67,10.1,0.07,2.08,7.95,0.57,89.33,108095,87361,1396,760,213,388,0,0,35,54.44,15.26,27.79,0,0,2.51
"06075020201","Census Tract 202.01, San Francisco County, California","ca","140","00",,,,"06","075",,,"020201",,,,,,,,,,,,,,".",".",,,,,,,,,,,,,,"1400000US06075020201","Census Tract 202.01",,,,1151,243,177,66,389,0,155,83,0,281,21.11,15.38,5.73,33.8,0,13.47,7.21,0,24.41,1847,1847,76,600,861,310,4.11,32.49,46.62,16.78,1847,894,122,26,262,0,418,125,48.4,6.61,1.41,14.19,0,22.63,6.77,1847,1257,852,122,16,262,0,0,5,590,42,0,10,0,0,418,120,68.06,46.13,6.61,0.87,14.19,0,0,0.27,31.94,2.27,0,0.54,0,0,22.63,6.5,1005,59,25,0,18,7,34,946,5.87,2.49,0,1.79,0.7,3.38,94.13,,250001,1005,501,371,87,42,4,0,49.85,36.92,8.66,4.18,0.4,0
"06075020202","Census Tract 202.02, San Francisco County, California","ca","140","00",,,,"06","075",,,"020202",,,,,,,,,,,,,,".",".",,,,,,,,,,,,,,"1400000US06075020202","Census Tract 202.02",,,,2778,355,341,14,639,10,365,195,72,1142,12.78,12.28,0.5,23,0.36,13.14,7.02,2.59,41.11,3929,3929,293,1823,1378,435,7.46,46.4,35.07,11.07,3929,1920,306,212,640,0,200,651,48.87,7.79,5.4,16.29,0,5.09,16.57,3929,3231,1798,263,0,640,0,78,452,698,122,43,212,0,0,122,199,82.23,45.76,6.69,0,16.29,0,1.99,11.5,17.77,3.11,1.09,5.4,0,0,3.11,5.06,2173,198,180,100,0,80,18,1975,9.11,8.28,4.6,0,3.68,0.83,90.89,166932,121071,2173,1085,898,128,62,0,0,49.93,41.33,5.89,2.85,0,0
"06075020300","Census Tract 203, San Francisco County, California","ca","140","00",,,,"06","075",,,"020300",,,,,,,,,,,,,,".",".",,,,,,,,,,,,,,"1400000US06075020300","Census Tract 203",,,,2497,435,374,61,486,0,164,191,28,1193,17.42,14.98,2.44,19.46,0,6.57,7.65,1.12,47.78,3372,3372,208,1037,1784,343,6.17,30.75,52.91,10.17,3372,2110,62,27,545,0,208,420,62.57,1.84,0.8,16.16,0,6.17,12.46,3372,3015,2082,62,0,545,0,33,293,357,28,0,27,0,0,175,127,89.41,61.74,1.84,0,16.16,0,0.98,8.69,10.59,0.83,0,0.8,0,0,5.19,3.77,2189,151,130,71,0,59,21,2038,6.9,5.94,3.24,0,2.7,0.96,93.1,179313,242750,2189,912,1071,173,33,0,0,41.66,48.93,7.9,1.51,0,0
"06075020401","Census Tract 204.01, San Francisco County, California","ca","140","00",,,,"06","075",,,"020401",,,,,,,,,,,,,,".",".",,,,,,,,,,,,,,"1400000US06075020401","Census Tract 204.01",,,,2499,530,397,133,690,6,88,62,67,1056,21.21,15.89,5.32,27.61,0.24,3.52,2.48,2.68,42.26,3409,3409,253,1120,1630,406,7.42,32.85,47.81,11.91,3409,2278,52,60,449,13,20,537,66.82,1.53,1.76,13.17,0.38,0.59,15.75,3409,2975,2118,52,60,449,13,0,283,434,160,0,0,0,0,20,254,87.27,62.13,1.53,1.76,13.17,0.38,0,8.3,12.73,4.69,0,0,0,0,0.59,7.45,1607,163,163,52,21,90,0,1444,10.14,10.14,3.24,1.31,5.6,0,89.86,190966,242083,1607,269,824,418,51,45,0,16.74,51.28,26.01,3.17,2.8,0
"06075020402","Census Tract 204.02, San Francisco County, California","ca","140","00",,,,"06","075",,,"020402",,,,,,,,,,,,,,".",".",,,,,,,,,,,,,,"1400000US06075020402","Census Tract 204.02",,,,2858,1209,989,220,583,82,17,95,39,833,42.3,34.6,7.7,20.4,2.87,0.59,3.32,1.36,29.15,4083,4083,162,1245,1961,715,3.97,30.49,48.03,17.51,4083,2681,75,8,668,0,149,502,65.66,1.84,0.2,16.36,0,3.65,12.29,4083,3462,2525,75,0,668,0,16,178,621,156,0,8,0,0,133,324,84.79,61.84,1.84,0,16.36,0,0.39,4.36,15.21,3.82,0,0.2,0,0,3.26,7.94,2385,136,136,67,0,69,0,2249,5.7,5.7,2.81,0,2.89,0,94.3,158451,200217,2385,395,1252,635,44,59,0,16.56,52.49,26.62,1.84,2.47,0
"06075020500","Census Tract 205, San Francisco County, California","ca","140","00",,,,"06","075",,,"020500",,,,,,,,,,,,,,".",".",,,,,,,,,,,,,,"1400000US06075020500","Census Tract 205",,,,1689,439,356,83,461,0,21,140,64,564,25.99,21.08,4.91,27.29,0,1.24,8.29,3.79,33.39,2895,2895,502,452,1494,447,17.34,15.61,51.61,15.44,2895,2229,74,10,298,0,75,209,76.99,2.56,0.35,10.29,0,2.59,7.22,2895,2662,2112,74,10,284,0,0,182,233,117,0,0,14,0,75,27,91.95,72.95,2.56,0.35,9.81,0,0,6.29,8.05,4.04,0,0,0.48,0,2.59,0.93,1274,271,242,71,37,134,29,1003,21.27,19,5.57,2.9,10.52,2.28,78.73,248571,250001,1274,292,673,290,19,0,0,22.92,52.83,22.76,1.49,0,0
"06075020601","Census Tract 206.01, San Francisco County, California","ca","140","00",,,,"06","075",,,"020601",,,,,,,,,,,,,,".",".",,,,,,,,,,,,,,"1400000US06075020601","Census Tract 206.01",,,,2247,698,531,167,737,0,83,88,0,641,31.06,23.63,7.43,32.8,0,3.69,3.92,0,28.53,3073,3073,257,694,1776,346,8.36,22.58,57.79,11.26,3073,1901,118,0,541,0,192,321,61.86,3.84,0,17.6,0,6.25,10.45,3073,2707,1859,118,0,541,0,0,189,366,42,0,0,0,0,192,132,88.09,60.49,3.84,0,17.6,0,0,6.15,11.91,1.37,0,0,0,0,6.25,4.3,1399,157,157,52,28,77,0,1242,11.22,11.22,3.72,2,5.5,0,88.78,182465,250001,1399,579,536,136,102,46,0,41.39,38.31,9.72,7.29,3.29,0
"06075020602","Census Tract 206.02, San Francisco County, California","ca","140","00",,,,"06","075",,,"020602",,,,,,,,,,,,,,".",".",,,,,,,,,,,,,,"1400000US06075020602","Census Tract 206.02",,,,1297,373,268,105,209,0,78,127,0,510,28.76,20.66,8.1,16.11,0,6.01,9.79,0,39.32,2369,2369,141,588,1106,534,5.95,24.82,46.69,22.54,2369,1738,115,0,221,40,92,163,73.36,4.85,0,9.33,1.69,3.88,6.88,2369,2149,1672,115,0,202,40,0,120,220,66,0,0,19,0,92,43,90.71,70.58,4.85,0,8.53,1.69,0,5.07,9.29,2.79,0,0,0.8,0,3.88,1.82,1317,92,92,32,11,49,0,1225,6.99,6.99,2.43,0.84,3.72,0,93.01,204044,202525,1317,423,623,254,17,0,0,32.12,47.3,19.29,1.29,0,0
"06075020701","Census Tract 207.01, San Francisco County, California","ca","140","00",,,,"06","075",,,"020701",,,,,,,,,,,,,,".",".",,,,,,,,,,,,,,"1400000US06075020701","Census Tract 207.01",,,,2086,469,435,34,625,0,103,183,15,691,22.48,20.85,1.63,29.96,0,4.94,8.77,0.72,33.13,3032,3032,274,976,1617,165,9.04,32.19,53.33,5.44,3032,1928,129,0,462,0,53,460,63.59,4.25,0,15.24,0,1.75,15.17,3032,2776,1854,129,0,462,0,0,331,256,74,0,0,0,0,53,129,91.56,61.15,4.25,0,15.24,0,0,10.92,8.44,2.44,0,0,0,0,1.75,4.25,1397,204,204,97,0,107,0,1193,14.6,14.6,6.94,0,7.66,0,85.4,217386,250001,1397,401,874,93,0,29,0,28.7,62.56,6.66,0,2.08,0
"06075020702","Census Tract 207.02, San Francisco County, California","ca","140","00",,,,"06","075",,,"020702",,,,,,,,,,,,,,".",".",,,,,,,,,,,,,,"1400000US06075020702","Census Tract 207.02",,,,1416,347,326,21,341,0,49,136,0,543,24.51,23.02,1.48,24.08,0,3.46,9.6,0,38.35,2046,2046,209,589,939,309,10.22,28.79,45.89,15.1,2046,1321,37,7,370,12,118,181,64.57,1.81,0.34,18.08,0.59,5.77,8.85,2046,1585,1162,25,0,354,0,0,44,461,159,12,7,16,12,118,137,77.47,56.79,1.22,0,17.3,0,0,2.15,22.53,7.77,0.59,0.34,0.78,0.59,5.77,6.7,1104,117,91,23,0,68,26,987,10.6,8.24,2.08,0,6.16,2.36,89.4,148898,,1104,556,483,65,0,0,0,50.36,43.75,5.89,0,0,0
"06075020801","Census Tract 208.01, San Francisco County, California","ca","140","00",,,,"06","075",,,"020801",,,,,,,,,,,,,,".",".",,,,,,,,,,,,,,"1400000US06075020801","Census Tract 208.01",,,,2059,559,554,5,744,0,178,166,49,363,27.15,26.91,0.24,36.13,0,8.64,8.06,2.38,17.63,3732,3732,646,1037,1554,495,17.31,27.79,41.64,13.26,3732,1092,177,29,517,0,928,989,29.26,4.74,0.78,13.85,0,24.87,26.5,3732,1991,1031,177,18,517,0,25,223,1741,61,0,11,0,0,903,766,53.35,27.63,4.74,0.48,13.85,0,0.67,5.98,46.65,1.63,0,0.29,0,0,24.2,20.53,1519,316,249,61,20,168,67,1203,20.8,16.39,4.02,1.32,11.06,4.41,79.2,103997,102897,1519,578,630,267,44,0,0,38.05,41.47,17.58,2.9,0,0
"06075020802","Census Tract 208.02, San Francisco County, California","ca","140","00",,,,"06","075",,,"020802",,,,,,,,,,,,,,".",".",,,,,,,,,,,,,,"1400000US06075020802","Census Tract 208.02",,,,1464,133,133,0,721,13,60,155,15,367,9.08,9.08,0,49.25,0.89,4.1,10.59,1.02,25.07,2274,2274,152,802,1137,183,6.68,35.27,50,8.05,2274,719,64,7,507,0,740,237,31.62,2.81,0.31,22.3,0,32.54,10.42,2274,1320,644,64,0,507,0,0,105,954,75,0,7,0,0,740,132,58.05,28.32,2.81,0,22.3,0,0,4.62,41.95,3.3,0,0.31,0,0,32.54,5.8,1114,108,69,44,14,11,39,1006,9.69,6.19,3.95,1.26,0.99,3.5,90.31,117000,76714,1114,691,367,48,8,0,0,62.03,32.94,4.31,0.72,0,0
"06075020900","Census Tract 209, San Francisco County, California","ca","140","00",,,,"06","075",,,"020900",,,,,,,,,,,,,,".",".",,,,,,,,,,,,,,"1400000US06075020900","Census Tract 209",,,,2299,519,419,100,946,17,123,87,0,607,22.58,18.23,4.35,41.15,0.74,5.35,3.78,0,26.4,3644,3644,312,1203,1650,479,8.56,33.01,45.28,13.14,3644,1324,61,26,662,0,1021,550,36.33,1.67,0.71,18.17,0,28.02,15.09,3644,2163,1212,61,0,662,0,16,212,1481,112,0,26,0,0,1005,338,59.36,33.26,1.67,0,18.17,0,0.44,5.82,40.64,3.07,0,0.71,0,0,27.58,9.28,1557,266,266,82,0,184,0,1291,17.08,17.08,5.27,0,11.82,0,82.92,94360,95706,1557,608,794,107,48,0,0,39.05,51,6.87,3.08,0,0
"06075021000","Census Tract 210, San Francisco County, California","ca","140","00",,,,"06","075",,,"021000",,,,,,,,,,,,,,".",".",,,,,,,,,,,,,,"1400000US06075021000","Census Tract 210",,,,2271,735,575,160,660,15,188,82,19,572,32.36,25.32,7.05,29.06,0.66,8.28,3.61,0.84,25.19,3739,3739,444,849,1906,540,11.87,22.71,50.98,14.44,3739,2372,30,37,744,0,229,327,63.44,0.8,0.99,19.9,0,6.12,8.75,3739,3116,2300,30,0,571,0,9,206,623,72,0,37,173,0,220,121,83.34,61.51,0.8,0,15.27,0,0.24,5.51,16.66,1.93,0,0.99,4.63,0,5.88,3.24,1758,238,238,22,84,132,0,1520,13.54,13.54,1.25,4.78,7.51,0,86.46,157027,205045,1758,634,783,268,15,0,58,36.06,44.54,15.24,0.85,0,3.3
"06075021100","Census Tract 211, San Francisco County, California","ca","140","00",,,,"06","075",,,"021100",,,,,,,,,,,,,,".",".",,,,,,,,,,,,,,"1400000US06075021100","Census Tract 211",,,,2834,646,607,39,785,35,136,154,32,1046,22.79,21.42,1.38,27.7,1.24,4.8,5.43,1.13,36.91,4054,4054,529,1167,1806,552,13.05,28.79,44.55,13.62,4054,2815,13,0,685,0,98,443,69.44,0.32,0,16.9,0,2.42,10.93,4054,3761,2708,0,0,666,0,11,376,293,107,13,0,19,0,87,67,92.77,66.8,0,0,16.43,0,0.27,9.27,7.23,2.64,0.32,0,0.47,0,2.15,1.65,2021,354,339,111,11,217,15,1667,17.52,16.77,5.49,0.54,10.74,0.74,82.48,244813,250001,2021,430,1078,420,79,14,0,21.28,53.34,20.78,3.91,0.69,0
"06075021200","Census Tract 212, San Francisco County, California","ca","140","00",,,,"06","075",,,"021200",,,,,,,,,,,,,,".",".",,,,,,,,,,,,,,"1400000US06075021200","Census Tract 212",,,,1672,515,461,54,340,11,36,48,107,615,30.8,27.57,3.23,20.33,0.66,2.15,2.87,6.4,36.78,3052,3052,544,756,1339,413,17.82,24.77,43.87,13.53,3052,1820,7,28,341,0,29,827,59.63,0.23,0.92,11.17,0,0.95,27.1,3052,2664,1727,6,0,335,0,1,595,388,93,1,28,6,0,28,232,87.29,56.59,0.2,0,10.98,0,0.03,19.5,12.71,3.05,0.03,0.92,0.2,0,0.92,7.6,1424,281,281,120,41,120,0,1143,19.73,19.73,8.43,2.88,8.43,0,80.27,195714,224688,1424,243,822,318,31,10,0,17.06,57.72,22.33,2.18,0.7,0
"06075021300","Census Tract 213, San Francisco County, California","ca","140","00",,,,"06","075",,,"021300",,,,,,,,,,,,,,".",".",,,,,,,,,,,,,,"1400000US06075021300","Census Tract 213",,,,1683,795,747,48,240,0,39,38,9,562,47.24,44.39,2.85,14.26,0,2.32,2.26,0.53,33.39,2948,2948,497,581,1444,426,16.86,19.71,48.98,14.45,2948,2079,142,61,255,0,10,401,70.52,4.82,2.07,8.65,0,0.34,13.6,2948,2679,1976,142,6,255,0,0,300,269,103,0,55,0,0,10,101,90.88,67.03,4.82,0.2,8.65,0,0,10.18,9.12,3.49,0,1.87,0,0,0.34,3.43,1212,296,267,92,39,136,29,916,24.42,22.03,7.59,3.22,11.22,2.39,75.58,216944,250001,1212,102,625,362,111,12,0,8.42,51.57,29.87,9.16,0.99,0
"06075021400","Census Tract 214, San Francisco County, California","ca","140","00",,,,"06","075",,,"021400",,,,,,,,,,,,,,".",".",,,,,,,,,,,,,,"1400000US06075021400","Census Tract 214",,,,2294,623,575,48,351,29,184,91,39,977,27.16,25.07,2.09,15.3,1.26,8.02,3.97,1.7,42.59,3522,3522,395,915,1595,617,11.22,25.98,45.29,17.52,3522,2474,21,10,565,0,130,322,70.24,0.6,0.28,16.04,0,3.69,9.14,3522,3226,2439,0,0,565,0,34,188,296,35,21,10,0,0,96,134,91.6,69.25,0,0,16.04,0,0.97,5.34,8.4,0.99,0.6,0.28,0,0,2.73,3.8,1716,272,272,152,27,93,0,1444,15.85,15.85,8.86,1.57,5.42,0,84.15,228056,250001,1716,317,1072,309,18,0,0,18.47,62.47,18.01,1.05,0,0
"06075021500","Census Tract 215, San Francisco County, California","ca","140","00",,,,"06","075",,,"021500",,,,,,,,,,,,,,".",".",,,,,,,,,,,,,,"1400000US06075021500","Census Tract 215",,,,3628,1090,1011,79,1166,0,283,37,80,972,30.04,27.87,2.18,32.14,0,7.8,1.02,2.21,26.79,5341,5341,780,1346,2574,641,14.6,25.2,48.19,12,5341,2642,123,0,1456,0,113,1007,49.47,2.3,0,27.26,0,2.12,18.85,5341,4498,2606,85,0,1456,0,0,351,843,36,38,0,0,0,113,656,84.22,48.79,1.59,0,27.26,0,0,6.57,15.78,0.67,0.71,0,0,0,2.12,12.28,2513,486,486,132,13,341,0,2027,19.34,19.34,5.25,0.52,13.57,0,80.66,176417,250001,2513,217,1513,636,63,32,52,8.64,60.21,25.31,2.51,1.27,2.07
"06075021600","Census Tract 216, San Francisco County, California","ca","140","00",,,,"06","075",,,"021600",,,,,,,,,,,,,,".",".",,,,,,,,,,,,,,"1400000US06075021600","Census Tract 216",,,,2653,963,923,40,333,0,24,9,14,1310,36.3,34.79,1.51,12.55,0,0.9,0.34,0.53,49.38,4417,4417,773,792,2168,684,17.5,17.93,49.08,15.49,4417,2344,229,0,1004,21,342,477,53.07,5.18,0,22.73,0.48,7.74,10.8,4417,3879,2272,229,0,1004,21,33,320,538,72,0,0,0,0,309,157,87.82,51.44,5.18,0,22.73,0.48,0.75,7.24,12.18,1.63,0,0,0,0,7,3.55,2111,451,416,158,74,184,35,1660,21.36,19.71,7.48,3.51,8.72,1.66,78.64,237909,250001,2111,337,1010,660,69,35,0,15.96,47.84,31.26,3.27,1.66,0
"06075021700","Census Tract 217, San Francisco County, California","ca","140","00",,,,"06","075",,,"021700",,,,,,,,,,,,,,".",".",,,,,,,,,,,,,,"1400000US06075021700","Census Tract 217",,,,2146,821,597,224,390,44,56,35,0,800,38.26,27.82,10.44,18.17,2.05,2.61,1.63,0,37.28,4459,4459,1028,775,1873,783,23.05,17.38,42,17.56,4459,2276,496,25,657,0,257,748,51.04,11.12,0.56,14.73,0,5.76,16.78,4459,4051,2205,496,25,657,0,23,645,408,71,0,0,0,0,234,103,90.85,49.45,11.12,0.56,14.73,0,0.52,14.47,9.15,1.59,0,0,0,0,5.25,2.31,1798,515,481,85,154,242,34,1283,28.64,26.75,4.73,8.57,13.46,1.89,71.36,139722,183125,1798,75,1037,540,123,15,8,4.17,57.68,30.03,6.84,0.83,0.44
"06075021800","Census Tract 218, San Francisco County, California","ca","140","00",,,,"06","075",,,"021800",,,,,,,,,,,,,,".",".",,,,,,,,,,,,,,"1400000US06075021800","Census Tract 218",,,,2532,755,691,64,371,50,103,83,61,1109,29.82,27.29,2.53,14.65,1.97,4.07,3.28,2.41,43.8,3999,3999,603,802,1957,637,15.08,20.06,48.94,15.93,3999,2551,32,46,603,0,201,566,63.79,0.8,1.15,15.08,0,5.03,14.15,3999,3454,2425,32,0,603,0,36,358,545,126,0,46,0,0,165,208,86.37,60.64,0.8,0,15.08,0,0.9,8.95,13.63,3.15,0,1.15,0,0,4.13,5.2,1777,348,348,137,22,189,0,1429,19.58,19.58,7.71,1.24,10.64,0,80.42,222891,250001,1777,171,942,576,82,6,0,9.62,53.01,32.41,4.61,0.34,0
"06075022600","Census Tract 226, San Francisco County, California","ca","140","00",,,,"06","075",,,"022600",,,,,,,,,,,,,,".",".",,,,,,,,,,,,,,"1400000US06075022600","Census Tract 226",,,,3529,790,652,138,577,18,268,747,141,988,22.39,18.48,3.91,16.35,0.51,7.59,21.17,4,28,4210,4210,364,2144,1656,46,8.65,50.93,39.33,1.09,4210,1962,109,0,1424,0,261,454,46.6,2.59,0,33.82,0,6.2,10.78,4210,3707,1809,109,0,1424,0,48,317,503,153,0,0,0,0,213,137,88.05,42.97,2.59,0,33.82,0,1.14,7.53,11.95,3.63,0,0,0,0,5.06,3.25,2185,260,254,92,75,87,6,1925,11.9,11.62,4.21,3.43,3.98,0.27,88.1,243007,250001,2185,595,1211,354,25,0,0,27.23,55.42,16.2,1.14,0,0
"06075022702","Census Tract 227.02, San Francisco County, California","ca","140","00",,,,"06","075",,,"022702",,,,,,,,,,,,,,".",".",,,,,,,,,,,,,,"1400000US06075022702","Census Tract 227.02",,,,1478,375,321,54,167,0,117,202,0,617,25.37,21.72,3.65,11.3,0,7.92,13.67,0,41.75,2017,2017,194,903,738,182,9.62,44.77,36.59,9.02,2017,1144,1,1,462,0,128,281,56.72,0.05,0.05,22.91,0,6.35,13.93,2017,1711,1024,1,1,462,0,59,164,306,120,0,0,0,0,69,117,84.83,50.77,0.05,0.05,22.91,0,2.93,8.13,15.17,5.95,0,0,0,0,3.42,5.8,1001,143,143,33,0,110,0,858,14.29,14.29,3.3,0,10.99,0,85.71,250001,250001,1001,133,674,151,43,0,0,13.29,67.33,15.08,4.3,0,0
"06075022704","Census Tract 227.04, San Francisco County, California","ca","140","00",,,,"06","075",,,"022704",,,,,,,,,,,,,,".",".",,,,,,,,,,,,,,"1400000US06075022704","Census Tract 227.04",,,,2573,993,838,155,195,16,202,151,30,986,38.59,32.57,6.02,7.58,0.62,7.85,5.87,1.17,38.32,3982,3982,753,1269,1566,394,18.91,31.87,39.33,9.89,3982,2015,125,0,885,0,360,597,50.6,3.14,0,22.23,0,9.04,14.99,3982,3452,1977,125,0,885,0,27,438,530,38,0,0,0,0,333,159,86.69,49.65,3.14,0,22.23,0,0.68,11,13.31,0.95,0,0,0,0,8.36,3.99,1822,385,338,123,50,165,47,1437,21.13,18.55,6.75,2.74,9.06,2.58,78.87,240000,250001,1822,183,1100,444,43,27,25,10.04,60.37,24.37,2.36,1.48,1.37
"06075022801","Census Tract 228.01, San Francisco County, California","ca","140","00",,,,"06","075",,,"022801",,,,,,,,,,,,,,".",".",,,,,,,,,,,,,,"1400000US06075022801","Census Tract 228.01",,,,2714,1010,892,118,473,0,169,275,33,754,37.21,32.87,4.35,17.43,0,6.23,10.13,1.22,27.78,4755,4755,692,1213,2066,784,14.55,25.51,43.45,16.49,4755,2083,709,372,684,23,610,274,43.81,14.91,7.82,14.38,0.48,12.83,5.76,4755,3426,1767,709,0,660,23,119,148,1329,316,0,372,24,0,491,126,72.05,37.16,14.91,0,13.88,0.48,2.5,3.11,27.95,6.65,0,7.82,0.5,0,10.33,2.65,1895,399,366,155,73,138,33,1496,21.06,19.31,8.18,3.85,7.28,1.74,78.94,143531,142721,1895,372,1077,355,91,0,0,19.63,56.83,18.73,4.8,0,0
"06075022802","Census Tract 228.02, San Francisco County, California","ca","140","00",,,,"06","075",,,"022802",,,,,,,,,,,,,,".",".",,,,,,,,,,,,,,"1400000US06075022802","Census Tract 228.02",,,,1062,298,260,38,205,13,53,111,14,368,28.06,24.48,3.58,19.3,1.22,4.99,10.45,1.32,34.65,2236,2236,294,628,890,424,13.15,28.09,39.8,18.96,2236,1038,93,10,423,26,247,399,46.42,4.16,0.45,18.92,1.16,11.05,17.84,2236,1616,1005,92,0,423,1,0,95,620,33,1,10,0,25,247,304,72.27,44.95,4.11,0,18.92,0.04,0,4.25,27.73,1.48,0.04,0.45,0,1.12,11.05,13.6,751,165,156,54,25,77,9,586,21.97,20.77,7.19,3.33,10.25,1.2,78.03,137969,208409,751,189,398,133,31,0,0,25.17,53,17.71,4.13,0,0
"06075022803","Census Tract 228.03, San Francisco County, California","ca","140","00",,,,"06","075",,,"022803",,,,,,,,,,,,,,".",".",,,,,,,,,,,,,,"1400000US06075022803","Census Tract 228.03",,,,2351,991,836,155,470,10,173,149,44,514,42.15,35.56,6.59,19.99,0.43,7.36,6.34,1.87,21.86,4098,4098,935,1030,1685,448,22.82,25.13,41.12,10.93,4098,1500,126,0,634,0,1314,524,36.6,3.07,0,15.47,0,32.06,12.79,4098,2458,1341,126,0,634,0,167,190,1640,159,0,0,0,0,1147,334,59.98,32.72,3.07,0,15.47,0,4.08,4.64,40.02,3.88,0,0,0,0,27.99,8.15,1422,371,299,111,20,168,72,1051,26.09,21.03,7.81,1.41,11.81,5.06,73.91,158545,166354,1422,382,648,291,84,17,0,26.86,45.57,20.46,5.91,1.2,0
"06075022901","Census Tract 229.01, San Francisco County, California","ca","140","00",,,,"06","075",,,"022901",,,,,,,,,,,,,,".",".",,,,,,,,,,,,,,"1400000US06075022901","Census Tract 229.01",,,,2456,1085,837,248,621,10,129,104,15,492,44.18,34.08,10.1,25.29,0.41,5.25,4.23,0.61,20.03,4197,4197,832,1256,1616,493,19.82,29.93,38.5,11.75,4197,1393,77,210,310,0,1326,881,33.19,1.83,5,7.39,0,31.59,20.99,4197,1617,1093,77,0,310,0,67,70,2580,300,0,210,0,0,1259,811,38.53,26.04,1.83,0,7.39,0,1.6,1.67,61.47,7.15,0,5,0,0,30,19.32,1408,480,447,10,46,391,33,928,34.09,31.75,0.71,3.27,27.77,2.34,65.91,94214,77535,1408,402,728,242,36,0,0,28.55,51.7,17.19,2.56,0,0
"06075022902","Census Tract 229.02, San Francisco County, California","ca","140","00",,,,"06","075",,,"022902",,,,,,,,,,,,,,".",".",,,,,,,,,,,,,,"1400000US06075022902","Census Tract 229.02",,,,1186,421,361,60,261,20,65,93,0,326,35.5,30.44,5.06,22.01,1.69,5.48,7.84,0,27.49,2019,2019,266,510,908,335,13.17,25.26,44.97,16.59,2019,818,34,19,422,0,410,316,40.52,1.68,0.94,20.9,0,20.31,15.65,2019,1278,653,34,19,422,0,24,126,741,165,0,0,0,0,386,190,63.3,32.34,1.68,0.94,20.9,0,1.19,6.24,36.7,8.17,0,0,0,0,19.12,9.41,727,158,140,42,31,67,18,569,21.73,19.26,5.78,4.26,9.22,2.48,78.27,199671,142656,727,160,370,173,24,0,0,22.01,50.89,23.8,3.3,0,0
"06075022903","Census Tract 229.03, San Francisco County, California","ca","140","00",,,,"06","075",,,"022903",,,,,,,,,,,,,,".",".",,,,,,,,,,,,,,"1400000US06075022903","Census Tract 229.03",,,,1851,428,359,69,409,0,226,173,22,593,23.12,19.39,3.73,22.1,0,12.21,9.35,1.19,32.04,2675,2675,333,746,1328,268,12.45,27.89,49.64,10.02,2675,1331,57,64,302,0,342,579,49.76,2.13,2.39,11.29,0,12.79,21.64,2675,1786,1092,57,64,302,0,16,255,889,239,0,0,0,0,326,324,66.77,40.82,2.13,2.39,11.29,0,0.6,9.53,33.23,8.93,0,0,0,0,12.19,12.11,1058,191,191,72,12,107,0,867,18.05,18.05,6.81,1.13,10.11,0,81.95,201250,185333,1058,159,599,181,108,11,0,15.03,56.62,17.11,10.21,1.04,0
"06075023001","Census Tract 230.01, San Francisco County, California","ca","140","00",,,,"06","075",,,"023001",,,,,,,,,,,,,,".",".",,,,,,,,,,,,,,"1400000US06075023001","Census Tract 230.01",,,,2735,1742,1358,384,705,0,20,63,0,205,63.69,49.65,14.04,25.78,0,0.73,2.3,0,7.5,5576,5576,987,1234,2485,870,17.7,22.13,44.57,15.6,5576,529,594,105,3446,0,586,316,9.49,10.65,1.88,61.8,0,10.51,5.67,5576,4614,446,594,0,3446,0,0,128,962,83,0,105,0,0,586,188,82.75,8,10.65,0,61.8,0,0,2.3,17.25,1.49,0,1.88,0,0,10.51,3.37,1319,459,418,64,111,243,41,860,34.8,31.69,4.85,8.42,18.42,3.11,65.2,140179,117233,1319,35,429,600,136,66,53,2.65,32.52,45.49,10.31,5,4.02
"06075023003","Census Tract 230.03, San Francisco County, California","ca","140","00",,,,"06","075",,,"023003",,,,,,,,,,,,,,".",".",,,,,,,,,,,,,,"1400000US06075023003","Census Tract 230.03",,,,1956,1300,914,386,273,0,36,85,32,230,66.46,46.73,19.73,13.96,0,1.84,4.35,1.64,11.76,4025,4025,678,592,1930,825,16.84,14.71,47.95,20.5,4025,431,500,0,2175,27,520,372,10.71,12.42,0,54.04,0.67,12.92,9.24,4025,3290,418,500,0,2175,27,0,170,735,13,0,0,0,0,520,202,81.74,10.39,12.42,0,54.04,0.67,0,4.22,18.26,0.32,0,0,0,0,12.92,5.02,1206,345,271,62,10,199,74,861,28.61,22.47,5.14,0.83,16.5,6.14,71.39,118889,153871,1206,195,410,325,176,58,42,16.17,34,26.95,14.59,4.81,3.48
"06075023102","Census Tract 231.02, San Francisco County, California","ca","140","00",,,,"06","075",,,"023102",,,,,,,,,,,,,,".",".",,,,,,,,,,,,,,"1400000US06075023102","Census Tract 231.02",,,,1173,608,524,84,440,0,0,0,0,125,51.83,44.67,7.16,37.51,0,0,0,0,10.66,3411,3411,1015,837,1169,390,29.76,24.54,34.27,11.43,3411,160,1796,0,280,0,632,543,4.69,52.65,0,8.21,0,18.53,15.92,3411,2388,79,1513,0,280,0,0,516,1023,81,283,0,0,0,632,27,70.01,2.32,44.36,0,8.21,0,0,15.13,29.99,2.37,8.3,0,0,0,18.53,0.79,1128,397,235,0,168,67,162,731,35.2,20.83,0,14.89,5.94,14.36,64.8,46331,59221,1128,304,469,246,109,0,0,26.95,41.58,21.81,9.66,0,0
"06075023103","Census Tract 231.03, San Francisco County, California","ca","140","00",,,,"06","075",,,"023103",,,,,,,,,,,,,,".",".",,,,,,,,,,,,,,"1400000US06075023103","Census Tract 231.03",,,,1179,687,649,38,273,10,26,59,14,110,58.27,55.05,3.22,23.16,0.85,2.21,5,1.19,9.33,4512,4512,1762,988,1364,398,39.05,21.9,30.23,8.82,4512,0,2576,41,516,545,529,305,0,57.09,0.91,11.44,12.08,11.72,6.76,4512,3600,0,2513,0,484,419,0,184,912,0,63,41,32,126,529,121,79.79,0,55.7,0,10.73,9.29,0,4.08,20.21,0,1.4,0.91,0.71,2.79,11.72,2.68,1518,755,692,48,110,534,63,763,49.74,45.59,3.16,7.25,35.18,4.15,50.26,28393,31776,1518,366,960,192,0,0,0,24.11,63.24,12.65,0,0,0
"06075023200","Census Tract 232, San Francisco County, California","ca","140","00",,,,"06","075",,,"023200",,,,,,,,,,,,,,".",".",,,,,,,,,,,,,,"1400000US06075023200","Census Tract 232",,,,1950,1018,668,350,394,84,49,71,29,305,52.21,34.26,17.95,20.21,4.31,2.51,3.64,1.49,15.64,4214,4214,1000,928,1726,560,23.73,22.02,40.96,13.29,4214,934,1270,16,1260,8,549,177,22.16,30.14,0.38,29.9,0.19,13.03,4.2,4214,2958,322,1270,0,1258,8,0,100,1256,612,0,16,2,0,549,77,70.19,7.64,30.14,0,29.85,0.19,0,2.37,29.81,14.52,0,0.38,0.05,0,13.03,1.83,1153,577,430,63,10,357,147,576,50.04,37.29,5.46,0.87,30.96,12.75,49.96,111597,95536,1153,49,483,285,307,7,22,4.25,41.89,24.72,26.63,0.61,1.91
"06075023300","Census Tract 233, San Francisco County, California","ca","140","00",,,,"06","075",,,"023300",,,,,,,,,,,,,,".",".",,,,,,,,,,,,,,"1400000US06075023300","Census Tract 233",,,,1879,1098,940,158,477,0,6,56,16,226,58.44,50.03,8.41,25.39,0,0.32,2.98,0.85,12.03,3934,3934,719,754,1806,655,18.28,19.17,45.91,16.65,3934,452,453,0,2123,0,682,224,11.49,11.51,0,53.97,0,17.34,5.69,3934,3012,296,453,0,2110,0,0,153,922,156,0,0,13,0,682,71,76.56,7.52,11.51,0,53.63,0,0,3.89,23.44,3.97,0,0,0.33,0,17.34,1.8,1281,446,397,91,41,265,49,835,34.82,30.99,7.1,3.2,20.69,3.83,65.18,92574,84292,1281,199,621,283,131,26,21,15.53,48.48,22.09,10.23,2.03,1.64
"06075023400","Census Tract 234, San Francisco County, California","ca","140","00",,,,"06","075",,,"023400",,,,,,,,,,,,,,".",".",,,,,,,,,,,,,,"1400000US06075023400","Census Tract 234",,,,1552,1050,909,141,386,27,11,0,8,70,67.65,58.57,9.09,24.87,1.74,0.71,0,0.52,4.51,3811,3811,1036,896,1263,616,27.18,23.51,33.14,16.16,3811,464,938,6,1157,8,606,632,12.18,24.61,0.16,30.36,0.21,15.9,16.58,3811,2632,341,938,6,1064,8,0,275,1179,123,0,0,93,0,606,357,69.06,8.95,24.61,0.16,27.92,0.21,0,7.22,30.94,3.23,0,0,2.44,0,15.9,9.37,1169,561,481,68,54,359,80,608,47.99,41.15,5.82,4.62,30.71,6.84,52.01,80788,,1169,268,455,205,167,59,15,22.93,38.92,17.54,14.29,5.05,1.28
"06075025100","Census Tract 251, San Francisco County, California","ca","140","00",,,,"06","075",,,"025100",,,,,,,,,,,,,,".",".",,,,,,,,,,,,,,"1400000US06075025100","Census Tract 251",,,,1843,767,698,69,264,11,136,23,0,642,41.62,37.87,3.74,14.32,0.6,7.38,1.25,0,34.83,3342,3342,588,683,1510,561,17.59,20.44,45.18,16.79,3342,2079,60,25,536,16,196,430,62.21,1.8,0.75,16.04,0.48,5.86,12.87,3342,2560,1793,60,25,522,0,6,154,782,286,0,0,14,16,190,276,76.6,53.65,1.8,0.75,15.62,0,0.18,4.61,23.4,8.56,0,0,0.42,0.48,5.69,8.26,1306,399,399,214,0,185,0,907,30.55,30.55,16.39,0,14.17,0,69.45,139600,143750,1306,152,564,462,75,53,0,11.64,43.19,35.38,5.74,4.06,0
"06075025200","Census Tract 252, San Francisco County, California","ca","140","00",,,,"06","075",,,"025200",,,,,,,,,,,,,,".",".",,,,,,,,,,,,,,"1400000US06075025200","Census Tract 252",,,,3079,1051,927,124,500,92,401,143,0,892,34.13,30.11,4.03,16.24,2.99,13.02,4.64,0,28.97,5610,5610,1020,802,3118,670,18.18,14.3,55.58,11.94,5610,2967,54,0,668,0,685,1236,52.89,0.96,0,11.91,0,12.21,22.03,5610,4146,2916,54,0,668,0,0,508,1464,51,0,0,0,0,685,728,73.9,51.98,0.96,0,11.91,0,0,9.06,26.1,0.91,0,0,0,0,12.21,12.98,2463,609,500,254,79,167,109,1854,24.73,20.3,10.31,3.21,6.78,4.43,75.27,163321,170588,2463,510,1277,615,61,0,0,20.71,51.85,24.97,2.48,0,0
"06075025300","Census Tract 253, San Francisco County, California","ca","140","00",,,,"06","075",,,"025300",,,,,,,,,,,,,,".",".",,,,,,,,,,,,,,"1400000US06075025300","Census Tract 253",,,,2834,1327,1143,184,404,2,133,16,55,897,46.82,40.33,6.49,14.26,0.07,4.69,0.56,1.94,31.65,4218,4218,396,1467,1750,605,9.39,34.78,41.49,14.34,4218,1945,66,18,475,0,1207,507,46.11,1.56,0.43,11.26,0,28.62,12.02,4218,2746,1851,66,8,475,0,9,337,1472,94,0,10,0,0,1198,170,65.1,43.88,1.56,0.19,11.26,0,0.21,7.99,34.9,2.23,0,0.24,0,0,28.4,4.03,1692,258,233,92,8,133,25,1434,15.25,13.77,5.44,0.47,7.86,1.48,84.75,189688,205205,1692,280,895,341,103,18,55,16.55,52.9,20.15,6.09,1.06,3.25
"06075025401","Census Tract 254.01, San Francisco County, California","ca","140","00",,,,"06","075",,,"025401",,,,,,,,,,,,,,".",".",,,,,,,,,,,,,,"1400000US06075025401","Census Tract 254.01",,,,1907,663,550,113,249,12,306,36,0,641,34.77,28.84,5.93,13.06,0.63,16.05,1.89,0,33.61,3706,3706,1106,429,1779,392,29.84,11.58,48,10.58,3706,2141,153,10,216,0,304,882,57.77,4.13,0.27,5.83,0,8.2,23.8,3706,2799,1695,153,0,216,0,27,708,907,446,0,10,0,0,277,174,75.53,45.74,4.13,0,5.83,0,0.73,19.1,24.47,12.03,0,0.27,0,0,7.47,4.7,1357,549,533,185,91,257,16,808,40.46,39.28,13.63,6.71,18.94,1.18,59.54,183902,183939,1357,173,706,399,63,0,16,12.75,52.03,29.4,4.64,0,1.18
"06075025402","Census Tract 254.02, San Francisco County, California","ca","140","00",,,,"06","075",,,"025402",,,,,,,,,,,,,,".",".",,,,,,,,,,,,,,"1400000US06075025402","Census Tract 254.02",,,,1728,1024,868,156,188,20,70,76,28,322,59.26,50.23,9.03,10.88,1.16,4.05,4.4,1.62,18.63,3163,3163,417,719,1413,614,13.18,22.73,44.67,19.41,3163,1143,231,0,522,0,1020,247,36.14,7.3,0,16.5,0,32.25,7.81,3163,1934,1069,219,0,438,0,17,191,1229,74,12,0,84,0,1003,56,61.14,33.8,6.92,0,13.85,0,0.54,6.04,38.86,2.34,0.38,0,2.66,0,31.71,1.77,1087,216,200,35,9,156,16,871,19.87,18.4,3.22,0.83,14.35,1.47,80.13,173352,174063,1087,76,505,324,172,10,0,6.99,46.46,29.81,15.82,0.92,0
"06075025403","Census Tract 254.03, San Francisco County, California","ca","140","00",,,,"06","075",,,"025403",,,,,,,,,,,,,,".",".",,,,,,,,,,,,,,"1400000US06075025403","Census Tract 254.03",,,,2243,1142,749,393,375,12,90,30,44,550,50.91,33.39,17.52,16.72,0.53,4.01,1.34,1.96,24.52,4686,4686,1021,781,2246,638,21.79,16.67,47.93,13.62,4686,1062,202,28,1100,0,1008,1286,22.66,4.31,0.6,23.47,0,21.51,27.44,4686,2369,878,202,16,1100,0,8,165,2317,184,0,12,0,0,1000,1121,50.55,18.74,4.31,0.34,23.47,0,0.17,3.52,49.45,3.93,0,0.26,0,0,21.34,23.92,1380,616,559,193,9,357,57,764,44.64,40.51,13.99,0.65,25.87,4.13,55.36,128947,113977,1380,172,563,424,58,135,28,12.46,40.8,30.72,4.2,9.78,2.03
"06075025501","Census Tract 255.01, San Francisco County, California","ca","140","00",,,,"06","075",,,"025501",,,,,,,,,,,,,,".",".",,,,,,,,,,,,,,"1400000US06075025501","Census Tract 255.01",,,,2009,606,516,90,576,0,34,2,301,490,30.16,25.68,4.48,28.67,0,1.69,0.1,14.98,24.39,4073,4073,1061,805,1582,625,26.05,19.76,38.84,15.34,4073,663,88,34,1592,0,1237,459,16.28,2.16,0.83,39.09,0,30.37,11.27,4073,2685,572,88,34,1592,0,188,211,1388,91,0,0,0,0,1049,248,65.92,14.04,2.16,0.83,39.09,0,4.62,5.18,34.08,2.23,0,0,0,0,25.75,6.09,1031,383,344,107,81,156,39,648,37.15,33.37,10.38,7.86,15.13,3.78,62.85,146477,131875,1031,5,358,478,149,0,41,0.48,34.72,46.36,14.45,0,3.98
"06075025502","Census Tract 255.02, San Francisco County, California","ca","140","00",,,,"06","075",,,"025502",,,,,,,,,,,,,,".",".",,,,,,,,,,,,,,"1400000US06075025502","Census Tract 255.02",,,,1846,872,783,89,434,0,0,46,41,453,47.24,42.42,4.82,23.51,0,0,2.49,2.22,24.54,3451,3451,542,711,1589,609,15.71,20.6,46.04,17.65,3451,1160,39,10,1464,41,429,308,33.61,1.13,0.29,42.42,1.19,12.43,8.92,3451,2846,1139,39,10,1464,41,0,153,605,21,0,0,0,0,429,155,82.47,33,1.13,0.29,42.42,1.19,0,4.43,17.53,0.61,0,0,0,0,12.43,4.49,1220,343,326,93,90,143,17,877,28.11,26.72,7.62,7.38,11.72,1.39,71.89,168483,214219,1220,175,652,251,118,0,24,14.34,53.44,20.57,9.67,0,1.97
"06075025600","Census Tract 256, San Francisco County, California","ca","140","00",,,,"06","075",,,"025600",,,,,,,,,,,,,,".",".",,,,,,,,,,,,,,"1400000US06075025600","Census Tract 256",,,,3000,1458,985,473,836,26,19,40,15,606,48.6,32.83,15.77,27.87,0.87,0.63,1.33,0.5,20.2,5290,5290,998,1084,2261,947,18.87,20.49,42.74,17.9,5290,1265,69,0,2959,36,717,244,23.91,1.3,0,55.94,0.68,13.55,4.61,5290,3992,908,32,0,2872,36,14,130,1298,357,37,0,87,0,703,114,75.46,17.16,0.6,0,54.29,0.68,0.26,2.46,24.54,6.75,0.7,0,1.64,0,13.29,2.16,1656,485,414,31,100,283,71,1171,29.29,25,1.87,6.04,17.09,4.29,70.71,114250,109196,1656,234,504,438,229,176,75,14.13,30.43,26.45,13.83,10.63,4.53
"06075025701","Census Tract 257.01, San Francisco County, California","ca","140","00",,,,"06","075",,,"025701",,,,,,,,,,,,,,".",".",,,,,,,,,,,,,,"1400000US06075025701","Census Tract 257.01",,,,2679,1534,1132,402,648,0,45,70,0,382,57.26,42.25,15.01,24.19,0,1.68,2.61,0,14.26,5047,5047,923,921,2520,683,18.29,18.25,49.93,13.53,5047,645,110,21,3383,0,716,172,12.78,2.18,0.42,67.03,0,14.19,3.41,5047,4065,450,110,0,3383,0,22,100,982,195,0,21,0,0,694,72,80.54,8.92,2.18,0,67.03,0,0.44,1.98,19.46,3.86,0,0.42,0,0,13.75,1.43,1559,457,386,103,18,265,71,1102,29.31,24.76,6.61,1.15,17,4.55,70.69,129663,124928,1559,100,676,435,192,87,69,6.41,43.36,27.9,12.32,5.58,4.43
"06075025702","Census Tract 257.02, San Francisco County, California","ca","140","00",,,,"06","075",,,"025702",,,,,,,,,,,,,,".",".",,,,,,,,,,,,,,"1400000US06075025702","Census Tract 257.02",,,,1887,1288,753,535,404,0,0,13,0,182,68.26,39.9,28.35,21.41,0,0,0.69,0,9.64,4601,4601,1074,507,1875,1145,23.34,11.02,40.75,24.89,4601,1201,52,0,3011,0,104,233,26.1,1.13,0,65.44,0,2.26,5.06,4601,3565,374,2,0,3002,0,42,145,1036,827,50,0,9,0,62,88,77.48,8.13,0.04,0,65.25,0,0.91,3.15,22.52,17.97,1.09,0,0.2,0,1.35,1.91,1135,452,415,46,30,339,37,683,39.82,36.56,4.05,2.64,29.87,3.26,60.18,104250,114819,1135,192,293,357,166,95,32,16.92,25.81,31.45,14.63,8.37,2.82
"06075025800","Census Tract 258, San Francisco County, California","ca","140","00",,,,"06","075",,,"025800",,,,,,,,,,,,,,".",".",,,,,,,,,,,,,,"1400000US06075025800","Census Tract 258",,,,836,418,332,86,208,10,5,16,39,140,50,39.71,10.29,24.88,1.2,0.6,1.91,4.67,16.75,1776,1776,244,431,844,257,13.74,24.27,47.52,14.47,1776,228,127,0,1213,0,58,150,12.84,7.15,0,68.3,0,3.27,8.45,1776,1613,192,118,0,1213,0,16,74,163,36,9,0,0,0,42,76,90.82,10.81,6.64,0,68.3,0,0.9,4.17,9.18,2.03,0.51,0,0,0,2.36,4.28,621,144,113,34,5,74,31,477,23.19,18.2,5.48,0.81,11.92,4.99,76.81,82546,121731,621,158,194,195,52,0,22,25.44,31.24,31.4,8.37,0,3.54
"06075025900","Census Tract 259, San Francisco County, California","ca","140","00",,,,"06","075",,,"025900",,,,,,,,,,,,,,".",".",,,,,,,,,,,,,,"1400000US06075025900","Census Tract 259",,,,2210,1599,1427,172,224,0,37,24,19,307,72.35,64.57,7.78,10.14,0,1.67,1.09,0.86,13.89,4134,4134,692,691,2063,688,16.74,16.72,49.9,16.64,4134,722,168,0,2098,0,881,265,17.46,4.06,0,50.75,0,21.31,6.41,4134,3055,619,168,0,2073,0,0,195,1079,103,0,0,25,0,881,70,73.9,14.97,4.06,0,50.15,0,0,4.72,26.1,2.49,0,0,0.6,0,21.31,1.69,1444,386,358,58,31,269,28,1058,26.73,24.79,4.02,2.15,18.63,1.94,73.27,151418,156591,1444,103,426,710,105,68,32,7.13,29.5,49.17,7.27,4.71,2.22
"06075026001","Census Tract 260.01, San Francisco County, California","ca","140","00",,,,"06","075",,,"026001",,,,,,,,,,,,,,".",".",,,,,,,,,,,,,,"1400000US06075026001","Census Tract 260.01",,,,3197,1646,1263,383,1020,55,27,25,28,396,51.49,39.51,11.98,31.9,1.72,0.84,0.78,0.88,12.39,6010,6010,829,1762,2580,839,13.79,29.32,42.93,13.96,6010,1172,232,134,2708,22,1206,536,19.5,3.86,2.23,45.06,0.37,20.07,8.92,6010,3807,805,51,0,2681,22,136,112,2203,367,181,134,27,0,1070,424,63.34,13.39,0.85,0,44.61,0.37,2.26,1.86,36.66,6.11,3.01,2.23,0.45,0,17.8,7.05,1785,437,405,80,42,283,32,1348,24.48,22.69,4.48,2.35,15.85,1.79,75.52,119088,117458,1785,203,672,415,440,33,22,11.37,37.65,23.25,24.65,1.85,1.23
"06075026002","Census Tract 260.02, San Francisco County, California","ca","140","00",,,,"06","075",,,"026002",,,,,,,,,,,,,,".",".",,,,,,,,,,,,,,"1400000US06075026002","Census Tract 260.02",,,,1570,898,689,209,304,0,6,8,51,303,57.2,43.89,13.31,19.36,0,0.38,0.51,3.25,19.3,3731,3731,665,436,1653,977,17.82,11.69,44.3,26.19,3731,1224,198,58,1332,0,530,389,32.81,5.31,1.55,35.7,0,14.21,10.43,3731,2797,1117,161,44,1332,0,0,143,934,107,37,14,0,0,530,246,74.97,29.94,4.32,1.18,35.7,0,0,3.83,25.03,2.87,0.99,0.38,0,0,14.21,6.59,1038,252,236,61,38,137,16,786,24.28,22.74,5.88,3.66,13.2,1.54,75.72,119038,119306,1038,47,396,391,154,32,18,4.53,38.15,37.67,14.84,3.08,1.73
"06075026003","Census Tract 260.03, San Francisco County, California","ca","140","00",,,,"06","075",,,"026003",,,,,,,,,,,,,,".",".",,,,,,,,,,,,,,"1400000US06075026003","Census Tract 260.03",,,,2366,1380,983,397,476,0,20,65,0,425,58.33,41.55,16.78,20.12,0,0.85,2.75,0,17.96,4873,4873,1212,775,2109,777,24.87,15.9,43.28,15.95,4873,1078,85,58,2002,0,1169,481,22.12,1.74,1.19,41.08,0,23.99,9.87,4873,2847,610,72,0,2002,0,0,163,2026,468,13,58,0,0,1169,318,58.42,12.52,1.48,0,41.08,0,0,3.34,41.58,9.6,0.27,1.19,0,0,23.99,6.53,1393,492,383,67,178,138,109,901,35.32,27.49,4.81,12.78,9.91,7.82,64.68,99044,124032,1393,153,396,599,130,62,53,10.98,28.43,43,9.33,4.45,3.8
"06075026004","Census Tract 260.04, San Francisco County, California","ca","140","00",,,,"06","075",,,"026004",,,,,,,,,,,,,,".",".",,,,,,,,,,,,,,"1400000US06075026004","Census Tract 260.04",,,,2296,1230,1067,163,500,0,0,15,51,500,53.57,46.47,7.1,21.78,0,0,0.65,2.22,21.78,3924,3924,571,902,1694,757,14.55,22.99,43.17,19.29,3924,821,409,78,1620,82,405,509,20.92,10.42,1.99,41.28,2.09,10.32,12.97,3924,2543,703,38,0,1620,82,0,100,1381,118,371,78,0,0,405,409,64.81,17.92,0.97,0,41.28,2.09,0,2.55,35.19,3.01,9.45,1.99,0,0,10.32,10.42,1121,312,312,120,8,184,0,809,27.83,27.83,10.7,0.71,16.41,0,72.17,133542,116146,1121,160,423,371,74,93,0,14.27,37.73,33.1,6.6,8.3,0
"06075026100","Census Tract 261, San Francisco County, California","ca","140","00",,,,"06","075",,,"026100",,,,,,,,,,,,,,".",".",,,,,,,,,,,,,,"1400000US06075026100","Census Tract 261",,,,3397,1359,1121,238,1183,26,46,64,67,652,40.01,33,7.01,34.82,0.77,1.35,1.88,1.97,19.19,6601,6601,1248,1198,3016,1139,18.91,18.15,45.69,17.25,6601,681,155,166,4526,25,589,459,10.32,2.35,2.51,68.57,0.38,8.92,6.95,6601,5133,493,19,0,4414,0,0,207,1468,188,136,166,112,25,589,252,77.76,7.47,0.29,0,66.87,0,0,3.14,22.24,2.85,2.06,2.51,1.7,0.38,8.92,3.82,2007,695,603,212,63,328,92,1312,34.63,30.04,10.56,3.14,16.34,4.58,65.37,123070,131422,2007,361,603,705,275,0,63,17.99,30.04,35.13,13.7,0,3.14
"06075026201","Census Tract 262.01, San Francisco County, California","ca","140","00",,,,"06","075",,,"026201",,,,,,,,,,,,,,".",".",,,,,,,,,,,,,,"1400000US06075026201","Census Tract 262.01",,,,1994,1032,785,247,490,0,0,24,129,319,51.76,39.37,12.39,24.57,0,0,1.2,6.47,16,3928,3928,805,916,1559,648,20.49,23.32,39.69,16.5,3928,207,8,0,2876,0,715,122,5.27,0.2,0,73.22,0,18.2,3.11,3928,3193,164,7,0,2876,0,90,56,735,43,1,0,0,0,625,66,81.29,4.18,0.18,0,73.22,0,2.29,1.43,18.71,1.09,0.03,0,0,0,15.91,1.68,999,353,258,53,37,168,95,646,35.34,25.83,5.31,3.7,16.82,9.51,64.66,149067,149525,999,139,312,349,163,36,0,13.91,31.23,34.93,16.32,3.6,0
"06075026202","Census Tract 262.02, San Francisco County, California","ca","140","00",,,,"06","075",,,"026202",,,,,,,,,,,,,,".",".",,,,,,,,,,,,,,"1400000US06075026202","Census Tract 262.02",,,,2001,1115,932,183,708,7,8,23,36,104,55.72,46.58,9.15,35.38,0.35,0.4,1.15,1.8,5.2,3664,3664,465,639,1741,819,12.69,17.44,47.52,22.35,3664,670,43,65,2452,4,213,217,18.29,1.17,1.77,66.92,0.11,5.81,5.92,3664,2769,343,35,0,2387,4,0,0,895,327,8,65,65,0,213,217,75.57,9.36,0.96,0,65.15,0.11,0,0,24.43,8.92,0.22,1.77,1.77,0,5.81,5.92,1043,326,285,49,69,167,41,717,31.26,27.33,4.7,6.62,16.01,3.93,68.74,144127,142984,1043,171,300,350,118,97,7,16.4,28.76,33.56,11.31,9.3,0.67
"06075026301","Census Tract 263.01, San Francisco County, California","ca","140","00",,,,"06","075",,,"026301",,,,,,,,,,,,,,".",".",,,,,,,,,,,,,,"1400000US06075026301","Census Tract 263.01",,,,2048,1118,841,277,541,4,0,139,0,246,54.59,41.06,13.53,26.42,0.2,0,6.79,0,12.01,4955,4955,921,1102,1918,1014,18.59,22.24,38.71,20.46,4955,653,42,0,3162,56,743,299,13.18,0.85,0,63.81,1.13,14.99,6.03,4955,3857,494,42,0,3123,56,51,91,1098,159,0,0,39,0,692,208,77.84,9.97,0.85,0,63.03,1.13,1.03,1.84,22.16,3.21,0,0,0.79,0,13.97,4.2,1365,490,402,9,0,393,88,875,35.9,29.45,0.66,0,28.79,6.45,64.1,102131,101763,1365,304,482,344,205,9,21,22.27,35.31,25.2,15.02,0.66,1.54
"06075026302","Census Tract 263.02, San Francisco County, California","ca","140","00",,,,"06","075",,,"026302",,,,,,,,,,,,,,".",".",,,,,,,,,,,,,,"1400000US06075026302","Census Tract 263.02",,,,2335,1686,1410,276,510,13,30,10,31,55,72.21,60.39,11.82,21.84,0.56,1.28,0.43,1.33,2.36,4707,4707,682,1025,2174,826,14.49,21.78,46.19,17.55,4707,622,158,62,2534,14,1032,285,13.21,3.36,1.32,53.83,0.3,21.92,6.05,4707,3374,562,158,53,2515,14,30,42,1333,60,0,9,19,0,1002,243,71.68,11.94,3.36,1.13,53.43,0.3,0.64,0.89,28.32,1.27,0,0.19,0.4,0,21.29,5.16,1552,447,381,104,0,277,66,1105,28.8,24.55,6.7,0,17.85,4.25,71.2,99091,132708,1552,164,691,330,241,95,31,10.57,44.52,21.26,15.53,6.12,2
"06075026303","Census Tract 263.03, San Francisco County, California","ca","140","00",,,,"06","075",,,"026303",,,,,,,,,,,,,,".",".",,,,,,,,,,,,,,"1400000US06075026303","Census Tract 263.03",,,,2386,1310,1099,211,727,0,44,31,0,274,54.9,46.06,8.84,30.47,0,1.84,1.3,0,11.48,4425,4425,746,1000,1966,713,16.86,22.6,44.43,16.11,4425,731,28,23,2375,59,689,520,16.52,0.63,0.52,53.67,1.33,15.57,11.75,4425,3091,577,28,23,2335,20,57,51,1334,154,0,0,40,39,632,469,69.85,13.04,0.63,0.52,52.77,0.45,1.29,1.15,30.15,3.48,0,0,0.9,0.88,14.28,10.6,1342,437,391,105,42,244,46,905,32.56,29.14,7.82,3.13,18.18,3.43,67.44,94167,129183,1342,65,278,617,211,104,67,4.84,20.72,45.98,15.72,7.75,4.99
"06075026401","Census Tract 264.01, San Francisco County, California","ca","140","00",,,,"06","075",,,"026401",,,,,,,,,,,,,,".",".",,,,,,,,,,,,,,"1400000US06075026401","Census Tract 264.01",,,,1592,1070,861,209,373,0,0,33,14,102,67.21,54.08,13.13,23.43,0,0,2.07,0.88,6.41,3470,3470,780,431,1548,711,22.48,12.42,44.61,20.49,3470,302,219,24,2345,71,279,230,8.7,6.31,0.69,67.58,2.05,8.04,6.63,3470,2882,157,219,0,2345,71,0,90,588,145,0,24,0,0,279,140,83.05,4.52,6.31,0,67.58,2.05,0,2.59,16.95,4.18,0,0.69,0,0,8.04,4.03,1035,379,305,57,40,208,74,656,36.62,29.47,5.51,3.86,20.1,7.15,63.38,80563,76538,1035,271,244,274,133,100,13,26.18,23.57,26.47,12.85,9.66,1.26
"06075026402","Census Tract 264.02, San Francisco County, California","ca","140","00",,,,"06","075",,,"026402",,,,,,,,,,,,,,".",".",,,,,,,,,,,,,,"1400000US06075026402","Census Tract 264.02",,,,2370,1668,1225,443,390,0,7,0,0,305,70.38,51.69,18.69,16.46,0,0.3,0,0,12.87,4654,4654,652,814,2225,963,14.01,17.49,47.81,20.69,4654,1014,287,10,2416,43,427,457,21.79,6.17,0.21,51.91,0.92,9.17,9.82,4654,3822,985,287,10,2321,43,0,176,832,29,0,0,95,0,427,281,82.12,21.16,6.17,0.21,49.87,0.92,0,3.78,17.88,0.62,0,0,2.04,0,9.17,6.04,1262,335,277,25,28,224,58,927,26.55,21.95,1.98,2.22,17.75,4.6,73.45,117230,120733,1262,144,402,385,250,10,71,11.41,31.85,30.51,19.81,0.79,5.63
"06075026403","Census Tract 264.03, San Francisco County, California","ca","140","00",,,,"06","075",,,"026403",,,,,,,,,,,,,,".",".",,,,,,,,,,,,,,"1400000US06075026403","Census Tract 264.03",,,,1595,1077,849,228,340,0,0,0,49,129,67.52,53.23,14.29,21.32,0,0,0,3.07,8.09,3453,3453,362,581,1711,799,10.48,16.83,49.55,23.14,3453,319,12,0,2638,0,196,288,9.24,0.35,0,76.4,0,5.68,8.34,3453,2823,175,12,0,2610,0,0,26,630,144,0,0,28,0,196,262,81.75,5.07,0.35,0,75.59,0,0,0.75,18.25,4.17,0,0,0.81,0,5.68,7.59,1109,250,196,7,0,189,54,859,22.54,17.67,0.63,0,17.04,4.87,77.46,73750,77143,1109,164,400,212,310,22,1,14.79,36.07,19.12,27.95,1.98,0.09
"06075026404","Census Tract 264.04, San Francisco County, California","ca","140","00",,,,"06","075",,,"026404",,,,,,,,,,,,,,".",".",,,,,,,,,,,,,,"1400000US06075026404","Census Tract 264.04",,,,1187,725,504,221,297,0,0,44,0,121,61.08,42.46,18.62,25.02,0,0,3.71,0,10.19,2404,2404,383,496,1100,425,15.93,20.63,45.76,17.68,2404,188,206,0,1320,0,478,212,7.82,8.57,0,54.91,0,19.88,8.82,2404,1755,153,206,0,1320,0,3,73,649,35,0,0,0,0,475,139,73,6.36,8.57,0,54.91,0,0.12,3.04,27,1.46,0,0,0,0,19.76,5.78,694,252,209,36,14,159,43,442,36.31,30.12,5.19,2.02,22.91,6.2,63.69,83500,95375,694,95,218,205,142,26,8,13.69,31.41,29.54,20.46,3.75,1.15
"06075030101","Census Tract 301.01, San Francisco County, California","ca","140","00",,,,"06","075",,,"030101",,,,,,,,,,,,,,".",".",,,,,,,,,,,,,,"1400000US06075030101","Census Tract 301.01",,,,2872,544,489,55,538,0,145,1001,23,621,18.94,17.03,1.92,18.73,0,5.05,34.85,0.8,21.62,4588,4588,379,2234,1482,493,8.26,48.69,32.3,10.75,4588,2185,117,39,1500,14,102,631,47.62,2.55,0.85,32.69,0.31,2.22,13.75,4588,4132,2082,117,39,1500,14,50,330,456,103,0,0,0,0,52,301,90.06,45.38,2.55,0.85,32.69,0.31,1.09,7.19,9.94,2.24,0,0,0,0,1.13,6.56,2098,242,242,173,0,69,0,1856,11.53,11.53,8.25,0,3.29,0,88.47,151384,177543,2098,597,1118,352,31,0,0,28.46,53.29,16.78,1.48,0,0
"06075030102","Census Tract 301.02, San Francisco County, California","ca","140","00",,,,"06","075",,,"030102",,,,,,,,,,,,,,".",".",,,,,,,,,,,,,,"1400000US06075030102","Census Tract 301.02",,,,2744,770,527,243,540,20,59,497,69,789,28.06,19.21,8.86,19.68,0.73,2.15,18.11,2.51,28.75,4808,4808,526,1885,1649,748,10.94,39.21,34.3,15.56,4808,2625,232,0,1229,0,166,556,54.6,4.83,0,25.56,0,3.45,11.56,4808,4199,2337,169,0,1218,0,67,408,609,288,63,0,11,0,99,148,87.33,48.61,3.51,0,25.33,0,1.39,8.49,12.67,5.99,1.31,0,0.23,0,2.06,3.08,2120,368,368,118,51,199,0,1752,17.36,17.36,5.57,2.41,9.39,0,82.64,206515,250001,2120,260,1423,311,107,19,0,12.26,67.12,14.67,5.05,0.9,0
"06075030201","Census Tract 302.01, San Francisco County, California","ca","140","00",,,,"06","075",,,"030201",,,,,,,,,,,,,,".",".",,,,,,,,,,,,,,"1400000US06075030201","Census Tract 302.01",,,,2327,879,690,189,689,11,112,100,27,509,37.77,29.65,8.12,29.61,0.47,4.81,4.3,1.16,21.87,4120,4120,695,1013,1534,878,16.87,24.59,37.23,21.31,4120,2007,52,0,1229,0,485,347,48.71,1.26,0,29.83,0,11.77,8.42,4120,3314,1806,52,0,1229,0,11,216,806,201,0,0,0,0,474,131,80.44,43.83,1.26,0,29.83,0,0.27,5.24,19.56,4.88,0,0,0,0,11.5,3.18,1971,433,433,83,40,310,0,1538,21.97,21.97,4.21,2.03,15.73,0,78.03,115292,131464,1971,611,948,305,53,53,1,31,48.1,15.47,2.69,2.69,0.05
"06075030202","Census Tract 302.02, San Francisco County, California","ca","140","00",,,,"06","075",,,"030202",,,,,,,,,,,,,,".",".",,,,,,,,,,,,,,"1400000US06075030202","Census Tract 302.02",,,,2415,626,574,52,838,0,4,205,73,669,25.92,23.77,2.15,34.7,0,0.17,8.49,3.02,27.7,4017,4017,504,1211,1648,654,12.55,30.15,41.03,16.28,4017,2080,78,0,1266,0,171,422,51.78,1.94,0,31.52,0,4.26,10.51,4017,3551,1863,78,0,1266,0,15,329,466,217,0,0,0,0,156,93,88.4,46.38,1.94,0,31.52,0,0.37,8.19,11.6,5.4,0,0,0,0,3.88,2.32,2045,291,274,86,71,117,17,1754,14.23,13.4,4.21,3.47,5.72,0.83,85.77,149306,141957,2045,627,1119,257,34,8,0,30.66,54.72,12.57,1.66,0.39,0
"06075030301","Census Tract 303.01, San Francisco County, California","ca","140","00",,,,"06","075",,,"030301",,,,,,,,,,,,,,".",".",,,,,,,,,,,,,,"1400000US06075030301","Census Tract 303.01",,,,3717,1561,1375,186,420,69,170,169,59,1269,42,36.99,5,11.3,1.86,4.57,4.55,1.59,34.14,6509,6509,973,1810,2583,1143,14.95,27.81,39.68,17.56,6509,2796,97,0,2546,0,151,919,42.96,1.49,0,39.12,0,2.32,14.12,6509,5625,2577,97,0,2546,0,0,405,884,219,0,0,0,0,151,514,86.42,39.59,1.49,0,39.12,0,0,6.22,13.58,3.36,0,0,0,0,2.32,7.9,2542,724,675,263,72,340,49,1818,28.48,26.55,10.35,2.83,13.38,1.93,71.52,191338,193400,2542,217,1335,668,182,79,61,8.54,52.52,26.28,7.16,3.11,2.4
"06075030302","Census Tract 303.02, San Francisco County, California","ca","140","00",,,,"06","075",,,"030302",,,,,,,,,,,,,,".",".",,,,,,,,,,,,,,"1400000US06075030302","Census Tract 303.02",,,,1918,987,795,192,291,0,18,35,36,551,51.46,41.45,10.01,15.17,0,0.94,1.82,1.88,28.73,3492,3492,510,904,1213,865,14.6,25.89,34.74,24.77,3492,1426,88,7,1469,13,184,305,40.84,2.52,0.2,42.07,0.37,5.27,8.73,3492,3229,1350,77,7,1458,13,52,272,263,76,11,0,11,0,132,33,92.47,38.66,2.21,0.2,41.75,0.37,1.49,7.79,7.53,2.18,0.32,0,0.32,0,3.78,0.95,1318,299,283,34,46,203,16,1019,22.69,21.47,2.58,3.49,15.4,1.21,77.31,170000,226528,1318,17,599,464,152,65,21,1.29,45.45,35.2,11.53,4.93,1.59
"06075030400","Census Tract 304, San Francisco County, California","ca","140","00",,,,"06","075",,,"030400",,,,,,,,,,,,,,".",".",,,,,,,,,,,,,,"1400000US06075030400","Census Tract 304",,,,2205,991,716,275,430,0,28,47,19,690,44.94,32.47,12.47,19.5,0,1.27,2.13,0.86,31.29,5120,5120,714,577,2139,1690,13.95,11.27,41.78,33.01,5120,1930,103,0,2583,0,192,312,37.7,2.01,0,50.45,0,3.75,6.09,5120,4788,1836,103,0,2583,0,38,228,332,94,0,0,0,0,154,84,93.52,35.86,2.01,0,50.45,0,0.74,4.45,6.48,1.84,0,0,0,0,3.01,1.64,2193,451,440,62,64,314,11,1742,20.57,20.06,2.83,2.92,14.32,0.5,79.43,140524,170000,2193,150,786,1067,167,11,12,6.84,35.84,48.65,7.62,0.5,0.55
"06075030500","Census Tract 305, San Francisco County, California","ca","140","00",,,,"06","075",,,"030500",,,,,,,,,,,,,,".",".",,,,,,,,,,,,,,"1400000US06075030500","Census Tract 305",,,,1516,903,846,57,111,0,0,0,24,478,59.56,55.8,3.76,7.32,0,0,0,1.58,31.53,3778,3778,526,603,1436,1213,13.92,15.96,38.01,32.11,3778,1682,300,3,1034,0,251,508,44.52,7.94,0.08,27.37,0,6.64,13.45,3778,3142,1584,299,3,1034,0,12,210,636,98,1,0,0,0,239,298,83.17,41.93,7.91,0.08,27.37,0,0.32,5.56,16.83,2.59,0.03,0,0,0,6.33,7.89,1008,273,273,39,42,192,0,735,27.08,27.08,3.87,4.17,19.05,0,72.92,182375,234010,1008,134,291,308,185,38,52,13.29,28.87,30.56,18.35,3.77,5.16
"06075030600","Census Tract 306, San Francisco County, California","ca","140","00",,,,"06","075",,,"030600",,,,,,,,,,,,,,".",".",,,,,,,,,,,,,,"1400000US06075030600","Census Tract 306",,,,1326,585,539,46,224,0,0,27,0,490,44.12,40.65,3.47,16.89,0,0,2.04,0,36.95,2356,2356,397,365,1061,533,16.85,15.49,45.03,22.62,2356,1263,23,0,649,0,17,404,53.61,0.98,0,27.55,0,0.72,17.15,2356,2152,1173,23,0,649,0,0,307,204,90,0,0,0,0,17,97,91.34,49.79,0.98,0,27.55,0,0,13.03,8.66,3.82,0,0,0,0,0.72,4.12,903,216,216,78,36,102,0,687,23.92,23.92,8.64,3.99,11.3,0,76.08,238750,250001,903,33,308,429,117,11,5,3.65,34.11,47.51,12.96,1.22,0.55
"06075030700","Census Tract 307, San Francisco County, California","ca","140","00",,,,"06","075",,,"030700",,,,,,,,,,,,,,".",".",,,,,,,,,,,,,,"1400000US06075030700","Census Tract 307",,,,2957,1470,1271,199,444,71,191,102,0,679,49.71,42.98,6.73,15.02,2.4,6.46,3.45,0,22.96,6600,6600,1319,872,2774,1635,19.98,13.21,42.03,24.77,6600,3477,75,18,2423,0,122,485,52.68,1.14,0.27,36.71,0,1.85,7.35,6600,5943,3273,75,0,2423,0,60,112,657,204,0,18,0,0,62,373,90.05,49.59,1.14,0,36.71,0,0.91,1.7,9.95,3.09,0,0.27,0,0,0.94,5.65,2685,704,696,170,62,464,8,1981,26.22,25.92,6.33,2.31,17.28,0.3,73.78,156827,224273,2685,120,882,1338,251,94,0,4.47,32.85,49.83,9.35,3.5,0
"06075030800","Census Tract 308, San Francisco County, California","ca","140","00",,,,"06","075",,,"030800",,,,,,,,,,,,,,".",".",,,,,,,,,,,,,,"1400000US06075030800","Census Tract 308",,,,3112,1214,1078,136,564,0,20,71,28,1215,39.01,34.64,4.37,18.12,0,0.64,2.28,0.9,39.04,5769,5769,988,1316,2156,1309,17.13,22.81,37.37,22.69,5769,3362,90,0,1519,0,11,787,58.28,1.56,0,26.33,0,0.19,13.64,5769,5231,3272,90,0,1507,0,0,362,538,90,0,0,12,0,11,425,90.67,56.72,1.56,0,26.12,0,0,6.27,9.33,1.56,0,0,0.21,0,0.19,7.37,1998,539,516,98,92,326,23,1459,26.98,25.83,4.9,4.6,16.32,1.15,73.02,190625,227784,1998,270,518,766,336,46,62,13.51,25.93,38.34,16.82,2.3,3.1
"06075030900","Census Tract 309, San Francisco County, California","ca","140","00",,,,"06","075",,,"030900",,,,,,,,,,,,,,".",".",,,,,,,,,,,,,,"1400000US06075030900","Census Tract 309",,,,3119,1441,1044,397,536,0,25,144,13,960,46.2,33.47,12.73,17.18,0,0.8,4.62,0.42,30.78,6425,6425,1362,611,2748,1704,21.2,9.51,42.77,26.52,6425,2666,40,109,2439,4,39,1128,41.49,0.62,1.7,37.96,0.06,0.61,17.56,6425,5938,2480,40,69,2439,4,27,879,487,186,0,40,0,0,12,249,92.42,38.6,0.62,1.07,37.96,0.06,0.42,13.68,7.58,2.89,0,0.62,0,0,0.19,3.88,2310,784,776,171,90,515,8,1526,33.94,33.59,7.4,3.9,22.29,0.35,66.06,204375,238479,2310,99,621,992,310,249,39,4.29,26.88,42.94,13.42,10.78,1.69
"06075031000","Census Tract 310, San Francisco County, California","ca","140","00",,,,"06","075",,,"031000",,,,,,,,,,,,,,".",".",,,,,,,,,,,,,,"1400000US06075031000","Census Tract 310",,,,2122,1029,932,97,220,0,12,61,92,708,48.49,43.92,4.57,10.37,0,0.57,2.87,4.34,33.36,4336,4336,760,738,1914,924,17.53,17.02,44.14,21.31,4336,1859,209,0,1482,0,510,276,42.87,4.82,0,34.18,0,11.76,6.37,4336,3725,1607,209,0,1432,0,280,197,611,252,0,0,50,0,230,79,85.91,37.06,4.82,0,33.03,0,6.46,4.54,14.09,5.81,0,0,1.15,0,5.3,1.82,1540,476,447,194,21,232,29,1064,30.91,29.03,12.6,1.36,15.06,1.88,69.09,196389,205521,1540,132,552,527,152,166,11,8.57,35.84,34.22,9.87,10.78,0.71
"06075031100","Census Tract 311, San Francisco County, California","ca","140","00",,,,"06","075",,,"031100",,,,,,,,,,,,,,".",".",,,,,,,,,,,,,,"1400000US06075031100","Census Tract 311",,,,3863,1603,1388,215,863,37,36,1,126,1197,41.5,35.93,5.57,22.34,0.96,0.93,0.03,3.26,30.99,6276,6276,845,1713,2483,1235,13.46,27.29,39.56,19.68,6276,2655,255,0,2331,0,473,562,42.3,4.06,0,37.14,0,7.54,8.95,6276,5339,2440,255,0,2317,0,47,280,937,215,0,0,14,0,426,282,85.07,38.88,4.06,0,36.92,0,0.75,4.46,14.93,3.43,0,0,0.22,0,6.79,4.49,2387,484,478,73,84,321,6,1903,20.28,20.03,3.06,3.52,13.45,0.25,79.72,197432,196136,2387,204,1003,768,275,137,0,8.55,42.02,32.17,11.52,5.74,0
"06075031201","Census Tract 312.01, San Francisco County, California","ca","140","00",,,,"06","075",,,"031201",,,,,,,,,,,,,,".",".",,,,,,,,,,,,,,"1400000US06075031201","Census Tract 312.01",,,,3115,1682,1338,344,845,0,16,55,57,460,54,42.95,11.04,27.13,0,0.51,1.77,1.83,14.77,5906,5906,716,1456,2638,1096,12.12,24.65,44.67,18.56,5906,1040,240,44,3876,0,351,355,17.61,4.06,0.75,65.63,0,5.94,6.01,5906,5297,967,240,30,3876,0,0,184,609,73,0,14,0,0,351,171,89.69,16.37,4.06,0.51,65.63,0,0,3.12,10.31,1.24,0,0.24,0,0,5.94,2.9,1789,443,401,27,36,338,42,1346,24.76,22.41,1.51,2.01,18.89,2.35,75.24,107648,122500,1789,503,534,471,142,86,53,28.12,29.85,26.33,7.94,4.81,2.96
"06075031202","Census Tract 312.02, San Francisco County, California","ca","140","00",,,,"06","075",,,"031202",,,,,,,,,,,,,,".",".",,,,,,,,,,,,,,"1400000US06075031202","Census Tract 312.02",,,,1398,779,600,179,247,4,19,6,21,322,55.72,42.92,12.8,17.67,0.29,1.36,0.43,1.5,23.03,2919,2919,593,595,1195,536,20.32,20.38,40.94,18.36,2919,261,86,0,2079,0,312,181,8.94,2.95,0,71.22,0,10.69,6.2,2919,2467,233,86,0,2061,0,0,87,452,28,0,0,18,0,312,94,84.52,7.98,2.95,0,70.61,0,0,2.98,15.48,0.96,0,0,0.62,0,10.69,3.22,818,315,282,89,53,140,33,503,38.51,34.47,10.88,6.48,17.11,4.03,61.49,156250,123512,818,107,235,303,95,72,6,13.08,28.73,37.04,11.61,8.8,0.73
"06075031301","Census Tract 313.01, San Francisco County, California","ca","140","00",,,,"06","075",,,"031301",,,,,,,,,,,,,,".",".",,,,,,,,,,,,,,"1400000US06075031301","Census Tract 313.01",,,,2176,1274,1138,136,313,22,50,112,28,377,58.55,52.3,6.25,14.38,1.01,2.3,5.15,1.29,17.33,3847,3847,549,863,1568,867,14.27,22.43,40.76,22.54,3847,696,365,0,2288,0,115,383,18.09,9.49,0,59.47,0,2.99,9.96,3847,3503,668,365,0,2288,0,56,126,344,28,0,0,0,0,59,257,91.06,17.36,9.49,0,59.47,0,1.46,3.28,8.94,0.73,0,0,0,0,1.53,6.68,1560,279,242,28,14,200,37,1281,17.88,15.51,1.79,0.9,12.82,2.37,82.12,132222,143464,1560,117,824,293,247,20,59,7.5,52.82,18.78,15.83,1.28,3.78
"06075031302","Census Tract 313.02, San Francisco County, California","ca","140","00",,,,"06","075",,,"031302",,,,,,,,,,,,,,".",".",,,,,,,,,,,,,,"1400000US06075031302","Census Tract 313.02",,,,2626,1323,847,476,595,0,7,22,0,679,50.38,32.25,18.13,22.66,0,0.27,0.84,0,25.86,4727,4727,650,1309,1767,1001,13.75,27.69,37.38,21.18,4727,478,304,0,2723,31,817,374,10.11,6.43,0,57.61,0.66,17.28,7.91,4727,3776,431,304,0,2723,31,55,232,951,47,0,0,0,0,762,142,79.88,9.12,6.43,0,57.61,0.66,1.16,4.91,20.12,0.99,0,0,0,0,16.12,3,1733,404,343,44,41,258,61,1329,23.31,19.79,2.54,2.37,14.89,3.52,76.69,127050,125500,1733,118,856,614,145,0,0,6.81,49.39,35.43,8.37,0,0
"06075031401","Census Tract 314.01, San Francisco County, California","ca","140","00",,,,"06","075",,,"031401",,,,,,,,,,,,,,".",".",,,,,,,,,,,,,,"1400000US06075031401","Census Tract 314.01",,,,1411,896,663,233,375,11,0,6,27,96,63.5,46.99,16.51,26.58,0.78,0,0.43,1.91,6.8,2700,2700,490,557,1190,463,18.15,20.63,44.07,17.15,2700,261,111,10,1640,0,336,342,9.67,4.11,0.37,60.74,0,12.44,12.67,2700,2056,248,111,0,1631,0,0,66,644,13,0,10,9,0,336,276,76.15,9.19,4.11,0,60.41,0,0,2.44,23.85,0.48,0,0.37,0.33,0,12.44,10.22,658,296,246,0,53,193,50,362,44.98,37.39,0,8.05,29.33,7.6,55.02,102644,93125,658,91,242,180,78,12,55,13.83,36.78,27.36,11.85,1.82,8.36
"06075031402","Census Tract 314.02, San Francisco County, California","ca","140","00",,,,"06","075",,,"031402",,,,,,,,,,,,,,".",".",,,,,,,,,,,,,,"1400000US06075031402","Census Tract 314.02",,,,2566,1489,1062,427,382,0,0,29,14,652,58.03,41.39,16.64,14.89,0,0,1.13,0.55,25.41,4671,4671,965,777,2127,802,20.66,16.63,45.54,17.17,4671,580,589,0,2008,25,949,520,12.42,12.61,0,42.99,0.54,20.32,11.13,4671,3304,569,589,0,2008,25,0,113,1367,11,0,0,0,0,949,407,70.73,12.18,12.61,0,42.99,0.54,0,2.42,29.27,0.24,0,0,0,0,20.32,8.71,1204,526,323,168,43,112,203,678,43.69,26.83,13.95,3.57,9.3,16.86,56.31,165130,166525,1204,180,301,411,277,21,14,14.95,25,34.14,23.01,1.74,1.16
"06075032601","Census Tract 326.01, San Francisco County, California","ca","140","00",,,,"06","075",,,"032601",,,,,,,,,,,,,,".",".",,,,,,,,,,,,,,"1400000US06075032601","Census Tract 326.01",,,,2479,1091,849,242,458,13,112,80,160,565,44.01,34.25,9.76,18.48,0.52,4.52,3.23,6.45,22.79,4511,4511,617,1255,1964,675,13.68,27.82,43.54,14.96,4511,1664,45,17,2009,1,65,710,36.89,1,0.38,44.54,0.02,1.44,15.74,4511,3866,1515,45,0,1984,1,6,315,645,149,0,17,25,0,59,395,85.7,33.58,1,0,43.98,0.02,0.13,6.98,14.3,3.3,0,0.38,0.55,0,1.31,8.76,1782,353,312,89,48,175,41,1429,19.81,17.51,4.99,2.69,9.82,2.3,80.19,151500,180065,1782,336,797,473,101,35,40,18.86,44.73,26.54,5.67,1.96,2.24
"06075032602","Census Tract 326.02, San Francisco County, California","ca","140","00",,,,"06","075",,,"032602",,,,,,,,,,,,,,".",".",,,,,,,,,,,,,,"1400000US06075032602","Census Tract 326.02",,,,2051,1029,718,311,311,18,27,173,25,468,50.17,35.01,15.16,15.16,0.88,1.32,8.43,1.22,22.82,4105,4105,550,1139,1556,860,13.4,27.75,37.9,20.95,4105,1292,168,0,2097,7,69,472,31.47,4.09,0,51.08,0.17,1.68,11.5,4105,3728,1185,168,0,2076,7,5,287,377,107,0,0,21,0,64,185,90.82,28.87,4.09,0,50.57,0.17,0.12,6.99,9.18,2.61,0,0,0.51,0,1.56,4.51,1435,353,330,52,44,234,23,1082,24.6,23,3.62,3.07,16.31,1.6,75.4,157550,184167,1435,187,540,487,85,91,45,13.03,37.63,33.94,5.92,6.34,3.14
"06075032700","Census Tract 327, San Francisco County, California","ca","140","00",,,,"06","075",,,"032700",,,,,,,,,,,,,,".",".",,,,,,,,,,,,,,"1400000US06075032700","Census Tract 327",,,,3540,1309,1257,52,681,66,127,372,122,863,36.98,35.51,1.47,19.24,1.86,3.59,10.51,3.45,24.38,6729,6729,959,993,3108,1669,14.25,14.76,46.19,24.8,6729,2388,16,32,3334,0,337,622,35.49,0.24,0.48,49.55,0,5.01,9.24,6729,6088,2270,16,32,3272,0,107,391,641,118,0,0,62,0,230,231,90.47,33.73,0.24,0.48,48.63,0,1.59,5.81,9.53,1.75,0,0,0.92,0,3.42,3.43,2414,576,515,178,18,319,61,1838,23.86,21.33,7.37,0.75,13.21,2.53,76.14,158889,185290,2414,176,649,1266,265,58,0,7.29,26.88,52.44,10.98,2.4,0
"06075032801","Census Tract 328.01, San Francisco County, California","ca","140","00",,,,"06","075",,,"032801",,,,,,,,,,,,,,".",".",,,,,,,,,,,,,,"1400000US06075032801","Census Tract 328.01",,,,1908,1122,1015,107,369,0,8,110,11,288,58.81,53.2,5.61,19.34,0,0.42,5.77,0.58,15.09,3946,3946,568,679,1661,1038,14.39,17.21,42.09,26.31,3946,828,5,0,2764,0,53,296,20.98,0.13,0,70.05,0,1.34,7.5,3946,3733,766,5,0,2756,0,0,206,213,62,0,0,8,0,53,90,94.6,19.41,0.13,0,69.84,0,0,5.22,5.4,1.57,0,0,0.2,0,1.34,2.28,1313,300,268,41,40,187,32,1013,22.85,20.41,3.12,3.05,14.24,2.44,77.15,148231,157589,1313,70,609,476,115,43,0,5.33,46.38,36.25,8.76,3.27,0
"06075032802","Census Tract 328.02, San Francisco County, California","ca","140","00",,,,"06","075",,,"032802",,,,,,,,,,,,,,".",".",,,,,,,,,,,,,,"1400000US06075032802","Census Tract 328.02",,,,2234,1181,902,279,483,0,42,36,76,416,52.86,40.38,12.49,21.62,0,1.88,1.61,3.4,18.62,4185,4185,463,967,1673,1082,11.06,23.11,39.98,25.85,4185,1194,16,0,2436,162,235,142,28.53,0.38,0,58.21,3.87,5.62,3.39,4185,3861,1194,16,0,2407,162,0,82,324,0,0,0,29,0,235,60,92.26,28.53,0.38,0,57.51,3.87,0,1.96,7.74,0,0,0,0.69,0,5.62,1.43,1528,251,245,44,46,155,6,1277,16.43,16.03,2.88,3.01,10.14,0.39,83.57,113092,152097,1528,187,758,361,61,149,12,12.24,49.61,23.63,3.99,9.75,0.79
"06075032901","Census Tract 329.01, San Francisco County, California","ca","140","00",,,,"06","075",,,"032901",,,,,,,,,,,,,,".",".",,,,,,,,,,,,,,"1400000US06075032901","Census Tract 329.01",,,,2688,1218,912,306,696,0,0,156,8,610,45.31,33.93,11.38,25.89,0,0,5.8,0.3,22.69,5071,5071,999,1060,1986,1026,19.7,20.9,39.16,20.23,5071,1130,200,0,3103,74,24,540,22.28,3.94,0,61.19,1.46,0.47,10.65,5071,4891,1039,200,0,3062,74,11,505,180,91,0,0,41,0,13,35,96.45,20.49,3.94,0,60.38,1.46,0.22,9.96,3.55,1.79,0,0,0.81,0,0.26,0.69,1642,422,393,119,101,173,29,1220,25.7,23.93,7.25,6.15,10.54,1.77,74.3,167723,170568,1642,208,598,482,264,84,6,12.67,36.42,29.35,16.08,5.12,0.37
"06075032902","Census Tract 329.02, San Francisco County, California","ca","140","00",,,,"06","075",,,"032902",,,,,,,,,,,,,,".",".",,,,,,,,,,,,,,"1400000US06075032902","Census Tract 329.02",,,,1667,990,814,176,348,32,17,6,45,229,59.39,48.83,10.56,20.88,1.92,1.02,0.36,2.7,13.74,3797,3797,542,528,1699,1028,14.27,13.91,44.75,27.07,3797,827,25,0,2573,0,93,279,21.78,0.66,0,67.76,0,2.45,7.35,3797,3434,777,25,0,2573,0,0,59,363,50,0,0,0,0,93,220,90.44,20.46,0.66,0,67.76,0,0,1.55,9.56,1.32,0,0,0,0,2.45,5.79,1330,265,231,29,36,166,34,1065,19.92,17.37,2.18,2.71,12.48,2.56,80.08,113265,124830,1330,82,481,568,131,68,0,6.17,36.17,42.71,9.85,5.11,0
"06075033001","Census Tract 330.01, San Francisco County, California","ca","140","00",,,,"06","075",,,"033001",,,,,,,,,,,,,,".",".",,,,,,,,,,,,,,"1400000US06075033001","Census Tract 330.01",,,,2090,985,861,124,439,0,1,92,134,439,47.13,41.2,5.93,21,0,0.05,4.4,6.41,21,3858,3858,620,659,1729,850,16.07,17.08,44.82,22.03,3858,1007,74,0,2581,0,37,159,26.1,1.92,0,66.9,0,0.96,4.12,3858,3666,988,74,0,2507,0,35,62,192,19,0,0,74,0,2,97,95.02,25.61,1.92,0,64.98,0,0.91,1.61,4.98,0.49,0,0,1.92,0,0.05,2.51,1373,355,313,39,86,188,42,1018,25.86,22.8,2.84,6.26,13.69,3.06,74.14,162379,193917,1373,101,319,682,220,25,26,7.36,23.23,49.67,16.02,1.82,1.89
"06075033002","Census Tract 330.02, San Francisco County, California","ca","140","00",,,,"06","075",,,"033002",,,,,,,,,,,,,,".",".",,,,,,,,,,,,,,"1400000US06075033002","Census Tract 330.02",,,,2157,943,726,217,485,0,0,89,12,628,43.72,33.66,10.06,22.48,0,0,4.13,0.56,29.11,3940,3940,587,690,1874,789,14.9,17.51,47.56,20.03,3940,1642,3,0,1876,0,67,352,41.68,0.08,0,47.61,0,1.7,8.93,3940,3686,1538,2,0,1838,0,12,296,254,104,1,0,38,0,55,56,93.55,39.04,0.05,0,46.65,0,0.3,7.51,6.45,2.64,0.03,0,0.96,0,1.4,1.42,1533,364,344,86,44,214,20,1169,23.74,22.44,5.61,2.87,13.96,1.3,76.26,173615,206719,1533,166,683,405,251,16,12,10.83,44.55,26.42,16.37,1.04,0.78
"06075033100","Census Tract 331, San Francisco County, California","ca","140","00",,,,"06","075",,,"033100",,,,,,,,,,,,,,".",".",,,,,,,,,,,,,,"1400000US06075033100","Census Tract 331",,,,1646,906,792,114,150,0,4,39,27,520,55.04,48.12,6.93,9.11,0,0.24,2.37,1.64,31.59,3866,3866,870,401,1649,946,22.5,10.37,42.65,24.47,3866,1237,56,0,2224,33,24,292,32,1.45,0,57.53,0.85,0.62,7.55,3866,3770,1162,56,0,2224,33,15,280,96,75,0,0,0,0,9,12,97.52,30.06,1.45,0,57.53,0.85,0.39,7.24,2.48,1.94,0,0,0,0,0.23,0.31,1413,492,468,75,42,351,24,921,34.82,33.12,5.31,2.97,24.84,1.7,65.18,161193,181375,1413,114,485,623,124,38,29,8.07,34.32,44.09,8.78,2.69,2.05
"06075033201","Census Tract 332.01, San Francisco County, California","ca","140","00",,,,"06","075",,,"033201",,,,,,,,,,,,,,".",".",,,,,,,,,,,,,,"1400000US06075033201","Census Tract 332.01",,,,1711,330,287,43,552,0,14,483,27,305,19.29,16.77,2.51,32.26,0,0.82,28.23,1.58,17.83,3535,3535,141,2831,490,73,3.99,80.08,13.86,2.07,3535,1108,332,41,1035,13,551,455,31.34,9.39,1.16,29.28,0.37,15.59,12.87,3535,2458,910,290,0,1008,13,0,237,1077,198,42,41,27,0,551,218,69.53,25.74,8.2,0,28.51,0.37,0,6.7,30.47,5.6,1.19,1.16,0.76,0,15.59,6.17,595,38,38,0,6,32,0,557,6.39,6.39,0,1.01,5.38,0,93.61,68250,181851,595,201,232,144,8,10,0,33.78,38.99,24.2,1.34,1.68,0
"06075033203","Census Tract 332.03, San Francisco County, California","ca","140","00",,,,"06","075",,,"033203",,,,,,,,,,,,,,".",".",,,,,,,,,,,,,,"1400000US06075033203","Census Tract 332.03",,,,1668,974,804,170,343,0,0,51,0,300,58.39,48.2,10.19,20.56,0,0,3.06,0,17.99,3339,3339,510,962,1406,461,15.27,28.81,42.11,13.81,3339,1018,271,38,1421,0,223,368,30.49,8.12,1.14,42.56,0,6.68,11.02,3339,2743,907,171,0,1413,0,101,151,596,111,100,38,8,0,122,217,82.15,27.16,5.12,0,42.32,0,3.02,4.52,17.85,3.32,2.99,1.14,0.24,0,3.65,6.5,1589,355,332,54,14,264,23,1234,22.34,20.89,3.4,0.88,16.61,1.45,77.66,74671,159107,1589,237,727,527,98,0,0,14.92,45.75,33.17,6.17,0,0
"06075033204","Census Tract 332.04, San Francisco County, California","ca","140","00",,,,"06","075",,,"033204",,,,,,,,,,,,,,".",".",,,,,,,,,,,,,,"1400000US06075033204","Census Tract 332.04",,,,1537,923,848,75,321,9,27,103,0,154,60.05,55.17,4.88,20.88,0.59,1.76,6.7,0,10.02,3327,3327,167,812,1340,1008,5.02,24.41,40.28,30.3,3327,904,322,41,1353,0,294,413,27.17,9.68,1.23,40.67,0,8.84,12.41,3327,2716,822,322,19,1338,0,42,173,611,82,0,22,15,0,252,240,81.64,24.71,9.68,0.57,40.22,0,1.26,5.2,18.36,2.46,0,0.66,0.45,0,7.57,7.21,1634,108,48,29,0,19,60,1526,6.61,2.94,1.77,0,1.16,3.67,93.39,71750,91719,1634,495,744,317,73,0,5,30.29,45.53,19.4,4.47,0,0.31
"06075035101","Census Tract 351.01, San Francisco County, California","ca","140","00",,,,"06","075",,,"035101",,,,,,,,,,,,,,".",".",,,,,,,,,,,,,,"1400000US06075035101","Census Tract 351.01",,,,1774,1029,884,145,206,61,116,12,119,231,58,49.83,8.17,11.61,3.44,6.54,0.68,6.71,13.02,3848,3848,476,628,1901,843,12.37,16.32,49.4,21.91,3848,1757,138,0,1472,0,191,290,45.66,3.59,0,38.25,0,4.96,7.54,3848,3384,1675,90,0,1472,0,24,123,464,82,48,0,0,0,167,167,87.94,43.53,2.34,0,38.25,0,0.62,3.2,12.06,2.13,1.25,0,0,0,4.34,4.34,1460,247,168,34,14,120,79,1213,16.92,11.51,2.33,0.96,8.22,5.41,83.08,104648,128523,1460,228,587,518,111,16,0,15.62,40.21,35.48,7.6,1.1,0
"06075035102","Census Tract 351.02, San Francisco County, California","ca","140","00",,,,"06","075",,,"035102",,,,,,,,,,,,,,".",".",,,,,,,,,,,,,,"1400000US06075035102","Census Tract 351.02",,,,1825,990,867,123,429,0,31,53,32,290,54.25,47.51,6.74,23.51,0,1.7,2.9,1.75,15.89,3828,3828,760,653,1528,887,19.85,17.06,39.92,23.17,3828,1063,0,1,2366,99,75,224,27.77,0,0.03,61.81,2.59,1.96,5.85,3828,3586,1025,0,1,2304,99,15,142,242,38,0,0,62,0,60,82,93.68,26.78,0,0.03,60.19,2.59,0.39,3.71,6.32,0.99,0,0,1.62,0,1.57,2.14,1271,472,411,63,44,304,61,799,37.14,32.34,4.96,3.46,23.92,4.8,62.86,166741,203200,1271,120,377,486,189,83,16,9.44,29.66,38.24,14.87,6.53,1.26
"06075035201","Census Tract 352.01, San Francisco County, California","ca","140","00",,,,"06","075",,,"035201",,,,,,,,,,,,,,".",".",,,,,,,,,,,,,,"1400000US06075035201","Census Tract 352.01",,,,2705,1551,1214,337,406,7,95,33,68,545,57.34,44.88,12.46,15.01,0.26,3.51,1.22,2.51,20.15,5136,5136,778,955,2155,1248,15.15,18.59,41.96,24.3,5136,1494,42,0,2859,0,277,464,29.09,0.82,0,55.67,0,5.39,9.03,5136,4705,1455,33,0,2859,0,42,316,431,39,9,0,0,0,235,148,91.61,28.33,0.64,0,55.67,0,0.82,6.15,8.39,0.76,0.18,0,0,0,4.58,2.88,1867,447,412,131,36,245,35,1420,23.94,22.07,7.02,1.93,13.12,1.87,76.06,112413,136019,1867,221,713,619,185,108,21,11.84,38.19,33.15,9.91,5.78,1.12
"06075035202","Census Tract 352.02, San Francisco County, California","ca","140","00",,,,"06","075",,,"035202",,,,,,,,,,,,,,".",".",,,,,,,,,,,,,,"1400000US06075035202","Census Tract 352.02",,,,2566,1106,867,239,705,8,40,112,22,573,43.1,33.79,9.31,27.47,0.31,1.56,4.36,0.86,22.33,4559,4559,861,982,2007,709,18.89,21.54,44.02,15.55,4559,1764,136,0,1789,66,89,715,38.69,2.98,0,39.24,1.45,1.95,15.68,4559,3851,1693,120,0,1771,66,16,185,708,71,16,0,18,0,73,530,84.47,37.14,2.63,0,38.85,1.45,0.35,4.06,15.53,1.56,0.35,0,0.39,0,1.6,11.63,1709,501,456,138,89,229,45,1208,29.32,26.68,8.07,5.21,13.4,2.63,70.68,118590,123846,1709,121,950,473,66,99,0,7.08,55.59,27.68,3.86,5.79,0
"06075035300","Census Tract 353, San Francisco County, California","ca","140","00",,,,"06","075",,,"035300",,,,,,,,,,,,,,".",".",,,,,,,,,,,,,,"1400000US06075035300","Census Tract 353",,,,3644,1690,1465,225,706,0,148,69,69,962,46.38,40.2,6.17,19.37,0,4.06,1.89,1.89,26.4,6922,6922,1281,1126,3034,1481,18.51,16.27,43.83,21.4,6922,2150,8,0,4110,52,469,133,31.06,0.12,0,59.38,0.75,6.78,1.92,6922,6273,1956,8,0,4082,52,121,54,649,194,0,0,28,0,348,79,90.62,28.26,0.12,0,58.97,0.75,1.75,0.78,9.38,2.8,0,0,0.4,0,5.03,1.14,2551,740,660,314,84,262,80,1811,29.01,25.87,12.31,3.29,10.27,3.14,70.99,163657,200714,2551,238,859,1132,194,107,21,9.33,33.67,44.37,7.6,4.19,0.82
"06075035400","Census Tract 354, San Francisco County, California","ca","140","00",,,,"06","075",,,"035400",,,,,,,,,,,,,,".",".",,,,,,,,,,,,,,"1400000US06075035400","Census Tract 354",,,,3176,1693,1500,193,682,0,231,0,35,535,53.31,47.23,6.08,21.47,0,7.27,0,1.1,16.85,7154,7154,1417,1509,2526,1702,19.81,21.09,35.31,23.79,7154,2382,75,27,2918,0,71,1681,33.3,1.05,0.38,40.79,0,0.99,23.5,7154,6652,2331,75,0,2903,0,0,1343,502,51,0,27,15,0,71,338,92.98,32.58,1.05,0,40.58,0,0,18.77,7.02,0.71,0,0.38,0.21,0,0.99,4.72,2444,824,726,211,0,515,98,1620,33.72,29.71,8.63,0,21.07,4.01,66.28,142540,143844,2444,466,936,687,284,28,43,19.07,38.3,28.11,11.62,1.15,1.76
"06075040100","Census Tract 401, San Francisco County, California","ca","140","00",,,,"06","075",,,"040100",,,,,,,,,,,,,,".",".",,,,,,,,,,,,,,"1400000US06075040100","Census Tract 401",,,,2542,774,660,114,776,24,23,224,4,717,30.45,25.96,4.48,30.53,0.94,0.9,8.81,0.16,28.21,4277,4277,664,1129,1864,620,15.52,26.4,43.58,14.5,4277,1791,0,0,1635,0,59,792,41.88,0,0,38.23,0,1.38,18.52,4277,3690,1727,0,0,1635,0,1,327,587,64,0,0,0,0,58,465,86.28,40.38,0,0,38.23,0,0.02,7.65,13.72,1.5,0,0,0,0,1.36,10.87,1677,378,354,53,49,252,24,1299,22.54,21.11,3.16,2.92,15.03,1.43,77.46,143674,153021,1677,265,966,337,100,0,9,15.8,57.6,20.1,5.96,0,0.54
"06075040200","Census Tract 402, San Francisco County, California","ca","140","00",,,,"06","075",,,"040200",,,,,,,,,,,,,,".",".",,,,,,,,,,,,,,"1400000US06075040200","Census Tract 402",,,,3122,1235,951,284,590,0,73,100,41,1083,39.56,30.46,9.1,18.9,0,2.34,3.2,1.31,34.69,4903,4903,504,1141,2100,1158,10.28,23.27,42.83,23.62,4903,2423,112,0,1816,0,98,454,49.42,2.28,0,37.04,0,2,9.26,4903,4351,2262,112,0,1702,0,0,275,552,161,0,0,114,0,98,179,88.74,46.14,2.28,0,34.71,0,0,5.61,11.26,3.28,0,0,2.33,0,2,3.65,2326,329,329,105,0,224,0,1997,14.14,14.14,4.51,0,9.63,0,85.86,175978,250001,2326,806,1059,415,46,0,0,34.65,45.53,17.84,1.98,0,0
"06075042601","Census Tract 426.01, San Francisco County, California","ca","140","00",,,,"06","075",,,"042601",,,,,,,,,,,,,,".",".",,,,,,,,,,,,,,"1400000US06075042601","Census Tract 426.01",,,,2028,719,700,19,547,24,39,60,66,573,35.45,34.52,0.94,26.97,1.18,1.92,2.96,3.25,28.25,3999,3999,491,770,2105,633,12.28,19.25,52.64,15.83,3999,1783,13,10,1441,0,141,611,44.59,0.33,0.25,36.03,0,3.53,15.28,3999,3555,1685,13,0,1433,0,29,395,444,98,0,10,8,0,112,216,88.9,42.14,0.33,0,35.83,0,0.73,9.88,11.1,2.45,0,0.25,0.2,0,2.8,5.4,1706,350,324,55,7,262,26,1356,20.52,18.99,3.22,0.41,15.36,1.52,79.48,136458,156932,1706,409,851,392,47,7,0,23.97,49.88,22.98,2.75,0.41,0
"06075042602","Census Tract 426.02, San Francisco County, California","ca","140","00",,,,"06","075",,,"042602",,,,,,,,,,,,,,".",".",,,,,,,,,,,,,,"1400000US06075042602","Census Tract 426.02",,,,1784,732,597,135,315,0,35,74,43,585,41.03,33.46,7.57,17.66,0,1.96,4.15,2.41,32.79,3060,3060,621,565,1352,522,20.29,18.46,44.18,17.06,3060,1396,22,30,1083,0,55,474,45.62,0.72,0.98,35.39,0,1.8,15.49,3060,2636,1353,22,0,1083,0,0,178,424,43,0,30,0,0,55,296,86.14,44.22,0.72,0,35.39,0,0,5.82,13.86,1.41,0,0.98,0,0,1.8,9.67,1346,348,339,135,76,128,9,998,25.85,25.19,10.03,5.65,9.51,0.67,74.15,168667,190896,1346,263,730,254,44,55,0,19.54,54.23,18.87,3.27,4.09,0
"06075042700","Census Tract 427, San Francisco County, California","ca","140","00",,,,"06","075",,,"042700",,,,,,,,,,,,,,".",".",,,,,,,,,,,,,,"1400000US06075042700","Census Tract 427",,,,3006,1704,1160,544,573,0,50,125,16,538,56.69,38.59,18.1,19.06,0,1.66,4.16,0.53,17.9,5365,5365,826,978,2289,1272,15.4,18.23,42.67,23.71,5365,2004,545,54,2392,7,16,347,37.35,10.16,1.01,44.59,0.13,0.3,6.47,5365,5085,1856,545,54,2377,7,0,246,280,148,0,0,15,0,16,101,94.78,34.59,10.16,1.01,44.31,0.13,0,4.59,5.22,2.76,0,0,0.28,0,0.3,1.88,2594,535,457,126,42,289,78,2059,20.62,17.62,4.86,1.62,11.14,3.01,79.38,119276,139868,2594,560,1370,649,15,0,0,21.59,52.81,25.02,0.58,0,0
"06075042800","Census Tract 428, San Francisco County, California","ca","140","00",,,,"06","075",,,"042800",,,,,,,,,,,,,,".",".",,,,,,,,,,,,,,"1400000US06075042800","Census Tract 428",,,,1211,535,473,62,77,0,19,54,0,526,44.18,39.06,5.12,6.36,0,1.57,4.46,0,43.44,2419,2419,534,301,978,606,22.08,12.44,40.43,25.05,2419,1443,29,0,621,0,34,292,59.65,1.2,0,25.67,0,1.41,12.07,2419,2257,1373,29,0,621,0,9,225,162,70,0,0,0,0,25,67,93.3,56.76,1.2,0,25.67,0,0.37,9.3,6.7,2.89,0,0,0,0,1.03,2.77,922,267,255,33,57,165,12,655,28.96,27.66,3.58,6.18,17.9,1.3,71.04,246635,250001,922,50,362,300,163,20,27,5.42,39.26,32.54,17.68,2.17,2.93
"06075045100","Census Tract 451, San Francisco County, California","ca","140","00",,,,"06","075",,,"045100",,,,,,,,,,,,,,".",".",,,,,,,,,,,,,,"1400000US06075045100","Census Tract 451",,,,2827,868,730,138,586,0,119,105,133,1016,30.7,25.82,4.88,20.73,0,4.21,3.71,4.7,35.94,4664,4664,765,1454,1851,594,16.4,31.17,39.69,12.74,4664,2652,35,53,1344,0,205,375,56.86,0.75,1.14,28.82,0,4.4,8.04,4664,4338,2602,35,46,1326,0,0,329,326,50,0,7,18,0,205,46,93.01,55.79,0.75,0.99,28.43,0,0,7.05,6.99,1.07,0,0.15,0.39,0,4.4,0.99,1919,498,498,124,158,216,0,1421,25.95,25.95,6.46,8.23,11.26,0,74.05,195893,223007,1919,309,1090,477,21,0,22,16.1,56.8,24.86,1.09,0,1.15
"06075045201","Census Tract 452.01, San Francisco County, California","ca","140","00",,,,"06","075",,,"045201",,,,,,,,,,,,,,".",".",,,,,,,,,,,,,,"1400000US06075045201","Census Tract 452.01",,,,1763,605,581,24,524,0,126,75,41,392,34.32,32.96,1.36,29.72,0,7.15,4.25,2.33,22.23,3113,3113,533,647,1284,649,17.12,20.78,41.25,20.85,3113,1303,123,0,1334,0,108,245,41.86,3.95,0,42.85,0,3.47,7.87,3113,2930,1261,123,0,1334,0,83,129,183,42,0,0,0,0,25,116,94.12,40.51,3.95,0,42.85,0,2.67,4.14,5.88,1.35,0,0,0,0,0.8,3.73,1324,344,344,109,0,235,0,980,25.98,25.98,8.23,0,17.75,0,74.02,178750,206731,1324,299,572,355,98,0,0,22.58,43.2,26.81,7.4,0,0
"06075045202","Census Tract 452.02, San Francisco County, California","ca","140","00",,,,"06","075",,,"045202",,,,,,,,,,,,,,".",".",,,,,,,,,,,,,,"1400000US06075045202","Census Tract 452.02",,,,1847,760,639,121,285,11,162,50,55,524,41.15,34.6,6.55,15.43,0.6,8.77,2.71,2.98,28.37,3304,3304,718,873,1187,526,21.73,26.42,35.93,15.92,3304,1557,21,0,1142,72,147,365,47.12,0.64,0,34.56,2.18,4.45,11.05,3304,3010,1532,14,0,1142,72,0,250,294,25,7,0,0,0,147,115,91.1,46.37,0.42,0,34.56,2.18,0,7.57,8.9,0.76,0.21,0,0,0,4.45,3.48,1465,446,446,194,75,177,0,1019,30.44,30.44,13.24,5.12,12.08,0,69.56,151480,184375,1465,351,754,329,31,0,0,23.96,51.47,22.46,2.12,0,0
"06075047600","Census Tract 476, San Francisco County, California","ca","140","00",,,,"06","075",,,"047600",,,,,,,,,,,,,,".",".",,,,,,,,,,,,,,"1400000US06075047600","Census Tract 476",,,,3075,1127,717,410,570,110,112,89,21,1046,36.65,23.32,13.33,18.54,3.58,3.64,2.89,0.68,34.02,5208,5208,981,1056,2137,1034,18.84,20.28,41.03,19.85,5208,1921,116,21,2581,0,80,489,36.89,2.23,0.4,49.56,0,1.54,9.39,5208,4989,1868,83,21,2581,0,3,433,219,53,33,0,0,0,77,56,95.79,35.87,1.59,0.4,49.56,0,0.06,8.31,4.21,1.02,0.63,0,0,0,1.48,1.08,2220,584,537,251,23,263,47,1636,26.31,24.19,11.31,1.04,11.85,2.12,73.69,162289,200264,2220,389,1227,480,60,64,0,17.52,55.27,21.62,2.7,2.88,0
"06075047701","Census Tract 477.01, San Francisco County, California","ca","140","00",,,,"06","075",,,"047701",,,,,,,,,,,,,,".",".",,,,,,,,,,,,,,"1400000US06075047701","Census Tract 477.01",,,,2578,835,743,92,616,13,76,85,10,943,32.39,28.82,3.57,23.89,0.5,2.95,3.3,0.39,36.58,4742,4742,760,1278,1892,812,16.03,26.95,39.9,17.12,4742,1751,0,0,2316,0,307,368,36.93,0,0,48.84,0,6.47,7.76,4742,4201,1549,0,0,2289,0,72,291,541,202,0,0,27,0,235,77,88.59,32.67,0,0,48.27,0,1.52,6.14,11.41,4.26,0,0,0.57,0,4.96,1.62,2008,438,438,116,85,237,0,1570,21.81,21.81,5.78,4.23,11.8,0,78.19,116750,141995,2008,595,837,459,66,33,18,29.63,41.68,22.86,3.29,1.64,0.9
"06075047702","Census Tract 477.02, San Francisco County, California","ca","140","00",,,,"06","075",,,"047702",,,,,,,,,,,,,,".",".",,,,,,,,,,,,,,"1400000US06075047702","Census Tract 477.02",,,,1887,818,740,78,248,39,98,71,42,571,43.35,39.22,4.13,13.14,2.07,5.19,3.76,2.23,30.26,3441,3441,454,733,1427,827,13.19,21.3,41.47,24.03,3441,1413,33,0,1721,0,37,237,41.06,0.96,0,50.01,0,1.08,6.89,3441,3267,1373,1,0,1721,0,8,164,174,40,32,0,0,0,29,73,94.94,39.9,0.03,0,50.01,0,0.23,4.77,5.06,1.16,0.93,0,0,0,0.84,2.12,1592,305,270,51,35,184,35,1287,19.16,16.96,3.2,2.2,11.56,2.2,80.84,119957,158698,1592,375,682,452,51,15,17,23.56,42.84,28.39,3.2,0.94,1.07
"06075047801","Census Tract 478.01, San Francisco County, California","ca","140","00",,,,"06","075",,,"047801",,,,,,,,,,,,,,".",".",,,,,,,,,,,,,,"1400000US06075047801","Census Tract 478.01",,,,2528,1171,958,213,508,0,20,101,77,651,46.32,37.9,8.43,20.09,0,0.79,4,3.05,25.75,4227,4227,650,884,1935,758,15.38,20.91,45.78,17.93,4227,1855,35,12,1966,0,76,283,43.88,0.83,0.28,46.51,0,1.8,6.7,4227,4028,1824,35,0,1933,0,26,210,199,31,0,12,33,0,50,73,95.29,43.15,0.83,0,45.73,0,0.62,4.97,4.71,0.73,0,0.28,0.78,0,1.18,1.73,1703,394,385,140,37,208,9,1309,23.14,22.61,8.22,2.17,12.21,0.53,76.86,171120,217083,1703,232,817,476,99,50,29,13.62,47.97,27.95,5.81,2.94,1.7
"06075047802","Census Tract 478.02, San Francisco County, California","ca","140","00",,,,"06","075",,,"047802",,,,,,,,,,,,,,".",".",,,,,,,,,,,,,,"1400000US06075047802","Census Tract 478.02",,,,1997,840,699,141,473,0,43,127,25,489,42.06,35,7.06,23.69,0,2.15,6.36,1.25,24.49,3897,3897,744,860,1502,791,19.09,22.07,38.54,20.3,3897,1885,12,0,1618,0,239,143,48.37,0.31,0,41.52,0,6.13,3.67,3897,3392,1655,12,0,1618,0,7,100,505,230,0,0,0,0,232,43,87.04,42.47,0.31,0,41.52,0,0.18,2.57,12.96,5.9,0,0,0,0,5.95,1.1,1465,391,356,86,35,235,35,1074,26.69,24.3,5.87,2.39,16.04,2.39,73.31,133625,217651,1465,174,742,351,187,11,0,11.88,50.65,23.96,12.76,0.75,0
"06075047902","Census Tract 479.02, San Francisco County, California","ca","140","00",,,,"06","075",,,"047902",,,,,,,,,,,,,,".",".",,,,,,,,,,,,,,"1400000US06075047902","Census Tract 479.02",,,,1702,792,685,107,211,6,59,92,0,542,46.53,40.25,6.29,12.4,0.35,3.47,5.41,0,31.84,3327,3327,317,779,1517,714,9.53,23.41,45.6,21.46,3327,1463,0,53,1132,0,26,653,43.97,0,1.59,34.02,0,0.78,19.63,3327,2848,1347,0,0,1124,0,0,377,479,116,0,53,8,0,26,276,85.6,40.49,0,0,33.78,0,0,11.33,14.4,3.49,0,1.59,0.24,0,0.78,8.3,1517,236,229,23,50,156,7,1281,15.56,15.1,1.52,3.3,10.28,0.46,84.44,126058,161583,1517,243,700,497,53,24,0,16.02,46.14,32.76,3.49,1.58,0
"06075047903","Census Tract 479.03, San Francisco County, California","ca","140","00",,,,"06","075",,,"047903",,,,,,,,,,,,,,".",".",,,,,,,,,,,,,,"1400000US06075047903","Census Tract 479.03",,,,1759,783,646,137,262,0,30,81,35,568,44.51,36.73,7.79,14.89,0,1.71,4.6,1.99,32.29,3608,3608,528,933,1227,920,14.63,25.86,34.01,25.5,3608,1618,42,0,1593,0,20,335,44.84,1.16,0,44.15,0,0.55,9.28,3608,3400,1590,42,0,1580,0,0,188,208,28,0,0,13,0,20,147,94.24,44.07,1.16,0,43.79,0,0,5.21,5.76,0.78,0,0,0.36,0,0.55,4.07,1378,271,187,82,20,85,84,1107,19.67,13.57,5.95,1.45,6.17,6.1,80.33,148800,178604,1378,150,823,255,38,112,0,10.89,59.72,18.51,2.76,8.13,0
"06075047904","Census Tract 479.04, San Francisco County, California","ca","140","00",,,,"06","075",,,"047904",,,,,,,,,,,,,,".",".",,,,,,,,,,,,,,"1400000US06075047904","Census Tract 479.04",,,,1524,662,585,77,320,21,10,0,0,511,43.44,38.39,5.05,21,1.38,0.66,0,0,33.53,3175,3175,508,609,1334,724,16,19.18,42.02,22.8,3175,1796,94,0,650,0,276,359,56.57,2.96,0,20.47,0,8.69,11.31,3175,2902,1772,94,0,650,0,164,222,273,24,0,0,0,0,112,137,91.4,55.81,2.96,0,20.47,0,5.17,6.99,8.6,0.76,0,0,0,0,3.53,4.31,1469,306,306,7,0,299,0,1163,20.83,20.83,0.48,0,20.35,0,79.17,87494,103370,1469,463,524,396,51,8,27,31.52,35.67,26.96,3.47,0.54,1.84
"06075060100","Census Tract 601, San Francisco County, California","ca","140","00",,,,"06","075",,,"060100",,,,,,,,,,,,,,".",".",,,,,,,,,,,,,,"1400000US06075060100","Census Tract 601",,,,2016,943,839,104,188,0,128,173,36,548,46.78,41.62,5.16,9.33,0,6.35,8.58,1.79,27.18,3808,3808,1064,1037,1520,187,27.94,27.23,39.92,4.91,3808,2208,35,9,206,0,194,1156,57.98,0.92,0.24,5.41,0,5.09,30.36,3808,2957,2081,35,9,206,0,15,611,851,127,0,0,0,0,179,545,77.65,54.65,0.92,0.24,5.41,0,0.39,16.05,22.35,3.34,0,0,0,0,4.7,14.31,1338,527,504,193,116,195,23,811,39.39,37.67,14.42,8.67,14.57,1.72,60.61,236190,250001,1338,70,632,444,158,34,0,5.23,47.23,33.18,11.81,2.54,0
"06075060400","Census Tract 604, San Francisco County, California","ca","140","00",,,,"06","075",,,"060400",,,,,,,,,,,,,,".",".",,,,,,,,,,,,,,"1400000US06075060400","Census Tract 604",,,,923,501,432,69,76,0,30,21,18,277,54.28,46.8,7.48,8.23,0,3.25,2.28,1.95,30.01,1818,1818,321,525,717,255,17.66,28.88,39.44,14.03,1818,776,50,0,565,0,174,253,42.68,2.75,0,31.08,0,9.57,13.92,1818,1611,678,50,0,565,0,79,239,207,98,0,0,0,0,95,14,88.61,37.29,2.75,0,31.08,0,4.35,13.15,11.39,5.39,0,0,0,0,5.23,0.77,1026,197,197,41,12,144,0,829,19.2,19.2,4,1.17,14.04,0,80.8,100583,91304,1026,117,646,254,9,0,0,11.4,62.96,24.76,0.88,0,0
"06075060502","Census Tract 605.02, San Francisco County, California","ca","140","00",,,,"06","075",,,"060502",,,,,,,,,,,,,,".",".",,,,,,,,,,,,,,"1400000US06075060502","Census Tract 605.02",,,,1147,712,649,63,288,0,6,23,0,118,62.07,56.58,5.49,25.11,0,0.52,2.01,0,10.29,3087,3087,877,694,1250,266,28.41,22.48,40.49,8.62,3087,200,406,19,1145,185,706,426,6.48,13.15,0.62,37.09,5.99,22.87,13.8,3087,2126,158,381,19,1133,185,6,244,961,42,25,0,12,0,700,182,68.87,5.12,12.34,0.62,36.7,5.99,0.19,7.9,31.13,1.36,0.81,0,0.39,0,22.68,5.9,925,350,268,29,48,191,82,575,37.84,28.97,3.14,5.19,20.65,8.86,62.16,42548,53487,925,215,365,200,45,50,50,23.24,39.46,21.62,4.86,5.41,5.41
"06075060701","Census Tract 607.01, San Francisco County, California","ca","140","00",,,,"06","075",,,"060701",,,,,,,,,,,,,,".",".",,,,,,,,,,,,,,"1400000US06075060701","Census Tract 607.01",,,,5493,1077,841,236,1013,43,149,996,16,2199,19.61,15.31,4.3,18.44,0.78,2.71,18.13,0.29,40.03,8415,8415,1277,3739,2743,656,15.18,44.43,32.6,7.8,8415,1628,1399,0,4174,0,318,896,19.35,16.63,0,49.6,0,3.78,10.65,8415,7776,1611,1390,0,4174,0,0,601,639,17,9,0,0,0,318,295,92.41,19.14,16.52,0,49.6,0,0,7.14,7.59,0.2,0.11,0,0,0,3.78,3.51,3343,625,625,350,107,168,0,2718,18.7,18.7,10.47,3.2,5.03,0,81.3,248177,250001,3343,829,2283,124,107,0,0,24.8,68.29,3.71,3.2,0,0
"06075060702","Census Tract 607.02, San Francisco County, California","ca","140","00",,,,"06","075",,,"060702",,,,,,,,,,,,,,".",".",,,,,,,,,,,,,,"1400000US06075060702","Census Tract 607.02",,,,1603,539,479,60,397,0,26,449,42,150,33.62,29.88,3.74,24.77,0,1.62,28.01,2.62,9.36,2359,2359,357,774,941,287,15.13,32.81,39.89,12.17,2359,668,174,4,1193,0,113,207,28.32,7.38,0.17,50.57,0,4.79,8.77,2359,2074,406,174,0,1193,0,94,207,285,262,0,4,0,0,19,0,87.92,17.21,7.38,0,50.57,0,3.98,8.77,12.08,11.11,0,0.17,0,0,0.81,0,1349,148,143,13,23,107,5,1201,10.97,10.6,0.96,1.7,7.93,0.37,89.03,107989,169741,1349,469,694,186,0,0,0,34.77,51.45,13.79,0,0,0
"06075060703","Census Tract 607.03, San Francisco County, California","ca","140","00",,,,"06","075",,,"060703",,,,,,,,,,,,,,".",".",,,,,,,,,,,,,,"1400000US06075060703","Census Tract 607.03",,,,4152,681,681,0,945,0,66,837,24,1599,16.4,16.4,0,22.76,0,1.59,20.16,0.58,38.51,5936,5936,863,2014,2497,562,14.54,33.93,42.07,9.47,5936,2770,133,0,2146,132,371,384,46.66,2.24,0,36.15,2.22,6.25,6.47,5936,5213,2487,133,0,2146,132,101,214,723,283,0,0,0,0,270,170,87.82,41.9,2.24,0,36.15,2.22,1.7,3.61,12.18,4.77,0,0,0,0,4.55,2.86,2784,466,466,186,209,71,0,2318,16.74,16.74,6.68,7.51,2.55,0,83.26,191910,173049,2784,923,1800,61,0,0,0,33.15,64.66,2.19,0,0,0
"06075061000","Census Tract 610, San Francisco County, California","ca","140","00",,,,"06","075",,,"061000",,,,,,,,,,,,,,".",".",,,,,,,,,,,,,,"1400000US06075061000","Census Tract 610",,,,2339,1557,1212,345,208,28,0,21,31,494,66.57,51.82,14.75,8.89,1.2,0,0.9,1.33,21.12,4558,4558,757,869,2298,634,16.61,19.07,50.42,13.91,4558,827,442,0,2759,21,245,264,18.14,9.7,0,60.53,0.46,5.38,5.79,4558,3860,527,442,0,2759,21,24,87,698,300,0,0,0,0,221,177,84.69,11.56,9.7,0,60.53,0.46,0.53,1.91,15.31,6.58,0,0,0,0,4.85,3.88,1625,452,384,120,94,170,68,1173,27.82,23.63,7.38,5.78,10.46,4.18,72.18,125327,123977,1625,100,701,649,90,63,22,6.15,43.14,39.94,5.54,3.88,1.35
"06075061101","Census Tract 611.01, San Francisco County, California","ca","140","00",,,,"06","075",,,"061101",,,,,,,,,,,,,,".",".",,,,,,,,,,,,,,"1400000US06075061101","Census Tract 611.01",,,,638,10,10,0,260,0,0,314,5,49,1.57,1.57,0,40.75,0,0,49.22,0.78,7.68,1814,1814,277,259,707,571,15.27,14.28,38.97,31.48,1814,55,31,6,1641,0,0,81,3.03,1.71,0.33,90.46,0,0,4.47,1814,1788,39,31,6,1641,0,0,71,26,16,0,0,0,0,0,10,98.57,2.15,1.71,0.33,90.46,0,0,3.91,1.43,0.88,0,0,0,0,0,0.55,935,226,212,12,34,166,14,709,24.17,22.67,1.28,3.64,17.75,1.5,75.83,17569,43376,935,685,236,14,0,0,0,73.26,25.24,1.5,0,0,0
"06075061102","Census Tract 611.02, San Francisco County, California","ca","140","00",,,,"06","075",,,"061102",,,,,,,,,,,,,,".",".",,,,,,,,,,,,,,"1400000US06075061102","Census Tract 611.02",,,,867,119,119,0,243,0,0,429,0,76,13.73,13.73,0,28.03,0,0,49.48,0,8.77,2017,2017,245,368,622,782,12.15,18.24,30.84,38.77,2017,82,69,0,1742,0,80,44,4.07,3.42,0,86.37,0,3.97,2.18,2017,1920,82,69,0,1742,0,0,27,97,0,0,0,0,0,80,17,95.19,4.07,3.42,0,86.37,0,0,1.34,4.81,0,0,0,0,0,3.97,0.84,917,168,155,0,12,143,13,749,18.32,16.9,0,1.31,15.59,1.42,81.68,42558,45809,917,692,159,54,12,0,0,75.46,17.34,5.89,1.31,0,0
"06075061200","Census Tract 612, San Francisco County, California","ca","140","00",,,,"06","075",,,"061200",,,,,,,,,,,,,,".",".",,,,,,,,,,,,,,"1400000US06075061200","Census Tract 612",,,,2185,1222,990,232,537,25,37,30,26,308,55.93,45.31,10.62,24.58,1.14,1.69,1.37,1.19,14.1,4163,4163,628,840,1919,776,15.09,20.18,46.1,18.64,4163,396,766,0,1169,0,1592,240,9.51,18.4,0,28.08,0,38.24,5.77,4163,2331,352,757,0,1169,0,0,53,1832,44,9,0,0,0,1592,187,55.99,8.46,18.18,0,28.08,0,0,1.27,44.01,1.06,0.22,0,0,0,38.24,4.49,1153,413,324,88,0,236,89,740,35.82,28.1,7.63,0,20.47,7.72,64.18,117132,82292,1153,175,484,210,232,52,0,15.18,41.98,18.21,20.12,4.51,0
"06075061401","Census Tract 614.01, San Francisco County, California","ca","140","00",,,,"06","075",,,"061401",,,,,,,,,,,,,,".",".",,,,,,,,,,,,,,"1400000US06075061401","Census Tract 614.01",,,,1390,467,404,63,262,25,64,63,57,452,33.6,29.06,4.53,18.85,1.8,4.6,4.53,4.1,32.52,2900,2900,473,559,1258,610,16.31,19.28,43.38,21.03,2900,1489,54,7,451,0,310,589,51.34,1.86,0.24,15.55,0,10.69,20.31,2900,2387,1479,54,0,451,0,137,266,513,10,0,7,0,0,173,323,82.31,51,1.86,0,15.55,0,4.72,9.17,17.69,0.34,0,0.24,0,0,5.97,11.14,1459,335,335,128,33,174,0,1124,22.96,22.96,8.77,2.26,11.93,0,77.04,143665,233309,1459,340,696,342,49,32,0,23.3,47.7,23.44,3.36,2.19,0
"06075061402","Census Tract 614.02, San Francisco County, California","ca","140","00",,,,"06","075",,,"061402",,,,,,,,,,,,,,".",".",,,,,,,,,,,,,,"1400000US06075061402","Census Tract 614.02",,,,1515,248,198,50,315,23,47,227,37,618,16.37,13.07,3.3,20.79,1.52,3.1,14.98,2.44,40.79,2354,2354,371,822,914,247,15.76,34.92,38.83,10.49,2354,1442,93,0,585,0,60,174,61.26,3.95,0,24.85,0,2.55,7.39,2354,2246,1421,93,0,585,0,0,147,108,21,0,0,0,0,60,27,95.41,60.37,3.95,0,24.85,0,0,6.24,4.59,0.89,0,0,0,0,2.55,1.15,1189,229,229,121,0,108,0,960,19.26,19.26,10.18,0,9.08,0,80.74,218125,227361,1189,89,822,164,114,0,0,7.49,69.13,13.79,9.59,0,0
"06075061501","Census Tract 615.01, San Francisco County, California","ca","140","00",,,,"06","075",,,"061501",,,,,,,,,,,,,,".",".",,,,,,,,,,,,,,"1400000US06075061501","Census Tract 615.01",,,,1111,334,322,12,52,28,0,460,55,182,30.06,28.98,1.08,4.68,2.52,0,41.4,4.95,16.38,1807,1807,150,287,1169,201,8.3,15.88,64.69,11.12,1807,787,9,0,690,28,89,204,43.55,0.5,0,38.18,1.55,4.93,11.29,1807,1521,613,9,0,690,28,0,181,286,174,0,0,0,0,89,23,84.17,33.92,0.5,0,38.18,1.55,0,10.02,15.83,9.63,0,0,0,0,4.93,1.27,1195,137,112,112,0,0,25,1058,11.46,9.37,9.37,0,0,2.09,88.54,230332,250001,1195,271,776,59,89,0,0,22.68,64.94,4.94,7.45,0,0
"06075061502","Census Tract 615.02, San Francisco County, California","ca","140","00",,,,"06","075",,,"061502",,,,,,,,,,,,,,".",".",,,,,,,,,,,,,,"1400000US06075061502","Census Tract 615.02",,,,1309,226,226,0,441,33,8,287,56,258,17.27,17.27,0,33.69,2.52,0.61,21.93,4.28,19.71,2195,2195,182,756,900,357,8.29,34.44,41,16.26,2195,1688,58,0,195,0,57,197,76.9,2.64,0,8.88,0,2.6,8.97,2195,1970,1558,58,0,195,0,0,159,225,130,0,0,0,0,57,38,89.75,70.98,2.64,0,8.88,0,0,7.24,10.25,5.92,0,0,0,0,2.6,1.73,1409,96,96,31,29,36,0,1313,6.81,6.81,2.2,2.06,2.56,0,93.19,119524,,1409,609,687,92,21,0,0,43.22,48.76,6.53,1.49,0,0
"06075061503","Census Tract 615.03, San Francisco County, California","ca","140","00",,,,"06","075",,,"061503",,,,,,,,,,,,,,".",".",,,,,,,,,,,,,,"1400000US06075061503","Census Tract 615.03",,,,2791,350,350,0,587,0,188,1083,0,583,12.54,12.54,0,21.03,0,6.74,38.8,0,20.89,3612,3612,56,2185,1119,252,1.55,60.49,30.98,6.98,3612,1322,9,30,1813,0,267,171,36.6,0.25,0.83,50.19,0,7.39,4.73,3612,3073,1229,9,0,1813,0,0,22,539,93,0,30,0,0,267,149,85.08,34.03,0.25,0,50.19,0,0,0.61,14.92,2.57,0,0.83,0,0,7.39,4.13,1998,41,0,0,0,0,41,1957,2.05,0,0,0,0,2.05,97.95,187067,231310,1998,1012,785,0,105,55,41,50.65,39.29,0,5.26,2.75,2.05
"06075061504","Census Tract 615.04, San Francisco County, California","ca","140","00",,,,"06","075",,,"061504",,,,,,,,,,,,,,".",".",,,,,,,,,,,,,,"1400000US06075061504","Census Tract 615.04",,,,1547,166,160,6,142,0,54,506,0,679,10.73,10.34,0.39,9.18,0,3.49,32.71,0,43.89,2133,2133,163,1042,736,192,7.64,48.85,34.51,9,2133,477,15,0,1501,75,31,34,22.36,0.7,0,70.37,3.52,1.45,1.59,2133,2006,390,6,0,1501,75,0,34,127,87,9,0,0,0,31,0,94.05,18.28,0.28,0,70.37,3.52,0,1.59,5.95,4.08,0.42,0,0,0,1.45,0,1179,98,98,98,0,0,0,1081,8.31,8.31,8.31,0,0,0,91.69,249539,250001,1179,387,698,94,0,0,0,32.82,59.2,7.97,0,0,0
"06075061505","Census Tract 615.05, San Francisco County, California","ca","140","00",,,,"06","075",,,"061505",,,,,,,,,,,,,,".",".",,,,,,,,,,,,,,"1400000US06075061505","Census Tract 615.05",,,,911,263,148,115,98,0,34,197,0,319,28.87,16.25,12.62,10.76,0,3.73,21.62,0,35.02,1162,1162,101,393,533,135,8.69,33.82,45.87,11.62,1162,357,63,0,698,0,14,30,30.72,5.42,0,60.07,0,1.2,2.58,1162,1082,291,63,0,698,0,0,30,80,66,0,0,0,0,14,0,93.12,25.04,5.42,0,60.07,0,0,2.58,6.88,5.68,0,0,0,0,1.2,0,529,91,91,62,0,29,0,438,17.2,17.2,11.72,0,5.48,0,82.8,250001,250001,529,45,365,77,15,27,0,8.51,69,14.56,2.84,5.1,0
"06075061506","Census Tract 615.06, San Francisco County, California","ca","140","00",,,,"06","075",,,"061506",,,,,,,,,,,,,,".",".",,,,,,,,,,,,,,"1400000US06075061506","Census Tract 615.06",,,,3959,326,291,35,299,126,221,1046,63,1878,8.23,7.35,0.88,7.55,3.18,5.58,26.42,1.59,47.44,4918,4918,240,2417,1936,325,4.88,49.15,39.37,6.61,4918,2035,177,0,2444,0,0,262,41.38,3.6,0,49.69,0,0,5.33,4918,4757,1874,177,0,2444,0,0,262,161,161,0,0,0,0,0,0,96.73,38.1,3.6,0,49.69,0,0,5.33,3.27,3.27,0,0,0,0,0,0,2762,187,187,77,0,110,0,2575,6.77,6.77,2.79,0,3.98,0,93.23,250001,250001,2762,552,1894,300,0,0,16,19.99,68.57,10.86,0,0,0.58
"06075061507","Census Tract 615.07, San Francisco County, California","ca","140","00",,,,"06","075",,,"061507",,,,,,,,,,,,,,".",".",,,,,,,,,,,,,,"1400000US06075061507","Census Tract 615.07",,,,1188,104,70,34,436,0,0,425,10,213,8.75,5.89,2.86,36.7,0,0,35.77,0.84,17.93,1550,1550,230,652,554,114,14.84,42.06,35.74,7.35,1550,538,11,0,821,0,33,147,34.71,0.71,0,52.97,0,2.13,9.48,1550,1221,401,11,0,809,0,0,0,329,137,0,0,12,0,33,147,78.77,25.87,0.71,0,52.19,0,0,0,21.23,8.84,0,0,0.77,0,2.13,9.48,771,85,85,31,11,43,0,686,11.02,11.02,4.02,1.43,5.58,0,88.98,167785,190909,771,438,313,10,10,0,0,56.81,40.6,1.3,1.3,0,0
"06075061508","Census Tract 615.08, San Francisco County, California","ca","140","00",,,,"06","075",,,"061508",,,,,,,,,,,,,,".",".",,,,,,,,,,,,,,"1400000US06075061508","Census Tract 615.08",,,,1384,153,153,0,381,0,15,359,36,440,11.05,11.05,0,27.53,0,1.08,25.94,2.6,31.79,2018,2018,28,930,838,222,1.39,46.09,41.53,11,2018,861,62,10,787,17,74,207,42.67,3.07,0.5,39,0.84,3.67,10.26,2018,1828,861,62,10,787,17,18,73,190,0,0,0,0,0,56,134,90.58,42.67,3.07,0.5,39,0.84,0.89,3.62,9.42,0,0,0,0,0,2.78,6.64,1117,32,32,15,0,17,0,1085,2.86,2.86,1.34,0,1.52,0,97.14,177806,212656,1117,532,486,96,3,0,0,47.63,43.51,8.59,0.27,0,0
"06075980200","Census Tract 9802, San Francisco County, California","ca","140","00",,,,"06","075",,,"980200",,,,,,,,,,,,,,".",".",,,,,,,,,,,,,,"1400000US06075980200","Census Tract 9802",,,,0,0,0,0,0,0,0,0,0,0,,,,,,,,,,179,179,0,0,57,122,0,0,31.84,68.16,179,32,45,0,58,0,40,4,17.88,25.14,0,32.4,0,22.35,2.23,179,162,32,45,0,58,0,23,4,17,0,0,0,0,0,17,0,90.5,17.88,25.14,0,32.4,0,12.85,2.23,9.5,0,0,0,0,0,9.5,0,0,0,0,0,0,0,0,0,,,,,,,,,,0,0,0,0,0,0,0,,,,,,
"06075980300","Census Tract 9803, San Francisco County, California","ca","140","00",,,,"06","075",,,"980300",,,,,,,,,,,,,,".",".",,,,,,,,,,,,,,"1400000US06075980300","Census Tract 9803",,,,30,12,8,4,4,0,0,5,0,9,40,26.67,13.33,13.33,0,0,16.67,0,30,49,49,0,27,22,0,0,55.1,44.9,0,49,37,0,0,0,0,0,12,75.51,0,0,0,0,0,24.49,49,42,37,0,0,0,0,0,5,7,0,0,0,0,0,0,7,85.71,75.51,0,0,0,0,0,10.2,14.29,0,0,0,0,0,0,14.29,40,0,0,0,0,0,0,40,0,0,0,0,0,0,100,104333,,40,24,12,4,0,0,0,60,30,10,0,0,0
"06075980401","Census Tract 9804.01, San Francisco County, California","ca","140","00",,,,"06","075",,,"980401",,,,,,,,,,,,,,".",".",,,,,,,,,,,,,,"1400000US06075980401","Census Tract 9804.01",,,,0,0,0,0,0,0,0,0,0,0,,,,,,,,,,0,0,0,0,0,0,,,,,0,0,0,0,0,0,0,0,,,,,,,,0,0,0,0,0,0,0,0,0,0,0,0,0,0,0,0,0,,,,,,,,,,,,,,,,,0,0,0,0,0,0,0,0,,,,,,,,,,0,0,0,0,0,0,0,,,,,,
"06075980501","Census Tract 9805.01, San Francisco County, California","ca","140","00",,,,"06","075",,,"980501",,,,,,,,,,,,,,".",".",,,,,,,,,,,,,,"1400000US06075980501","Census Tract 9805.01",,,,9,5,5,0,0,0,0,4,0,0,55.56,55.56,0,0,0,0,44.44,0,0,155,155,0,9,0,146,0,5.81,0,94.19,155,0,0,0,155,0,0,0,0,0,0,100,0,0,0,155,155,0,0,0,155,0,0,0,0,0,0,0,0,0,0,0,100,0,0,0,100,0,0,0,0,0,0,0,0,0,0,0,123,0,0,0,0,0,0,123,0,0,0,0,0,0,100,13569,23500,123,115,4,0,4,0,0,93.5,3.25,0,3.25,0,0
"06075980600","Census Tract 9806, San Francisco County, California","ca","140","00",,,,"06","075",,,"980600",,,,,,,,,,,,,,".",".",,,,,,,,,,,,,,"1400000US06075980600","Census Tract 9806",,,,741,391,327,64,99,18,13,6,17,197,52.77,44.13,8.64,13.36,2.43,1.75,0.81,2.29,26.59,1290,1290,307,396,509,78,23.8,30.7,39.46,6.05,1290,254,288,48,463,0,78,159,19.69,22.33,3.72,35.89,0,6.05,12.33,1290,1096,242,288,0,463,0,1,102,194,12,0,48,0,0,77,57,84.96,18.76,22.33,0,35.89,0,0.08,7.91,15.04,0.93,0,3.72,0,0,5.97,4.42,573,199,191,78,13,100,8,374,34.73,33.33,13.61,2.27,17.45,1.4,65.27,142321,136167,573,35,325,181,26,6,0,6.11,56.72,31.59,4.54,1.05,0
"06075980900","Census Tract 9809, San Francisco County, California","ca","140","00",,,,"06","075",,,"980900",,,,,,,,,,,,,,".",".",,,,,,,,,,,,,,"1400000US06075980900","Census Tract 9809",,,,178,111,100,11,33,0,12,0,0,22,62.36,56.18,6.18,18.54,0,6.74,0,0,12.36,322,322,42,111,149,20,13.04,34.47,46.27,6.21,322,35,27,0,214,0,17,29,10.87,8.39,0,66.46,0,5.28,9.01,322,302,32,27,0,214,0,0,29,20,3,0,0,0,0,17,0,93.79,9.94,8.39,0,66.46,0,0,9.01,6.21,0.93,0,0,0,0,5.28,0,180,33,23,23,0,0,10,147,18.33,12.78,12.78,0,0,5.56,81.67,53800,,180,3,149,28,0,0,0,1.67,82.78,15.56,0,0,0
"06075990100","Census Tract 9901, San Francisco County, California","ca","140","00",,,,"06","075",,,"990100",,,,,,,,,,,,,,".",".",,,,,,,,,,,,,,"1400000US06075990100","Census Tract 9901",,,,0,0,0,0,0,0,0,0,0,0,,,,,,,,,,0,0,0,0,0,0,,,,,0,0,0,0,0,0,0,0,,,,,,,,0,0,0,0,0,0,0,0,0,0,0,0,0,0,0,0,0,,,,,,,,,,,,,,,,,0,0,0,0,0,0,0,0,,,,,,,,,,0,0,0,0,0,0,0,,,,,,
"06075990200","Census Tract 9902, San Francisco County, California","ca","140","00",,,,"06","075",,,"990200",,,,,,,,,,,,,,".",".",,,,,,,,,,,,,,"1400000US06075990200","Census Tract 9902",,,,0,0,0,0,0,0,0,0,0,0,,,,,,,,,,0,0,0,0,0,0,,,,,0,0,0,0,0,0,0,0,,,,,,,,0,0,0,0,0,0,0,0,0,0,0,0,0,0,0,0,0,,,,,,,,,,,,,,,,,0,0,0,0,0,0,0,0,,,,,,,,,,0,0,0,0,0,0,0,,,,,,
